// GENERATED -- do not edit by hand.
// One .4byte per four bytes of the table, little endian.
.4byte 0x10000,0x30002,0x50004,0x60000,0x30007,0x90008,0xa0000,0x3000b
.4byte 0xd000c,0xe0000,0x3000f,0x110010,0x120000,0x30013,0x150014,0x160000
.4byte 0x30017,0x190018,0x1a0000,0x3001b,0x1d001c,0x1e0000,0x20001f,0x210003
.4byte 0x22,0x23001e,0x30024,0x260025,0x27,0x290028,0x3002a,0x2c002b
.4byte 0x2d,0x2f002e,0x30030,0x320031,0x33,0x34002e,0x40003,0x5
.4byte 0x350006,0x360003,0x380037,0x0,0x39002e,0x3b003a,0x3d003c,0x3f003e
.4byte 0x410040,0x430042,0x450044,0x470046,0x490048,0x4b004a,0x4d004c,0x3a004e
.4byte 0x50004f,0x520051,0x530027,0x410054,0x560055,0x44,0x480057,0x58003a
.4byte 0x5a0059,0x3b003a,0x3c,0x56005b,0x450044,0x470046,0x5c0048,0x22
.4byte 0x5d005a,0x39005e,0x4d005f,0x3c0060,0x61003d,0x62003f,0x63003a,0x640000
.4byte 0x660065,0x670051,0x690068,0x16006a,0x47006b,0x6d006c,0x6f006e,0x120063
.4byte 0x590070,0x5d005a,0x720071,0x4d005f,0x730060,0x61003d,0x74003f,0x750041
.4byte 0x770076,0x780045,0x480047,0x4a005c,0x3a0079,0x73003b,0x530000,0x6d007a
.4byte 0x4b006e,0x12007b,0x590070,0x5d007c,0x720071,0x4d007d,0x730060,0x7f007e
.4byte 0x74003f,0x800041,0x3a0081,0x22006d,0x82001e,0x58003a,0x7c0059,0x83005d
.4byte 0x640000,0x3b0084,0x7e0073,0x85007f,0x1e0000,0x240023,0x250003,0x270026
.4byte 0x280000,0x2a0029,0x2b0003,0x2d002c,0x2e0000,0x30002f,0x310003,0x330032
.4byte 0x2e0000,0x30034,0x50004,0x60000,0x30035,0x370036,0x38,0x10000
.4byte 0x30002,0x50004,0x60000,0x30007,0x90008,0xa0000,0x3000b,0xd000c
.4byte 0xe0000,0x3000f,0x110010,0x120000,0x30013,0x150014,0x0,0x20001
.4byte 0x30003,0x370036,0x38,0x860000,0x880087,0x8a0089,0x8c008b,0x89008d
.4byte 0x8f008e,0x910090,0x920089,0x940093,0x890095,0x970096,0x890098,0x9a0099
.4byte 0x9c009b,0x9d0089,0x9f009e,0x8900a0,0xa200a1,0xa400a3,0xa50089,0xa700a6
.4byte 0x8900a8,0xaa00a9,0xa400ab,0xac0089,0xae00ad,0x8900af,0xb100b0,0x890088
.4byte 0x8b008a,0x8d008c,0xb20089,0x910090,0x920089,0x940093,0x890095,0x96008e
.4byte 0xb400b3,0x990089,0x9b009a,0x8900b5,0xb6009d,0xb7009f,0xb80089,0xa300a2
.4byte 0x8900a4,0xb900a5,0xba00a7,0xa90089,0xab00aa,0x8900a4,0xad00ac,0xbb00ae
.4byte 0xb00089,0x8800b1,0x8a0089,0xbc008b,0x22,0x860000,0x880087,0x8a0089
.4byte 0x8c008b,0x89008d,0x8f008e,0x910090,0x920089,0x940093,0x890095,0x970096
.4byte 0x890098,0x9a0099,0x9c009b,0x9d0089,0x9f009e,0x8900a0,0xa200a1,0xa400a3
.4byte 0xa50089,0xa700a6,0x8900a8,0xaa00a9,0xa400ab,0xac0089,0xae00ad,0x8900af
.4byte 0xb100b0,0x890088,0xbe00bd,0x30030,0xc000bf,0x8a00b5,0x8c008b,0x89008d
.4byte 0x9000b2,0x890091,0x930092,0x950094,0x8e0089,0xb30096,0x8900b4,0x9a0099
.4byte 0xb5009b,0x9d0089,0x9f00b6,0x8900b7,0xa200b8,0xa400a3,0xa50089,0xa700b9
.4byte 0x8900ba,0xaa00a9,0xa400ab,0xac0089,0xae00ad,0x8900bb,0xb100b0,0x890088
.4byte 0x8b008a,0x2200bc,0x0,0x870086,0x890088,0x8b008a,0x8d008c,0x8e0089
.4byte 0x90008f,0x890091,0x930092,0x950094,0x960089,0x980097,0x990089,0x9b009a
.4byte 0x89009c,0x9e009d,0xa0009f,0xa10089,0xa300a2,0x8900a4,0xa600a5,0xa800a7
.4byte 0xa90089,0xab00aa,0x8900a4,0xad00ac,0xaf00ae,0xb00089,0xc100b1,0x2a00c2
.4byte 0xc30003,0xc500c4,0x8d008c,0xb20089,0x910090,0x920089,0x940093,0x890095
.4byte 0x96008e,0xb400b3,0x990089,0x9b009a,0x8900b5,0xb6009d,0xb7009f,0xb80089
.4byte 0xa300a2,0x8900a4,0xb900a5,0xba00a7,0xa90089,0xab00aa,0x8900a4,0xad00ac
.4byte 0xbb00ae,0xb00089,0x8800b1,0x8a0089,0xbc008b,0x22,0x860000,0x880087
.4byte 0x8a0089,0x8c008b,0x89008d,0xc700c6,0xc900c8,0xcb00ca,0xcd00cc,0x89009c
.4byte 0x930092,0x950094,0x960089,0x980097,0x990089,0x9b009a,0x89009c,0x9e009d
.4byte 0xa0009f,0xa10089,0xa300a2,0x8900a4,0xa600a5,0xa800a7,0xa90089,0xab00aa
.4byte 0x8900a4,0xad00ac,0xaf00ae,0xce0089,0xcf00c2,0xd00003,0xd200d1,0xb20089
.4byte 0x910090,0x920089,0x940093,0x890095,0x96008e,0xb400b3,0x990089,0x9b009a
.4byte 0x8900b5,0xb6009d,0xb7009f,0xb80089,0xa300a2,0x8900a4,0xb900a5,0xba00a7
.4byte 0xa90089,0xab00aa,0x8900a4,0xd400d3,0xd600d5,0xd800d7,0xda00d9,0x8900a4
.4byte 0xb100b0,0x890088,0x8b008a,0x2200bc,0x0,0x870086,0x890088,0x8b008a
.4byte 0x8d008c,0x8e0089,0xdc00db,0xde00dd,0xe000df,0xe200e1,0x4600e3,0x8900e4
.4byte 0x930092,0x950094,0x960089,0x980097,0x990089,0x9b009a,0x89009c,0x9e009d
.4byte 0xa0009f,0xa10089,0xa300a2,0x8900a4,0xa600a5,0xa800a7,0xa90089,0xab00aa
.4byte 0x8900a4,0xad00ac,0xaf00ae,0xe50089,0xe700e6,0xe80003,0xea00e9,0xb20089
.4byte 0x910090,0x920089,0x940093,0x890095,0x96008e,0xb400b3,0x990089,0x9b009a
.4byte 0x8900b5,0xb6009d,0xb7009f,0xb80089,0xa300a2,0x8900a4,0xb900a5,0xba00a7
.4byte 0xa90089,0xab00aa,0x8900a4,0xec00eb,0xee00ed,0xf000ef,0xf200f1,0xf400f3
.4byte 0xf600f5,0xb00089,0x8800b1,0x8a0089,0xbc008b,0x22,0x860000,0x880087
.4byte 0x8a0089,0x8c008b,0x89008d,0xf7009d,0xf900f8,0xfb00fa,0xe00003,0xfd00fc
.4byte 0xff00fe,0x8900a4,0x930092,0x950094,0x960089,0x980097,0x990089,0x9b009a
.4byte 0x89009c,0x9e009d,0xa0009f,0xa10089,0xa300a2,0x8900a4,0xa600a5,0xa800a7
.4byte 0xa90089,0xab00aa,0x8900a4,0xad00ac,0xaf00ae,0x1000089,0xcf0101,0x1020003
.4byte 0xd20103,0xb20089,0x910090,0x920089,0x940093,0x890095,0x96008e,0xb400b3
.4byte 0x990089,0x9b009a,0x8900b5,0xb6009d,0xb7009f,0xb80089,0xa300a2,0x8900a4
.4byte 0xb900a5,0xba00a7,0xa90089,0xab00aa,0x8900a4,0x1050104,0x1070106,0x300108
.4byte 0xe80003,0x10a0109,0xd8010b,0x89010c,0xb100b0,0x890088,0x8b008a,0x2200bc
.4byte 0x0,0x870086,0x890088,0x8b008a,0x8d008c,0x9d0089,0x10e010d,0x30010f
.4byte 0xd00110,0x11100f9,0x1130112,0x2b0110,0x1150114,0x890116,0x930092,0x950094
.4byte 0x960089,0x980097,0x990089,0x9b009a,0x89009c,0x9e009d,0xa0009f,0xa10089
.4byte 0xa300a2,0x8900a4,0xa600a5,0xa800a7,0xa90089,0xab00aa,0x8900a4,0xad00ac
.4byte 0xaf00ae,0x1170089,0x1190118,0x11a0003,0xa40061,0xb20089,0x910090,0x920089
.4byte 0x940093,0x890095,0x96008e,0xb400b3,0x990089,0x9b009a,0x8900b5,0xb6009d
.4byte 0xb7009f,0xb80089,0xa300a2,0x8900a4,0xb900a5,0xba00a7,0xa90089,0xab00aa
.4byte 0x8900a4,0x11c011b,0x11e011d,0x2500e8,0x120011f,0x1210097,0x300122,0x1240123
.4byte 0x10c0058,0xb00089,0x8800b1,0x8a0089,0xbc008b,0x22,0x860000,0x880087
.4byte 0x8a0089,0x8c008b,0x89008d,0x125008e,0x1270126,0x128002b,0x12a0129,0xe1012b
.4byte 0x12d012c,0x12e00e9,0x12f0030,0x1310130,0x920089,0x940093,0x890095,0x970096
.4byte 0x890098,0x9a0099,0x9c009b,0x9d0089,0x9f009e,0x8900a0,0xa200a1,0xa400a3
.4byte 0xa50089,0xa700a6,0x8900a8,0xaa00a9,0xa400ab,0xac0089,0xae00ad,0x13200af
.4byte 0x1340133,0x2b0003,0x1360135,0xb20089,0x910090,0x920089,0x940093,0x890095
.4byte 0x96008e,0xb400b3,0x990089,0x9b009a,0x8900b5,0xb6009d,0xb7009f,0xb80089
.4byte 0xa300a2,0x8900a4,0xb900a5,0xba00a7,0xa90089,0xab00aa,0x8900a4,0x13700e5
.4byte 0xcf0138,0xe20139,0x5c013a,0x13c013b,0x10f013d,0x134013e,0x13f002b,0x1410140
.4byte 0xb00089,0x8800b1,0x8a0089,0xbc008b,0x22,0x860000,0x880087,0x8a0089
.4byte 0x8c008b,0x89008d,0x10e0142,0x14300e7,0x1450144,0x1470146,0x148003d,0x14a0149
.4byte 0x79014b,0x14d014c,0x14e012f,0x89010c,0x930092,0x950094,0x960089,0x980097
.4byte 0x990089,0x9b009a,0x89009c,0x9e009d,0xa0009f,0xa10089,0xa300a2,0x8900a4
.4byte 0xa600a5,0xa800a7,0xa90089,0xab00aa,0x8900a4,0xad00ac,0x14f00ae,0x300150
.4byte 0x1510003,0x8f0152,0x910090,0x920089,0x940093,0x890095,0x96008e,0xb400b3
.4byte 0x990089,0x9b009a,0x8900b5,0xb6009d,0xb7009f,0xb80089,0xa300a2,0x8900a4
.4byte 0xb900a5,0xba00a7,0xa90089,0xab00aa,0x8900a4,0x153009d,0x1220154,0x1560155
.4byte 0x1580157,0x15a0159,0x15c015b,0x15e015d,0x160015f,0x16100fb,0xb50162,0xb00089
.4byte 0x8800b1,0x8a0089,0xbc008b,0x22,0x860000,0x880087,0x8a0089,0x8c008b
.4byte 0x89008d,0x1630117,0x1640134,0x1660165,0x1670009,0x1690168,0x16b016a,0x16d016c
.4byte 0xc4016e,0xe7016f,0x1710170,0x890172,0x930092,0x950094,0x960089,0x980097
.4byte 0x990089,0x9b009a,0x89009c,0x9e009d,0xa0009f,0xa10089,0xa300a2,0x8900a4
.4byte 0xa600a5,0xa800a7,0xa90089,0xab00aa,0x8900a4,0xad00ac,0x1130173,0x250003
.4byte 0x1750174,0x890091,0x930092,0x950094,0x8e0089,0xb30096,0x8900b4,0x9a0099
.4byte 0xb5009b,0x9d0089,0x9f00b6,0x8900b7,0xa200b8,0xa400a3,0xa50089,0xa700b9
.4byte 0x8900ba,0xaa00a9,0xa400ab,0x1760089,0x1780177,0x17a0179,0x17c017b,0x17d00ad
.4byte 0x17f017e,0xf20012,0x180000d,0x1770181,0x16a0182,0xa40183,0xb00089,0x8800b1
.4byte 0x8a0089,0xbc008b,0x22,0x860000,0x880087,0x8a0089,0x8c008b,0x89008d
.4byte 0x184008e,0x1510185,0x1870186,0x90188,0x18a0189,0x18c018b,0x18e018d,0x190018f
.4byte 0x1920191,0x14d0193,0x19400e9,0x8900a4,0x930092,0x950094,0x960089,0x980097
.4byte 0x990089,0x9b009a,0x89009c,0x9e009d,0xa0009f,0xa10089,0xa300a2,0x8900a4
.4byte 0xa600a5,0xa800a7,0xa90089,0xab00aa,0x8900a4,0xc90195,0x30196,0x7f0197
.4byte 0x8900a4,0x930092,0x950094,0x8e0089,0xb30096,0x8900b4,0x9a0099,0xb5009b
.4byte 0x9d0089,0x9f00b6,0x8900b7,0xa200b8,0xa400a3,0xa50089,0xa700b9,0x8900ba
.4byte 0xaa00a9,0xa400ab,0x1950089,0xe70198,0x1450199,0xff019a,0x19c019b,0x19d0005
.4byte 0x18b019e,0x19f016a,0x1a101a0,0x15001a2,0x1a401a3,0x8900bb,0xb100b0,0x890088
.4byte 0x8b008a,0x2200bc,0x0,0x870086,0x890088,0x8b008a,0x8d008c,0x1a50089
.4byte 0x11101a6,0x1a801a7,0x7401a9,0x1ab01aa,0x1601ac,0x18d018c,0x501ad,0x1af01ae
.4byte 0x1b101b0,0x1b301b2,0x1b501b4,0x920089,0x940093,0x890095,0x970096,0x890098
.4byte 0x9a0099,0x9c009b,0x9d0089,0x9f009e,0x8900a0,0xa200a1,0xa400a3,0xa50089
.4byte 0xa700a6,0x8900a8,0xaa00a9,0xa400ab,0x1b60089,0x3001b7,0x1b80003,0xb50152
.4byte 0x920089,0x940093,0x890095,0x96008e,0xb400b3,0x990089,0x9b009a,0x8900b5
.4byte 0xb6009d,0xb7009f,0xb80089,0xa300a2,0x8900a4,0xb900a5,0xba00a7,0xa90089
.4byte 0xab00aa,0x8e00a4,0x1ba01b9,0x1bb00d7,0x1bc0149,0x1bd00c7,0x1be018e,0x19e019d
.4byte 0x1c001bf,0x1c201c1,0x1c30047,0x1c501c4,0x1650097,0x89009c,0xb100b0,0x890088
.4byte 0x8b008a,0x2200bc,0x0,0x870086,0x890088,0x8b008a,0x8d008c,0x1c600eb
.4byte 0x1c801c7,0x6e01c9,0x1ca01a9,0x1cc01cb,0x1601cd,0x1cf01ce,0x1d101d0,0x1d301d2
.4byte 0x5e01d4,0x201d5,0x1d600c3,0x9200d2,0x940093,0x890095,0x970096,0x890098
.4byte 0x9a0099,0x9c009b,0x9d0089,0x9f009e,0x8900a0,0xa200a1,0xa400a3,0xa50089
.4byte 0xa700a6,0x8900a8,0xaa00a9,0xa400ab,0x8e0089,0x1d801d7,0x310003,0x14101d9
.4byte 0x920089,0x940093,0x890095,0x96008e,0xb400b3,0x990089,0x9b009a,0x8900b5
.4byte 0xb6009d,0xb7009f,0xb80089,0xa300a2,0x8900a4,0xb900a5,0xba00a7,0xa90089
.4byte 0xab00aa,0xce00a4,0x1da0177,0x16b01db,0x8001dc,0xd01dd,0x1df01de,0x19e01e0
.4byte 0x1e201e1,0x1e401e3,0x1dc0066,0x7901e5,0x1e701e6,0x8901e8,0xb100b0,0x890088
.4byte 0x8b008a,0x2200bc,0x0,0x870086,0x890088,0x8b008a,0x8d008c,0x1ea01e9
.4byte 0x19100d7,0x1eb001d,0x16e01a9,0x1ed01ec,0x1601ee,0x1ef01ce,0x7301f0,0x3c01f1
.4byte 0x1f20080,0x7201b0,0x13501e6,0x9201f3,0x940093,0x890095,0x970096,0x890098
.4byte 0x9a0099,0x9c009b,0x9d0089,0x9f009e,0x8900a0,0xa200a1,0xa400a3,0xa50089
.4byte 0xa700a6,0x8900a8,0xaa00a9,0xa400ab,0x9d0089,0x1ba01b9,0x1f40003,0x10c01b4
.4byte 0x920089,0x940093,0x890095,0x96008e,0xb400b3,0x990089,0x9b009a,0x8900b5
.4byte 0xb6009d,0xb7009f,0xb80089,0xa300a2,0x8900a4,0xb900a5,0xba00a7,0xa90089
.4byte 0xab00aa,0x13301f5,0x1f601e6,0x1f801f7,0x1fa01f9,0xd01fb,0x1fd01fc,0x19e01fe
.4byte 0x20001ff,0x2020201,0x1dc01a9,0x15c0203,0x1da0204,0xb50205,0xb100b0,0x890088
.4byte 0x8b008a,0x2200bc,0x0,0x870086,0x890088,0x8b008a,0x206008c,0x2080207
.4byte 0x20a0209,0x20b0000,0x7e020c,0x20d0052,0x45020e,0x210020f,0xd0177,0x590211
.4byte 0x21201f9,0x2130000,0x2150214,0x2170216,0x940093,0x890095,0x970096,0x890098
.4byte 0x9a0099,0x9c009b,0x9d0089,0x9f009e,0x8900a0,0xa200a1,0xa400a3,0xa50089
.4byte 0xa700a6,0x8900a8,0xaa00a9,0xa400ab,0x1320089,0xa20218,0x250003,0x219020f
.4byte 0x920089,0x940093,0x890095,0x96008e,0xb400b3,0x990089,0x9b009a,0x8900b5
.4byte 0xb6009d,0xb7009f,0xb80089,0xa300a2,0x8900a4,0xb900a5,0xba00a7,0xa90089
.4byte 0xab00aa,0xbe01a5,0x5f021a,0x1e0022,0x21b0080,0x7301f1,0x21d021c,0x168021e
.4byte 0x20e020d,0x21f0213,0x71021b,0x53002d,0x930220,0x2220221,0xb100b0,0x890088
.4byte 0x8b008a,0x2200bc,0x0,0x870086,0x890088,0x8b008a,0xf7008c,0x22301c5
.4byte 0x2030224,0x530000,0x18b0071,0x2260225,0x15c0227,0x2290228,0xd022a,0x47022b
.4byte 0x2701dc,0x530000,0x9a022c,0xd901c0,0x940093,0x890095,0x970096,0x890098
.4byte 0x9a0099,0x9c009b,0x9d0089,0x9f009e,0x8900a0,0xa200a1,0xa400a3,0xa50089
.4byte 0xa700a6,0x8900a8,0xaa00a9,0xa400ab,0x1320089,0x22d0218,0x2b0003,0x219020f
.4byte 0x920089,0x940093,0x890095,0x96008e,0xb400b3,0x990089,0x9b009a,0x8900b5
.4byte 0xb6009d,0xb7009f,0xb80089,0xa300a2,0x8900a4,0xb900a5,0xba00a7,0xa90089
.4byte 0xab00aa,0x1270133,0x20a022e,0x1d40000,0x22f01a9,0x23001d1,0x1ab0231,0x2330232
.4byte 0x450234,0x1fa0235,0x20c,0x23601b0,0x2380237,0xb10239,0x890088,0x8b008a
.4byte 0x2200bc,0x0,0x870086,0x890088,0x8b008a,0x163008c,0x23b023a,0x1d
.4byte 0x5e0053,0x23c0012,0x23d01bf,0x228015c,0x23f023e,0x240018d,0x1dc0066,0x33
.4byte 0x2420241,0x2440243,0x940093,0x890095,0x970096,0x890098,0x9a0099,0x9c009b
.4byte 0x9d0089,0x9f009e,0x8900a0,0xa200a1,0xa400a3,0xa50089,0xa700a6,0x8900a8
.4byte 0xaa00a9,0xa400ab,0x1320089,0x22d0218,0x2b0003,0x219020f,0x920089,0x940093
.4byte 0x890095,0x96008e,0xb400b3,0x990089,0x9b009a,0x8900b5,0xb6009d,0xb7009f
.4byte 0xb80089,0xa300a2,0x8900a4,0xb900a5,0xba00a7,0xa90089,0x24500aa,0xa70246
.4byte 0x2030247,0x2480000,0x1ca01a9,0x24a0249,0x1ab024b,0x24c0232,0x16017f,0x1fa024d
.4byte 0x1a9,0x24f024e,0x2510250,0x8800b1,0x8a0089,0xbc008b,0x22,0x860000
.4byte 0x880087,0x8a0089,0x252008b,0x22301ea,0x2d0253,0x530000,0x4d01dc,0x160254
.4byte 0x2560255,0x2580257,0x25a0259,0x1a9025b,0x2d0071,0x1e0000,0x25d025c,0x25f025e
.4byte 0x950094,0x960089,0x980097,0x990089,0x9b009a,0x89009c,0x9e009d,0xa0009f
.4byte 0xa10089,0xa300a2,0x8900a4,0xa600a5,0xa800a7,0xa90089,0xab00aa,0x8900a4
.4byte 0x184009d,0x30260,0x2610025,0x890262,0x930092,0x950094,0x8e0089,0xb30096
.4byte 0x8900b4,0x9a0099,0xb5009b,0x9d0089,0x9f00b6,0x8900b7,0xa200b8,0xa400a3
.4byte 0xa50089,0xa700b9,0x8900ba,0xaa00a9,0x263010b,0x2650264,0x20b0000,0x266020c
.4byte 0x26701cb,0x2690268,0x26a0147,0x7e019e,0x1d4005f,0x1a9,0x26c026b,0xf3026d
.4byte 0x8800b1,0x8a0089,0xbc008b,0x22,0x860000,0x880087,0x8a0089,0x26e008b
.4byte 0x23b026f,0x1d,0x6e001e,0x2700042,0x1b4015c,0x6e0271,0x2570213,0x272017c
.4byte 0x20c004a,0x2730000,0x970274,0x940275,0x890095,0x970096,0x890098,0x9a0099
.4byte 0x9c009b,0x9d0089,0x9f009e,0x8900a0,0xa200a1,0xa400a3,0xa50089,0xa700a6
.4byte 0x8900a8,0xaa00a9,0xa400ab,0x8e0089,0x1ba01b9,0x1f40003,0x1b501b4,0x920089
.4byte 0x940093,0x890095,0x96008e,0xb400b3,0x990089,0x9b009a,0x8900b5,0xb6009d
.4byte 0xb7009f,0xb80089,0xa300a2,0x8900a4,0xb900a5,0xba00a7,0xa90089,0x14c00aa
.4byte 0x27600d7,0x33,0x710053,0x1ec007e,0x2780277,0x279006e,0x27a0147,0x1d4027b
.4byte 0x27c,0x27d024e,0x27e00e1,0x890088,0x8b008a,0x2200bc,0x0,0x870086
.4byte 0x890088,0x8b008a,0x280027f,0x2d0281,0x1e0000,0x1d40080,0x258008a,0x2830282
.4byte 0x45006e,0x1c30284,0x1fa023c,0x1a9,0x2850057,0x2870286,0x950094,0x960089
.4byte 0x980097,0x990089,0x9b009a,0x89009c,0x9e009d,0xa0009f,0xa10089,0xa300a2
.4byte 0x8900a4,0xa600a5,0xa800a7,0xa90089,0xab00aa,0x8900a4,0x1d80288,0x310003
.4byte 0x28a0289,0x920089,0x940093,0x890095,0x96008e,0xb400b3,0x990089,0x9b009a
.4byte 0x8900b5,0xb6009d,0xb7009f,0xb80089,0xa300a2,0x8900a4,0xb900a5,0xba00a7
.4byte 0xa90089,0x28c028b,0x28e028d,0x530000,0x18b005e,0x290028f,0x6e0168,0x2680269
.4byte 0x2920291,0x2120080,0x26b0000,0xca0293,0x88027f,0x8a0089,0xbc008b,0x22
.4byte 0x860000,0x880087,0x8a0089,0x1100294,0x830295,0x530000,0x2960192,0x297013d
.4byte 0x2990298,0x25601a4,0x45029a,0x1d4024d,0x1a9,0x29c029b,0x29d0110,0x890095
.4byte 0x970096,0x890098,0x9a0099,0x9c009b,0x9d0089,0x9f009e,0x8900a0,0xa200a1
.4byte 0xa400a3,0xa50089,0xa700a6,0x8900a8,0xaa00a9,0xa400ab,0xbe0176,0x30030
.4byte 0xc000bf,0x920172,0x940093,0x890095,0x96008e,0xb400b3,0x990089,0x9b009a
.4byte 0x8900b5,0xb6009d,0xb7009f,0xb80089,0xa300a2,0x8900a4,0xb900a5,0xba00a7
.4byte 0xa90089,0xbf01c7,0x203029e,0x530000,0x1201dc,0x29f024d,0x2790168,0x2a102a0
.4byte 0x2a302a2,0x2a40073,0x3f,0x2a50064,0x8801a3,0x8a0089,0xbc008b,0x22
.4byte 0x860000,0x880087,0x8a0089,0x2a702a6,0x3302a8,0x570000,0x184015c,0x1d202a9
.4byte 0x2ab02aa,0x1a402ac,0x12a0256,0x7d0016,0x1f201d4,0x530000,0x19602ad,0x9502ae
.4byte 0x960089,0x980097,0x990089,0x9b009a,0x89009c,0x9e009d,0xa0009f,0xa10089
.4byte 0xa300a2,0x8900a4,0xa600a5,0xa800a7,0xa90089,0xab00aa,0xc20217,0x3002a
.4byte 0xd100c3,0x930217,0x950094,0x8e0089,0xb30096,0x8900b4,0x9a0099,0xb5009b
.4byte 0x9d0089,0x9f00b6,0x8900b7,0xa200b8,0xa400a3,0xa50089,0xa700b9,0x8900ba
.4byte 0x2b002af,0x4702b1,0x570000,0x4d006e,0x2b302b2,0x27902b4,0x2b502a0,0x22f021d
.4byte 0x2b60059,0x2b802b7,0xa0000,0x2b9018e,0x8902ba,0x8b008a,0x2200bc,0x0
.4byte 0x20001,0x2bb0003,0x59,0x2bc0068,0x2be02bd,0x14901f1,0x2c002bf,0x24e02c1
.4byte 0x1bf02c2,0x1d402c3,0x27c,0x2c4007e,0x250003,0x4702c5,0x530000,0x26001a2
.4byte 0x2c60003,0x22,0x6e001e,0x2c70068,0x18a020d,0x26802c8,0x1fd02c9,0x5901f1
.4byte 0x13502ca,0x2702cb,0x530000,0x2cc015a,0x360003,0x380037,0x0,0x20001
.4byte 0x2cd0003,0x27,0x7a0053,0x2ce02a6,0x22f02cf,0x2d102d0,0x2c102d2,0x2d402d3
.4byte 0x2d5007e,0x270080,0x26b0000,0x3002d6,0x250003,0x4702c5,0x530000,0x26001a2
.4byte 0x2d70003,0x2d006a,0x1d40000,0x2d80075,0x18a01e1,0x26802c8,0x2d9024a,0x4701d2
.4byte 0x2db02da,0x4701a7,0x120000,0x302dc,0x370036,0x38,0x10000,0x30002
.4byte 0x8802dd,0x8f0089,0x2920170,0x450000,0x16402de,0x2d002df,0x25302e0,0x2d202e1
.4byte 0x3d02c1,0x2e2017f,0x6e02e3,0x27,0x2e4001e,0x17b02e5,0x960089,0x2e702e6
.4byte 0x2e902e8,0x2eb02ea,0x2ed02ec,0x2ef02ee,0x2f102f0,0xa10089,0xa300a2,0x8900a4
.4byte 0xa600a5,0xa800a7,0xa90089,0x26f0127,0x250003,0x4702c5,0x530000,0x26001a2
.4byte 0x1f40003,0x29d011e,0x890095,0x96008e,0xb400b3,0x990089,0x9b009a,0x8900b5
.4byte 0x2f2009d,0x2f402f3,0x2ed02f5,0x2f702f6,0x2f902f8,0x2fb02fa,0x2fd02fc,0x8900ba
.4byte 0xad00e5,0x2650200,0x1d40000,0x2fe006e,0x15b003d,0x26802c8,0x30002ff,0x1c10301
.4byte 0xc20302,0x24d0164,0x22,0x3030006,0x30400ae,0x8a0089,0x3008b,0x370036
.4byte 0x38,0x10000,0x30002,0x8802dd,0xeb0089,0x30501f0,0x306,0x307002e
.4byte 0x3080113,0x20c02d0,0x6a0309,0x30b030a,0x30c01d9,0x30d018a,0x6e0009,0x203
.4byte 0x30e0012,0xd2030f,0x960089,0x2e702e6,0x2e902e8,0x2eb02ea,0x2ed02ec,0x2ef02ee
.4byte 0x2f102f0,0xa10089,0xa300a2,0x8900a4,0xa600a5,0xa800a7,0x1c20089,0x300310
.4byte 0x250003,0x4702c5,0x530000,0x26001a2,0x3110003,0x1b50312,0x8e0089,0xb30096
.4byte 0x8900b4,0x9a0099,0xb5009b,0x9d0089,0x2f302f2,0x2f502f4,0x2f602ed,0x2f802f7
.4byte 0x2fa02f9,0x2fc02fb,0xba02fd,0x3130089,0x2cd0314,0x27,0x4a01eb,0x3160315
.4byte 0x31702d4,0x2300268,0x3180005,0x271020c,0x9a0319,0xd031a,0x570000,0x155031b
.4byte 0x89031c,0x8b008a,0x360003,0x380037,0x0,0x20001,0x2dd0003,0x890088
.4byte 0x9a0092,0x27031d,0x120000,0x223031e,0x320031f,0x321005e,0x3230322,0x1d9030b
.4byte 0x2b402e2,0x3c0324,0x2d01dc,0x60000,0x2230325,0x8900af,0x2e60096,0x2e802e7
.4byte 0x2ea02e9,0x2ec02eb,0x2ee02ed,0x2f002ef,0x8902f1,0xa200a1,0xa400a3,0xa50089
.4byte 0xa700a6,0x8900a8,0x1180117,0x30119,0x2c50025,0x47,0x1a20053,0x30260
.4byte 0x61011a,0x8900a4,0x96008e,0xb400b3,0x990089,0x9b009a,0x8900b5,0x2f2009d
.4byte 0x2f402f3,0x2ed02f5,0x2f702f6,0x2f902f8,0x2fb02fa,0x2fd02fc,0x8900ba,0x3260239
.4byte 0x6a,0x1a9026b,0x32701c4,0x3290328,0x32b032a,0x32d032c,0x1a9005e,0x32e0042
.4byte 0x330032f,0x27,0x3310012,0xa40332,0x8a0089,0x3008b,0x370036,0x38
.4byte 0x10000,0x30002,0x8802dd,0x3330089,0x3350334,0x530000,0x3360051,0x19023b
.4byte 0x5e0028,0x33701e1,0x1870325,0x33800cb,0x2a30168,0x5e0059,0x570000,0x3260339
.4byte 0x89033a,0x2e60096,0x2e802e7,0x2ea02e9,0x2ec02eb,0x2ee02ed,0x2f002ef,0x8902f1
.4byte 0xa200a1,0xa400a3,0xa50089,0xa700a6,0x8900a8,0x1330132,0x30263,0x2c50025
.4byte 0x47,0x1a20053,0x30260,0x1350025,0x890136,0x96008e,0xb400b3,0x990089
.4byte 0x9b009a,0x8900b5,0x2f2009d,0x2f402f3,0x2ed02f5,0x2f702f6,0x2f902f8,0x2fb02fa
.4byte 0x2fd02fc,0x8900ba,0x33b008e,0x306033c,0x2e0000,0x33d01a9,0x33e019a,0x33f0329
.4byte 0x6a021c,0x4a028a,0x1e0340,0x3410316,0x590342,0x3430000,0x2ae0344,0x89008d
.4byte 0x8b008a,0x360003,0x380037,0x0,0x20001,0x2dd0003,0x890088,0x3460345
.4byte 0x47,0x6e0057,0x3470169,0x1a10348,0x34900cb,0x6c0278,0x5e0059,0x18b0000
.4byte 0x34b034a,0x960089,0x2e702e6,0x2e902e8,0x2eb02ea,0x2ed02ec,0x2ef02ee,0x2f102f0
.4byte 0xa10089,0xa300a2,0x8900a4,0xa600a5,0xa800a7,0x34c0089,0x30034d,0x250003
.4byte 0x4702c5,0x530000,0x26001a2,0xf10003,0x8d034e,0x8e0089,0xb30096,0x8900b4
.4byte 0x9a0099,0xb5009b,0x9d0089,0x2f302f2,0x2f502f4,0x2f602ed,0x2f802f7,0x2fa02f9
.4byte 0x2fc02fb,0xba02fd,0x8a0089,0x350034f,0x27,0x1a9002e,0x2d2006c,0x29f0351
.4byte 0x348033f,0x35201f7,0x1f201d4,0x530000,0x3540353,0x890355,0x8b008a,0x360003
.4byte 0x380037,0x0,0x20001,0x2dd0003,0x890088,0x35600a5,0x220357,0x1e0000
.4byte 0x18b006e,0x3480358,0x35901a1,0x32a0233,0x47033d,0x1a9,0x35b035a,0x9c029a
.4byte 0x960089,0x2e702e6,0x2e902e8,0x2eb02ea,0x2ed02ec,0x2ef02ee,0x2f102f0,0xa10089
.4byte 0xa300a2,0x8900a4,0xa600a5,0xa800a7,0x1000089,0xcf035c,0x250003,0x4702c5
.4byte 0x530000,0x26001a2,0x35d0003,0xd20103,0x8e0089,0xb30096,0x8900b4,0x9a0099
.4byte 0xb5009b,0x9d0089,0x2f302f2,0x2f502f4,0x2f602ed,0x2f802f7,0x2fa02f9,0x2fc02fb
.4byte 0xba02fd,0xb80089,0x35f035e,0x2d,0x1a90053,0x30b006c,0x29f0360,0x348033f
.4byte 0x36101f7,0x27c01d4,0x3620000,0x3630107,0x8a0089,0x3008b,0x370036,0x38
.4byte 0x10000,0x30002,0x8802dd,0x3640089,0x3650314,0x21e002d,0x1f70151,0x3670366
.4byte 0x22,0x1201d4,0x21c0032,0x3690368,0x33f036a,0x66033d,0x1a9,0x2f0053
.4byte 0xaf036b,0x960089,0x2e702e6,0x2e902e8,0x2eb02ea,0x2ed02ec,0x2ef02ee,0x2f102f0
.4byte 0xa10089,0xa300a2,0x8900a4,0xa600a5,0xa800a7,0xeb0089,0x127036c,0x250003
.4byte 0x4702c5,0x530000,0x26001a2,0x2b0003,0x36d01c0,0x8e0089,0xb30096,0x8900b4
.4byte 0x9a0099,0xb5009b,0x9d0089,0x2f302f2,0x2f502f4,0x2f602ed,0x2f802f7,0x2fa02f9
.4byte 0x2fc02fb,0xba02fd,0x2390089,0x59036e,0x530000,0x2e001a9,0x2380187,0x33f036f
.4byte 0x3710370,0x1d402b2,0x27,0x2b00226,0x3730372,0x3750374,0x376000e,0xa40377
.4byte 0x8a0089,0x3008b,0x370036,0x38,0x10000,0x30002,0x8802dd,0x3780089
.4byte 0x90155,0x3790343,0x1a40003,0x2d70119,0x37a,0x4d01d4,0x32b037b,0x37d037c
.4byte 0x37e029f,0x7101c4,0x340,0x26e037f,0x890380,0x2e60096,0x2e802e7,0x2ea02e9
.4byte 0x2ec02eb,0x2ee02ed,0x2f002ef,0x8902f1,0xa200a1,0xa400a3,0xa50089,0xa700a6
.4byte 0x8900a8,0x34d034c,0x250003,0x4702c5,0x530000,0x26001a2,0x360003,0x8d034e
.4byte 0x8e0089,0xb30096,0x8900b4,0x9a0099,0xb5009b,0x9d0089,0x2f302f2,0x2f502f4
.4byte 0x2f602ed,0x2f802f7,0x2fa02f9,0x2fc02fb,0xba02fd,0x3810089,0x830382,0x280000
.4byte 0x309005e,0x3840383,0x385036f,0x18702d6,0x1d402b2,0x27,0x3480057,0x3860003
.4byte 0x30387,0x2e01fd,0x3890388,0x890172,0x8b008a,0x360003,0x380037,0x0
.4byte 0x20001,0x2dd0003,0x890088,0x346038a,0x38b,0x230001e,0x8c038c,0x37a038d
.4byte 0x1d40000,0x7d004d,0x38f038e,0x39001fa,0x3920391,0x2b8005e,0x18b0000,0x39300d6
.4byte 0x960089,0x2e702e6,0x2e902e8,0x2eb02ea,0x2ed02ec,0x2ef02ee,0x2f102f0,0xa10089
.4byte 0xa300a2,0x8900a4,0xa600a5,0xa800a7,0x1950089,0xcf0394,0x250003,0x4702c5
.4byte 0x530000,0x26001a2,0x3950003,0xa40103,0x8e0089,0xb30096,0x8900b4,0x9a0099
.4byte 0xb5009b,0x9d0089,0x2f302f2,0x2f502f4,0x2f602ed,0x2f802f7,0x2fa02f9,0x2fc02fb
.4byte 0xba02fd,0xe50089,0x3970396,0x27,0x5e0057,0x1f70398,0x4a0244,0x340320
.4byte 0x5f02d2,0x2701d4,0x36a0000,0x1210399,0x1fd039a,0x21e0057,0x304039b,0x8a0089
.4byte 0x3008b,0x370036,0x38,0x10000,0x30002,0x8802dd,0x9d0089,0x39d039c
.4byte 0x22,0x230001e,0x8c038c,0x37a038d,0x1eb0000,0x2b701e5,0x2be039e,0x39f0320
.4byte 0x3a001fd,0x1f2004a,0x35a0000,0x3a203a1,0x8900a4,0x2e60096,0x2e802e7,0x2ea02e9
.4byte 0x2ec02eb,0x2ee02ed,0x2f002ef,0x8902f1,0xa200a1,0xa400a3,0xa50089,0xa700a6
.4byte 0x8900a8,0x137009d,0x30263,0x2c50025,0x47,0x1a20053,0x30260,0x3a30025
.4byte 0x8901f3,0x96008e,0xb400b3,0x990089,0x9b009a,0x8900b5,0x2f2009d,0x2f402f3
.4byte 0x2ed02f5,0x2f702f6,0x2f902f8,0x2fb02fa,0x2fd02fc,0x8900ba,0x2600364,0x2d03a4
.4byte 0x570000,0x3a5006e,0x3a601d3,0x320021b,0x19a03a7,0x6e02a8,0x203,0x399036a
.4byte 0x39a0121,0x1fd,0x2bd03a8,0x8903a9,0x8b008a,0x360003,0x380037,0x0
.4byte 0x20001,0x2dd0003,0x890088,0x3aa011b,0x2cd,0x38d03ab,0x8c03ac,0x37a038d
.4byte 0x26b0000,0x2b701f9,0x3ae03ad,0x27903af,0x3b00372,0x27c01d4,0x2e0000,0x3890348
.4byte 0x890172,0x2e60096,0x2e802e7,0x2ea02e9,0x2ec02eb,0x2ee02ed,0x2f002ef,0x8902f1
.4byte 0xa200a1,0xa400a3,0xa50089,0xa700a6,0x8900a8,0x3b101b6,0x30030,0x2c50025
.4byte 0x47,0x1a20053,0x30260,0x3af01b8,0x8900b5,0x96008e,0xb400b3,0x990089
.4byte 0x9b009a,0x8900b5,0x2f2009d,0x2f402f3,0x2ed02f5,0x2f702f6,0x2f902f8,0x2fb02fa
.4byte 0x2fd02fc,0x8900ba,0x1140378,0x3c,0x6e001e,0x4403b2,0x3b30084,0x3b503b4
.4byte 0x34703b6,0x2d006e,0x2e0000,0x3b803b7,0x39a038d,0x1fd,0x3ba03b9,0x8903bb
.4byte 0x8b008a,0x360003,0x380037,0x0,0x20001,0x2dd0003,0x890088,0x3bd03bc
.4byte 0x3be,0x38d03ab,0x8c03ac,0x37a038d,0x2e0000,0x3bf006e,0x27b03c0,0x27903c1
.4byte 0x3c303c2,0x2701d4,0x1e0000,0x3c4021e,0x890304,0x2e60096,0x2e802e7,0x2ea02e9
.4byte 0x2ec02eb,0x2ee02ed,0x2f002ef,0x8902f1,0xa200a1,0xa400a3,0xa50089,0xa700a6
.4byte 0x8900a8,0xe600ac,0x3014d,0x2c50025,0x47,0x1a20053,0x30260,0x3c500e8
.4byte 0x8903c6,0x96008e,0xb400b3,0x990089,0x9b009a,0x8900b5,0x2f2009d,0x2f402f3
.4byte 0x2ed02f5,0x2f702f6,0x2f902f8,0x2fb02fa,0x2fd02fc,0x8900ba,0x36b03c7,0x85
.4byte 0x16901d4,0x1660335,0x3b4001f,0x3c903c8,0x4a0337,0x2e0000,0x3b803b7,0x39a038d
.4byte 0x1fd,0x3ca0343,0xa403cb,0x8a0089,0x3008b,0x370036,0x38,0x10000
.4byte 0x30002,0x8802dd,0x3cc0089,0x5903cd,0x3ce0000,0x309015b,0x38d008c,0x37a
.4byte 0x5e002e,0x3d003cf,0x21603d1,0x3d20277,0x1d403d3,0x27,0x3d503d4,0x8903d6
.4byte 0x2e60096,0x2e802e7,0x2ea02e9,0x2ec02eb,0x2ee02ed,0x2f002ef,0x8902f1,0xa200a1
.4byte 0xa400a3,0xa50089,0xa700a6,0x8900a8,0x3d7008e,0x303d8,0x2c50025,0x47
.4byte 0x1a20053,0x30260,0x3d90031,0x8901b5,0x96008e,0xb400b3,0x990089,0x9b009a
.4byte 0x8900b5,0x2f2009d,0x2f402f3,0x2ed02f5,0x2f702f6,0x2f902f8,0x2fb02fa,0x2fd02fc
.4byte 0x8900ba,0x3da008e,0x2203db,0x1d40000,0x3be018b,0x1f036c,0x3c703b4,0x3dc0316
.4byte 0x5e,0x3dd01e1,0x38d0299,0x1fd039a,0x530000,0x3de0230,0x890172,0x8b008a
.4byte 0x360003,0x380037,0x0,0x20001,0x2dd0003,0x890088,0x38603df,0x3e0
.4byte 0x15b03ce,0x8c0309,0x37a038d,0x2e0000,0x3e1005e,0x3e303e2,0x3e20216,0x2b70347
.4byte 0x2701d4,0x3e40000,0x36303e5,0x960089,0x2e702e6,0x2e902e8,0x2eb02ea,0x2ed02ec
.4byte 0x2ef02ee,0x2f102f0,0xa10089,0xa300a2,0x8900a4,0xa600a5,0xa800a7,0x1950089
.4byte 0xcf035c,0x250003,0x4702c5,0x530000,0x26001a2,0x35d0003,0xa40103,0x8e0089
.4byte 0xb30096,0x8900b4,0x9a0099,0xb5009b,0x9d0089,0x2f302f2,0x2f502f4,0x2f602ed
.4byte 0x2f802f7,0x2fa02f9,0x2fc02fb,0xba02fd,0xa50089,0x3e60396,0x2d,0x1201d4
.4byte 0x3e70347,0x3e8001f,0x3ea03e9,0x5e0009,0x1e10000,0x29903dd,0x39a038d,0x1fd
.4byte 0x3eb001e,0x30403ec,0x8a0089,0x3008b,0x370036,0x38,0x10000,0x30002
.4byte 0x8802dd,0x8e0089,0x3ee03ed,0x27,0x3790343,0x1a40003,0x2d70119,0x37a
.4byte 0x1a90053,0x3f003ef,0x18603f1,0x3f303f2,0x1d402b7,0x203,0x3a103f4,0x890332
.4byte 0x2e60096,0x2e802e7,0x2ea02e9,0x2ec02eb,0x2ee02ed,0x2f002ef,0x8902f1,0xa200a1
.4byte 0xa400a3,0xa50089,0xa700a6,0x8900a8,0x184009d,0x300a2,0x2c50025,0x47
.4byte 0x1a20053,0x30260,0x2840025,0x890262,0x96008e,0xb400b3,0x990089,0x9b009a
.4byte 0x8900b5,0x2f2009d,0x2f402f3,0x2ed02f5,0x2f702f6,0x2f902f8,0x2fb02fa,0x2fd02fc
.4byte 0x8900ba,0x25f03f5,0x3a4,0x1201eb,0x3f601cb,0x3e80324,0x30c03f7,0x1a902a9
.4byte 0x570000,0x30348,0x3870386,0x1fd0003,0x3f80000,0x3f9011f,0x8a0089,0x3008b
.4byte 0x370036,0x38,0x10000,0x30002,0x8802dd,0xeb0089,0x3fb03fa,0x3430000
.4byte 0x30379,0x3fc0397,0x220367,0x530000,0x3fd01a9,0x3fe0290,0x2670186,0x5f03ff
.4byte 0x3301d4,0x2e0000,0x23d0400,0x8900d2,0x2e60096,0x2e802e7,0x2ea02e9,0x2ec02eb
.4byte 0x2ee02ed,0x2f002ef,0x8902f1,0xa200a1,0xa400a3,0xa50089,0xa700a6,0x8900a8
.4byte 0x1a601a5,0x302cc,0x2c50025,0x47,0x1a20053,0x30260,0x1650401,0x89009c
.4byte 0x96008e,0xb400b3,0x990089,0x9b009a,0x8900b5,0x2f2009d,0x2f402f3,0x2ed02f5
.4byte 0x2f702f6,0x2f902f8,0x2fb02fa,0x2fd02fc,0x8900ba,0x4030402,0x73,0x4d0248
.4byte 0x404035f,0x3e801ca,0x4050166,0x1a902a9,0x570000,0x30348,0x3700406,0x1fd0407
.4byte 0x3b90000,0x31c0408,0x8a0089,0x3008b,0x370036,0x38,0x10000,0x30002
.4byte 0x8802dd,0x8a0089,0x40a0409,0x530000,0x40b01a9,0x40c02c8,0x40d01d6,0x2c302cb
.4byte 0x2d006e,0x280000,0x40f040e,0x890095,0x2e60096,0x2e802e7,0x2ea02e9,0x2ec02eb
.4byte 0x2ee02ed,0x2f002ef,0x8902f1,0xa200a1,0xa400a3,0xa50089,0xa700a6,0x8900a8
.4byte 0x3e900eb,0x30410,0x2c50025,0x47,0x1a20053,0x30260,0x411002b,0x89036d
.4byte 0x96008e,0xb400b3,0x990089,0x9b009a,0x8900b5,0x2f2009d,0x2f402f3,0x2ed02f5
.4byte 0x2f702f6,0x2f902f8,0x2fb02fa,0x2fd02fc,0x8900ba,0x41202af,0x413,0x201026b
.4byte 0x41402c3,0x41501ca,0x2660416,0x1a90059,0x3f40000,0x2ba0417,0x8a0089,0x3008b
.4byte 0x370036,0x38,0x10000,0x30002,0x8802dd,0x22b0089,0x1d10418,0x280000
.4byte 0x31901a9,0x41a0419,0x41b01d6,0x2a8041c,0x4a,0x25001cc,0x8900af,0x2e60096
.4byte 0x2e802e7,0x2ea02e9,0x2ec02eb,0x2ee02ed,0x2f002ef,0x8902f1,0xa200a1,0xa400a3
.4byte 0xa50089,0xa700a6,0x8900a8,0x41d00bd,0x30030,0x2c50025,0x47,0x1a20053
.4byte 0x30260,0xc100bf,0x8e00b5,0xb30096,0x8900b4,0x9a0099,0xb5009b,0x9d0089
.4byte 0x2f302f2,0x2f502f4,0x2f602ed,0x2f802f7,0x2fa02f9,0x2fc02fb,0xba02fd,0x41e0089
.4byte 0x83033c,0x2e0000,0x41f01e5,0x4210420,0x4220415,0x59030d,0x340,0x423002e
.4byte 0x8903cb,0x8b008a,0x360003,0x380037,0x0,0x20001,0x2dd0003,0x890088
.4byte 0x4240056,0x59,0x4250343,0x33002c,0x570000,0x7a005e,0x426037f,0x41b0427
.4byte 0x34701a8,0x4a,0x4290428,0x89042a,0x2e60096,0x2e802e7,0x2ea02e9,0x2ec02eb
.4byte 0x2ee02ed,0x2f002ef,0x8902f1,0xa200a1,0xa400a3,0xa50089,0xa700a6,0xe500a8
.4byte 0xe7042b,0x250003,0x4702c5,0x530000,0x26001a2,0xe80003,0x42d042c,0x96008e
.4byte 0xb400b3,0x990089,0x9b009a,0x8900b5,0x2f2009d,0x2f402f3,0x2ed02f5,0x2f702f6
.4byte 0x2f902f8,0x2fb02fa,0x2fd02fc,0x8900ba,0x42e008e,0x27042f,0x2e0000,0x43001f9
.4byte 0x820431,0xc4021d,0x16b0309,0x2b8,0x43203ab,0x3c2,0x2300053,0x9c0389
.4byte 0x8a0089,0x3008b,0x370036,0x38,0x10000,0x30002,0x8802dd,0xb00089
.4byte 0x2650346,0x4d0000,0x4330408,0x570000,0x421004a,0x4260434,0x4350427,0x2490436
.4byte 0x5e,0xf903e4,0x8903a9,0x2e60096,0x2e802e7,0x2ea02e9,0x2ec02eb,0x2ee02ed
.4byte 0x2f002ef,0x8902f1,0xa200a1,0xa400a3,0xa50089,0xa700a6,0x43700a8,0x300438
.4byte 0x250003,0x4702c5,0x530000,0x26001a2,0x1390003,0xf60439,0xb30096,0x8900b4
.4byte 0x9a0099,0xb5009b,0x9d0089,0x2f302f2,0x2f502f4,0x2f602ed,0x2f802f7,0x2fa02f9
.4byte 0x2fc02fb,0xba02fd,0x9d0089,0x43b043a,0x2d,0x1dc002e,0x2f043c,0x21d0048
.4byte 0x3240162,0x1f20296,0x2e0000,0x43e043d,0x27,0x1ab001e,0x8d036b,0x8a0089
.4byte 0x3008b,0x370036,0x38,0x10000,0x30002,0x8802dd,0x38a0089,0x1d043f
.4byte 0x7e0000,0x590440,0x1e0000,0x1ca004a,0x21d0441,0x4350427,0x1aa0442,0x1a9
.4byte 0x4320443,0x890363,0x2e60096,0x2e802e7,0x2ea02e9,0x2ec02eb,0x2ee02ed,0x2f002ef
.4byte 0x8902f1,0xa200a1,0xa400a3,0xa50089,0xa700a6,0x20700ff,0x300e7,0x2c50025
.4byte 0x47,0x1a20053,0x30260,0xe900e8,0x960444,0xb400b3,0x990089,0x9b009a
.4byte 0x8900b5,0x2f2009d,0x2f402f3,0x2ed02f5,0x2f702f6,0x2f902f8,0x2fb02fa,0x2fd02fc
.4byte 0x8900ba,0x39600a5,0x445,0x1dc0053,0x2f0446,0x21d0048,0x1ca0427,0x27c0447
.4byte 0x530000,0x448002f,0x22,0x3c50449,0x890304,0x8b008a,0x360003,0x380037
.4byte 0x0,0x20001,0x2dd0003,0x890088,0x2de008e,0x27015b,0x44a0000,0x44b0389
.4byte 0x1e0000,0x309004a,0x21d044c,0x24a044d,0x3dc0442,0x1a9,0x44e0343,0x890308
.4byte 0x2e60096,0x2e802e7,0x2ea02e9,0x2ec02eb,0x2ee02ed,0x2f002ef,0x8902f1,0xa200a1
.4byte 0xa400a3,0xa50089,0xa700a6,0x1ea00d5,0x250003,0x4702c5,0x530000,0x26001a2
.4byte 0x360003,0x44f00cb,0xb400b3,0x990089,0x9b009a,0x8900b5,0x2f2009d,0x2f402f3
.4byte 0x2ed02f5,0x2f702f6,0x2f902f8,0x2fb02fa,0x2fd02fc,0x8900ba,0x129008a,0x347
.4byte 0x5e0053,0x2f0450,0x21d0451,0x4210393,0x27c0071,0x4520000,0x4530382,0x3b20000
.4byte 0x42a0454,0x8a0089,0x3008b,0x370036,0x38,0x10000,0x30002,0x8802dd
.4byte 0x9d0089,0x43b043a,0x4550000,0x220456,0x1d40000,0x4570398,0x2c10458,0x1b10459
.4byte 0x1a90009,0x2e0000,0x45b045a,0x960089,0x2e702e6,0x2e902e8,0x2eb02ea,0x2ed02ec
.4byte 0x2ef02ee,0x2f102f0,0xa10089,0xa300a2,0x8900a4,0xa600a5,0x2bf045c,0x3014d
.4byte 0x2c50025,0x47,0x1a20053,0x30260,0x3c500e8,0xb3010e,0x8900b4,0x9a0099
.4byte 0xb5009b,0x9d0089,0x2f302f2,0x2f502f4,0x2f602ed,0x2f802f7,0x2fa02f9,0x2fc02fb
.4byte 0xba02fd,0x45d0089,0x90107,0x530000,0x45e005e,0x6f0230,0x22e0458,0x1dc045f
.4byte 0x27,0x4600086,0x461,0x46203b9,0x8903a9,0x8b008a,0x360003,0x380037
.4byte 0x0,0x20001,0x2dd0003,0x890088,0x39600a5,0x445,0x3700053,0x20303fb
.4byte 0x1d40000,0x4640463,0x4660465,0x46700df,0x1a90009,0x530000,0x4680230,0x8900d2
.4byte 0x2e60096,0x2e802e7,0x2ea02e9,0x2ec02eb,0x2ee02ed,0x2f002ef,0x8902f1,0xa200a1
.4byte 0xa400a3,0xa50089,0x46900a6,0x30046a,0x250003,0x4702c5,0x530000,0x26001a2
.4byte 0xf10003,0xb3046b,0x8900b4,0x9a0099,0xb5009b,0x9d0089,0x2f302f2,0x2f502f4
.4byte 0x2f602ed,0x2f802f7,0x2fa02f9,0x2fc02fb,0xba02fd,0x46c0089,0x59046d,0x530000
.4byte 0x318005e,0xdf000b,0x46e00d0,0x6e0142,0x27,0x38d046f,0x2cf,0x3fa0443
.4byte 0x890363,0x8b008a,0x360003,0x380037,0x0,0x20001,0x2dd0003,0x890088
.4byte 0x470008a,0x471,0x472002e,0x2d0473,0x1d40000,0xa20474,0x2bd0475,0x465014d
.4byte 0x3400476,0x1e0000,0x40f0477,0x890172,0x2e60096,0x2e802e7,0x2ea02e9,0x2ec02eb
.4byte 0x2ee02ed,0x2f002ef,0x8902f1,0xa200a1,0xa400a3,0xa50089,0x47800a6,0x30479
.4byte 0x2c50025,0x47,0x1a20053,0x30260,0x47a00e8,0xb4047b,0x990089,0x9b009a
.4byte 0x8900b5,0x2f2009d,0x2f402f3,0x2ed02f5,0x2f702f6,0x2f902f8,0x2fb02fa,0x2fd02fc
.4byte 0x8900ba,0x47c03cc,0x15,0x47d0028,0x47902de,0x47e0155,0x1ce047f,0x27018d
.4byte 0x4800000,0x481012d,0x3f40000,0x4830482,0x8a0089,0x3008b,0x370036,0x38
.4byte 0x10000,0x30002,0x8802dd,0xa50089,0x48403ba,0x270149,0x3fa0485,0x249
.4byte 0x4860012,0x4880487,0x48a0489,0x48b009a,0x48c,0x1670053,0xd2009b,0x960089
.4byte 0x2e702e6,0x2e902e8,0x2eb02ea,0x2ed02ec,0x2ef02ee,0x2f102f0,0xa10089,0xa300a2
.4byte 0x8900a4,0x31e00a5,0x3002b9,0x250003,0x4702c5,0x530000,0x26001a2,0xe80003
.4byte 0x143032f,0x8900b4,0x9a0099,0xb5009b,0x9d0089,0x2f302f2,0x2f502f4,0x2f602ed
.4byte 0x2f802f7,0x2fa02f9,0x2fc02fb,0xba02fd,0xb00089,0x83033c,0x280000,0x2630421
.4byte 0x45e048d,0x48f048e,0x410490,0x27,0x4910006,0x492,0x3190080,0x493009a
.4byte 0x8a0089,0x3008b,0x370036,0x38,0x10000,0x30002,0x8802dd,0x22b0089
.4byte 0x3c501e6,0x18d0494,0x33,0x495001e,0x4300496,0x1f2,0x49701d4,0x2490498
.4byte 0x530000,0x4120452,0x8900af,0x2e60096,0x2e802e7,0x2ea02e9,0x2ec02eb,0x2ee02ed
.4byte 0x2f002ef,0x8902f1,0xa200a1,0xa400a3,0xa50089,0x1100499,0x250003,0x4702c5
.4byte 0x530000,0x26001a2,0x2b90003,0xb40139,0x990089,0x9b009a,0x8900b5,0x2f2009d
.4byte 0x2f402f3,0x2ed02f5,0x2f702f6,0x2f902f8,0x2fb02fa,0x2fd02fc,0x8900ba,0x33c03c8
.4byte 0x50,0x49a0006,0x2d0049b,0x570027,0x49c0213,0x265040f,0x2480000,0x44f049d
.4byte 0x3cb014d,0x8a0089,0x3008b,0x370036,0x38,0x10000,0x30002,0x8802dd
.4byte 0x49e0089,0x122049f,0x10304a0,0x1f20187,0x3430000,0x35004a1,0x1c30340,0x19f0442
.4byte 0x4a304a2,0x2702c6,0x2e0000,0x3cc03b6,0xc04a4,0x8900a8,0x2e60096,0x2e802e7
.4byte 0x2ea02e9,0x2ec02eb,0x2ee02ed,0x2f002ef,0x8902f1,0xa200a1,0xa400a3,0xbd0089
.4byte 0x3004a5,0x250003,0x4702c5,0x530000,0x26001a2,0x1390003,0xb500c0,0x990089
.4byte 0x9b009a,0x8900b5,0x2f2009d,0x2f402f3,0x2ed02f5,0x2f702f6,0x2f902f8,0x2fb02fa
.4byte 0x2fd02fc,0x8900ba,0x204008e,0x1a401f4,0x44704a6,0x3b20000,0x4a804a7,0x4aa04a9
.4byte 0x3400436,0x1d8024e,0x347,0x2010057,0x1010319,0x4ab0479,0xa40342,0x8a0089
.4byte 0x3008b,0x370036,0x38,0x10000,0x30002,0x8802dd,0x430089,0xdd0465
.4byte 0xf10263,0x4a6038c,0x330296,0x4ac0000,0x2a900fd,0x4ad024e,0x18604ae,0x266000d
.4byte 0x4af00e9,0x1d40000,0x21804b0,0x1a304b1,0x46500f2,0x89042a,0x2e60096,0x2e802e7
.4byte 0x2ea02e9,0x2ec02eb,0x2ee02ed,0x2f002ef,0x8902f1,0xa200a1,0xa400a3,0xeb0089
.4byte 0x1e604b2,0x250003,0x4702c5,0x530000,0x26001a2,0xe80003,0x36d0460,0x990089
.4byte 0x9b009a,0x8900b5,0x2f2009d,0x2f402f3,0x2ed02f5,0x2f702f6,0x2f902f8,0x2fb02fa
.4byte 0x2fd02fc,0x8900ba,0x2de008e,0x4b404b3,0x25701a3,0x18d02c7,0x27,0x40e0057
.4byte 0x5e04b5,0x22a01a2,0x4b704b6,0x4b801a9,0x3302c6,0x4a90000,0x3cc019a,0xe0034d
.4byte 0xc20460,0xb504b9,0x8a0089,0x3008b,0x370036,0x38,0x10000,0x30002
.4byte 0x8802dd,0x4ba0089,0x2d2040f,0x10e0392,0x475014d,0x3d3038c,0x27018d,0x4bb0000
.4byte 0x4bd04bc,0x4bf04be,0x4c0013a,0x1f904c1,0x4c304c2,0x4c40000,0x1c404c5,0xe70394
.4byte 0x2c10215,0x4b002c7,0x4c704c6,0x960089,0x2e702e6,0x2e902e8,0x2eb02ea,0x2ed02ec
.4byte 0x2ef02ee,0x2f102f0,0xa10089,0xa300a2,0x8900a4,0x4c80142,0x302cc,0x2c50025
.4byte 0x47,0x1a20053,0x30260,0x165047b,0x8900b5,0x9a0099,0xb5009b,0x9d0089
.4byte 0x2f302f2,0x2f502f4,0x2f602ed,0x2f802f7,0x2fa02f9,0x2fc02fb,0xba02fd,0x9d0089
.4byte 0x35004c9,0x15304b0,0xfb0462,0xd104ca,0x20c01a8,0x2d,0x4720006,0x1bf03c2
.4byte 0x1da0013,0x21a04cb,0x7e04cc,0x380252,0x1d40000,0x4cd019a,0x1220154,0x1650496
.4byte 0x2904ce,0x950223,0x8a0089,0x3008b,0x370036,0x38,0x10000,0x30002
.4byte 0x8802dd,0x4cf0089,0x1a904d0,0x4d204d1,0x8704d3,0x4d40110,0x4ce04d5,0x270296
.4byte 0x530000,0x37204d6,0x4d70233,0x3e10427,0x35d0096,0x4d80073,0x147,0x1e50028
.4byte 0x1370302,0xfb04d9,0x4da04a0,0x18d0450,0x46f0027,0x4f0310,0x960089,0x2e702e6
.4byte 0x2e902e8,0x2eb02ea,0x2ed02ec,0x2ef02ee,0x2f102f0,0xa10089,0xa300a2,0x8900a4
.4byte 0x218009d,0x3022d,0x2c50025,0x47,0x1a20053,0x30260,0x20f002b,0x890262
.4byte 0x9a0099,0xb5009b,0x9d0089,0x2f302f2,0x2f502f4,0x2f602ed,0x2f802f7,0x2fa02f9
.4byte 0x2fc02fb,0xba02fd,0x1320089,0x4db039a,0x1d40203,0x4dd04dc,0x47904de,0x1a40478
.4byte 0x3710254,0x4df,0x4e003b9,0x4e1000d,0x25404e2,0x3560315,0x4e30227,0x38f012d
.4byte 0x570000,0x4b004e4,0x13801b9,0x17300cf,0x3d304e5,0x21204e6,0x4e70329,0x89028a
.4byte 0x8b008a,0x360003,0x380037,0x0,0x20001,0x2dd0003,0x890088,0x33c03c8
.4byte 0x212018d,0x4c504e8,0x25104e9,0x2a04ea,0x38c0173,0x30b0254,0x35a020c,0xd04eb
.4byte 0x4ed04ec,0x4ee019f,0x4ef0045,0x1e103fb,0x4f001e2,0x38d04f1,0x4f20024,0x4f404f3
.4byte 0x44701a8,0x1fa0027,0x39203b6,0x4f50198,0x8904f6,0x2e60096,0x2e802e7,0x2ea02e9
.4byte 0x2ec02eb,0x2ee02ed,0x2f002ef,0x8902f1,0xa200a1,0xa400a3,0xce0089,0xcf00c2
.4byte 0x250003,0x4702c5,0x530000,0x26001a2,0xd00003,0xd200d1,0x990089,0x9b009a
.4byte 0x8900b5,0x2f2009d,0x2f402f3,0x2ed02f5,0x2f702f6,0x2f902f8,0x2fb02fa,0x2fd02fc
.4byte 0x8900ba,0x24f00eb,0x12c008c,0x1a90187,0x1f90057,0x4f704dc,0x49f0106,0x4f801f4
.4byte 0x4f904d5,0x1cd04fa,0x4080045,0x4df04fb,0x4fc04a9,0x904fd,0x21d0230,0x3b601fa
.4byte 0x4ff04fe,0x11003bd,0x5000465,0x37103d3,0x5301a9,0x50104bd,0xaf0412,0x8a0089
.4byte 0x3008b,0x370036,0x38,0x10000,0x30002,0x8802dd,0x5020089,0x42a00d7
.4byte 0x50301a8,0x4c40212,0x1b104d1,0x126034c,0x1100504,0x1300465,0x5060505,0x507015c
.4byte 0x750322,0x1a902d2,0x4b902e4,0x508017c,0x5090025,0x50b050a,0x1a90187,0x1fa0033
.4byte 0x4d20258,0x11d0137,0x25014d,0x50c04c0,0x960089,0x2e702e6,0x2e902e8,0x2eb02ea
.4byte 0x2ed02ec,0x2ef02ee,0x2f102f0,0xa10089,0xa300a2,0x8900a4,0x1b9008e,0x304a4
.4byte 0x2c50025,0x47,0x1a20053,0x30260,0x1a401f4,0x8901b5,0x9a0099,0xb5009b
.4byte 0x9d0089,0x2f302f2,0x2f502f4,0x2f602ed,0x2f802f7,0x2fa02f9,0x2fc02fb,0xba02fd
.4byte 0xe50089,0x237050d,0x50e00fb,0x194050f,0x1cf0510,0x5301f2,0x4dc01f9,0x5120511
.4byte 0x2cc0087,0x1cc0513,0x660514,0x51501c3,0x51601d4,0x36f03fb,0x11c0389,0x479038d
.4byte 0x11f02b9,0x15e0244,0x1a90187,0x1fa0517,0x5190518,0x45c051a,0x890304,0x8b008a
.4byte 0x360003,0x380037,0x0,0x20001,0x2dd0003,0x890088,0x214008e,0x114002b
.4byte 0x51b0130,0x1cf051c,0x1e021b,0x51d01fa,0x17601b1,0xdf02bf,0x51e01b3,0x520051f
.4byte 0x5210271,0x24d00f3,0x1a60522,0x523003c,0x212006a,0x1f904c4,0x52404dc,0x38d004e
.4byte 0xe800f0,0x5260525,0x527006b,0x5290528,0x960089,0x2e702e6,0x2e902e8,0x2eb02ea
.4byte 0x2ed02ec,0x2ef02ee,0x2f102f0,0xa10089,0xa300a2,0x8900a4,0x52a0195,0x3052b
.4byte 0x2c50025,0x47,0x1a20053,0x30260,0x52c04b3,0x8900a4,0x9a0099,0xb5009b
.4byte 0x9d0089,0x2f302f2,0x2f502f4,0x2f602ed,0x2f802f7,0x2fa02f9,0x2fc02fb,0xba02fd
.4byte 0xac0089,0x52d034f,0x52e0318,0x24052f,0x1140025,0x42d0130,0x4e60510,0x530021b
.4byte 0x45a01d4,0x3730531,0x120532,0x53301c6,0x1f0253,0x16043f,0x5350534,0x1940282
.4byte 0x2aa04ce,0x3301a9,0x4d101fa,0x22b01b1,0x5370536,0x80122,0x8900a8,0x8b008a
.4byte 0x360003,0x380037,0x0,0x20001,0x2dd0003,0x890088,0x538008e,0x28704f2
.4byte 0x50e00e8,0xfe00fd,0x51c00bb,0x1a90539,0x4c40203,0x29901f9,0x53a0370,0x268053b
.4byte 0x53c01e1,0x53d04ab,0x1fc000d,0x37301df,0x53e0363,0x418053f,0x250178,0x5400535
.4byte 0x54100c4,0x5420436,0x20b021b,0x2ba03ca,0x960089,0x2e702e6,0x2e902e8,0x2eb02ea
.4byte 0x2ed02ec,0x2ef02ee,0x2f102f0,0xa10089,0xa300a2,0x8900a4,0xd6034c,0x30030
.4byte 0x2c50025,0x47,0x1a20053,0x30260,0x3590407,0x89008d,0x9a0099,0xb5009b
.4byte 0x9d0089,0x2f302f2,0x2f502f4,0x2f602ed,0x2f802f7,0x2fa02f9,0x2fc02fb,0xba02fd
.4byte 0x8a0089,0x24900d6,0x1fa0057,0x1b10543,0x25103f5,0x5340544,0x5450030,0x546011f
.4byte 0x1500547,0xb901f7,0x4550073,0x122047f,0x2130548,0x2100549,0x54a0121,0x21b054b
.4byte 0x54c002d,0x4dc047d,0x600519,0x4180106,0x250122,0x164054d,0x89054e,0x8b008a
.4byte 0x360003,0x380037,0x0,0x20001,0x2dd0003,0x890088,0x2de008e,0x54f029d
.4byte 0x12100dd,0x3000fa,0x15500e0,0xfe0550,0x5510202,0x1c10436,0x552021c,0x4810553
.4byte 0x1e20230,0x8b0554,0x3eb0532,0x4770555,0x2590174,0x2620058,0x556051c,0x21b0271
.4byte 0x5570000,0x518006e,0x4fe01b1,0x3080013,0x960089,0x2e702e6,0x2e902e8,0x2eb02ea
.4byte 0x2ed02ec,0x2ef02ee,0x2f102f0,0xa10089,0xa300a2,0x8900a4,0x42b00e5,0x301c7
.4byte 0x2c50025,0x47,0x1a20053,0x30260,0x55800e8,0x89042d,0x9a0099,0xb5009b
.4byte 0x9d0089,0x2f302f2,0x2f502f4,0x2f602ed,0x2f802f7,0x2fa02f9,0x2fc02fb,0xba02fd
.4byte 0x8a0089,0x559025f,0x436055a,0x21b0283,0x530033,0x17c006e,0x51904dc,0xdd054f
.4byte 0x55b00f9,0x1a4019a,0x396055c,0xa90088,0xd04d4,0x3c029c,0xd055d,0x4dc055e
.4byte 0xf703ef,0x12100f8,0x2a055f,0x5600025,0x5620561,0x5640563,0x89042a,0x8b008a
.4byte 0x360003,0x380037,0x0,0x20001,0x2dd0003,0x890088,0x565009d,0x23e0566
.4byte 0x5670442,0x5690568,0x56a053f,0x56c056b,0x11100e8,0x550010a,0x56e056d,0x1490538
.4byte 0x35f056f,0x2ad01fa,0x2260570,0x3290571,0x330268,0x3200057,0x29904e3,0x5670442
.4byte 0x1660572,0x52f053f,0x56c056b,0x49300e8,0x960089,0x2e702e6,0x2e902e8,0x2eb02ea
.4byte 0x2ed02ec,0x2ef02ee,0x2f102f0,0xa10089,0xa300a2,0x8900a4,0x4c801b6,0x302cc
.4byte 0x2c50025,0x47,0x1a20053,0x30260,0x4d5047b,0x8900b5,0x9a0099,0xb5009b
.4byte 0x9d0089,0x2f302f2,0x2f502f4,0x2f602ed,0x2f802f7,0x2fa02f9,0x2fc02fb,0xba02fd
.4byte 0x3f50089,0xe802a5,0x10a0111,0x5740573,0x5750181,0x436051c,0x1a9054b,0x576
.4byte 0x28903ab,0x577003d,0x3990086,0x42016b,0x1df0578,0x300021c,0x5730344,0x56b015d
.4byte 0xe8056c,0x5790111,0x57a0573,0x575057b,0x30b051c,0x15d057c,0x8900a0,0x8b008a
.4byte 0x360003,0x380037,0x0,0x20001,0x2dd0003,0x890088,0x57d009d,0x43b
.4byte 0x320057e,0x55e006e,0x44202c0,0x8a0567,0x84057f,0x12100ee,0x3830155,0x3b60580
.4byte 0x850257,0x46f0000,0x2560228,0x3210484,0xd502ae,0x5820581,0x583015d,0x300584
.4byte 0x11100e8,0x5860585,0x5740259,0x3510409,0x960089,0x2e702e6,0x2e902e8,0x2eb02ea
.4byte 0x2ed02ec,0x2ef02ee,0x2f102f0,0xa10089,0xa300a2,0x8900a4,0x218009d,0x300a2
.4byte 0x2c50025,0x47,0x1a20053,0x30260,0x20f0025,0x890262,0x9a0099,0xb5009b
.4byte 0x9d0089,0x2f302f2,0x2f502f4,0x2f602ed,0x2f802f7,0x2fa02f9,0x2fc02fb,0xba02fd
.4byte 0x3f50089,0x58704b1,0xee0084,0x47e056a,0xfb0588,0xe00003,0x454032f,0xe30573
.4byte 0x58a0589,0x2b4051f,0x2320277,0x1e0203,0x147021e,0x41502a1,0x5350373,0x58c058b
.4byte 0xf5003b,0x55a0095,0x5560442,0x5e054b,0x330320,0xf903b9,0x89058d,0x8b008a
.4byte 0x360003,0x380037,0x0,0x58f058e,0x2dd0003,0x890088,0x4c9009d,0x5910590
.4byte 0x5e019b,0x4ee0203,0x592,0x4ee001e,0x4a0320,0x4c504e3,0x4360381,0x30c034e
.4byte 0x270593,0x60000,0x5560594,0x2d3038c,0xf30173,0x4220574,0x5960595,0x55a03b0
.4byte 0x4360442,0x54b0556,0x6e0271,0x35104ec,0x960089,0x2e702e6,0x2e902e8,0x2eb02ea
.4byte 0x2ed02ec,0x2ef02ee,0x2f102f0,0xa10089,0xa300a2,0x8900a4,0x5970195,0x30196
.4byte 0x2c50025,0x47,0x1a20053,0x30260,0x7f0598,0x8900a4,0x9a0099,0xb5009b
.4byte 0x9d0089,0x2f302f2,0x2f502f4,0x2f602ed,0x2f802f7,0x2fa02f9,0x2fc02fb,0xba02fd
.4byte 0x3f50089,0x6a0599,0x59a006e,0x2d20229,0x1b10442,0xac0157,0x59c059b,0x59d0084
.4byte 0x59e0507,0x5130290,0x59f038e,0x5a00000,0x29f0593,0x32b0268,0x54b05a1,0x4a01dc
.4byte 0x1f80320,0x5a20000,0x4e8002d,0x55e04e3,0x5a405a3,0x8904c7,0x8b008a,0x360003
.4byte 0x380037,0x0,0x20001,0x2dd0003,0x890088,0x1d0009d,0x5a501c0,0x3bf00d9
.4byte 0x25605a6,0x51c0489,0x5a70371,0x55605a8,0x55c0210,0x4dc05a9,0x44905aa,0x168
.4byte 0x5ab0053,0x5ac01f7,0x5930316,0x2d,0x2d001e,0x320001e,0x1f2004a,0x55e020b
.4byte 0x2c005ad,0x3a2049a,0x960089,0x2e702e6,0x2e902e8,0x2eb02ea,0x2ed02ec,0x2ef02ee
.4byte 0x2f102f0,0xa10089,0xa300a2,0x8900a4,0x288008e,0x3034a,0x2c50025,0x47
.4byte 0x1a20053,0x30260,0x28902dd,0x890141,0x9a0099,0xb5009b,0x9d0089,0x2f302f2
.4byte 0x2f502f4,0x2f602ed,0x2f802f7,0x2fa02f9,0x2fc02fb,0xba02fd,0x45d0089,0x43c05ae
.4byte 0x5af0591,0x5b00071,0x320004a,0x212,0x2d,0x5b205b1,0x5b303e2,0x5b40373
.4byte 0x3b90000,0x34903cb,0x24a0232,0x5b605b5,0x5910229,0x420340,0x4890442,0x5b7051c
.4byte 0x5b80316,0x11c059b,0x4c702e5,0x8a0089,0x3008b,0x370036,0x38,0x10000
.4byte 0x30002,0x5b901a3,0x3a305ba,0x5bb0047,0x5bc02bd,0x5bd0071,0x5be04ae,0x4aa00e9
.4byte 0x32905bf,0x5c0,0x3730053,0x53f0224,0x4f80256,0x5c205c1,0x42005f,0x5c300b2
.4byte 0x5c505c4,0x35c018b,0x5c604ae,0x2cc049f,0x5c70003,0x2e802e7,0x2ea02e9,0x2ec02eb
.4byte 0x2ee02ed,0x5c802ef,0x305c9,0x5ca02a7,0x5b7,0x5cc05cb,0x302b0,0x5005cd
.4byte 0x3004b8,0x4e20003,0x2705ce,0x20b0000,0x58f0497,0x5c90003,0x2f405cf,0x2ed02f5
.4byte 0x2f702f6,0x2f902f8,0x2fb02fa,0x5d002fc,0xe80003,0x4ae046d,0x5ca05d1,0x5d20080
.4byte 0xf305c3,0x4d027b,0x5c10133,0x5d30106,0x39105d4,0x2a901fc,0x4430000,0x27a05d5
.4byte 0x2c90168,0x5d604d4,0x50f04ae,0x5d7003c,0x2bd0507,0x47029a,0x47e02ad,0x5d805b9
.4byte 0x30030,0x370036,0x38,0x10000,0x30002,0x5b901a3,0x3a305ba,0x5bb0047
.4byte 0x5bc02bd,0x5bd0071,0x5be04ae,0x4aa00e9,0x32905bf,0x5c0,0x3730053,0x53f0224
.4byte 0x4f80256,0x5c205c1,0x42005f,0x5c300b2,0x5d905c4,0x394018b,0x5da04ae,0x2cc028b
.4byte 0x5c70003,0x2e802e7,0x2ea02e9,0x2ec02eb,0x2ee02ed,0x5c802ef,0x305c9,0x5ca02a7
.4byte 0x5b7,0x5cc05cb,0x302b0,0x5005cd,0x3004b8,0x4e20003,0x2705ce,0x20b0000
.4byte 0x58f0497,0x5c90003,0x2f405cf,0x2ed02f5,0x2f702f6,0x2f902f8,0x2fb02fa,0x5d002fc
.4byte 0xe80003,0x4ae046d,0x5ca05d1,0x5d20080,0xf305c3,0x4d027b,0x5c10133,0x5d30106
.4byte 0x39105d4,0x2a901fc,0x4430000,0x27a05d5,0x2c90168,0x5d604d4,0x50f04ae,0x5d7003c
.4byte 0x2bd0507,0x47029a,0x47e02ad,0x5d805b9,0x30030,0x370036,0x38,0x860000
.4byte 0x880087,0x9d0089,0x1c001d0,0xd905a5,0x5a603bf,0x4890256,0x371051c,0x5a805a7
.4byte 0x2100556,0x5a9055c,0x5aa04dc,0x1680449,0x530000,0x1f705ab,0x31605ac,0x2d0593
.4byte 0x1e0000,0x1e002d,0x4a0320,0x20b01f2,0x5ad055e,0x49a02c0,0x8903a2,0x2e60096
.4byte 0x2e802e7,0x2ea02e9,0x2ec02eb,0x2ee02ed,0x2f002ef,0x8902f1,0xa200a1,0xa400a3
.4byte 0x1a80089,0x1a9,0x5cc05cb,0x302b0,0x5005cd,0x3004b8,0x4e20003,0x2705ce
.4byte 0x530000,0x3ef01c3,0x990089,0x9b009a,0x8900b5,0x2f2009d,0x2f402f3,0x2ed02f5
.4byte 0x2f702f6,0x2f902f8,0x2fb02fa,0x2fd02fc,0x8900ba,0x5ae045d,0x591043c,0x7105af
.4byte 0x4a05b0,0x2120320,0x2d0000,0x5b10000,0x3e205b2,0x37305b3,0x5b4,0x3cb03b9
.4byte 0x2320349,0x5b5024a,0x22905b6,0x3400591,0x4420042,0x51c0489,0x31605b7,0x59b05b8
.4byte 0x2e5011c,0x8904c7,0x8b008a,0x2200bc,0x0,0x870086,0x890088,0x4c9009d
.4byte 0x5910590,0x5e019b,0x4ee0203,0x592,0x4ee001e,0x4a0320,0x4c504e3,0x4360381
.4byte 0x30c034e,0x270593,0x60000,0x5560594,0x2d3038c,0xf30173,0x4220574,0x5960595
.4byte 0x55a03b0,0x4360442,0x54b0556,0x6e0271,0x35104ec,0x960089,0x2e702e6,0x2e902e8
.4byte 0x2eb02ea,0x2ed02ec,0x2ef02ee,0x2f102f0,0xa10089,0xa300a2,0x8900a4,0x14903b0
.4byte 0x27,0x5cc05cb,0x302b0,0x5005cd,0x3004b8,0x4e20003,0x2705ce,0x800000
.4byte 0x890302,0x9a0099,0xb5009b,0x9d0089,0x2f302f2,0x2f502f4,0x2f602ed,0x2f802f7
.4byte 0x2fa02f9,0x2fc02fb,0xba02fd,0x3f50089,0x6a0599,0x59a006e,0x2d20229,0x1b10442
.4byte 0xac0157,0x59c059b,0x59d0084,0x59e0507,0x5130290,0x59f038e,0x5a00000,0x29f0593
.4byte 0x32b0268,0x54b05a1,0x4a01dc,0x1f80320,0x5a20000,0x4e8002d,0x55e04e3,0x5a405a3
.4byte 0x8904c7,0x8b008a,0x2200bc,0x0,0x870086,0x890088,0x57d009d,0x43b
.4byte 0x320057e,0x55e006e,0x44202c0,0x8a0567,0x84057f,0x12100ee,0x3830155,0x3b60580
.4byte 0x850257,0x46f0000,0x2560228,0x3210484,0xed046e,0x5db059d,0x5dc04fd,0x3056c
.4byte 0x5de05dd,0x5e005df,0xf405e1,0x35105e2,0x960089,0x2e702e6,0x2e902e8,0x2eb02ea
.4byte 0x2ed02ec,0x2ef02ee,0x2f102f0,0xa10089,0xa300a2,0x8900a4,0x6604ce,0x2d
.4byte 0x5cc05cb,0x302b0,0x5005cd,0x3004b8,0x4e20003,0x2705ce,0x4c40000,0x5e303b6
.4byte 0x990089,0x9b009a,0x8900b5,0x2f2009d,0x2f402f3,0x2ed02f5,0x2f702f6,0x2f902f8
.4byte 0x2fb02fa,0x2fd02fc,0x8900ba,0x4b103f5,0x840587,0x56a00ee,0x588047e,0xe800fb
.4byte 0x32f00e0,0x5730454,0x58900e3,0x51f058a,0x27702b4,0x2030232,0x21e001e,0x2a10147
.4byte 0x3730415,0x58b0535,0x3b058c,0x9500f5,0x442055a,0x54b0556,0x320005e,0x3b90033
.4byte 0x58d00f9,0x8a0089,0xbc008b,0x22,0x860000,0x880087,0x9d0089,0x5660565
.4byte 0x442023e,0x5680567,0x53f0569,0x56b056a,0xe8056c,0x10a0111,0x56d0550,0x538056e
.4byte 0x56f0149,0x1fa035f,0x57002ad,0x5710226,0x2680329,0x570033,0x4e30320,0x4420299
.4byte 0x5720567,0x53f0166,0x56b052f,0xe8056c,0x890493,0x2e60096,0x2e802e7,0x2ea02e9
.4byte 0x2ec02eb,0x2ee02ed,0x2f002ef,0x8902f1,0xa200a1,0xa400a3,0x1a80089,0x1f2
.4byte 0x5cc05cb,0x302b0,0x5005cd,0x3004b8,0x4e20003,0x2705ce,0x570000,0x3ef0213
.4byte 0x990089,0x9b009a,0x8900b5,0x2f2009d,0x2f402f3,0x2ed02f5,0x2f702f6,0x2f902f8
.4byte 0x2fb02fa,0x2fd02fc,0x8900ba,0x2a503f5,0x11100e8,0x573010a,0x1810574,0x51c0575
.4byte 0x54b0436,0x57601a9,0x3ab0000,0x3d0289,0x860577,0x16b0399,0x5780042,0x21c01df
.4byte 0x3440300,0x15d0573,0x56c056b,0x11100e8,0x5730579,0x57b057a,0x51c0575,0x57c030b
.4byte 0xa0015d,0x8a0089,0xbc008b,0x22,0x860000,0x880087,0x8e0089,0x29d02de
.4byte 0xdd054f,0xfa0121,0xe00030,0x5500155,0x20200fe,0x4360551,0x21c01c1,0x5530552
.4byte 0x2300481,0x55401e2,0x532008b,0x55503eb,0x1740477,0x580259,0x51c0262,0x2710556
.4byte 0x21b,0x6e0557,0x1b10518,0x1304fe,0x890308,0x2e60096,0x2e802e7,0x2ea02e9
.4byte 0x2ec02eb,0x2ee02ed,0x2f002ef,0x8902f1,0xa200a1,0xa400a3,0x45e0089,0x27018d
.4byte 0x5cb0000,0x2b005cc,0x5cd0003,0x4b80050,0x30030,0x5ce04e2,0x27,0x4b001d4
.4byte 0x990089,0x9b009a,0x8900b5,0x2f2009d,0x2f402f3,0x2ed02f5,0x2f702f6,0x2f902f8
.4byte 0x2fb02fa,0x2fd02fc,0x8900ba,0x25f008a,0x55a0559,0x2830436,0x33021b,0x6e0053
.4byte 0x4dc017c,0x54f0519,0xf900dd,0x19a055b,0x55c01a4,0x880396,0x4d400a9,0x29c000d
.4byte 0x55d003c,0x55e000d,0x3ef04dc,0xf800f7,0x55f0121,0x25002a,0x5610560,0x5630562
.4byte 0x42a0564,0x8a0089,0xbc008b,0x22,0x860000,0x880087,0x8e0089,0x4f20538
.4byte 0xe80287,0xfd050e,0xbb00fe,0x539051c,0x20301a9,0x1f904c4,0x3700299,0x53b053a
.4byte 0x1e10268,0x4ab053c,0xd053d,0x1df01fc,0x3630373,0x53f053e,0x1780418,0x5350025
.4byte 0xc40540,0x4360541,0x21b0542,0x3ca020b,0x8902ba,0x2e60096,0x2e802e7,0x2ea02e9
.4byte 0x2ec02eb,0x2ee02ed,0x2f002ef,0x8902f1,0xa200a1,0xa400a3,0x5100089,0x20c
.4byte 0x5cc05cb,0x302b0,0x5005cd,0x3004b8,0x4e20003,0x2705ce,0x530000,0x5e40256
.4byte 0x990089,0x9b009a,0x8900b5,0x2f2009d,0x2f402f3,0x2ed02f5,0x2f702f6,0x2f902f8
.4byte 0x2fb02fa,0x2fd02fc,0x8900ba,0xd6008a,0x570249,0x54301fa,0x3f501b1,0x5440251
.4byte 0x300534,0x11f0545,0x5470546,0x1f70150,0x7300b9,0x47f0455,0x5480122,0x5490213
.4byte 0x1210210,0x54b054a,0x2d021b,0x47d054c,0x51904dc,0x1060060,0x1220418,0x54d0025
.4byte 0x54e0164,0x8a0089,0xbc008b,0x22,0x860000,0x880087,0x8e0089,0x2b0214
.4byte 0x1300114,0x51c051b,0x21b01cf,0x1fa001e,0x1b1051d,0x2bf0176,0x1b300df,0x51f051e
.4byte 0x2710520,0xf30521,0x522024d,0x3c01a6,0x6a0523,0x4c40212,0x4dc01f9,0x4e0524
.4byte 0xf0038d,0x52500e8,0x6b0526,0x5280527,0x890529,0x2e60096,0x2e802e7,0x2ea02e9
.4byte 0x2ec02eb,0x2ee02ed,0x2f002ef,0x8902f1,0xa200a1,0xa400a3,0x3b00089,0x27c0187
.4byte 0x5cb0000,0x2b005cc,0x5cd0003,0x4b80050,0x30030,0x5ce04e2,0x27,0x201001e
.4byte 0x890302,0x9a0099,0xb5009b,0x9d0089,0x2f302f2,0x2f502f4,0x2f602ed,0x2f802f7
.4byte 0x2fa02f9,0x2fc02fb,0xba02fd,0xac0089,0x52d034f,0x52e0318,0x24052f,0x1140025
.4byte 0x42d0130,0x4e60510,0x530021b,0x45a01d4,0x3730531,0x120532,0x53301c6,0x1f0253
.4byte 0x16043f,0x5350534,0x1940282,0x2aa04ce,0x3301a9,0x4d101fa,0x22b01b1,0x5370536
.4byte 0x80122,0x8900a8,0x8b008a,0x2200bc,0x0,0x870086,0x890088,0xd70502
.4byte 0x1a8042a,0x2120503,0x4d104c4,0x34c01b1,0x5040126,0x4650110,0x5050130,0x15c0506
.4byte 0x3220507,0x2d20075,0x2e401a9,0x17c04b9,0x250508,0x50a0509,0x187050b,0x3301a9
.4byte 0x25801fa,0x13704d2,0x14d011d,0x4c00025,0x89050c,0x2e60096,0x2e802e7,0x2ea02e9
.4byte 0x2ec02eb,0x2ee02ed,0x2f002ef,0x8902f1,0xa200a1,0xa400a3,0x45e0089,0x33018d
.4byte 0x5cb0000,0x2b005cc,0x5cd0003,0x4b80050,0x30030,0x5ce04e2,0x27,0x4b00248
.4byte 0x990089,0x9b009a,0x8900b5,0x2f2009d,0x2f402f3,0x2ed02f5,0x2f702f6,0x2f902f8
.4byte 0x2fb02fa,0x2fd02fc,0x8900ba,0x50d00e5,0xfb0237,0x50f050e,0x5100194,0x1f201cf
.4byte 0x1f90053,0x51104dc,0x870512,0x51302cc,0x51401cc,0x1c30066,0x1d40515,0x3fb0516
.4byte 0x389036f,0x38d011c,0x2b90479,0x244011f,0x187015e,0x51701a9,0x51801fa,0x51a0519
.4byte 0x304045c,0x8a0089,0xbc008b,0x22,0x860000,0x880087,0x3c80089,0x18d033c
.4byte 0x4e80212,0x4e904c5,0x4ea0251,0x173002a,0x254038c,0x20c030b,0x4eb035a,0x4ec000d
.4byte 0x19f04ed,0x4504ee,0x3fb04ef,0x1e201e1,0x4f104f0,0x24038d,0x4f304f2,0x1a804f4
.4byte 0x270447,0x3b601fa,0x1980392,0x4f604f5,0x960089,0x2e702e6,0x2e902e8,0x2eb02ea
.4byte 0x2ed02ec,0x2ef02ee,0x2f102f0,0xa10089,0xa300a2,0x8900a4,0x20c0510,0x5cb0000
.4byte 0x2b005cc,0x5cd0003,0x4b80050,0x30030,0x5ce04e2,0x27,0x2560053,0x8905e4
.4byte 0x9a0099,0xb5009b,0x9d0089,0x2f302f2,0x2f502f4,0x2f602ed,0x2f802f7,0x2fa02f9
.4byte 0x2fc02fb,0xba02fd,0xeb0089,0x8c024f,0x187012c,0x5701a9,0x4dc01f9,0x10604f7
.4byte 0x1f4049f,0x4d504f8,0x4fa04f9,0x4501cd,0x4fb0408,0x4a904df,0x4fd04fc,0x2300009
.4byte 0x1fa021d,0x4fe03b6,0x3bd04ff,0x4650110,0x3d30500,0x1a90371,0x4bd0053,0x4120501
.4byte 0x8900af,0x8b008a,0x2200bc,0x0,0x870086,0x890088,0x4d004cf,0x4d101a9
.4byte 0x4d304d2,0x1100087,0x4d504d4,0x29604ce,0x27,0x4d60053,0x2330372,0x42704d7
.4byte 0x9603e1,0x73035d,0x14704d8,0x280000,0x30201e5,0x4d90137,0x4a000fb,0x45004da
.4byte 0x27018d,0x310046f,0x89004f,0x2e60096,0x2e802e7,0x2ea02e9,0x2ec02eb,0x2ee02ed
.4byte 0x2f002ef,0x8902f1,0xa200a1,0xa400a3,0x37103b0,0x212,0x5cc05cb,0x302b0
.4byte 0x5005cd,0x3004b8,0x4e20003,0x2705ce,0x1e0000,0x3020042,0x990089,0x9b009a
.4byte 0x8900b5,0x2f2009d,0x2f402f3,0x2ed02f5,0x2f702f6,0x2f902f8,0x2fb02fa,0x2fd02fc
.4byte 0x8900ba,0x39a0132,0x20304db,0x4dc01d4,0x4de04dd,0x4780479,0x25401a4,0x4df0371
.4byte 0x3b90000,0xd04e0,0x4e204e1,0x3150254,0x2270356,0x12d04e3,0x38f,0x4e40057
.4byte 0x1b904b0,0xcf0138,0x4e50173,0x4e603d3,0x3290212,0x28a04e7,0x8a0089,0xbc008b
.4byte 0x22,0x860000,0x880087,0x4ba0089,0x2d2040f,0x10e0392,0x475014d,0x3d3038c
.4byte 0x27018d,0x4bb0000,0x4bd04bc,0x4bf04be,0x4c0013a,0x1f904c1,0x4c304c2,0x4c40000
.4byte 0x1c404c5,0xe70394,0x2c10215,0x4b002c7,0x4c704c6,0x960089,0x2e702e6,0x2e902e8
.4byte 0x2eb02ea,0x2ed02ec,0x2ef02ee,0x2f102f0,0xa10089,0xa300a2,0x55100a4,0x33019f
.4byte 0x5cb0000,0x2b005cc,0x5cd0003,0x4b80050,0x30030,0x5ce04e2,0x27,0x5e504a9
.4byte 0x9905e3,0x9b009a,0x8900b5,0x2f2009d,0x2f402f3,0x2ed02f5,0x2f702f6,0x2f902f8
.4byte 0x2fb02fa,0x2fd02fc,0x8900ba,0x4c9009d,0x4b00350,0x4620153,0x4ca00fb,0x1a800d1
.4byte 0x2d020c,0x60000,0x3c20472,0x1301bf,0x4cb01da,0x4cc021a,0x252007e,0x38
.4byte 0x256020b,0x5e705e6,0x97014d,0x44600cb,0x2230029,0x890095,0x8b008a,0x2200bc
.4byte 0x0,0x870086,0x890088,0x4650043,0x26300dd,0x38c00f1,0x29604a6,0x33
.4byte 0xfd04ac,0x24e02a9,0x4ae04ad,0xd0186,0xe90266,0x4af,0x4b001d4,0x4b10218
.4byte 0xf201a3,0x42a0465,0x960089,0x2e702e6,0x2e902e8,0x2eb02ea,0x2ed02ec,0x2ef02ee
.4byte 0x2f102f0,0xa10089,0xa300a2,0x51c00a4,0x1a9,0x5cc05cb,0x302b0,0x5005cd
.4byte 0x3004b8,0x4e20003,0x2705ce,0x530000,0x3ef015c,0x9a0099,0xb5009b,0x9d0089
.4byte 0x2f302f2,0x2f502f4,0x2f602ed,0x2f802f7,0x2fa02f9,0x2fc02fb,0xba02fd,0x8e0089
.4byte 0x4b302de,0x1a304b4,0x2c70257,0x27018d,0x570000,0x4b5040e,0x1a2005e,0x4b6022a
.4byte 0x1a904b7,0x2c604b8,0x33,0x19a04a9,0x34d03cc,0x46000e0,0x4b900c2,0x8900b5
.4byte 0x8b008a,0x2200bc,0x0,0x870086,0x890088,0x49f049e,0x4a00122,0x1870103
.4byte 0x1f2,0x4a10343,0x3400350,0x44201c3,0x4a2019f,0x2c604a3,0x27,0x38905e8
.4byte 0x44b,0x3b6002e,0x4a403cc,0xa8000c,0x960089,0x2e702e6,0x2e902e8,0x2eb02ea
.4byte 0x2ed02ec,0x2ef02ee,0x2f102f0,0xa10089,0xa300a2,0x37103b0,0x212,0x5cc05cb
.4byte 0x302b0,0x5005cd,0x3004b8,0x4e20003,0x2705ce,0x1e0000,0x3020042,0x9a04f7
.4byte 0xb5009b,0x9d0089,0x2f302f2,0x2f502f4,0x2f602ed,0x2f802f7,0x2fa02f9,0x2fc02fb
.4byte 0xba02fd,0x8e0089,0x1f40204,0x4a601a4,0x447,0x5060452,0x44b,0x4a703b2
.4byte 0x4a904a8,0x43604aa,0x24e0340,0x34701d8,0x570000,0x3190201,0x4790101,0x34204ab
.4byte 0x8900a4,0x8b008a,0x2200bc,0x0,0x870086,0x890088,0x1e6022b,0x49403c5
.4byte 0x33018d,0x1e0000,0x4960495,0x1f20430,0x1d40000,0x5e90497,0x249,0x5ea001e
.4byte 0x220456,0x530000,0x4120452,0x8900af,0x2e60096,0x2e802e7,0x2ea02e9,0x2ec02eb
.4byte 0x2ee02ed,0x2f002ef,0x8902f1,0xa200a1,0x45e00a3,0x33019f,0x5cb0000,0x2b005cc
.4byte 0x5cd0003,0x4b80050,0x30030,0x5ce04e2,0x27,0x5e504a9,0x9a04f7,0xb5009b
.4byte 0x9d0089,0x2f302f2,0x2f502f4,0x2f602ed,0x2f802f7,0x2fa02f9,0x2fc02fb,0xba02fd
.4byte 0x3c80089,0x50033c,0x860000,0x5eb0128,0x60000,0x49b05ec,0x2702d0,0x2130057
.4byte 0x5ed049c,0x85,0x49d0248,0x14d044f,0x8903cb,0x8b008a,0x2200bc,0x0
.4byte 0x870086,0x890088,0x5ee03f5,0x1490308,0x27,0x5ef046f,0x4880487,0x48a0489
.4byte 0x5f0025f,0x306,0x5f101cc,0x89008d,0x2e60096,0x2e802e7,0x2ea02e9,0x2ec02eb
.4byte 0x2ee02ed,0x2f002ef,0x8902f1,0xa200a1,0x51000a3,0x1a9,0x5cc05cb,0x302b0
.4byte 0x5005cd,0x3004b8,0x4e20003,0x2705ce,0x530000,0x211015c,0x9b009a,0x8900b5
.4byte 0x2f2009d,0x2f402f3,0x2ed02f5,0x2f702f6,0x2f902f8,0x2fb02fa,0x2fd02fc,0x8900ba
.4byte 0x33c00b0,0x83,0x4210057,0x48d04cb,0x48e045e,0x588048f,0x20305f2,0x800000
.4byte 0x9a0319,0x890493,0x8b008a,0x2200bc,0x0,0x870086,0x890088,0x470008a
.4byte 0x471,0x26c01d4,0x475058f,0x14d02bd,0x36505f3,0x340,0x477001e,0x172040f
.4byte 0x960089,0x2e702e6,0x2e902e8,0x2eb02ea,0x2ed02ec,0x2ef02ee,0x2f102f0,0xa10089
.4byte 0x36000a2,0x2120371,0x5cb0000,0x2b005cc,0x5cd0003,0x4b80050,0x30030,0x5ce04e2
.4byte 0x27,0x42001e,0x9a033d,0xb5009b,0x9d0089,0x2f302f2,0x2f502f4,0x2f602ed
.4byte 0x2f802f7,0x2fa02f9,0x2fc02fb,0xba02fd,0x3cc0089,0x15047c,0x280000,0x11801c3
.4byte 0x1550110,0x56c047e,0x253020f,0x27,0x48203f4,0x890483,0x8b008a,0x2200bc
.4byte 0x0,0x870086,0x890088,0x39600a5,0x445,0x1b101d4,0x10705f4,0x221032f
.4byte 0x31f05f5,0x2e01a9,0x5f705f6,0x302ca,0x2205f8,0x530000,0x4680230,0x8900d2
.4byte 0x2e60096,0x2e802e7,0x2ea02e9,0x2ec02eb,0x2ee02ed,0x2f002ef,0x8902f1,0xa200a1
.4byte 0x18d0308,0x2d,0x5cc05cb,0x302b0,0x5005cd,0x3004b8,0x4e20003,0x2705ce
.4byte 0x26b0000,0x9a045f,0xb5009b,0x9d0089,0x2f302f2,0x2f502f4,0x2f602ed,0x2f802f7
.4byte 0x2fa02f9,0x2fc02fb,0xba02fd,0x46c0089,0x59046d,0x60000,0x5fa05f9,0x30388
.4byte 0x21b05fb,0x8905fc,0x47a00e2,0x1ce00fc,0x2d0006d,0x27,0x3fa0443,0x890363
.4byte 0x8b008a,0x2200bc,0x0,0x870086,0x890088,0x43a009d,0x43b,0x51c01fa
.4byte 0x5fd0272,0x5fe04d5,0x41c0145,0x3d4021b,0x5ff002a,0x30388,0x2205f8,0x2e0000
.4byte 0x45b045a,0x960089,0x2e702e6,0x2e902e8,0x2eb02ea,0x2ed02ec,0x2ef02ee,0x2f102f0
.4byte 0xa10089,0x26400a2,0x20c,0x5cc05cb,0x302b0,0x5005cd,0x3004b8,0x4e20003
.4byte 0x2705ce,0x530000,0x25d0064,0xb5009b,0x9d0089,0x2f302f2,0x2f502f4,0x2f602ed
.4byte 0x2f802f7,0x2fa02f9,0x2fc02fb,0xba02fd,0x45d0089,0x90107,0x3210000,0x60002b0
.4byte 0x3039c,0x21b05fb,0x55a0601,0x4d50380,0x6020165,0x3c02b2,0x27,0x46203b9
.4byte 0x8903a9,0x8b008a,0x2200bc,0x0,0x870086,0x890088,0x2de008e,0x27015b
.4byte 0x1fa0000,0x235051c,0x603023c,0x1a80361,0x21b,0x6040480,0x16d0605,0x2d
.4byte 0x44e0343,0x890308,0x2e60096,0x2e802e7,0x2ea02e9,0x2ec02eb,0x2ee02ed,0x2f002ef
.4byte 0x8902f1,0xa200a1,0x20303e6,0x5cb0000,0x2b005cc,0x5cd0003,0x4b80050,0x30030
.4byte 0x5ce04e2,0x27,0x606046f,0xb5009b,0x9d0089,0x2f302f2,0x2f502f4,0x2f602ed
.4byte 0x2f802f7,0x2fa02f9,0x2fc02fb,0xba02fd,0x8a0089,0x3470129,0x4800000,0x39c0607
.4byte 0x2d0608,0x2130053,0x3610489,0x23c0603,0x3c0067,0x27,0x45403b2,0x89042a
.4byte 0x8b008a,0x2200bc,0x0,0x870086,0x890088,0x43f038a,0x1d,0x54a004a
.4byte 0x1450041,0x488023c,0x1a8012c,0x21b,0x6040480,0x16d0605,0x2d,0x4320443
.4byte 0x890363,0x2e60096,0x2e802e7,0x2ea02e9,0x2ec02eb,0x2ee02ed,0x2f002ef,0x8902f1
.4byte 0x4a700a1,0x292,0x5cc05cb,0x302b0,0x5005cd,0x3004b8,0x4e20003,0x2705ce
.4byte 0x60000,0x9b0303,0x8900b5,0x2f2009d,0x2f402f3,0x2ed02f5,0x2f702f6,0x2f902f8
.4byte 0x2fb02fa,0x2fd02fc,0x8900ba,0x39600a5,0x445,0x6070480,0x608039c,0x53002d
.4byte 0x5670213,0x3610352,0x4fb023c,0x7305a1,0x22,0x3c50449,0x890304,0x8b008a
.4byte 0x2200bc,0x0,0x870086,0x890088,0x34600b0,0x265,0x609004a,0x1bb060a
.4byte 0x254023c,0x51c00af,0x21b,0x360495,0x30607,0x300,0xf903e4,0x8903a9
.4byte 0x2e60096,0x2e802e7,0x2ea02e9,0x2ec02eb,0x2ee02ed,0x2f002ef,0x8902f1,0x60b00a1
.4byte 0x28e,0x5cc05cb,0x302b0,0x5005cd,0x3004b8,0x4e20003,0x2705ce,0x570000
.4byte 0x359060c,0x8900b5,0x2f2009d,0x2f402f3,0x2ed02f5,0x2f702f6,0x2f902f8,0x2fb02fa
.4byte 0x2fd02fc,0x8900ba,0x43a009d,0x2d043b,0x2790000,0x1f00475,0x60d02dd,0x450053
.4byte 0x2d803ef,0x23c0361,0x3650041,0x220009,0x1e0000,0x36b01ab,0x89008d,0x8b008a
.4byte 0x2200bc,0x0,0x870086,0x890088,0x4240056,0x59,0x4a001e,0x5f2060e
.4byte 0x23c006d,0x60f012c,0x21b0442,0x4950000,0x6100036,0x5f80119,0x22,0x4290428
.4byte 0x89042a,0x2e60096,0x2e802e7,0x2ea02e9,0x2ec02eb,0x2ee02ed,0x2f002ef,0x8902f1
.4byte 0x61100bd,0x27,0x5cc05cb,0x302b0,0x5005cd,0x3004b8,0x4e20003,0x2705ce
.4byte 0x120000,0xb50612,0x9d0089,0x2f302f2,0x2f502f4,0x2f602ed,0x2f802f7,0x2fa02f9
.4byte 0x2fc02fb,0xba02fd,0x8e0089,0x42f042e,0x27,0x4750279,0x20032d,0x21b05fb
.4byte 0x6130045,0x2c70575,0x330023c,0x1d1002c,0x27c,0x2300053,0x9c0389,0x8a0089
.4byte 0xbc008b,0x22,0x860000,0x880087,0x22b0089,0x1d10418,0x1e0000,0x61401dc
.4byte 0x60a05f2,0x3040235,0x1b10100,0x4a,0x6040480,0x41902a9,0x220615,0x1cc0000
.4byte 0xaf0250,0x960089,0x2e702e6,0x2e902e8,0x2eb02ea,0x2ed02ec,0x2ef02ee,0x2f102f0
.4byte 0x6160089,0x2704e6,0x5cb0000,0x2b005cc,0x5cd0003,0x4b80050,0x30030,0x5ce04e2
.4byte 0x27,0x6170080,0x9d0089,0x2f302f2,0x2f502f4,0x2f602ed,0x2f802f7,0x2fa02f9
.4byte 0x2fc02fb,0xba02fd,0x41e0089,0x83033c,0x4800000,0x61801f0,0x6190329,0x16004a
.4byte 0xd20319,0x22502c7,0x445060a,0x61a0322,0x2e0000,0x3cb061b,0x8a0089,0xbc008b
.4byte 0x22,0x860000,0x880087,0x8a0089,0x40a0409,0x570000,0x61c01dc,0x5f202cd
.4byte 0xe4061d,0x1b10511,0x4a,0x6040480,0x41902a9,0x220615,0x280000,0x40f040e
.4byte 0x890095,0x2e60096,0x2e802e7,0x2ea02e9,0x2ec02eb,0x2ee02ed,0x2f002ef,0x8902f1
.4byte 0x44704ce,0x5cb0000,0x2b005cc,0x5cd0003,0x4b80050,0x30030,0x5ce04e2,0x27
.4byte 0x3b6002e,0x8905e3,0x2f2009d,0x2f402f3,0x2ed02f5,0x2f702f6,0x2f902f8,0x2fb02fa
.4byte 0x2fd02fc,0x8900ba,0x41202af,0x413,0x1f00480,0x3290618,0x4a0619,0x33d0016
.4byte 0x50b03a0,0x5f20225,0x56e061e,0x2b8,0x41703f4,0x8902ba,0x8b008a,0x2200bc
.4byte 0x0,0x870086,0x890088,0x3fa00eb,0x3fb,0x1dc0028,0x620061f,0x62105f2
.4byte 0x62200cd,0x1fa049d,0x2a03d4,0x6050600,0x5f80003,0x22,0x400002e,0xd2023d
.4byte 0x960089,0x2e702e6,0x2e902e8,0x2eb02ea,0x2ed02ec,0x2ef02ee,0x2f102f0,0x1a80089
.4byte 0x340,0x5cc05cb,0x302b0,0x5005cd,0x3004b8,0x4e20003,0x2705ce,0x280000
.4byte 0x3ef01c3,0x9d0089,0x2f302f2,0x2f502f4,0x2f602ed,0x2f802f7,0x2fa02f9,0x2fc02fb
.4byte 0xba02fd,0x4020089,0x730403,0x3210000,0x60002b0,0x3039c,0x4a05fb,0x7403b2
.4byte 0x50b0623,0x2c0067,0x6240231,0x340,0x40803b9,0x89031c,0x8b008a,0x2200bc
.4byte 0x0,0x870086,0x890088,0x3ed008e,0x2703ee,0x280000,0x61f04e3,0x5f20625
.4byte 0x6270626,0x49d0072,0x2e01fa,0x5f705f6,0xcf0338,0x628,0x3a103f4,0x890332
.4byte 0x2e60096,0x2e802e7,0x2ea02e9,0x2ec02eb,0x2ee02ed,0x2f002ef,0x8902f1,0x62903b0
.4byte 0x212,0x5cc05cb,0x302b0,0x5005cd,0x3004b8,0x4e20003,0x2705ce,0x1e0000
.4byte 0x3020055,0x9d0089,0x2f302f2,0x2f502f4,0x2f602ed,0x2f802f7,0x2fa02f9,0x2fc02fb
.4byte 0xba02fd,0x3f50089,0x3a4025f,0x60000,0x62a05f9,0x26f0398,0x2e062b,0x62c03b2
.4byte 0x62d0392,0x2c04fb,0x62e0231,0x340,0x3d503f8,0x8903f9,0x8b008a,0x2200bc
.4byte 0x0,0x870086,0x890088,0x38603df,0x3e0,0x1e30053,0x630062f,0x62602cd
.4byte 0x52100db,0x6e0220,0x3e40000,0x36303e5,0x960089,0x2e702e6,0x2e902e8,0x2eb02ea
.4byte 0x2ed02ec,0x2ef02ee,0x2f102f0,0x45e0089,0x2d019f,0x5cb0000,0x2b005cc,0x5cd0003
.4byte 0x4b80050,0x30030,0x5ce04e2,0x27,0x5e5020b,0x9d0089,0x2f302f2,0x2f502f4
.4byte 0x2f602ed,0x2f802f7,0x2fa02f9,0x2fc02fb,0xba02fd,0xa50089,0x3e60396,0x2d
.4byte 0x2260006,0x1c40631,0x4fb0632,0x6330620,0x1a90634,0x1e0000,0x3ec03eb,0x890304
.4byte 0x8b008a,0x2200bc,0x0,0x870086,0x890088,0x3cd03cc,0x59,0x5fc0053
.4byte 0x6300635,0x62602cd,0x5010142,0x2d30636,0x43c0637,0x27,0x3d503d4,0x8903d6
.4byte 0x2e60096,0x2e802e7,0x2ea02e9,0x2ec02eb,0x2ee02ed,0x2f002ef,0x8902f1,0x20c0510
.4byte 0x5cb0000,0x2b005cc,0x5cd0003,0x4b80050,0x30030,0x5ce04e2,0x27,0x2560053
.4byte 0x8905e4,0x2f2009d,0x2f402f3,0x2ed02f5,0x2f702f6,0x2f902f8,0x2fb02fa,0x2fd02fc
.4byte 0x8900ba,0x3da008e,0x2203db,0x4d0000,0x17f030a,0x3ce02e2,0x638033d,0x62004fb
.4byte 0x6390630,0x1a9,0x2300053,0x17203de,0x8a0089,0xbc008b,0x22,0x860000
.4byte 0x880087,0x3bc0089,0x3be03bd,0x530000,0x63a05a8,0x31d0633,0x3bc063b,0x44c0029
.4byte 0x63c024e,0x3f,0x21e001e,0x30403c4,0x960089,0x2e702e6,0x2e902e8,0x2eb02ea
.4byte 0x2ed02ec,0x2ef02ee,0x2f102f0,0x3b00089,0x27c0187,0x5cb0000,0x2b005cc,0x5cd0003
.4byte 0x4b80050,0x30030,0x5ce04e2,0x27,0x201001e,0x890302,0x2f2009d,0x2f402f3
.4byte 0x2ed02f5,0x2f702f6,0x2f902f8,0x2fb02fa,0x2fd02fc,0x8900ba,0x36b03c7,0x85
.4byte 0x6360053,0x26603b8,0x1d2021e,0x41063d,0x630063e,0x1a9063f,0x3430000,0x3cb03ca
.4byte 0x8900a4,0x8b008a,0x2200bc,0x0,0x870086,0x890088,0x3aa011b,0x2cd
.4byte 0x2130053,0x633060e,0x63b031d,0x290640,0x1c30641,0x2d0149,0x2e0000,0x3890348
.4byte 0x890172,0x2e60096,0x2e802e7,0x2ea02e9,0x2ec02eb,0x2ee02ed,0x2f002ef,0x8902f1
.4byte 0x4e6045e,0x203,0x5cc05cb,0x302b0,0x5005cd,0x3004b8,0x4e20003,0x2705ce
.4byte 0x1b00000,0x8904b0,0x2f2009d,0x2f402f3,0x2ed02f5,0x2f702f6,0x2f902f8,0x2fb02fa
.4byte 0x2fd02fc,0x8900ba,0x1140378,0x3c,0x4360642,0x1ab0643,0x3b00054,0x63e0041
.4byte 0x60e0630,0x21b,0x3ba03b9,0x8903bb,0x8b008a,0x2200bc,0x0,0x870086
.4byte 0x890088,0x39c009d,0x22039d,0x2e0000,0x4ce0045,0x1df063e,0x33d0320,0x6410644
.4byte 0x270271,0x35a0000,0x3a203a1,0x8900a4,0x2e60096,0x2e802e7,0x2ea02e9,0x2ec02eb
.4byte 0x2ee02ed,0x2f002ef,0x8902f1,0x44704ce,0x2d,0x5cc05cb,0x302b0,0x5005cd
.4byte 0x3004b8,0x4e20003,0x2705ce,0x20b0000,0x5e303b6,0x9d0089,0x2f302f2,0x2f502f4
.4byte 0x2f602ed,0x2f802f7,0x2fa02f9,0x2fc02fb,0xba02fd,0x3640089,0x3a40260,0x2d
.4byte 0x64501d4,0x33d02a1,0x800059,0x31d0646,0x4a04ce,0x3a80000,0x3a902bd,0x8a0089
.4byte 0xbc008b,0x22,0x860000,0x880087,0x38a0089,0x38b0346,0x2e0000,0x5100045
.4byte 0x6470532,0x1d20320,0x44c017e,0x2701c1,0x18b0000,0x39300d6,0x960089,0x2e702e6
.4byte 0x2e902e8,0x2eb02ea,0x2ed02ec,0x2ef02ee,0x2f102f0,0x1a80089,0x1a9,0x5cc05cb
.4byte 0x302b0,0x5005cd,0x3004b8,0x4e20003,0x2705ce,0x530000,0x3ef01c3,0x9d0089
.4byte 0x2f302f2,0x2f502f4,0x2f602ed,0x2f802f7,0x2fa02f9,0x2fc02fb,0xba02fd,0xe50089
.4byte 0x3970396,0x27,0x64801d4,0x22f0477,0x800059,0x2cd0649,0x4a0510,0x570000
.4byte 0x39b021e,0x890304,0x8b008a,0x2200bc,0x0,0x870086,0x890088,0x1550378
.4byte 0x9,0x18b002e,0x5320489,0x602064a,0x64b0079,0x64c0636,0x27,0x26e037f
.4byte 0x890380,0x2e60096,0x2e802e7,0x2ea02e9,0x2ec02eb,0x2ee02ed,0x2f002ef,0x8902f1
.4byte 0x37103b0,0x212,0x5cc05cb,0x302b0,0x5005cd,0x3004b8,0x4e20003,0x2705ce
.4byte 0x1e0000,0x3020042,0x9d0089,0x2f302f2,0x2f502f4,0x2f602ed,0x2f802f7,0x2fa02f9
.4byte 0x2fc02fb,0xba02fd,0x3810089,0x830382,0x1d40000,0x2b50636,0x157064d,0x64f064e
.4byte 0x489023b,0x1fa,0x388002e,0x1720389,0x8a0089,0xbc008b,0x22,0x860000
.4byte 0x880087,0x3640089,0x3650314,0x2d,0x169002e,0x2c01b1,0x602043e,0x64b05cc
.4byte 0x16b01d5,0x27,0x2f0053,0xaf036b,0x960089,0x2e702e6,0x2e902e8,0x2eb02ea
.4byte 0x2ed02ec,0x2ef02ee,0x2f102f0,0x45e0089,0x33018d,0x5cb0000,0x2b005cc,0x5cd0003
.4byte 0x4b80050,0x30030,0x5ce04e2,0x27,0x4b00248,0x9d0089,0x2f302f2,0x2f502f4
.4byte 0x2f602ed,0x2f802f7,0x2fa02f9,0x2fc02fb,0xba02fd,0x2390089,0x59036e,0x1fa0000
.4byte 0x65001d5,0x15702ad,0x43e0365,0x4f0052d,0x1fa,0x376000e,0xa40377,0x8a0089
.4byte 0xbc008b,0x22,0x860000,0x880087,0xa50089,0x3570356,0x22,0x3b20006
.4byte 0x3650302,0x5c043e,0x18902b6,0xd049d,0x22,0x35b035a,0x9c029a,0x960089
.4byte 0x2e702e6,0x2e902e8,0x2eb02ea,0x2ed02ec,0x2ef02ee,0x2f102f0,0x4ce0089,0x50
.4byte 0x5cc05cb,0x302b0,0x5005cd,0x3004b8,0x4e20003,0x2705ce,0x530000,0x5e302a4
.4byte 0x9d0089,0x2f302f2,0x2f502f4,0x2f602ed,0x2f802f7,0x2fa02f9,0x2fc02fb,0xba02fd
.4byte 0xb80089,0x35f035e,0x2d,0x302004a,0x3ce017e,0x3650567,0x5c043e,0x1d40302
.4byte 0x3620000,0x3630418,0x8a0089,0xbc008b,0x22,0x860000,0x880087,0x3450089
.4byte 0x470346,0x26b0000,0x65105a0,0x43e05a1,0x26c005d,0x4f00477,0x27c000d,0x18b0000
.4byte 0x34b034a,0x960089,0x2e702e6,0x2e902e8,0x2eb02ea,0x2ed02ec,0x2ef02ee,0x2f102f0
.4byte 0x3b00089,0x1f201a8,0x5cb0000,0x2b005cc,0x5cd0003,0x4b80050,0x30030,0x5ce04e2
.4byte 0x27,0x2130057,0x890567,0x2f2009d,0x2f402f3,0x2ed02f5,0x2f702f6,0x2f902f8
.4byte 0x2fb02fa,0x2fd02fc,0x8900ba,0x34f008a,0x270350,0x1e0000,0x4f0004a,0x21e0455
.4byte 0x36503ef,0x98043e,0x1d40652,0x2d,0x3530053,0x3550354,0x8a0089,0xbc008b
.4byte 0x22,0x860000,0x880087,0x3330089,0x3350334,0x2480000,0x45f03a8,0x24b0052
.4byte 0x26c005d,0x1b101fe,0x2b8003c,0x570000,0x3260339,0x89033a,0x2e60096,0x2e802e7
.4byte 0x2ea02e9,0x2ec02eb,0x2ee02ed,0x2f002ef,0x8902f1,0x6530616,0x27,0x5cc05cb
.4byte 0x302b0,0x5005cd,0x3004b8,0x4e20003,0x2705ce,0x750000,0x8904f0,0x2f2009d
.4byte 0x2f402f3,0x2ed02f5,0x2f702f6,0x2f902f8,0x2fb02fa,0x2fd02fc,0x8900ba,0x33b008e
.4byte 0x306033c,0x570000,0x489005e,0x21e0644,0x36503ef,0x547043e,0x6e0457,0x33
.4byte 0x3440343,0x8d02ae,0x8a0089,0xbc008b,0x22,0x860000,0x880087,0x920089
.4byte 0x31d009a,0x27,0x20d01eb,0x1910654,0x5d024b,0x1ab0644,0x730442,0x2b8
.4byte 0x3250006,0xaf0223,0x960089,0x2e702e6,0x2e902e8,0x2eb02ea,0x2ed02ec,0x2ef02ee
.4byte 0x2f102f0,0x45e0089,0x33016b,0x5cb0000,0x2b005cc,0x5cd0003,0x4b80050,0x30030
.4byte 0x5ce04e2,0x27,0x4b004a9,0x9d0089,0x2f302f2,0x2f502f4,0x2f602ed,0x2f802f7
.4byte 0x2fa02f9,0x2fc02fb,0xba02fd,0x2390089,0x6a0326,0x570000,0x510005e,0x1fe026c
.4byte 0x65504d2,0x65603fb,0x6e0082,0x203,0x3310012,0xa40332,0x8a0089,0xbc008b
.4byte 0x22,0x860000,0x880087,0xeb0089,0x30501f0,0x306,0x39801d4,0x6580657
.4byte 0x659033f,0x1ab0455,0x1d1051c,0x340,0x30e0012,0xd2030f,0x960089,0x2e702e6
.4byte 0x2e902e8,0x2eb02ea,0x2ed02ec,0x2ef02ee,0x2f102f0,0x4ce0089,0x20c,0x5cc05cb
.4byte 0x302b0,0x5005cd,0x3004b8,0x4e20003,0x2705ce,0x530000,0x5e30256,0x9d0089
.4byte 0x2f302f2,0x2f502f4,0x2f602ed,0x2f802f7,0x2fa02f9,0x2fc02fb,0xba02fd,0x3130089
.4byte 0x2cd0314,0x27,0x5e0028,0x26c04f9,0x4d204bb,0x3fb016d,0x441054f,0x2701dc
.4byte 0x570000,0x155031b,0x89031c,0x8b008a,0x2200bc,0x0,0x870086,0x890088
.4byte 0x170008f,0x292,0x30d01d4,0x4a60452,0x659033f,0x3ce04d8,0x4330609,0x1a9
.4byte 0x2e4001e,0x17b02e5,0x960089,0x2e702e6,0x2e902e8,0x2eb02ea,0x2ed02ec,0x2ef02ee
.4byte 0x2f102f0,0x3b00089,0x1f201a8,0x5cb0000,0x2b005cc,0x5cd0003,0x4b80050,0x30030
.4byte 0x5ce04e2,0x27,0x2130057,0x890567,0x2f2009d,0x2f402f3,0x2ed02f5,0x2f702f6
.4byte 0x2f902f8,0x2fb02fa,0x2fd02fc,0x8900ba,0xad00e5,0x2650200,0x530000,0x65a005e
.4byte 0x2b50180,0x16d065b,0xa903fb,0x271065c,0x27,0x3030006,0x30400ae,0x8a0089
.4byte 0xbc008b,0x22,0x10000,0x30002,0x2702cd,0x4a0000,0x2770441,0x33f04f9
.4byte 0x15a065d,0x635065e,0x1a90337,0x26b0000,0x3002d6,0x5c70003,0x2e802e7,0x660065f
.4byte 0x30661,0x2250662,0x522027c,0x5c10663,0x2b70574,0x61a,0x1a00042,0x57405c1
.4byte 0x5b702b2,0x550000,0x5c101fb,0x23c0574,0x20c,0x66401b0,0x5c10581,0x66061d
.4byte 0x6420000,0x581033d,0x66505c1,0x3f,0x319026b,0xee0581,0x3010f,0x6670666
.4byte 0x6690668,0x2fa066a,0x2fc02fb,0x305d0,0x6a02d7,0x2d,0x1dc0053,0x66c066b
.4byte 0x66d041b,0x3fb016d,0x30d032e,0x220447,0x120000,0x302dc,0x370036,0x38
.4byte 0x10000,0x30002,0x5902bb,0x1e0000,0x451004a,0x55a03e2,0x4f0608,0x66e015a
.4byte 0x3be02c3,0x1a9,0x2c4007e,0x5c70003,0x2e802e7,0x660065f,0x30661,0x31f066f
.4byte 0x5220027,0x5c10663,0x2b70574,0x61a,0x1a00042,0x57405c1,0x5b702b2,0x550000
.4byte 0x5c101fb,0x23c0574,0x20c,0x66401b0,0x5c10581,0x66061d,0x6420000,0x581033d
.4byte 0x66505c1,0x3f,0x319026b,0x59d0581,0x2cc04ea,0x6660003,0x6680667,0x66a0669
.4byte 0x2fb02fa,0x5d002fc,0x2c60003,0x22,0x4e30053,0x6710670,0x672041b,0x397016d
.4byte 0x6740673,0x27c016b,0x530000,0x2cc015a,0x360003,0x380037,0x0,0x20001
.4byte 0x2dd0003,0x890088,0x2a6008a,0x2a802a7,0x33,0x4a001e,0x6750672,0x6760489
.4byte 0x15a031c,0x3a40677,0x4a02a8,0x530000,0x19602ad,0x9502ae,0x960089,0x2e702e6
.4byte 0x65f02e8,0x6790678,0x89009c,0x9e009d,0xa0009f,0x4ce0089,0x67a,0x6630522
.4byte 0x57405c1,0x61a02b7,0x420000,0x5c101a0,0x2b20574,0x5b7,0x1fb0055,0x57405c1
.4byte 0x20c023c,0x1b00000,0x5810664,0x61d05c1,0x66,0x33d0642,0x5c10581,0x3f0665
.4byte 0x26b0000,0x5810319,0x5fd05c1,0x8900f6,0xb6009d,0xb7009f,0x67b0089,0x668067c
.4byte 0x66a0669,0x2fb02fa,0x2fd02fc,0x8900ba,0x2b002af,0x4702b1,0x2e0000,0x2a801e5
.4byte 0x2c905a5,0x16d0672,0x67e067d,0xd067f,0x27c,0x18e000a,0x2ba01f4,0x8a0089
.4byte 0x3008b,0x370036,0x38,0x10000,0x30002,0x8802dd,0x8a0089,0x1100294
.4byte 0x830295,0x570000,0x4d2005e,0x302040d,0x68003b4,0x7a002f,0x41f040c,0x4a
.4byte 0x29c029b,0x29d0110,0x890095,0x2e60096,0x2e802e7,0x678065f,0x9c0679,0x9d0089
.4byte 0x9f009e,0x8900a0,0x1a803b0,0x1f2,0x6630522,0x57405c1,0x61a02b7,0x420000
.4byte 0x5c101a0,0x2b20574,0x5b7,0x1fb0055,0x57405c1,0x20c023c,0x1b00000,0x5810664
.4byte 0x61d05c1,0x66,0x33d0642,0x5c10581,0x3f0665,0x26b0000,0x5810319,0x68105c1
.4byte 0x89010c,0xb6009d,0xb7009f,0x67b0089,0x668067c,0x66a0669,0x2fb02fa,0x2fd02fc
.4byte 0x8900ba,0x1c700a9,0x29e00bf,0x203,0x601002e,0x6b03d1,0x651024a,0x6820426
.4byte 0x25c015a,0x2b8000d,0x640000,0x1a302a5,0x890088,0x8b008a,0x360003,0x380037
.4byte 0x0,0x20001,0x2dd0003,0x890088,0x8b008a,0x280027f,0x2d0281,0x280000
.4byte 0x48e01a9,0x302053b,0x3200683,0x6510477,0x43c01fd,0x4a,0x2850057,0x2870286
.4byte 0x950094,0x960089,0x2e702e6,0x65f02e8,0x6790678,0x89009c,0x9e009d,0xa0009f
.4byte 0x6160089,0x270653,0x5220000,0x5c10663,0x2b70574,0x61a,0x1a00042,0x57405c1
.4byte 0x5b702b2,0x550000,0x5c101fb,0x23c0574,0x20c,0x66401b0,0x5c10581,0x66061d
.4byte 0x6420000,0x581033d,0x66505c1,0x3f,0x319026b,0x5c10581,0x684003b,0x9d0089
.4byte 0x9f00b6,0x8900b7,0x67c067b,0x6690668,0x2fa066a,0x2fc02fb,0xba02fd,0xa90089
.4byte 0x28c028b,0x28e028d,0x2e0000,0x3be0213,0x19d0680,0x1fa003f,0x2f005c,0x3c0685
.4byte 0x340,0x293026b,0x27f00ca,0x890088,0x8b008a,0x360003,0x380037,0x0
.4byte 0x20001,0x2dd0003,0x890088,0x8b008a,0x26f026e,0x1d023b,0x530000,0x551005e
.4byte 0x66d024a,0x3200683,0x4d204bb,0x6870686,0x2d01d4,0x2730000,0x970274,0x940275
.4byte 0x890095,0x2e60096,0x2e802e7,0x678065f,0x9c0679,0x9d0089,0x9f009e,0x8900a0
.4byte 0x18d045e,0x33,0x6630522,0x57405c1,0x61a02b7,0x420000,0x5c101a0,0x2b20574
.4byte 0x5b7,0x1fb0055,0x57405c1,0x20c023c,0x1b00000,0x5810664,0x61d05c1,0x66
.4byte 0x33d0642,0x5c10581,0x3f0665,0x26b0000,0x5810319,0x57405c1,0xa40688,0x9d0089
.4byte 0x9f00b6,0x8900b7,0x67c067b,0x6690668,0x2fa066a,0x2fc02fb,0xba02fd,0xa90089
.4byte 0x14c00aa,0x27600d7,0x33,0x12026b,0x5fe03f3,0x660455,0x68901fa,0x4b0002f
.4byte 0x1a90009,0x24e0000,0xe1027d,0x88027e,0x8a0089,0x3008b,0x370036,0x38
.4byte 0x10000,0x30002,0x8802dd,0x8a0089,0x252008b,0x22301ea,0x2d0253,0x530000
.4byte 0x68a005e,0x451024a,0x44d021d,0x4f0024a,0x3cf0676,0x3301d4,0x1e0000,0x25d025c
.4byte 0x25f025e,0x950094,0x960089,0x2e702e6,0x65f02e8,0x6790678,0x89009c,0x9e009d
.4byte 0xa0009f,0x4ce0089,0x66,0x6630522,0x57405c1,0x61a02b7,0x420000,0x5c101a0
.4byte 0x2b20574,0x5b7,0x1fb0055,0x57405c1,0x20c023c,0x1b00000,0x5810664,0x61d05c1
.4byte 0x66,0x33d0642,0x5c10581,0x3f0665,0x26b0000,0x5810319,0x57405c1,0xb5006b
.4byte 0x9d0089,0x9f00b6,0x8900b7,0x67c067b,0x6690668,0x2fa066a,0x2fc02fb,0xba02fd
.4byte 0xa90089,0x10b00aa,0x2640263,0x265,0x18b0248,0x68b03ff,0x451002f,0x44d021d
.4byte 0x4dc024a,0x1a9068c,0x26b0000,0x26d026c,0xb100f3,0x890088,0x8b008a,0x360003
.4byte 0x380037,0x0,0x20001,0x2dd0003,0x890088,0x8b008a,0x163008c,0x23b023a
.4byte 0x1d,0x1dc002e,0x2f0611,0x21d01ae,0x4350427,0x51301b1,0x1d40527,0x203
.4byte 0x2420241,0x2440243,0x940093,0x890095,0x2e60096,0x2e802e7,0x678065f,0x9c0679
.4byte 0x9d0089,0x9f009e,0x8900a0,0x2b801a8,0x5220000,0x5c10663,0x2b70574,0x61a
.4byte 0x1a00042,0x57405c1,0x5b702b2,0x550000,0x5c101fb,0x23c0574,0x20c,0x66401b0
.4byte 0x5c10581,0x66061d,0x6420000,0x581033d,0x66505c1,0x3f,0x319026b,0x5c10581
.4byte 0x14100c4,0x9d0089,0x9f00b6,0x8900b7,0x67c067b,0x6690668,0x2fa066a,0x2fc02fb
.4byte 0xba02fd,0xa90089,0x24500aa,0xa70246,0x2030247,0x1eb0000,0x2cb0169,0x2f0350
.4byte 0x21d0048,0x43501d6,0x3370442,0x5e,0x24f024e,0x2510250,0x8800b1,0x8a0089
.4byte 0x3008b,0x370036,0x38,0x10000,0x30002,0x8802dd,0x8a0089,0x8c008b
.4byte 0x1c500f7,0x2240223,0x203,0x4e3002e,0x4310430,0x4260654,0x4350427,0x2a00442
.4byte 0x1d403ef,0x27,0x22c0053,0x1c0009a,0x9300d9,0x950094,0x960089,0x2e702e6
.4byte 0x65f02e8,0x6790678,0x89009c,0x9e009d,0xa0009f,0x3b00089,0x270371,0x5220000
.4byte 0x5c10663,0x2b70574,0x61a,0x1a00042,0x57405c1,0x5b702b2,0x550000,0x5c101fb
.4byte 0x23c0574,0x20c,0x66401b0,0x5c10581,0x66061d,0x6420000,0x581033d,0x66505c1
.4byte 0x3f,0x319026b,0x5c10581,0x68403a6,0x9d0089,0x9f00b6,0x8900b7,0x67c067b
.4byte 0x6690668,0x2fa066a,0x2fc02fb,0xba02fd,0xa90089,0xab00aa,0x1270133,0x20a022e
.4byte 0x1d40000,0x1a805a0,0x2f0555,0x21d0082,0x41b068d,0x34701a8,0x5e,0x23601b0
.4byte 0x2380237,0xb10239,0x890088,0x8b008a,0x360003,0x380037,0x0,0x20001
.4byte 0x2dd0003,0x890088,0x8b008a,0x206008c,0x2080207,0x20a0209,0x2e0000,0x2c301e5
.4byte 0x68f068e,0x4270690,0x51c053b,0x40b0278,0x27006e,0x2130000,0x2150214,0x2170216
.4byte 0x940093,0x890095,0x2e60096,0x2e802e7,0x678065f,0x9c0679,0x9d0089,0x9f009e
.4byte 0x8900a0,0x18d045e,0x27,0x6630522,0x57405c1,0x61a02b7,0x420000,0x5c101a0
.4byte 0x2b20574,0x5b7,0x1fb0055,0x57405c1,0x20c023c,0x1b00000,0x5810664,0x61d05c1
.4byte 0x66,0x33d0642,0x5c10581,0x3f0665,0x26b0000,0x5810319,0x57a05c1,0xa40116
.4byte 0x9d0089,0x9f00b6,0x8900b7,0x67c067b,0x6690668,0x2fa066a,0x2fc02fb,0xba02fd
.4byte 0xa90089,0xab00aa,0xbe01a5,0x5f021a,0x22,0x3a801d4,0x1470436,0x8204b8
.4byte 0x6810415,0x2cb0267,0x4a02a8,0x530000,0x930220,0x2220221,0xb100b0,0x890088
.4byte 0x8b008a,0x360003,0x380037,0x0,0x20001,0x2dd0003,0x890088,0x8b008a
.4byte 0x8d008c,0x1ea01e9,0x19100d7,0x1d,0x213026b,0x4640691,0x41a0419,0x40d01d6
.4byte 0x147054a,0x1dc0319,0x27c,0x7201b0,0x1350134,0x9201f3,0x940093,0x890095
.4byte 0x2e60096,0x2e802e7,0x678065f,0x9c0679,0x9d0089,0x9f009e,0x8900a0,0x3f04ce
.4byte 0x2d,0x6630522,0x57405c1,0x61a02b7,0x420000,0x5c101a0,0x2b20574,0x5b7
.4byte 0x1fb0055,0x57405c1,0x20c023c,0x1b00000,0x5810664,0x61d05c1,0x66,0x33d0642
.4byte 0x5c10581,0x3f0665,0x26b0000,0x5810319,0x57405c1,0xb5057b,0x9d0089,0x9f00b6
.4byte 0x8900b7,0x67c067b,0x6690668,0x2fa066a,0x2fc02fb,0xba02fd,0xa90089,0xab00aa
.4byte 0x13301f5,0x1f601e6,0x20301f7,0x6e001e,0x4420398,0x4200278,0x41501ca,0x2770422
.4byte 0x5f0692,0x2d006e,0x15c0000,0x1da0204,0xb50205,0xb100b0,0x890088,0x8b008a
.4byte 0x360003,0x380037,0x0,0x20001,0x2dd0003,0x890088,0x8b008a,0x8d008c
.4byte 0x1c600eb,0x1c801c7,0x2701c9,0x120248,0x1840347,0x40c01cc,0x40d01d6,0x5660609
.4byte 0x71007a,0x20b027c,0x201d5,0x1d600c3,0x9200d2,0x940093,0x890095,0x2e60096
.4byte 0x2e802e7,0x678065f,0x9c0679,0x9d0089,0x9f009e,0x8900a0,0x20c0510,0x5220000
.4byte 0x5c10663,0x2b70574,0x61a,0x1a00042,0x57405c1,0x5b702b2,0x550000,0x5c101fb
.4byte 0x23c0574,0x20c,0x66401b0,0x5c10581,0x66061d,0x6420000,0x581033d,0x66505c1
.4byte 0x3f,0x319026b,0x5c10581,0x6940693,0x9d0089,0x9f00b6,0x8900b7,0x67c067b
.4byte 0x6690668,0x2fa066a,0x2fc02fb,0xba02fd,0xa90089,0xab00aa,0xce00a4,0x1da0177
.4byte 0x16b01db,0x4a0530,0x4b00309,0x4140278,0x41501ca,0x2790416,0x2b70347,0x3301d4
.4byte 0x790042,0x1e701e6,0x8901e8,0xb100b0,0x890088,0x8b008a,0x360003,0x380037
.4byte 0x0,0x20001,0x2dd0003,0x890088,0x8b008a,0x8d008c,0x1a50089,0x11101a6
.4byte 0x14901a7,0x1201d4,0x56903be,0x3fe0279,0x2670186,0x6960695,0x44702a3,0x19201a9
.4byte 0x1b301b2,0x1b501b4,0x920089,0x940093,0x890095,0x2e60096,0x2e802e7,0x678065f
.4byte 0x9c0679,0x9d0089,0x9f009e,0x8900a0,0x1a103b0,0x27c,0x6630522,0x57405c1
.4byte 0x61a02b7,0x420000,0x5c101a0,0x2b20574,0x5b7,0x1fb0055,0x57405c1,0x20c023c
.4byte 0x1b00000,0x5810664,0x61d05c1,0x66,0x33d0642,0x5c10581,0x3f0665,0x26b0000
.4byte 0x5810319,0x5805c1,0x890697,0xb6009d,0xb7009f,0x67b0089,0x668067c,0x66a0669
.4byte 0x2fb02fa,0x2fd02fc,0x8900ba,0xaa00a9,0xa400ab,0x1b9008e,0xd701ba,0x3f01bb
.4byte 0x2e0005e,0x69805a3,0x1ca0699,0x16603e8,0x3c201cc,0x1d40658,0x1a20080,0x9701c5
.4byte 0x9c0165,0xb00089,0x8800b1,0x8a0089,0x3008b,0x370036,0x38,0x10000
.4byte 0x30002,0x8802dd,0x8a0089,0x8c008b,0x89008d,0x184008e,0x1510185,0x43604f6
.4byte 0x33501bf,0x2770681,0x1860476,0x27b03f2,0x324069a,0x1b1018d,0x14d048f,0x19400e9
.4byte 0x8900a4,0x930092,0x950094,0x960089,0x2e702e6,0x65f02e8,0x6790678,0x89009c
.4byte 0x9e009d,0xa0009f,0x6160089,0x270149,0x5220000,0x5c10663,0x2b70574,0x61a
.4byte 0x1a00042,0x57405c1,0x5b702b2,0x550000,0x5c101fb,0x23c0574,0x20c,0x66401b0
.4byte 0x5c10581,0x66061d,0x6420000,0x581033d,0x66505c1,0x3f,0x319026b,0x5c10581
.4byte 0x131057a,0x9d0089,0x9f00b6,0x8900b7,0x67c067b,0x6690668,0x2fa066a,0x2fc02fb
.4byte 0xba02fd,0xa90089,0xab00aa,0x8900a4,0x1980195,0x69b00e7,0x2d00361,0x69c007a
.4byte 0xb20385,0x3e80324,0x69d03f7,0x3c301fd,0x6720213,0x1a301a6,0xbb01a4,0xb00089
.4byte 0x8800b1,0x8a0089,0x3008b,0x370036,0x38,0x10000,0x30002,0x8802dd
.4byte 0x8a0089,0x8c008b,0x89008d,0x1630117,0xc30134,0x30101d6,0x1d60639,0x3e303e2
.4byte 0x3e20216,0x69e01cb,0x69f060c,0x1c706a0,0x1710170,0x890172,0x930092,0x950094
.4byte 0x960089,0x2e702e6,0x65f02e8,0x6790678,0x89009c,0x9e009d,0xa0009f,0x45e0089
.4byte 0x33016b,0x5220000,0x5c10663,0x2b70574,0x61a,0x1a00042,0x57405c1,0x5b702b2
.4byte 0x550000,0x5c101fb,0x23c0574,0x20c,0x66401b0,0x5c10581,0x66061d,0x6420000
.4byte 0x581033d,0x66505c1,0x3f,0x319026b,0x5c10581,0x6a10574,0x8900a4,0xb6009d
.4byte 0xb7009f,0x67b0089,0x668067c,0x66a0669,0x2fb02fa,0x2fd02fc,0x8900ba,0xaa00a9
.4byte 0xa400ab,0x1760089,0x1780177,0x62606a2,0x2e003bc,0x3e706a3,0x3e8001f,0x30903e9
.4byte 0x6a4021d,0x17701c4,0x16a06a5,0xa40183,0xb00089,0x8800b1,0x8a0089,0x3008b
.4byte 0x370036,0x38,0x10000,0x30002,0x8802dd,0x8a0089,0x8c008b,0x89008d
.4byte 0x10e0142,0x40100e7,0x5c023f,0x40e0377,0x3af06a6,0x6a701ab,0x2bc058c,0x14d023f
.4byte 0x14e012f,0x89010c,0x930092,0x950094,0x960089,0x2e702e6,0x65f02e8,0x6790678
.4byte 0x89009c,0x9e009d,0xa0009f,0x4ce0089,0x66,0x6630522,0x57405c1,0x61a02b7
.4byte 0x420000,0x5c101a0,0x2b20574,0x5b7,0x1fb0055,0x57405c1,0x20c023c,0x1b00000
.4byte 0x5810664,0x61d05c1,0x66,0x33d0642,0x5c10581,0x3f0665,0x26b0000,0x5810319
.4byte 0x57405c1,0xb506a8,0x9d0089,0x9f00b6,0x8900b7,0x67c067b,0x6690668,0x2fa066a
.4byte 0x2fc02fb,0xba02fd,0xa90089,0xab00aa,0x8900a4,0x153009d,0x1220154,0x6aa06a9
.4byte 0x6ab02bc,0x60c0251,0x9606ac,0x590006c,0x5070118,0x16100fb,0xb50162,0xb00089
.4byte 0x8800b1,0x8a0089,0x3008b,0x370036,0x38,0x10000,0x30002,0x8802dd
.4byte 0x8a0089,0x8c008b,0x89008d,0x125008e,0x1270126,0x44000e0,0x6ae06ad,0x2570659
.4byte 0x6b006af,0x12e06b1,0x12f00fb,0x1310130,0x920089,0x940093,0x890095,0x2e60096
.4byte 0x2e802e7,0x678065f,0x9c0679,0x9d0089,0x9f009e,0x8900a0,0x2b801a8,0x5220000
.4byte 0x5c10663,0x2b70574,0x61a,0x1a00042,0x57405c1,0x5b702b2,0x550000,0x5c101fb
.4byte 0x23c0574,0x20c,0x66401b0,0x5c10581,0x66061d,0x6420000,0x581033d,0x66505c1
.4byte 0x3f,0x319026b,0x5c10581,0x6b200d8,0x9d0089,0x9f00b6,0x8900b7,0x67c067b
.4byte 0x6690668,0x2fa066a,0x2fc02fb,0xba02fd,0xa90089,0xab00aa,0x8900a4,0x13700e5
.4byte 0x1220138,0x4620478,0x23f03a2,0x54802bc,0x6b301f0,0x11306b4,0x13f002b,0x1410140
.4byte 0xb00089,0x8800b1,0x8a0089,0x3008b,0x370036,0x38,0x10000,0x30002
.4byte 0x8802dd,0x8a0089,0x8c008b,0x89008d,0x10d009d,0x10f010e,0x2dd0030,0x124049f
.4byte 0x34d06b5,0x2a00fc,0x114002b,0x1160115,0x920089,0x940093,0x890095,0x2e60096
.4byte 0x2e802e7,0x678065f,0x9c0679,0x9d0089,0x9f009e,0x8900a0,0x37103b0,0x22
.4byte 0x6630522,0x57405c1,0x61a02b7,0x420000,0x5c101a0,0x2b20574,0x5b7,0x1fb0055
.4byte 0x57405c1,0x20c023c,0x1b00000,0x5810664,0x61d05c1,0x66,0x33d0642,0x5c10581
.4byte 0x3f0665,0x26b0000,0x5810319,0x3a605c1,0x8906b6,0xb6009d,0xb7009f,0x67b0089
.4byte 0x668067c,0x66a0669,0x2fb02fa,0x2fd02fc,0x8900ba,0xaa00a9,0xa400ab,0x11b0089
.4byte 0x11d011c,0x3011e,0x26d06b7,0x6b404c6,0x6b80263,0x1230003,0x580124,0x89010c
.4byte 0xb100b0,0x890088,0x8b008a,0x360003,0x380037,0x0,0x20001,0x2dd0003
.4byte 0x890088,0x8b008a,0x8d008c,0x9d0089,0xf800f7,0xfa00f9,0x300fb,0xfc00e0
.4byte 0xfe00fd,0xa400ff,0x920089,0x940093,0x890095,0x2e60096,0x2e802e7,0x678065f
.4byte 0x9c0679,0x9d0089,0x9f009e,0x8900a0,0x2d0045e,0x27,0x6630522,0x57405c1
.4byte 0x61a02b7,0x420000,0x5c101a0,0x2b20574,0x5b7,0x1fb0055,0x57405c1,0x20c023c
.4byte 0x1b00000,0x5810664,0x61d05c1,0x66,0x33d0642,0x5c10581,0x3f0665,0x26b0000
.4byte 0x5810319,0x57a05c1,0xa400ff,0x9d0089,0x9f00b6,0x8900b7,0x67c067b,0x6690668
.4byte 0x2fa066a,0x2fc02fb,0xba02fd,0xa90089,0xab00aa,0x8900a4,0x1050104,0x1070106
.4byte 0x300108,0xe80003,0x10a0109,0xd8010b,0x89010c,0xb100b0,0x890088,0x8b008a
.4byte 0x360003,0x380037,0x0,0x20001,0x2dd0003,0x890088,0x8b008a,0x8d008c
.4byte 0x8e0089,0xdc00db,0xde00dd,0xe000df,0xe200e1,0x4600e3,0x8900e4,0x930092
.4byte 0x950094,0x960089,0x2e702e6,0x65f02e8,0x6790678,0x89009c,0x9e009d,0xa0009f
.4byte 0x5510089,0x2d016b,0x5220000,0x5c10663,0x2b70574,0x61a,0x1a00042,0x57405c1
.4byte 0x5b702b2,0x550000,0x5c101fb,0x23c0574,0x20c,0x66401b0,0x5c10581,0x66061d
.4byte 0x6420000,0x581033d,0x66505c1,0x3f,0x319026b,0x5c10581,0x6b90574,0x8900d2
.4byte 0xb6009d,0xb7009f,0x67b0089,0x668067c,0x66a0669,0x2fb02fa,0x2fd02fc,0x8900ba
.4byte 0xaa00a9,0xa400ab,0xeb0089,0xed00ec,0xef00ee,0xf100f0,0xf300f2,0xf500f4
.4byte 0x8900f6,0xb100b0,0x890088,0x8b008a,0x360003,0x380037,0x0,0x20001
.4byte 0x2dd0003,0x890088,0x8b008a,0x8d008c,0xc60089,0xc800c7,0xca00c9,0xcc00cb
.4byte 0x9c00cd,0x920089,0x940093,0x890095,0x2e60096,0x2e802e7,0x678065f,0x9c0679
.4byte 0x9d0089,0x9f009e,0x8900a0,0x5004ce,0x5220000,0x5c10663,0x2b70574,0x61a
.4byte 0x1a00042,0x57405c1,0x5b702b2,0x550000,0x5c101fb,0x23c0574,0x20c,0x66401b0
.4byte 0x5c10581,0x66061d,0x6420000,0x581033d,0x66505c1,0x3f,0x319026b,0x5c10581
.4byte 0x17205fd,0x9d0089,0x9f00b6,0x8900b7,0x67c067b,0x6690668,0x2fa066a,0x2fc02fb
.4byte 0xba02fd,0xa90089,0xab00aa,0x8900a4,0xd400d3,0xd600d5,0xd800d7,0xda00d9
.4byte 0x8900a4,0xb100b0,0x890088,0x8b008a,0x360003,0x380037,0x0,0x20001
.4byte 0x2dd0003,0x890088,0x8b008a,0x8d008c,0x8e0089,0x90008f,0x890091,0x930092
.4byte 0x950094,0x960089,0x2e702e6,0x65f02e8,0x6790678,0x89009c,0x9e009d,0xa0009f
.4byte 0x1a80089,0x2b8,0x6630522,0x57405c1,0x61a02b7,0x420000,0x5c101a0,0x2b20574
.4byte 0x5b7,0x1fb0055,0x57405c1,0x20c023c,0x1b00000,0x5810664,0x61d05c1,0x66
.4byte 0x33d0642,0x5c10581,0x3f0665,0x26b0000,0x5810319,0xc405c1,0x8906ba,0xb6009d
.4byte 0xb7009f,0x67b0089,0x668067c,0x66a0669,0x2fb02fa,0x2fd02fc,0x8900ba,0xaa00a9
.4byte 0xa400ab,0xac0089,0xae00ad,0x8900bb,0xb100b0,0x890088,0x8b008a,0x360003
.4byte 0x380037,0x0,0x20001,0x2dd0003,0x890088,0x8b008a,0x8d008c,0x8e0089
.4byte 0x90008f,0x890091,0x930092,0x950094,0x960089,0x2e702e6,0x65f02e8,0x6790678
.4byte 0x89009c,0x9e009d,0xa0009f,0x3b00089,0x220371,0x5220000,0x5c10663,0x2b70574
.4byte 0x61a,0x1a00042,0x57405c1,0x5b702b2,0x550000,0x5c101fb,0x23c0574,0x20c
.4byte 0x66401b0,0x5c10581,0x66061d,0x6420000,0x581033d,0x66505c1,0x3f,0x319026b
.4byte 0x5c10581,0x6b603a6,0x9d0089,0x9f00b6,0x8900b7,0x67c067b,0x6690668,0x2fa066a
.4byte 0x2fc02fb,0xba02fd,0xa90089,0xab00aa,0x8900a4,0xad00ac,0xbb00ae,0xb00089
.4byte 0x8800b1,0x8a0089,0x3008b,0x370036,0x38,0x10000,0x30002,0x8802dd
.4byte 0x8a0089,0x8c008b,0x89008d,0x8f008e,0x910090,0x920089,0x940093,0x890095
.4byte 0x2e60096,0x2e802e7,0x678065f,0x9c0679,0x9d0089,0x9f009e,0x8900a0,0x2d0045e
.4byte 0x27,0x6630522,0x57405c1,0x61a02b7,0x420000,0x5c101a0,0x2b20574,0x5b7
.4byte 0x1fb0055,0x57405c1,0x20c023c,0x1b00000,0x5810664,0x61d05c1,0x66,0x33d0642
.4byte 0x5c10581,0x3f0665,0x26b0000,0x5810319,0x57a05c1,0xa406bb,0xb6009d,0xb7009f
.4byte 0x67b0089,0x668067c,0x66a0669,0x2fb02fa,0x2fd02fc,0x8900ba,0xaa00a9,0xa400ab
.4byte 0xac0089,0xae00ad,0x8900bb,0xb100b0,0x890088,0x8b008a,0x360003,0x380037
.4byte 0x0,0x20001,0x2dd0003,0x890088,0x8b008a,0x8d008c,0x8e0089,0x90008f
.4byte 0x890091,0x930092,0x950094,0x960089,0x2e702e6,0x65f02e8,0x6790678,0x89009c
.4byte 0x9e009d,0xa0009f,0x5510089,0x33016b,0x5220000,0x5c10663,0x2b70574,0x61a
.4byte 0x1a00042,0x57405c1,0x5b702b2,0x550000,0x5c101fb,0x23c0574,0x20c,0x66401b0
.4byte 0x5c10581,0x66061d,0x6420000,0x581033d,0x66505c1,0x3f,0x319026b,0x5c10581
.4byte 0x6a10574,0x9d009c,0x9f00b6,0x8900b7,0x67c067b,0x6690668,0x2fa066a,0x2fc02fb
.4byte 0xba02fd,0xa90089,0xab00aa,0x8900a4,0xad00ac,0xbb00ae,0xb00089,0x8800b1
.4byte 0x8a0089,0x3008b,0x370036,0x38,0x10000,0x30002,0x8802dd,0x8a0089
.4byte 0x8c008b,0x89008d,0x8f008e,0x910090,0x920089,0x940093,0x890095,0x2e60096
.4byte 0x2e802e7,0x678065f,0x9c0679,0x9d0089,0x9f009e,0x8900a0,0x5004ce,0x5220000
.4byte 0x5c10663,0x2b70574,0x61a,0x1a00042,0x57405c1,0x5b702b2,0x550000,0x5c101fb
.4byte 0x23c0574,0x20c,0x66401b0,0x5c10581,0x66061d,0x6420000,0x581033d,0x66505c1
.4byte 0x3f,0x319026b,0x5c10581,0x17205fd,0xb6009d,0xb7009f,0x67b0089,0x668067c
.4byte 0x66a0669,0x2fb02fa,0x2fd02fc,0x8900ba,0xaa00a9,0xa400ab,0xac0089,0xae00ad
.4byte 0x8900bb,0xb100b0,0x890088,0x8b008a,0x360003,0x380037,0x0,0x20001
.4byte 0x2dd0003,0x890088,0x8b008a,0x8d008c,0x8e0089,0x90008f,0x890091,0x930092
.4byte 0x950094,0x960089,0x2e702e6,0x65f02e8,0x6790678,0x89009c,0x9e009d,0xa0009f
.4byte 0x1a80089,0x340,0x6630522,0x57405c1,0x61a02b7,0x420000,0x5c101a0,0x2b20574
.4byte 0x5b7,0x1fb0055,0x57405c1,0x20c023c,0x1b00000,0x5810664,0x61d05c1,0x66
.4byte 0x33d0642,0x5c10581,0x3f0665,0x26b0000,0x5810319,0xd805c1,0x9d0141,0x9f00b6
.4byte 0x8900b7,0x67c067b,0x6690668,0x2fa066a,0x2fc02fb,0xba02fd,0xa90089,0xab00aa
.4byte 0x8900a4,0xad00ac,0xbb00ae,0xb00089,0x8800b1,0x8a0089,0x3008b,0x370036
.4byte 0x38,0x10000,0x30002,0x8802dd,0x8a0089,0x8c008b,0x89008d,0x8f008e
.4byte 0x910090,0x920089,0x940093,0x890095,0x2e60096,0x2e802e7,0x678065f,0x9c0679
.4byte 0x9d0089,0x9f009e,0x3b000a0,0x27c0187,0x5220000,0x5c10663,0x2b70574,0x61a
.4byte 0x1a00042,0x57405c1,0x5b702b2,0x550000,0x5c101fb,0x23c0574,0x20c,0x66401b0
.4byte 0x5c10581,0x66061d,0x6420000,0x581033d,0x66505c1,0x3f,0x319026b,0x5c10581
.4byte 0x21903a6,0xb6009d,0xb7009f,0x67b0089,0x668067c,0x66a0669,0x2fb02fa,0x2fd02fc
.4byte 0x8900ba,0xaa00a9,0xa400ab,0xac0089,0xae00ad,0x8900bb,0xb100b0,0x890088
.4byte 0x8b008a,0x360003,0x380037,0x0,0x20001,0x2dd0003,0x890088,0x8b008a
.4byte 0x8d008c,0x8e0089,0x90008f,0x890091,0x930092,0x950094,0x960089,0x2e702e6
.4byte 0x65f02e8,0x6790678,0x89009c,0x9e009d,0xa0009f,0x1490616,0x27,0x6630522
.4byte 0x57405c1,0x61a02b7,0x420000,0x5c101a0,0x2b20574,0x5b7,0x1fb0055,0x57405c1
.4byte 0x20c023c,0x1b00000,0x5810664,0x61d05c1,0x66,0x33d0642,0x5c10581,0x3f0665
.4byte 0x26b0000,0x5810319,0x57a05c1,0x9d0131,0x9f00b6,0x8900b7,0x67c067b,0x6690668
.4byte 0x2fa066a,0x2fc02fb,0xba02fd,0xa90089,0xab00aa,0x8900a4,0xad00ac,0xbb00ae
.4byte 0xb00089,0x8800b1,0x8a0089,0x3008b,0x370036,0x38,0x10000,0x30002
.4byte 0x8802dd,0x8a0089,0x8c008b,0x89008d,0x8f008e,0x910090,0x920089,0x940093
.4byte 0x890095,0x2e60096,0x2e802e7,0x678065f,0x9c0679,0x9d0089,0x9f009e,0x45e00a0
.4byte 0x33016b,0x5220000,0x5c10663,0x2b70574,0x61a,0x1a00042,0x57405c1,0x5b702b2
.4byte 0x550000,0x5c101fb,0x23c0574,0x20c,0x66401b0,0x5c10581,0x66061d,0x6420000
.4byte 0x581033d,0x66505c1,0x3f,0x319026b,0x5c10581,0x6880574,0xb601f5,0xb7009f
.4byte 0x67b0089,0x668067c,0x66a0669,0x2fb02fa,0x2fd02fc,0x8900ba,0xaa00a9,0xa400ab
.4byte 0xac0089,0xae00ad,0x8900bb,0xb100b0,0x890088,0x8b008a,0x360003,0x380037
.4byte 0x0,0x20001,0x2dd0003,0x890088,0x8b008a,0x8d008c,0x8e0089,0x90008f
.4byte 0x890091,0x930092,0x950094,0x960089,0x2e702e6,0x65f02e8,0x6790678,0x89009c
.4byte 0x9e009d,0x6bc009f,0x6604ce,0x2d,0x6630522,0x57405c1,0x61a02b7,0x420000
.4byte 0x5c101a0,0x2b20574,0x5b7,0x1fb0055,0x57405c1,0x20c023c,0x1b00000,0x5810664
.4byte 0x61d05c1,0x66,0x33d0642,0x5c10581,0x3f0665,0x26b0000,0x5810319,0x57405c1
.4byte 0x6be06bd,0x9f00b6,0x8900b7,0x67c067b,0x6690668,0x2fa066a,0x2fc02fb,0xba02fd
.4byte 0xa90089,0xab00aa,0x8900a4,0xad00ac,0xbb00ae,0xb00089,0x8800b1,0x8a0089
.4byte 0x3008b,0x370036,0x38,0x10000,0x30002,0x8802dd,0x8a0089,0x8c008b
.4byte 0x89008d,0x8f008e,0x910090,0x920089,0x940093,0x890095,0x2e60096,0x2e802e7
.4byte 0x678065f,0x9c0679,0x9d0089,0x9f009e,0x54a06bf,0x20c,0x6630522,0x57405c1
.4byte 0x61a02b7,0x420000,0x5c101a0,0x2b20574,0x5b7,0x1fb0055,0x57405c1,0x20c023c
.4byte 0x1b00000,0x5810664,0x61d05c1,0x66,0x33d0642,0x5c10581,0x3f0665,0x26b0000
.4byte 0x5810319,0x69305c1,0xb606c0,0xb7009f,0x67b0089,0x668067c,0x66a0669,0x2fb02fa
.4byte 0x2fd02fc,0x8900ba,0xaa00a9,0xa400ab,0xac0089,0xae00ad,0x8900bb,0xb100b0
.4byte 0x890088,0x8b008a,0x360003,0x380037,0x0,0x20001,0x2dd0003,0x890088
.4byte 0x8b008a,0x8d008c,0x8e0089,0x90008f,0x890091,0x930092,0x950094,0x960089
.4byte 0x2e702e6,0x65f02e8,0x6790678,0x89009c,0x9e009d,0x6c1009f,0x27c06c2,0x5220000
.4byte 0x5c10663,0x2b70574,0x61a,0x1a00042,0x57405c1,0x5b702b2,0x550000,0x5c101fb
.4byte 0x23c0574,0x20c,0x66401b0,0x5c10581,0x66061d,0x6420000,0x581033d,0x66505c1
.4byte 0x3f,0x319026b,0x5c10581,0xe406c3,0x9f00b6,0x8900b7,0x67c067b,0x6690668
.4byte 0x2fa066a,0x2fc02fb,0xba02fd,0xa90089,0xab00aa,0x8900a4,0xad00ac,0xbb00ae
.4byte 0xb00089,0x8800b1,0x8a0089,0x3008b,0x370036,0x38,0x10000,0x30002
.4byte 0x8802dd,0x8a0089,0x8c008b,0x89008d,0x8f008e,0x910090,0x920089,0x940093
.4byte 0x890095,0x2e60096,0x2e802e7,0x678065f,0x9c0679,0x9d0089,0x9f009e,0x629021f
.4byte 0x27,0x6630522,0x57405c1,0x61a02b7,0x420000,0x5c101a0,0x2b20574,0x5b7
.4byte 0x1fb0055,0x57405c1,0x20c023c,0x1b00000,0x5810664,0x61d05c1,0x66,0x33d0642
.4byte 0x5c10581,0x3f0665,0x26b0000,0x5810319,0x3b05c1,0xb6025b,0xb7009f,0x67b0089
.4byte 0x668067c,0x66a0669,0x2fb02fa,0x2fd02fc,0x8900ba,0xaa00a9,0xa400ab,0xac0089
.4byte 0xae00ad,0x8900bb,0xb100b0,0x890088,0x8b008a,0x360003,0x380037,0x0
.4byte 0x20001,0x2dd0003,0x890088,0x8b008a,0x8d008c,0x8e0089,0x90008f,0x890091
.4byte 0x930092,0x950094,0x960089,0x2e702e6,0x65f02e8,0x6790678,0x89009c,0x9e009d
.4byte 0x6c4009f,0x27018d,0x5220000,0x5c10663,0x2b70574,0x61a,0x1a00042,0x57405c1
.4byte 0x5b702b2,0x550000,0x5c101fb,0x23c0574,0x20c,0x66401b0,0x5c10581,0x66061d
.4byte 0x6420000,0x581033d,0x66505c1,0x3f,0x319026b,0x5c10581,0x6c5057a,0x9f00b6
.4byte 0x8900b7,0x67c067b,0x6690668,0x2fa066a,0x2fc02fb,0xba02fd,0xa90089,0xab00aa
.4byte 0x8900a4,0xad00ac,0xbb00ae,0xb00089,0x8800b1,0x8a0089,0x3008b,0x370036
.4byte 0x38,0x10000,0x30002,0x8802dd,0x8a0089,0x8c008b,0x89008d,0x8f008e
.4byte 0x910090,0x920089,0x940093,0x890095,0x2e60096,0x2e802e7,0x678065f,0x9c0679
.4byte 0x9d0089,0x9f009e,0x19f0603,0x2d,0x6630522,0x57405c1,0x61a02b7,0x420000
.4byte 0x5c101a0,0x2b20574,0x5b7,0x1fb0055,0x57405c1,0x20c023c,0x1b00000,0x5810664
.4byte 0x61d05c1,0x66,0x33d0642,0x5c10581,0x3f0665,0x26b0000,0x5810319,0x57405c1
.4byte 0x6c706c6,0xb7009f,0x67b0089,0x668067c,0x66a0669,0x2fb02fa,0x2fd02fc,0x8900ba
.4byte 0xaa00a9,0xa400ab,0xac0089,0xae00ad,0x8900bb,0xb100b0,0x890088,0x8b008a
.4byte 0x360003,0x380037,0x0,0x20001,0x2dd0003,0x890088,0x8b008a,0x8d008c
.4byte 0x8e0089,0x90008f,0x890091,0x930092,0x950094,0x960089,0x2e702e6,0x65f02e8
.4byte 0x6790678,0x89009c,0x9e009d,0x2b2009f,0x2d0066,0x5220000,0x5c10663,0x2b70574
.4byte 0x61a,0x1a00042,0x57405c1,0x5b702b2,0x550000,0x5c101fb,0x23c0574,0x20c
.4byte 0x66401b0,0x5c10581,0x66061d,0x6420000,0x581033d,0x66505c1,0x3f,0x319026b
.4byte 0x5c10581,0x5fd0574,0x9f06c8,0x8900b7,0x67c067b,0x6690668,0x2fa066a,0x2fc02fb
.4byte 0xba02fd,0xa90089,0xab00aa,0x8900a4,0xad00ac,0xbb00ae,0xb00089,0x8800b1
.4byte 0x8a0089,0x3008b,0x370036,0x38,0x10000,0x30002,0x8802dd,0x8a0089
.4byte 0x8c008b,0x89008d,0x8f008e,0x910090,0x920089,0x940093,0x890095,0x2e60096
.4byte 0x2e802e7,0x678065f,0x9c0679,0x9d0089,0x9f009e,0x3400430,0x5220000,0x5c10663
.4byte 0x2b70574,0x61a,0x1a00042,0x57405c1,0x5b702b2,0x550000,0x5c101fb,0x23c0574
.4byte 0x20c,0x66401b0,0x5c10581,0x66061d,0x6420000,0x581033d,0x66505c1,0x3f
.4byte 0x319026b,0x5c10581,0x59400d8,0xb7009f,0x67b0089,0x668067c,0x66a0669,0x2fb02fa
.4byte 0x2fd02fc,0x8900ba,0xaa00a9,0xa400ab,0xac0089,0xae00ad,0x8900bb,0xb100b0
.4byte 0x890088,0x8b008a,0x360003,0x380037,0x0,0x20001,0x2dd0003,0x890088
.4byte 0x8b008a,0x8d008c,0x8e0089,0x90008f,0x890091,0x930092,0x950094,0x960089
.4byte 0x2e702e6,0x65f02e8,0x6790678,0x89009c,0x9e009d,0x4c00d7,0x27c,0x6630522
.4byte 0x57405c1,0x61a02b7,0x420000,0x5c101a0,0x2b20574,0x5b7,0x1fb0055,0x57405c1
.4byte 0x20c023c,0x1b00000,0x5810664,0x61d05c1,0x66,0x33d0642,0x5c10581,0x3f0665
.4byte 0x26b0000,0x5810319,0x5805c1,0x9f0597,0x8900b7,0x67c067b,0x6690668,0x2fa066a
.4byte 0x2fc02fb,0xba02fd,0xa90089,0xab00aa,0x8900a4,0xad00ac,0xbb00ae,0xb00089
.4byte 0x8800b1,0x8a0089,0x3008b,0x370036,0x38,0x10000,0x30002,0x8802dd
.4byte 0x8a0089,0x8c008b,0x89008d,0x8f008e,0x910090,0x920089,0x940093,0x890095
.4byte 0x2e60096,0x2e802e7,0x678065f,0x9c0679,0x9d0089,0xd7009e,0x2706c9,0x5220000
.4byte 0x5c10663,0x2b70574,0x61a,0x1a00042,0x57405c1,0x5b702b2,0x550000,0x5c101fb
.4byte 0x23c0574,0x20c,0x66401b0,0x5c10581,0x66061d,0x6420000,0x581033d,0x66505c1
.4byte 0x3f,0x319026b,0x5c10581,0x101003b,0xb7009f,0x67b0089,0x668067c,0x66a0669
.4byte 0x2fb02fa,0x2fd02fc,0x8900ba,0xaa00a9,0xa400ab,0xac0089,0xae00ad,0x8900bb
.4byte 0xb100b0,0x890088,0x8b008a,0x360003,0x380037,0x0,0x20001,0x2dd0003
.4byte 0x890088,0x8b008a,0x8d008c,0x8e0089,0x90008f,0x890091,0x930092,0x950094
.4byte 0x960089,0x2e702e6,0x65f02e8,0x6790678,0x89009c,0x9e009d,0x44045c,0x27
.4byte 0x6630522,0x57405c1,0x61a02b7,0x420000,0x5c101a0,0x2b20574,0x5b7,0x1fb0055
.4byte 0x57405c1,0x20c023c,0x1b00000,0x5810664,0x61d05c1,0x66,0x33d0642,0x5c10581
.4byte 0x3f0665,0x26b0000,0x5810319,0x57405c1,0x9f0101,0x8900b7,0x67c067b,0x6690668
.4byte 0x2fa066a,0x2fc02fb,0xba02fd,0xa90089,0xab00aa,0x8900a4,0xad00ac,0xbb00ae
.4byte 0xb00089,0x8800b1,0x8a0089,0x3008b,0x370036,0x38,0x10000,0x30002
.4byte 0x8802dd,0x8a0089,0x8c008b,0x89008d,0x8f008e,0x910090,0x920089,0x940093
.4byte 0x890095,0x2e60096,0x2e802e7,0x678065f,0x9c0679,0x9d0089,0x45c009e,0x2d0073
.4byte 0x5220000,0x5c10663,0x2b70574,0x61a,0x1a00042,0x57405c1,0x5b702b2,0x550000
.4byte 0x5c101fb,0x23c0574,0x20c,0x66401b0,0x5c10581,0x66061d,0x6420000,0x581033d
.4byte 0x66505c1,0x3f,0x319026b,0x5c10581,0x1770574,0xb7009f,0x67b0089,0x668067c
.4byte 0x66a0669,0x2fb02fa,0x2fd02fc,0x8900ba,0xaa00a9,0xa400ab,0xac0089,0xae00ad
.4byte 0x8900bb,0xb100b0,0x890088,0x8b008a,0x360003,0x380037,0x0,0x20001
.4byte 0x5c70003,0x2e802e7,0x660065f,0x30661,0x6cb06ca,0x6cd06cc,0x6cf06ce,0x6d006ce
.4byte 0x6d206d1,0x6d406d3,0x6d606d5,0x6d806d7,0x6da06d9,0x6dc06db,0x6de06dd,0x6e006df
.4byte 0x6e206e1,0x6e406e3,0x6e606e5,0x6e806e7,0x6ea06e9,0x6ec06eb,0x66606ed,0x6660003
.4byte 0x6680667,0x66a0669,0x2fb02fa,0x5d002fc,0x360003,0x380037,0x0,0x20001
.4byte 0x5c70003,0x2e802e7,0x660065f,0x30661,0x6ee00e8,0x6f006ef,0x6cf06ce,0x6d006ce
.4byte 0x6d206d1,0x6d406d3,0x6d606d5,0x6d806d7,0x6da06d9,0x6dc06db,0x6de06dd,0x6e006df
.4byte 0x6e206e1,0x6e406e3,0x6e606e5,0x6e806e7,0x6f106e9,0x6f306f2,0x306f4,0x6670666
.4byte 0x6690668,0x2fa066a,0x2fc02fb,0x305d0,0x370036,0x38,0x860000,0x880087
.4byte 0x8a0089,0x6f5008b,0x6f602aa,0x1700029,0x26906f7,0x2a004f9,0x6f80184,0x513051c
.4byte 0x53b0070,0x3b401b1,0x2ff06f9,0x5b304d2,0x38e05fe,0x426007a,0x15a04c1,0x5b50654
.4byte 0x4310397,0x3a60657,0x2e706fa,0x65f02e8,0x6790678,0x89009c,0x6fc06fb,0x6fe06fd
.4byte 0x6cf06ff,0x6cf06ce,0x6d006ce,0x6d206d1,0x6d406d3,0x6d606d5,0x6d806d7,0x6da06d9
.4byte 0x6dc06db,0x6de06dd,0x6e006df,0x6e206e1,0x6e406e3,0x6e606e5,0x6e806e7,0x70006e9
.4byte 0x70106ea,0x7030702,0x890704,0x67c067b,0x6690668,0x2fa066a,0x70502fb,0x5a10706
.4byte 0x2bc043b,0x70703eb,0x33302a0,0x4ce0269,0x11c0708,0x51c040d,0x780385,0x4f00435
.4byte 0x7f03b4,0x40b02ff,0x70a0709,0x6c024a,0x70b0426,0x180034,0x19,0x70d070c
.4byte 0x890088,0x8b008a,0x2200bc,0x0,0x870086,0x890088,0x8b008a,0x527070e
.4byte 0x710070f,0xb00711,0x2a00712,0x7140713,0x7080510,0x40d0505,0x3850489,0x4350715
.4byte 0x7160302,0x7170061,0x3e80718,0x2f070a,0x473007a,0x15a0719,0x3a402e4,0x6fa071a
.4byte 0x2e802e7,0x678065f,0x9c0679,0x71b0089,0x71d071c,0x71f071e,0x6ce06cf,0x6ce06cf
.4byte 0x6d106d0,0x6d306d2,0x6d506d4,0x6d706d6,0x6d906d8,0x6db06da,0x6dd06dc,0x6df06de
.4byte 0x6e106e0,0x6e306e2,0x6e506e4,0x6e706e6,0x6e906e8,0x6ea0700,0x7210720,0x7040722
.4byte 0x67b0089,0x668067c,0x66a0669,0x2fb02fa,0x7230705,0x4300501,0x32e0555,0x4f90269
.4byte 0x1840268,0x51c0267,0x7240513,0x1b1053b,0x6f903b4,0x4d2024a,0x65d03e8,0x7a02ff
.4byte 0x4c10415,0x725002f,0x59705a1,0x7260401,0x72705c2,0x88027f,0x8a0089,0xbc008b
.4byte 0x22,0x860000,0x880087,0x8a0089,0x11a008b,0x72800f4,0x584053f,0x43b060a
.4byte 0x72a0729,0x278060e,0x4bb0184,0x33f051c,0x41b00d5,0x3850489,0x39e06bd,0x72b04d2
.4byte 0x24a065d,0x426045f,0x2f072c,0x40a072d,0x72e0350,0x2e706fa,0x65f02e8,0x6790678
.4byte 0x89009c,0x72f071b,0x71f0730,0x6cf06ce,0x6d006ce,0x6d206d1,0x6d406d3,0x6d606d5
.4byte 0x6d806d7,0x6da06d9,0x6dc06db,0x6de06dd,0x6e006df,0x6e206e1,0x6e406e3,0x6e606e5
.4byte 0x6e806e7,0x70006e9,0x7320731,0x7340733,0x890735,0x67c067b,0x6690668,0x2fa066a
.4byte 0x70502fb,0x36c0736,0x446072a,0x33302a0,0x4ce02a1,0xdc032a,0x442040d,0xd80385
.4byte 0x3020435,0x7380737,0x40b02ff,0x70a0686,0x67702ff,0x3970739,0x31b015a,0x469073a
.4byte 0x3a0574,0x2370394,0x890088,0x8b008a,0x2200bc,0x0,0x870086,0x890088
.4byte 0x8b008a,0x1740545,0x4f802bd,0x73c073b,0x3eb073d,0x1470707,0x3e2073e,0x26804ce
.4byte 0x740073f,0x33f051c,0x53b0741,0x74204f0,0x7430061,0x21d0672,0x2f05fe,0x739045f
.4byte 0x2f0744,0x6fa0497,0x2e802e7,0x678065f,0x9c0679,0x6fb0089,0x7460745,0x6cf0747
.4byte 0x6cf06ce,0x6d006ce,0x6d206d1,0x6d406d3,0x6d606d5,0x6d806d7,0x6da06d9,0x6dc06db
.4byte 0x6de06dd,0x6e006df,0x6e206e1,0x6e406e3,0x6e606e5,0x6e806e7,0x70006e9,0x7490748
.4byte 0x7340733,0x890735,0x67c067b,0x6690668,0x2fa066a,0x70502fb,0x74b074a,0x74d074c
.4byte 0x26804f9,0x4bb04f1,0x513051c,0x53b0724,0x67601b1,0x24a00d1,0x41504d2,0x16705fe
.4byte 0x690007a,0x2f067d,0x5b5066e,0x4b8043b,0x18030a,0x530074e,0x70d001a,0x890088
.4byte 0x8b008a,0x2200bc,0x0,0x870086,0x890088,0x8b008a,0x74f0003,0x2bf0170
.4byte 0x41f0750,0x7510555,0x60e0277,0x1b902a0,0x4ce04bb,0x752033f,0x489041b,0x57b053a
.4byte 0x4d20753,0x17b0676,0x651024a,0x1db0426,0x421002f,0x6fa0754,0x2e802e7,0x678065f
.4byte 0x9c0679,0x9d0089,0x7560755,0x6cf0757,0x6cf06ce,0x6d006ce,0x6d206d1,0x6d406d3
.4byte 0x6d606d5,0x6d806d7,0x6da06d9,0x6dc06db,0x6de06dd,0x6e006df,0x6e206e1,0x6e406e3
.4byte 0x6e606e5,0x6e806e7,0x70006e9,0x7590758,0x7340733,0x890735,0x67c067b,0x6690668
.4byte 0x2fa066a,0x70502fb,0x2b7075a,0x75b02a0,0x4ce04bb,0xd5032a,0x1b1040d,0xc40385
.4byte 0x3020743,0x910415,0x75c02ff,0x70a0690,0x677002f,0x3970426,0x750015a,0x350075d
.4byte 0xbf0459,0x549075e,0x5de00f9,0x890088,0x8b008a,0x2200bc,0x0,0x870086
.4byte 0x890088,0x8b008a,0x75f0545,0x7610760,0xa90762,0x43b0763,0x7640414,0x14705ce
.4byte 0x1ab0765,0x26804f9,0x76604f1,0x53a0510,0x7680767,0x769048e,0x435007f,0x21d04d2
.4byte 0x24a04f6,0x690075c,0x6fa013e,0x2e802e7,0x678065f,0x9c0679,0x76a0089,0x76c076b
.4byte 0x747076d,0x6ce06cf,0x6ce06cf,0x6d106d0,0x6d306d2,0x6d506d4,0x6d706d6,0x6d906d8
.4byte 0x6db06da,0x6dd06dc,0x6df06de,0x6e106e0,0x6e306e2,0x6e506e4,0x6e706e6,0x6e906e8
.4byte 0x7580700,0x76f076e,0x7350734,0x67b0089,0x668067c,0x66a0669,0x2fb02fa,0x7700705
.4byte 0x4f904d8,0x60032a,0x4890267,0x771033f,0x1b1053b,0x1d606a3,0x65202ff,0x5fe0690
.4byte 0x7a002f,0x7720426,0x31b002f,0x43b05b5,0x7740773,0x35c0430,0x7750395,0x7760070
.4byte 0x8804f5,0x8a0089,0xbc008b,0x22,0x860000,0x880087,0x8a0089,0x11a008b
.4byte 0x72800f4,0x777053f,0x3970620,0x6570431,0x14702c3,0x3eb0751,0x268065a,0x2a10778
.4byte 0x51304ce,0x3ad053e,0x7790489,0x53b0181,0x6760302,0x24a0103,0x21d0652,0x26c077a
.4byte 0x2e706fa,0x65f02e8,0x6790678,0x89009c,0x77c077b,0x6cf077d,0x6cf06ce,0x6d006ce
.4byte 0x6d206d1,0x6d406d3,0x6d606d5,0x6d806d7,0x6da06d9,0x6dc06db,0x6de06dd,0x6e006df
.4byte 0x6e206e1,0x6e406e3,0x6e606e5,0x6e806e7,0x77e06e9,0x780077f,0x890735,0x67c067b
.4byte 0x6690668,0x2fa066a,0x70502fb,0x7280781,0x51006f8,0x7820513,0x1b1041b,0x68d0385
.4byte 0x49d0743,0x3930686,0x4510167,0x72c0426,0x783002f,0x3fb0471,0x774015a,0x43b075d
.4byte 0x3eb0784,0x5cd04eb,0x3200066,0x70d0405,0x890088,0x8b008a,0x2200bc,0x0
.4byte 0x870086,0x890088,0x8b008a,0x551029d,0x72e0489,0x7860785,0x725015a,0x43b03a4
.4byte 0x1cc0787,0x43b004c,0x1ab0788,0x2680450,0x40d01b9,0x78904ce,0x3ad078a,0x3850489
.4byte 0x43506f9,0x7370302,0x2ff078b,0x6fa0188,0x2e802e7,0x678065f,0x9c0679,0x7350089
.4byte 0x78d078c,0x6ce078e,0x6ce06cf,0x6d106d0,0x6d306d2,0x6d506d4,0x6d706d6,0x6d906d8
.4byte 0x6db06da,0x6dd06dc,0x6df06de,0x6e106e0,0x6e306e2,0x6e506e4,0x6e706e6,0x6e906e8
.4byte 0x78f0700,0x7910790,0x89076a,0x67c067b,0x6690668,0x2fa066a,0x70502fb,0x7930792
.4byte 0x40d0794,0x33f0489,0x2c90046,0x3b404f0,0x38e01d6,0x4920652,0x2f01db,0x739007a
.4byte 0x2f067d,0x795031b,0x796043b,0x43003eb,0x72e0555,0x1390797,0x4ae0586,0xca06b1
.4byte 0x890088,0x8b008a,0x2200bc,0x0,0x870086,0x890088,0x8b008a,0x1cf06f5
.4byte 0x353059a,0x5a90170,0x40a02a3,0x4b80350,0x6a60798,0x68e0555,0x7070495,0x4640268
.4byte 0x4f902a1,0x600698,0x4890799,0x715053a,0x4f0041b,0xd103b4,0x1d5024a,0x6fa02c1
.4byte 0x2e802e7,0x678065f,0x9c0679,0x7350089,0x79b079a,0x6cd079c,0x6cf06ce,0x6d006ce
.4byte 0x6d206d1,0x6d406d3,0x6d606d5,0x6d806d7,0x6da06d9,0x6dc06db,0x6de06dd,0x6e006df
.4byte 0x6e206e1,0x6e406e3,0x6e606e5,0x6e806e7,0x79d06e9,0x79f079e,0x67b0089,0x668067c
.4byte 0x66a0669,0x2fb02fa,0x7a00705,0x51307a1,0x41b0741,0x67604f0,0x24a00d1,0x391049d
.4byte 0x23007a2,0x7390048,0x2f04c1,0x7950783,0x43103fb,0x37b0774,0x2bc0555,0x4460269
.4byte 0x797043b,0x7a3036e,0x7a40767,0x7a40767,0x4f50193,0x890088,0x8b008a,0x2200bc
.4byte 0x0,0x870086,0x890088,0x8b008a,0x1d07a5,0x1e0000,0x7a60277,0x73907a7
.4byte 0x2f0744,0x3f1060c,0x4200021,0x41f0774,0x32e043b,0x63501ab,0x2af0268,0x4ce05d4
.4byte 0x7940698,0x489040d,0x5fd033f,0x4f00435,0xee03e8,0x2e706fa,0x65f02e8,0x6790678
.4byte 0x89009c,0x735076a,0x7a907a8,0x6cd07aa,0x6cf06ce,0x6d006ce,0x6d206d1,0x6d406d3
.4byte 0x6d606d5,0x6d806d7,0x6da06d9,0x6dc06db,0x6de06dd,0x6e006df,0x6e206e1,0x6e406e3
.4byte 0x6e606e5,0x6e806e7,0x70006e9,0x7ab06ea,0x7ad07ac,0x89076a,0x67c067b,0x6690668
.4byte 0x2fa066a,0x70502fb,0x2f07ae,0x3850489,0x435006b,0x7370302,0x2ff0427,0x1fd07af
.4byte 0x167070b,0x40a072d,0x43107b0,0x763031b,0x773043b,0x430072a,0x8102a0,0x4f90269
.4byte 0x5cd04eb,0x3200066,0x70d02e2,0x890088,0x8b008a,0x2200bc,0x0,0x870086
.4byte 0x890088,0x8b008a,0x7b104ed,0x21e004a,0x64a07a6,0x2f01db,0x40c0421,0x4b80350
.4byte 0x6a607b2,0x68e043b,0x43c0495,0x32e0268,0x7b407b3,0x15307b5,0x55a03c0,0x7410513
.4byte 0x1b1041b,0x1620676,0x6fa0029,0x2e802e7,0x678065f,0x9c0679,0x7350089,0x7b707b6
.4byte 0x6cd07b8,0x6cf06ce,0x6d006ce,0x6d206d1,0x6d406d3,0x6d606d5,0x6d806d7,0x6da06d9
.4byte 0x6dc06db,0x6de06dd,0x6e006df,0x6e206e1,0x6e406e3,0x6e606e5,0x6e806e7,0x7b906e9
.4byte 0x7bb07ba,0x89076a,0x67c067b,0x6690668,0x2fa066a,0x70502fb,0x4d50781,0x302053b
.4byte 0x1030676,0x4d2024a,0x7bc021d,0x820230,0x7be07bd,0x725002f,0x3fb07bf,0x495067e
.4byte 0x268005f,0x3e202bc,0x2a00446,0x4bb075b,0x139035c,0x4ae0586,0xca05ae,0x890088
.4byte 0x8b008a,0x2200bc,0x0,0x870086,0x890088,0x8b008a,0x51c029a,0x5bd0442
.4byte 0x39d0170,0x451024a,0x14b0690,0x60c0230,0x35007c0,0x65e0431,0x43b041f,0x1ab0784
.4byte 0x278043c,0x7c207c1,0x32a04ce,0x7660752,0x33f0489,0x53b07a3,0x6fa0640,0x2e802e7
.4byte 0x678065f,0x9c0679,0x7350089,0x7c407c3,0x6cd071e,0x6cf06ce,0x6d006ce,0x6d206d1
.4byte 0x6d406d3,0x6d606d5,0x6d806d7,0x6da06d9,0x6dc06db,0x6de06dd,0x6e006df,0x6e206e1
.4byte 0x6e406e3,0x6e606e5,0x6e806e7,0x70006e9,0x7c506ea,0x7c707c6,0x89076a,0x67c067b
.4byte 0x6690668,0x2fa066a,0x70502fb,0x78907c8,0x43506f9,0x73704d2,0x24a0393,0x6900457
.4byte 0x2300744,0x7c902e0,0x4310397,0x29e031b,0x73d03fb,0x43c01ab,0x810278,0x4f907ca
.4byte 0x184032a,0x36e0459,0x17a07a3,0x4f50193,0x890088,0x8b008a,0x2200bc,0x0
.4byte 0x870086,0x890088,0x8b008a,0x7cc07cb,0x776017a,0x7cd0785,0x21d07af,0x23007ce
.4byte 0x40c0082,0x4b80397,0x763066e,0x79603fb,0x4300495,0x2bc02a0,0x7cf07ca,0x15302a0
.4byte 0x51004bb,0x7d0032a,0x1b1041b,0x6fa0284,0x2e802e7,0x678065f,0x9c0679,0x7d10089
.4byte 0x6cc07d2,0x6ce06cd,0x6ce06cf,0x6d106d0,0x6d306d2,0x6d506d4,0x6d706d6,0x6d906d8
.4byte 0x6db06da,0x6dd06dc,0x6df06de,0x6e106e0,0x6e306e2,0x6e506e4,0x6e706e6,0x6e906e8
.4byte 0x7d306ea,0x7d507d4,0x67b0089,0x668067c,0x66a0669,0x2fb02fa,0x7a00705,0x6760157
.4byte 0x24a0091,0x21d07d6,0x2f01db,0x7bd0048,0x4b807d7,0x1ec068f,0x2da043b,0x4300495
.4byte 0x32e043b,0x4a6074d,0x15305c0,0x51006f8,0x30a0268,0x6605cd,0x2e20320,0x88070d
.4byte 0x8a0089,0xbc008b,0x22,0x860000,0x880087,0x8a0089,0x475008b,0x12404a7
.4byte 0x59602db,0x78b0737,0x65102ff,0x14b01fd,0x2a3002f,0x39707c9,0x65e0431,0x43b037b
.4byte 0x72a0673,0x278043c,0x74d07c1,0x26804f9,0x267073f,0x513051c,0x6fa02bf,0x2e802e7
.4byte 0x678065f,0x9c0679,0x8e0089,0x7d907d8,0x6ce06f0,0x6ce06cf,0x6d106d0,0x6d306d2
.4byte 0x6d506d4,0x6d706d6,0x6d906d8,0x6db06da,0x6dd06dc,0x6df06de,0x6e106e0,0x6e306e2
.4byte 0x6e506e4,0x6e706e6,0x6e906e8,0x7db07da,0x73507dc,0x67b0089,0x668067c,0x66a0669
.4byte 0x2fb02fa,0x7dd0705,0x66d07de,0x7df0737,0x45f024a,0x7e00426,0x2e0002f,0x35003fe
.4byte 0x7500431,0x43b041f,0x1ab0784,0x2680707,0x5d407c1,0x69804f9,0x40d0752,0x73a0489
.4byte 0x5d10139,0x5a405d6,0x8800ca,0x8a0089,0xbc008b,0x22,0x860000,0x880087
.4byte 0x8a0089,0x3008b,0x27f074f,0xd102a0,0x1d5024a,0x7e10391,0x480167,0x68b0739
.4byte 0x23002f,0x3fb07e2,0x4950431,0x2a0005f,0x72a02bc,0x2a004a6,0x2a101b9,0x32a0510
.4byte 0x50100dc,0x2e706fa,0x65f02e8,0x6790678,0x89009c,0x7e407e3,0x6cf07e5,0x6cf06ce
.4byte 0x6d006ce,0x6d206d1,0x6d406d3,0x6d606d5,0x6d806d7,0x6da06d9,0x6dc06db,0x6de06dd
.4byte 0x6e006df,0x6e206e1,0x6e406e3,0x6e606e5,0x6e806e7,0x77e06e9,0x7e707e6,0x890735
.4byte 0x67c067b,0x6690668,0x2fa066a,0x70502fb,0x7e907e8,0x75c024a,0x72c021d,0x1ae002f
.4byte 0x3970471,0x7ea04b8,0x43b035f,0x495068e,0x268043c,0x2a107eb,0x6980450,0x7ec0153
.4byte 0x513055a,0x53b0741,0xd70597,0x72403a6,0x4f507ed,0x890088,0x8b008a,0x2200bc
.4byte 0x0,0x870086,0x890088,0x8b008a,0x45404f2,0x12404a7,0x7ee0170,0x3020435
.4byte 0x42703e8,0x7d6038e,0x6820492,0x6c002f,0x67d0471,0x65e015a,0x43b07bf,0x72a0773
.4byte 0x2a0043c,0x1ab074c,0x26804f9,0x2670184,0x6fa07ef,0x2e802e7,0x678065f,0x9c0679
.4byte 0x7f00089,0x7f207f1,0x6cf06ce,0x6d006ce,0x6d206d1,0x6d406d3,0x6d606d5,0x6d806d7
.4byte 0x6da06d9,0x6dc06db,0x6de06dd,0x6e006df,0x6e206e1,0x6e406e3,0x6e606e5,0x6e806e7
.4byte 0x77e06e9,0x7f407f3,0x890791,0x67c067b,0x6690668,0x2fa066a,0x70502fb,0x71607f5
.4byte 0x2f05fe,0x426007a,0x2f068b,0x7f60654,0x7870350,0x4c0764,0x729043b,0x65a01ab
.4byte 0x3330268,0x4ce0267,0x79407f7,0x48903ad,0x7f80385,0x180034,0x530074e,0x70d001a
.4byte 0x890088,0x8b008a,0x2200bc,0x0,0x870086,0x890088,0x8b008a,0x7710221
.4byte 0x74107f9,0x7f907fa,0x7fa0741,0x7fa0741,0x7ed07f9,0x5020785,0x67601b1,0x2ff0162
.4byte 0x391049d,0x16707bc,0x739045f,0x2f0037,0x40a0783,0x43103fb,0x7d0495,0x2bc0555
.4byte 0x63503eb,0x77802a0,0x510074d,0x6fa0135,0x2e802e7,0x678065f,0x9c0679,0x7fb0089
.4byte 0x7fd07fc,0x6cf06ce,0x6d006ce,0x6d206d1,0x6d406d3,0x6d606d5,0x6d806d7,0x6da06d9
.4byte 0x6dc06db,0x6de06dd,0x6e006df,0x6e206e1,0x6e406e3,0x6e606e5,0x6e806e7,0x70006e9
.4byte 0x7ff07fe,0x890800,0x67c067b,0x6690668,0x2fa066a,0x70502fb,0x3920801,0x682021d
.4byte 0x72d015a,0x39705b5,0x7b20431,0x147035f,0x3eb0802,0x2680712,0x2a104ba,0x32a04f9
.4byte 0x3ad04f1,0x789055a,0x53b0803,0x6ab0302,0x47b0214,0x5c300e2,0x5de038d,0x890088
.4byte 0x8b008a,0x2200bc,0x0,0x870086,0x890088,0x8b008a,0x442029a,0x2db05bd
.4byte 0x33f0254,0x53b07a3,0x80404f0,0x2ff0427,0x6900805,0x2f05fe,0x739006c,0x2f067d
.4byte 0x7950750,0x773043b,0x4300495,0x7eb043b,0x60e0269,0x44f02a0,0x2e706fa,0x65f02e8
.4byte 0x6790678,0x89009c,0x806076a,0x8080807,0x6cf06ce,0x6d006ce,0x6d206d1,0x6d406d3
.4byte 0x6d606d5,0x6d806d7,0x6da06d9,0x6dc06db,0x6de06dd,0x6e006df,0x6e206e1,0x6e406e3
.4byte 0x6e606e5,0x6e806e7,0x80906e9,0x80b080a,0x67b0089,0x668067c,0x66a0669,0x2fb02fa
.4byte 0x80c0705,0x6c06af,0x7b00426,0x725015a,0x43b0763,0x7640420,0x1470670,0x1ab080d
.4byte 0x26804f9,0x26701b9,0x51304ce,0x3ad080e,0x53a0489,0x435006b,0x80f04d2,0x57400c3
.4byte 0x126003a,0x880237,0x8a0089,0xbc008b,0x22,0x860000,0x880087,0x8a0089
.4byte 0x810008b,0x320020c,0x21e01fa,0x8110711,0x41b07d0,0x38501b1,0x2ff068d,0x4150302
.4byte 0x2f0363,0x426045f,0x2f0037,0x7390783,0x431043b,0x7d0774,0x784043b,0x7070495
.4byte 0x71302a0,0x6fa0812,0x2e802e7,0x678065f,0x9c0679,0x8130089,0x6cc0814,0x6cf06ce
.4byte 0x6d006ce,0x6d206d1,0x6d406d3,0x6d606d5,0x6d806d7,0x6da06d9,0x6dc06db,0x6de06dd
.4byte 0x6e006df,0x6e206e1,0x6e406e3,0x6e606e5,0x6e806e7,0x81506e9,0x81607c6,0x890735
.4byte 0x67c067b,0x6690668,0x2fa066a,0x70502fb,0x5660817,0x725002f,0x39705b5,0x657067e
.4byte 0x555029e,0x2790818,0x2a0063a,0x2a10239,0x32a04ce,0x40d0060,0x53a0489,0x7680181
.4byte 0x6760302,0x2ff0738,0x1800b6,0x19,0x70d070c,0x890088,0x8b008a,0x2200bc
.4byte 0x0,0x870086,0x890088,0x8b008a,0x1a90819,0x1ab0320,0x5330170,0x51c0267
.4byte 0x7f80513,0x1b1053b,0xd1037e,0x66d024a,0x5fe0415,0x7a002f,0x7b00690,0x31b002f
.4byte 0x43b0795,0x7740773,0x43b0430,0x72a0729,0x6fa081a,0x2e802e7,0x678065f,0x9c0679
.4byte 0x81b0089,0x81d081c,0x6ce06cf,0x6ce06cf,0x6d106d0,0x6d306d2,0x6d506d4,0x6d706d6
.4byte 0x6d906d8,0x6db06da,0x6dd06dc,0x6df06de,0x6e106e0,0x6e306e2,0x6e506e4,0x6e706e6
.4byte 0x6e906e8,0x81e07da,0x735081f,0x67b0089,0x668067c,0x66a0669,0x2fb02fa,0x8200705
.4byte 0x3970426,0x66e015a,0x43b075d,0x77402da,0x147004c,0x2770821,0x2680609,0x2670184
.4byte 0x33f0510,0x53b07f9,0x822048e,0x39e007f,0x737065b,0x340427,0x57400c3,0x126003a
.4byte 0x880237,0x8a0089,0xbc008b,0x22,0x8230000,0x8250824,0x8270826,0x8290828
.4byte 0x82b082a,0x82d082c,0x82f082e,0x8310830,0x2d20436,0x8320644,0x51003c8,0x833032a
.4byte 0x1b103ad,0x6930385,0x302024a,0x17b021d,0x45102ff,0x370415,0x7250167,0x3970739
.4byte 0x6570431,0x43b037b,0x3eb073d,0x25e0707,0x2e706fa,0x65f02e8,0x6790678,0x89009c
.4byte 0x834077b,0x6ce0835,0x6ce06cf,0x6d106d0,0x6d306d2,0x6d506d4,0x6d706d6,0x6d906d8
.4byte 0x6db06da,0x6dd06dc,0x6df06de,0x6e106e0,0x6e306e2,0x6e506e4,0x6e706e6,0x6e906e8
.4byte 0x836077e,0x7910837,0x67b0089,0x668067c,0x66a0669,0x2fb02fa,0x8380705,0x5b50497
.4byte 0x796043b,0x4300750,0x729043b,0x83a0839,0x2180278,0x51004bb,0x83b024b,0x489041b
.4byte 0x1810385,0x4d2039e,0x6800742,0x75c024a,0x9e0620,0xe20143,0xf905c3,0x83d083c
.4byte 0x83f083e,0x8410840,0x8430842,0x22,0x8440000,0x8460845,0x8480847,0x84a0849
.4byte 0x84c084b,0x2e8084d,0x84f084e,0x4670850,0x42b01e4,0x1450584,0x1840268,0x51c0267
.4byte 0x851053a,0x1b1053b,0x6f903b4,0x4d2024a,0x5fe0415,0x7a02ff,0x67d0690,0x852015a
.4byte 0x3970795,0x7500796,0x555041f,0x6fa0853,0x2e802e7,0x678065f,0x9c0679,0x8540089
.4byte 0x8560855,0x6cf06ce,0x6d006ce,0x6d206d1,0x6d406d3,0x6d606d5,0x6d806d7,0x6da06d9
.4byte 0x6dc06db,0x6de06dd,0x6e006df,0x6e206e1,0x6e406e3,0x6e606e5,0x6e806e7,0x70006e9
.4byte 0x7e70857,0x76a0800,0x67b0089,0x668067c,0x66a0669,0x2fb02fa,0x7360705,0x7500858
.4byte 0x43b075d,0x4950784,0x555066b,0x72a04ba,0x7080609,0x40d0137,0x33f051c,0x53b0859
.4byte 0x85a04f0,0x85b007f,0x3e80613,0x24a05fe,0x80f007a,0x500018,0x405085c,0x85d070d
.4byte 0x2fa085e,0x85f066a,0x8610860,0x22,0x8440000,0x8460845,0x8480847,0x84a0849
.4byte 0x84c084b,0x2e8084d,0x84f084e,0x8630862,0xfd0864,0x2b40090,0x74d01b9,0x32a0510
.4byte 0x40d00dc,0x38501b1,0x24a0865,0x7370302,0x2ff0091,0x3910718,0x2f072c,0x739072d
.4byte 0x15a0397,0x1ec0866,0x420043b,0x6fa0307,0x2e802e7,0x678065f,0x9c0679,0x78c0089
.4byte 0x8680867,0x6ce06cd,0x6ce06cf,0x6d106d0,0x6d306d2,0x6d506d4,0x6d706d6,0x6d906d8
.4byte 0x6db06da,0x6dd06dc,0x6df06de,0x6e106e0,0x6e306e2,0x6e506e4,0x6e706e6,0x6e906e8
.4byte 0x8690700,0x800086a,0x89076a,0x67c067b,0x6690668,0x2fa066a,0x70502fb,0x168086b
.4byte 0x4950773,0x43b0430,0x3eb032e,0x2a0086c,0x7c20218,0x513051c,0x41b059c,0x6760489
.4byte 0x43506bd,0x5b304d2,0x38e065d,0x21d045f,0x167072c,0x36e0214,0x7a40046,0x27e086d
.4byte 0x85e085d,0x66a02fa,0x860085f,0x220861,0x0,0x8240823,0x8260825,0x8280827
.4byte 0x82a0829,0x82c082b,0x82e082d,0x830082f,0x3086e,0x170074f,0x26906f7,0x2a004f9
.4byte 0x6f80184,0x513051c,0x53b0070,0x3b401b1,0x2ff06f9,0x5b304d2,0x38e05fe,0x426007a
.4byte 0x15a04c1,0x5b50654,0x4310397,0x3a60657,0x2e706fa,0x65f02e8,0x6790678,0x89009c
.4byte 0x79a0735,0x870086f,0x6ce06cd,0x6ce06cf,0x6d106d0,0x6d306d2,0x6d506d4,0x6d706d6
.4byte 0x6d906d8,0x6db06da,0x6dd06dc,0x6df06de,0x6e106e0,0x6e306e2,0x6e506e4,0x6e706e6
.4byte 0x6e906e8,0x6e80700,0x8720871,0x890873,0x67c067b,0x6690668,0x2fa066a,0x70502fb
.4byte 0x5a10706,0x2bc043b,0x70703eb,0x33302a0,0x4ce0269,0x11c0708,0x51c040d,0x780385
.4byte 0x4f00435,0x7f03b4,0x40b02ff,0x70a0709,0x6c024a,0x70b0426,0x1a30034,0x2bd0174
.4byte 0x8750874,0x83e083d,0x840083f,0x8420841,0x220843,0x0,0x8240823,0x8260825
.4byte 0x8280827,0x82a0829,0x82c082b,0x82e082d,0x830082f,0x8770876,0xfd04ae,0xb00711
.4byte 0x2a00712,0x7140713,0x7080510,0x40d0505,0x3850489,0x4350715,0x7160302,0x7170061
.4byte 0x3e80718,0x2f070a,0x473007a,0x15a0719,0x3a402e4,0x6fa071a,0x2e802e7,0x678065f
.4byte 0x9c0679,0x76a0089,0x8780735,0x87a0879,0x6ce06cd,0x6ce06cf,0x6d106d0,0x6d306d2
.4byte 0x6d506d4,0x6d706d6,0x6d906d8,0x6db06da,0x6dd06dc,0x6df06de,0x6e106e0,0x6e306e2
.4byte 0x6e506e4,0x6e706e6,0x6e906e8,0x6ea0700,0x7ac07ab,0x76a087b,0x67b0089,0x668067c
.4byte 0x66a0669,0x2fb02fa,0x7230705,0x4300501,0x32e0555,0x4f90269,0x1840268,0x51c0267
.4byte 0x7240513,0x1b1053b,0x6f903b4,0x4d2024a,0x65d03e8,0x7a02ff,0x4c10415,0x725002f
.4byte 0x59705a1,0x19f0200,0x190004a,0x83d087c,0x83f083e,0x8410840,0x8430842,0x22
.4byte 0x8440000,0x8460845,0x8480847,0x84a0849,0x84c084b,0x2e8084d,0x84f084e,0x87d0850
.4byte 0x87f087e,0x60a0584,0x729043b,0x60e072a,0x1840278,0x51c04bb,0xd5033f,0x489041b
.4byte 0x6bd0385,0x4d2039e,0x65d072b,0x45f024a,0x72c0426,0x72d002f,0x350040a,0x6fa072e
.4byte 0x2e802e7,0x678065f,0x9c0679,0x7350089,0x8810880,0x6cd0808,0x6cf06ce,0x6d006ce
.4byte 0x6d206d1,0x6d406d3,0x6d606d5,0x6d806d7,0x6da06d9,0x6dc06db,0x6de06dd,0x6e006df
.4byte 0x6e206e1,0x6e406e3,0x6e606e5,0x6e806e7,0x6ea06e9,0x8830882,0x76a07bb,0x67b0089
.4byte 0x668067c,0x66a0669,0x2fb02fa,0x7360705,0x72a036c,0x2a00446,0x2a10333,0x32a04ce
.4byte 0x40d00dc,0x3850442,0x43500d8,0x7370302,0x2ff0738,0x686040b,0x2ff070a,0x7390677
.4byte 0x15a0397,0x73a031b,0x884066f,0x88503e1,0x85d0583,0x2fa085e,0x85f066a,0x8610860
.4byte 0x22,0x8440000,0x8460845,0x8480847,0x84a0849,0x84c084b,0x2e8084d,0x84f084e
.4byte 0x5560886,0x2905ad,0x73c073b,0x3eb073d,0x1470707,0x3e2073e,0x26804ce,0x740073f
.4byte 0x33f051c,0x53b0741,0x74204f0,0x7430061,0x21d0672,0x2f05fe,0x739045f,0x2f0744
.4byte 0x6fa0497,0x2e802e7,0x678065f,0x9c0679,0x76a0089,0x8870735,0x71e0888,0x6ce06cd
.4byte 0x6ce06cf,0x6d106d0,0x6d306d2,0x6d506d4,0x6d706d6,0x6d906d8,0x6db06da,0x6dd06dc
.4byte 0x6df06de,0x6e106e0,0x6e306e2,0x6e506e4,0x6e706e6,0x6e906e8,0x6ea0700,0x88a0889
.4byte 0x76a0816,0x67b0089,0x668067c,0x66a0669,0x2fb02fa,0x74a0705,0x74c074b,0x4f9074d
.4byte 0x4f10268,0x51c04bb,0x7240513,0x1b1053b,0xd10676,0x4d2024a,0x5fe0415,0x7a0167
.4byte 0x67d0690,0x66e002f,0x43b05b5,0x30a04b8,0x88b00e8,0x6a5047f,0x85d01a3,0x2fa085e
.4byte 0x85f066a,0x8610860,0x22,0x8230000,0x8250824,0x8270826,0x8290828,0x82b082a
.4byte 0x82d082c,0x82f082e,0x88c0830,0x1d,0x277001e,0x2bf0170,0x41f0750,0x7510555
.4byte 0x60e0277,0x1b902a0,0x4ce04bb,0x752033f,0x489041b,0x57b053a,0x4d20753,0x17b0676
.4byte 0x651024a,0x1db0426,0x421002f,0x6fa0754,0x2e802e7,0x678065f,0x9c0679,0x7350089
.4byte 0x88e088d,0x6cd06cc,0x6cf06ce,0x6d006ce,0x6d206d1,0x6d406d3,0x6d606d5,0x6d806d7
.4byte 0x6da06d9,0x6dc06db,0x6de06dd,0x6e006df,0x6e206e1,0x6e406e3,0x6e606e5,0x6e806e7
.4byte 0x6ea06e9,0x890088f,0x76a0891,0x67b0089,0x668067c,0x66a0669,0x2fb02fa,0x75a0705
.4byte 0x2a002b7,0x4bb075b,0x32a04ce,0x40d00d5,0x38501b1,0x74300c4,0x4150302,0x2ff0091
.4byte 0x690075c,0x2f070a,0x4260677,0x15a0397,0x75d0750,0x4590350,0x30b0892,0x6c05ad
.4byte 0x83d0893,0x83f083e,0x8410840,0x8430842,0x22,0x8230000,0x8250824,0x8270826
.4byte 0x8290828,0x82b082a,0x82d082c,0x82f082e,0x8940830,0x1dc064c,0x7620353,0x76300a9
.4byte 0x414043b,0x5ce0764,0x7650147,0x4f901ab,0x4f10268,0x5100766,0x767053a,0x48e0768
.4byte 0x7f0769,0x4d20435,0x4f6021d,0x75c024a,0x13e0690,0x2e706fa,0x65f02e8,0x6790678
.4byte 0x89009c,0x8960895,0x6cd0897,0x6cf06ce,0x6d006ce,0x6d206d1,0x6d406d3,0x6d606d5
.4byte 0x6d806d7,0x6da06d9,0x6dc06db,0x6de06dd,0x6e006df,0x6e206e1,0x6e406e3,0x6e606e5
.4byte 0x6e806e7,0x6ea06e9,0x8990898,0x89089a,0x67c067b,0x6690668,0x2fa066a,0x70502fb
.4byte 0x4d80770,0x32a04f9,0x2670060,0x33f0489,0x53b0771,0x6a301b1,0x2ff01d6,0x6900652
.4byte 0x2f05fe,0x426007a,0x2f0772,0x5b5031b,0x773043b,0x4300774,0x389035c,0x2d20436
.4byte 0x89301f1,0x83e083d,0x840083f,0x8420841,0x220843,0x0,0x8450844,0x8470846
.4byte 0x8490848,0x84b084a,0x84d084c,0x84e02e8,0x89b084f,0x70f0616,0x89c0157,0x6200777
.4byte 0x4310397,0x2c30657,0x7510147,0x65a03eb,0x7780268,0x4ce02a1,0x53e0513,0x48903ad
.4byte 0x1810779,0x302053b,0x1030676,0x652024a,0x77a021d,0x6fa026c,0x2e802e7,0x678065f
.4byte 0x9c0679,0x89d0089,0x7d9089e,0x6ce06f0,0x6ce06cf,0x6d106d0,0x6d306d2,0x6d506d4
.4byte 0x6d706d6,0x6d906d8,0x6db06da,0x6dd06dc,0x6df06de,0x6e106e0,0x6e306e2,0x6e506e4
.4byte 0x6e706e6,0x6e906e8,0x8a0089f,0x73508a1,0x67b0089,0x668067c,0x66a0669,0x2fb02fa
.4byte 0x7810705,0x6f80728,0x5130510,0x41b0782,0x38501b1,0x743068d,0x686049d,0x1670393
.4byte 0x4260451,0x2f072c,0x4710783,0x15a03fb,0x75d0774,0x784043b,0x4eb03eb,0x1100003
.4byte 0x85d02dd,0x2fa085e,0x85f066a,0x8610860,0x22,0x8440000,0x8460845,0x8480847
.4byte 0x84a0849,0x84c084b,0x2e8084d,0x84f084e,0x8a308a2,0xe208a4,0x7860785,0x725015a
.4byte 0x43b03a4,0x1cc0787,0x43b004c,0x1ab0788,0x2680450,0x40d01b9,0x78904ce,0x3ad078a
.4byte 0x3850489,0x43506f9,0x7370302,0x2ff078b,0x6fa0188,0x2e802e7,0x678065f,0x9c0679
.4byte 0x7e30089,0x8a608a5,0x6ce06cf,0x6ce06cf,0x6d106d0,0x6d306d2,0x6d506d4,0x6d706d6
.4byte 0x6d906d8,0x6db06da,0x6dd06dc,0x6df06de,0x6e106e0,0x6e306e2,0x6e506e4,0x6e706e6
.4byte 0x6e906e8,0x8a808a7,0x73508a9,0x67b0089,0x668067c,0x66a0669,0x2fb02fa,0x7920705
.4byte 0x7940793,0x489040d,0x46033f,0x4f002c9,0x1d603b4,0x652038e,0x1db0492,0x7a002f
.4byte 0x67d0739,0x31b002f,0x43b0795,0x3eb0796,0x5550430,0x797072e,0x45e0223,0x4b0489
.4byte 0x85d0583,0x2fa085e,0x85f066a,0x8610860,0x22,0x8230000,0x8250824,0x8270826
.4byte 0x8290828,0x82b082a,0x82d082c,0x82f082e,0x8aa0830,0xe80003,0x300003,0xe80003
.4byte 0x170074f,0x2a305a9,0x350040a,0x79804b8,0x55506a6,0x495068e,0x2680707,0x2a10464
.4byte 0x69804f9,0x7990060,0x53a0489,0x41b0715,0x3b404f0,0x24a00d1,0x2c101d5,0x2e706fa
.4byte 0x65f02e8,0x6790678,0x89009c,0x8ac08ab,0x6cf0868,0x6cf06ce,0x6d006ce,0x6d206d1
.4byte 0x6d406d3,0x6d606d5,0x6d806d7,0x6da06d9,0x6dc06db,0x6de06dd,0x6e006df,0x6e206e1
.4byte 0x6e406e3,0x6e606e5,0x6e806e7,0x77e06e9,0x8ae08ad,0x890735,0x67c067b,0x6690668
.4byte 0x2fa066a,0x70502fb,0x7a107a0,0x7410513,0x4f0041b,0xd10676,0x49d024a,0x7a20391
.4byte 0x480230,0x4c10739,0x783002f,0x3fb0795,0x7740431,0x555037b,0x26902bc,0x43b0446
.4byte 0x2000797,0x4a019f,0x87c08af,0x83e083d,0x840083f,0x8420841,0x220843,0x0
.4byte 0x8240823,0x8260825,0x8280827,0x82a0829,0x82c082b,0x82e082d,0x830082f,0x45408b0
.4byte 0x12404a7,0x7a707a6,0x7440739,0x60c002f,0x2103f1,0x7740420,0x43b041f,0x1ab032e
.4byte 0x2680635,0x5d402af,0x69804ce,0x40d0794,0x33f0489,0x43505fd,0x3e804f0,0x6fa00ee
.4byte 0x2e802e7,0x678065f,0x9c0679,0x8b10089,0x87008b2,0x6cf06ce,0x6d006ce,0x6d206d1
.4byte 0x6d406d3,0x6d606d5,0x6d806d7,0x6da06d9,0x6dc06db,0x6de06dd,0x6e006df,0x6e206e1
.4byte 0x6e406e3,0x6e606e5,0x6e806e7,0x77e06e9,0x8b408b3,0x890800,0x67c067b,0x6690668
.4byte 0x2fa066a,0x70502fb,0x2f07ae,0x3850489,0x435006b,0x7370302,0x2ff0427,0x1fd07af
.4byte 0x167070b,0x40a072d,0x43107b0,0x763031b,0x773043b,0x430072a,0x8102a0,0x4f90269
.4byte 0xf104eb,0x4a70454,0x875047e,0x83e083d,0x840083f,0x8420841,0x220843,0x0
.4byte 0x8450844,0x8470846,0x8490848,0x84b084a,0x84d084c,0x84e02e8,0x850084f,0x87e08b5
.4byte 0x7a6087f,0x1db064a,0x421002f,0x350040c,0x7b204b8,0x43b06a6,0x495068e,0x268043c
.4byte 0x7b3032e,0x7b507b4,0x3c00153,0x513055a,0x41b0741,0x67601b1,0x290162,0x2e706fa
.4byte 0x65f02e8,0x6790678,0x89009c,0x7a908b6,0x6ce07aa,0x6ce06cf,0x6d106d0,0x6d306d2
.4byte 0x6d506d4,0x6d706d6,0x6d906d8,0x6db06da,0x6dd06dc,0x6df06de,0x6e106e0,0x6e306e2
.4byte 0x6e506e4,0x6e706e6,0x6e906e8,0x8b70700,0x8b908b8,0x67b0089,0x668067c,0x66a0669
.4byte 0x2fb02fa,0x7810705,0x53b04d5,0x6760302,0x24a0103,0x21d04d2,0x23007bc,0x7bd0082
.4byte 0x2f07be,0x7bf0725,0x67e03fb,0x5f0495,0x2bc0268,0x44603e2,0x75b02a0,0x35c04bb
.4byte 0x3a600d7,0x7ed0724,0x85d04f5,0x2fa085e,0x85f066a,0x8610860,0x22,0x8440000
.4byte 0x8460845,0x8480847,0x84a0849,0x84c084b,0x2e8084d,0x84f084e,0x2aa08ba,0x2906f6
.4byte 0x39d0170,0x451024a,0x14b0690,0x60c0230,0x35007c0,0x65e0431,0x43b041f,0x1ab0784
.4byte 0x278043c,0x7c207c1,0x32a04ce,0x7660752,0x33f0489,0x53b07a3,0x6fa0640,0x2e802e7
.4byte 0x678065f,0x9c0679,0x8bb0089,0x80808bc,0x6cf06ce,0x6d006ce,0x6d206d1,0x6d406d3
.4byte 0x6d606d5,0x6d806d7,0x6da06d9,0x6dc06db,0x6de06dd,0x6e006df,0x6e206e1,0x6e406e3
.4byte 0x6e606e5,0x6e806e7,0x8bd06e9,0x87308be,0x67b0089,0x668067c,0x66a0669,0x2fb02fa
.4byte 0x7c80705,0x6f90789,0x4d20435,0x3930737,0x457024a,0x7440690,0x2e00230,0x39707c9
.4byte 0x31b0431,0x3fb029e,0x1ab073d,0x278043c,0x7ca0081,0x32a04f9,0x4590184,0x190018
.4byte 0x70c0000,0x85d070d,0x2fa085e,0x85f066a,0x8610860,0x22,0x8230000,0x8250824
.4byte 0x8270826,0x8290828,0x82b082a,0x82d082c,0x82f082e,0x88c0830,0x1d,0x277001e
.4byte 0x7cd0785,0x21d07af,0x23007ce,0x40c0082,0x4b80397,0x763066e,0x79603fb,0x4300495
.4byte 0x2bc02a0,0x7cf07ca,0x15302a0,0x51004bb,0x7d0032a,0x1b1041b,0x6fa0284,0x2e802e7
.4byte 0x678065f,0x9c0679,0x8bf0089,0x7b808c0,0x6cf06ce,0x6d006ce,0x6d206d1,0x6d406d3
.4byte 0x6d606d5,0x6d806d7,0x6da06d9,0x6dc06db,0x6de06dd,0x6e006df,0x6e206e1,0x6e406e3
.4byte 0x6e606e5,0x6e806e7,0x8c106e9,0x8c308c2,0x67b0089,0x668067c,0x66a0669,0x2fb02fa
.4byte 0x7a00705,0x6760157,0x24a0091,0x21d07d6,0x2f01db,0x7bd0048,0x4b807d7,0x1ec068f
.4byte 0x2da043b,0x4300495,0x32e043b,0x4a6074d,0x15305c0,0x51006f8,0x30a0268,0x3b009f
.4byte 0x11808c4,0x83d08c5,0x83f083e,0x8410840,0x8430842,0x22,0x8230000,0x8250824
.4byte 0x8270826,0x8290828,0x82b082a,0x82d082c,0x82f082e,0x8c60830,0x6f602aa,0x2db0029
.4byte 0x7370596,0x2ff078b,0x1fd0651,0x2f014b,0x7c902a3,0x4310397,0x37b065e,0x673043b
.4byte 0x43c072a,0x7c10278,0x4f9074d,0x73f0268,0x51c0267,0x2bf0513,0x2e706fa,0x65f02e8
.4byte 0x6790678,0x89009c,0x8c808c7,0x6ce06cc,0x6ce06cf,0x6d106d0,0x6d306d2,0x6d506d4
.4byte 0x6d706d6,0x6d906d8,0x6db06da,0x6dd06dc,0x6df06de,0x6e106e0,0x6e306e2,0x6e506e4
.4byte 0x6e706e6,0x6e906e8,0x88a08c9,0x73508ca,0x67b0089,0x668067c,0x66a0669,0x2fb02fa
.4byte 0x7dd0705,0x66d07de,0x7df0737,0x45f024a,0x7e00426,0x2e0002f,0x35003fe,0x7500431
.4byte 0x43b041f,0x1ab0784,0x2680707,0x5d407c1,0x69804f9,0x40d0752,0x73a0489,0x45400f1
.4byte 0x47e04a7,0x83d0875,0x83f083e,0x8410840,0x8430842,0x22,0x8440000,0x8460845
.4byte 0x8480847,0x84a0849,0x84c084b,0x2e8084d,0x84f084e,0x8b50850,0x87f087e,0x2a0027f
.4byte 0x24a00d1,0x39101d5,0x16707e1,0x7390048,0x2f068b,0x7e20023,0x43103fb,0x5f0495
.4byte 0x2bc02a0,0x4a6072a,0x1b902a0,0x51002a1,0xdc032a,0x6fa0501,0x2e802e7,0x678065f
.4byte 0x9c0679,0x76a0089,0x88e07c3,0x6ce0897,0x6ce06cf,0x6d106d0,0x6d306d2,0x6d506d4
.4byte 0x6d706d6,0x6d906d8,0x6db06da,0x6dd06dc,0x6df06de,0x6e106e0,0x6e306e2,0x6e506e4
.4byte 0x6e706e6,0x6e906e8,0x8cc08cb,0x73507c7,0x67b0089,0x668067c,0x66a0669,0x2fb02fa
.4byte 0x7e80705,0x24a07e9,0x21d075c,0x2f072c,0x47101ae,0x4b80397,0x35f07ea,0x68e043b
.4byte 0x43c0495,0x7eb0268,0x45002a1,0x1530698,0x55a07ec,0x7410513,0x597053b,0x1bd0382
.4byte 0x44101dc,0x85d03bd,0x2fa085e,0x85f066a,0x8610860,0x22,0x8440000,0x8460845
.4byte 0x8480847,0x84a0849,0x84c084b,0x2e8084d,0x84f084e,0x2bd08cd,0x1700124,0x43507ee
.4byte 0x3e80302,0x38e0427,0x49207d6,0x2f0682,0x471006c,0x15a067d,0x7bf065e,0x773043b
.4byte 0x43c072a,0x74c02a0,0x4f901ab,0x1840268,0x7ef0267,0x2e706fa,0x65f02e8,0x6790678
.4byte 0x89009c,0x8c808c7,0x6ce06cc,0x6ce06cf,0x6d106d0,0x6d306d2,0x6d506d4,0x6d706d6
.4byte 0x6d906d8,0x6db06da,0x6dd06dc,0x6df06de,0x6e106e0,0x6e306e2,0x6e506e4,0x6e706e6
.4byte 0x6e906e8,0x88a08c9,0x73508ca,0x67b0089,0x668067c,0x66a0669,0x2fb02fa,0x7f50705
.4byte 0x5fe0716,0x7a002f,0x68b0426,0x654002f,0x35007f6,0x7640787,0x43b004c,0x1ab0729
.4byte 0x268065a,0x2670333,0x7f704ce,0x3ad0794,0x3850489,0x3407f8,0x551046e,0x1b10489
.4byte 0x1b10489,0x1b10489,0x8ce0489,0x85d08cf,0x2fa085e,0x85f066a,0x8610860,0x22
.4byte 0x8230000,0x8250824,0x8270826,0x8290828,0x82b082a,0x82d082c,0x82f082e,0x8aa0830
.4byte 0x5f30182,0x5020785,0x67601b1,0x2ff0162,0x391049d,0x16707bc,0x739045f,0x2f0037
.4byte 0x40a0783,0x43103fb,0x7d0495,0x2bc0555,0x63503eb,0x77802a0,0x510074d,0x6fa0135
.4byte 0x2e802e7,0x678065f,0x9c0679,0x81b0089,0x81d08d0,0x6ce06f0,0x6ce06cf,0x6d106d0
.4byte 0x6d306d2,0x6d506d4,0x6d706d6,0x6d906d8,0x6db06da,0x6dd06dc,0x6df06de,0x6e106e0
.4byte 0x6e306e2,0x6e506e4,0x6e706e6,0x6e906e8,0x8d208d1,0x735081f,0x67b0089,0x668067c
.4byte 0x66a0669,0x2fb02fa,0x8010705,0x21d0392,0x15a0682,0x5b5072d,0x4310397,0x35f07b2
.4byte 0x8020147,0x71203eb,0x4ba0268,0x4f902a1,0x4f1032a,0x55a03ad,0x8030789,0x302053b
.4byte 0x21406ab,0x8d30003,0x83e083d,0x840083f,0x8420841,0x220843,0x0,0x20001
.4byte 0x4960003,0xee05c1,0x25402db,0x7a3033f,0x4f0053b,0x4270804,0x80502ff,0x5fe0690
.4byte 0x6c002f,0x67d0739,0x750002f,0x43b0795,0x4950773,0x43b0430,0x26907eb,0x2a0060e
.4byte 0x6fa044f,0x2e802e7,0x660065f,0x30661,0x8d508d4,0x6ce06ef,0x6ce06cf,0x6d106d0
.4byte 0x6d306d2,0x6d506d4,0x6d706d6,0x6d906d8,0x8d708d6,0x8d8,0x24f046f,0x20302cd
.4byte 0x8d90000,0x8db08da,0x6de08dc,0x6e006df,0x6e206e1,0x6e406e3,0x6e606e5,0x6e806e7
.4byte 0x8dd06e9,0x8df08de,0x308e0,0x6670666,0x6690668,0x2fa066a,0x70502fb,0x6af080c
.4byte 0x426006c,0x15a07b0,0x7630725,0x420043b,0x6700764,0x80d0147,0x4f901ab,0x1b90268
.4byte 0x4ce0267,0x80e0513,0x48903ad,0x6b053a,0x4d20435,0x46e080f,0x4890551,0x8e108ce
.4byte 0x360003,0x380037,0x0,0x20001,0x8e20003,0x442051c,0x71105bd,0x7d00811
.4byte 0x1b1041b,0x68d0385,0x30202ff,0x3630415,0x45f002f,0x370426,0x783002f,0x43b0739
.4byte 0x7740431,0x43b007d,0x4950784,0x2a00707,0x8120713,0x2e706fa,0x65f02e8,0x6610660
.4byte 0x8d40003,0x8e408e3,0x6cf06ce,0x6d006ce,0x6d206d1,0x6d406d3,0x6d606d5,0x6d806d7
.4byte 0x8d606d9,0x8d808d7,0x46f0000,0x2cd024f,0x203,0x8da08d9,0x8dc08db,0x6df06de
.4byte 0x6e106e0,0x6e306e2,0x6e506e4,0x6e706e6,0x6e906e8,0x8e608e5,0x8e008e7,0x6660003
.4byte 0x6680667,0x66a0669,0x2fb02fa,0x8170705,0x2f0566,0x5b50725,0x67e0397,0x29e0657
.4byte 0x8180555,0x63a0279,0x23902a0,0x4ce02a1,0x60032a,0x489040d,0x181053a,0x3020768
.4byte 0x7380676,0xb602ff,0x1bd0200,0x285004a,0x3058f,0x370036,0x38,0x10000
.4byte 0x30002,0x8e802dd,0x2e8084d,0x84f084e,0x1a908e9,0x1ab0320,0x5330170,0x51c0267
.4byte 0x7f80513,0x1b1053b,0xd1037e,0x66d024a,0x5fe0415,0x7a002f,0x7b00690,0x31b002f
.4byte 0x43b0795,0x7740773,0x43b0430,0x72a0729,0x6fa081a,0x2e802e7,0x678065f,0x9c0679
.4byte 0x8540089,0x7e508ea,0x6cf06ce,0x6d006ce,0x6d206d1,0x6d406d3,0x6d606d5,0x6d806d7
.4byte 0x8d606d9,0x8d808d7,0x46f0000,0x2cd024f,0x203,0x8da08d9,0x8dc08db,0x6df06de
.4byte 0x6e106e0,0x6e306e2,0x6e506e4,0x6e706e6,0x6e906e8,0x79008eb,0x76a0800,0x67b0089
.4byte 0x668067c,0x66a0669,0x2fb02fa,0x8200705,0x3970426,0x66e015a,0x43b075d,0x77402da
.4byte 0x147004c,0x2770821,0x2680609,0x2670184,0x33f0510,0x53b07f9,0x822048e,0x39e007f
.4byte 0x737065b,0x340427,0x86300f1,0x4180864,0x85d00ca,0x2fa085e,0x85f066a,0x6f40860
.4byte 0x360003,0x380037,0x0,0x20001,0x2dd0003,0x82d08ec,0x82f082e,0x8ed0830
.4byte 0x1dc01c1,0x83208ee,0x51003c8,0x833032a,0x1b103ad,0x6930385,0x302024a,0x17b021d
.4byte 0x45102ff,0x370415,0x7250167,0x3970739,0x6570431,0x43b037b,0x3eb073d,0x25e0707
.4byte 0x2e706fa,0x65f02e8,0x6790678,0x89009c,0x8ef078c,0x6ce0868,0x6ce06cf,0x6d106d0
.4byte 0x6d306d2,0x6d506d4,0x6d706d6,0x6d906d8,0x8d708d6,0x8d8,0x24f046f,0x20302cd
.4byte 0x8d90000,0x8db08da,0x6de08dc,0x6e006df,0x6e206e1,0x6e406e3,0x6e606e5,0x6e806e7
.4byte 0x86906e9,0x8b9086a,0x89076a,0x67c067b,0x6690668,0x2fa066a,0x70502fb,0x4970838
.4byte 0x43b05b5,0x7500796,0x43b0430,0x8390729,0x278083a,0x4bb0218,0x24b0510,0x41b083b
.4byte 0x3850489,0x39e0181,0x74204d2,0x24a0680,0x620075c,0xc3009e,0x3a0574,0x8f00126
.4byte 0x83e083d,0x840083f,0x8420841,0x30666,0x370036,0x38,0x10000,0x30002
.4byte 0x8ec02dd,0x82e082d,0x830082f,0x8f208f1,0xb203e1,0x1450584,0x1840268,0x51c0267
.4byte 0x851053a,0x1b1053b,0x6f903b4,0x4d2024a,0x5fe0415,0x7a02ff,0x67d0690,0x852015a
.4byte 0x3970795,0x7500796,0x555041f,0x6fa0853,0x2e802e7,0x678065f,0x9c0679,0x7350089
.4byte 0x8f408f3,0x6cd079c,0x6cf06ce,0x6d006ce,0x6d206d1,0x6d406d3,0x6d606d5,0x6d806d7
.4byte 0x8d606d9,0x8d808d7,0x46f0000,0x2cd024f,0x203,0x8da08d9,0x8dc08db,0x6df06de
.4byte 0x6e106e0,0x6e306e2,0x6e506e4,0x6e706e6,0x6e906e8,0x79e08f5,0x76a08b9,0x67b0089
.4byte 0x668067c,0x66a0669,0x2fb02fa,0x7360705,0x7500858,0x43b075d,0x4950784,0x555066b
.4byte 0x72a04ba,0x7080609,0x40d0137,0x33f051c,0x53b0859,0x85a04f0,0x85b007f,0x3e80613
.4byte 0x24a05fe,0x80f007a,0x8f60018,0x40505a2,0x83d08f7,0x83f083e,0x8410840,0x6660842
.4byte 0x360003,0x380037,0x0,0x20001,0x2dd0003,0x84d08e8,0x84e02e8,0x8f8084f
.4byte 0x4ae0877,0x9000fd,0x1b902b4,0x510074d,0xdc032a,0x1b1040d,0x8650385,0x302024a
.4byte 0x910737,0x71802ff,0x72c0391,0x72d002f,0x3970739,0x866015a,0x43b01ec,0x3070420
.4byte 0x2e706fa,0x65f02e8,0x6790678,0x89009c,0x8f90735,0x8fb08fa,0x6ce06cd,0x6ce06cf
.4byte 0x6d106d0,0x6d306d2,0x6d506d4,0x6d706d6,0x6d906d8,0x8d708d6,0x8d8,0x24f046f
.4byte 0x20302cd,0x8d90000,0x8db08da,0x6de08dc,0x6e006df,0x6e206e1,0x6e406e3,0x6e606e5
.4byte 0x6e806e7,0x70006e9,0x8fc06e8,0x80b08fd,0x67b0089,0x668067c,0x66a0669,0x2fb02fa
.4byte 0x86b0705,0x7730168,0x4300495,0x32e043b,0x86c03eb,0x21802a0,0x51c07c2,0x59c0513
.4byte 0x489041b,0x6bd0676,0x4d20435,0x65d05b3,0x45f038e,0x72c021d,0x2140167,0x8ff08fe
.4byte 0x2180900,0x85d00b1,0x2fa085e,0x85f066a,0x6f40860,0x360003,0x380037,0x0
.4byte 0x20001,0x2dd0003,0x84d08e8,0x84e02e8,0x661084f,0x5f30110,0x6f70170,0x4f90269
.4byte 0x18402a0,0x51c06f8,0x700513,0x1b1053b,0x6f903b4,0x4d202ff,0x5fe05b3,0x7a038e
.4byte 0x4c10426,0x654015a,0x39705b5,0x6570431,0x6fa03a6,0x2e802e7,0x678065f,0x9c0679
.4byte 0x76a0089,0x8780735,0x87a0901,0x6ce06cd,0x6ce06cf,0x6d106d0,0x6d306d2,0x6d506d4
.4byte 0x6d706d6,0x6d906d8,0x8d708d6,0x8d8,0x24f046f,0x20302cd,0x8d90000,0x8db08da
.4byte 0x6de08dc,0x6e006df,0x6e206e1,0x6e406e3,0x6e606e5,0x6e806e7,0x70006e9,0x9020758
.4byte 0x87b07ac,0x89076a,0x67c067b,0x6690668,0x2fa066a,0x70502fb,0x5a10706,0x2bc043b
.4byte 0x70703eb,0x33302a0,0x4ce0269,0x11c0708,0x51c040d,0x780385,0x4f00435,0x7f03b4
.4byte 0x40b02ff,0x70a0709,0x6c024a,0x70b0426,0xe80034,0x4ab04c0,0x1a306a5,0x85e085d
.4byte 0x66a02fa,0x860085f,0x306f4,0x370036,0x38,0x10000,0x30002,0x8ec02dd
.4byte 0x82e082d,0x830082f,0x5c10903,0x71100ee,0x71200b0,0x71302a0,0x5100714,0x5050708
.4byte 0x489040d,0x7150385,0x3020435,0x610716,0x7180717,0x70a03e8,0x7a002f,0x7190473
.4byte 0x2e4015a,0x71a03a4,0x2e706fa,0x65f02e8,0x6790678,0x89009c,0x735076a,0x9050904
.4byte 0x6cd0808,0x6cf06ce,0x6d006ce,0x6d206d1,0x6d406d3,0x6d606d5,0x6d806d7,0x8d606d9
.4byte 0x8d808d7,0x46f0000,0x2cd024f,0x203,0x8da08d9,0x8dc08db,0x6df06de,0x6e106e0
.4byte 0x6e306e2,0x6e506e4,0x6e706e6,0x6e906e8,0x6ea0700,0x9060882,0x76a07bb,0x67b0089
.4byte 0x668067c,0x66a0669,0x2fb02fa,0x7230705,0x4300501,0x32e0555,0x4f90269,0x1840268
.4byte 0x51c0267,0x7240513,0x1b1053b,0x6f903b4,0x4d2024a,0x65d03e8,0x7a02ff,0x4c10415
.4byte 0x725002f,0x59705a1,0x1a804b9,0x1f102d2,0x83d0893,0x83f083e,0x8410840,0x6660842
.4byte 0x360003,0x380037,0x0,0x20001,0x2dd0003,0x82d08ec,0x82f082e,0x9070830
.4byte 0x5bd0442,0x60a0584,0x729043b,0x60e072a,0x1840278,0x51c04bb,0xd5033f,0x489041b
.4byte 0x6bd0385,0x4d2039e,0x65d072b,0x45f024a,0x72c0426,0x72d002f,0x350040a,0x6fa072e
.4byte 0x2e802e7,0x678065f,0x9c0679,0x9080089,0x71e0909,0x6ce06cd,0x6ce06cf,0x6d106d0
.4byte 0x6d306d2,0x6d506d4,0x6d706d6,0x6d906d8,0x8d708d6,0x8d8,0x24f046f,0x20302cd
.4byte 0x8d90000,0x8db08da,0x6de08dc,0x6e006df,0x6e206e1,0x6e406e3,0x6e606e5,0x6e806e7
.4byte 0x6ea06e9,0x90b090a,0x76a090c,0x67b0089,0x668067c,0x66a0669,0x2fb02fa,0x7360705
.4byte 0x72a036c,0x2a00446,0x2a10333,0x32a04ce,0x40d00dc,0x3850442,0x43500d8,0x7370302
.4byte 0x2ff0738,0x686040b,0x2ff070a,0x7390677,0x15a0397,0x73a031b,0x4e6090d,0x1ae059a
.4byte 0x83d087c,0x83f083e,0x8410840,0x6660842,0x360003,0x380037,0x0,0x20001
.4byte 0x2dd0003,0x84d08e8,0x84e02e8,0x90e084f,0x5a202b8,0x72a04ee,0x73c073b,0x3eb073d
.4byte 0x1470707,0x3e2073e,0x26804ce,0x740073f,0x33f051c,0x53b0741,0x74204f0,0x7430061
.4byte 0x21d0672,0x2f05fe,0x739045f,0x2f0744,0x6fa0497,0x2e802e7,0x678065f,0x9c0679
.4byte 0x7350089,0x8c807c3,0x6cd071e,0x6cf06ce,0x6d006ce,0x6d206d1,0x6d406d3,0x6d606d5
.4byte 0x6d806d7,0x8d606d9,0x8d808d7,0x46f0000,0x2cd024f,0x203,0x8da08d9,0x8dc08db
.4byte 0x6df06de,0x6e106e0,0x6e306e2,0x6e506e4,0x6e706e6,0x6e906e8,0x6ea0700,0x910090f
.4byte 0x76a07c7,0x67b0089,0x668067c,0x66a0669,0x2fb02fa,0x74a0705,0x74c074b,0x4f9074d
.4byte 0x4f10268,0x51c04bb,0x7240513,0x1b1053b,0xd10676,0x4d2024a,0x5fe0415,0x7a0167
.4byte 0x67d0690,0x66e002f,0x43b05b5,0x30a04b8,0x91101a3,0x8cf02bd,0x85d0545,0x2fa085e
.4byte 0x85f066a,0x6f40860,0x360003,0x380037,0x0,0x20001,0x2dd0003,0x84d08e8
.4byte 0x84e02e8,0x912084f,0x59a01cf,0x1700353,0x75002bf,0x555041f,0x2770751,0x2a0060e
.4byte 0x4bb01b9,0x33f04ce,0x41b0752,0x53a0489,0x753057b,0x67604d2,0x24a017b,0x4260651
.4byte 0x2f01db,0x7540421,0x2e706fa,0x65f02e8,0x6790678,0x89009c,0x88e081c,0x6cd0913
.4byte 0x6cf06ce,0x6d006ce,0x6d206d1,0x6d406d3,0x6d606d5,0x6d806d7,0x8d606d9,0x8d808d7
.4byte 0x46f0000,0x2cd024f,0x203,0x8da08d9,0x8dc08db,0x6df06de,0x6e106e0,0x6e306e2
.4byte 0x6e506e4,0x6e706e6,0x6e906e8,0x6ea0700,0x91408c9,0x89081f,0x67c067b,0x6690668
.4byte 0x2fa066a,0x70502fb,0x2b7075a,0x75b02a0,0x4ce04bb,0xd5032a,0x1b1040d,0xc40385
.4byte 0x3020743,0x910415,0x75c02ff,0x70a0690,0x677002f,0x3970426,0x750015a,0x350075d
.4byte 0x9f0459,0x728057a,0x237010e,0x85e085d,0x66a02fa,0x860085f,0x306f4,0x370036
.4byte 0x38,0x10000,0x30002,0x8ec02dd,0x82e082d,0x830082f,0x4670915,0x42b01e4
.4byte 0xa90762,0x43b0763,0x7640414,0x14705ce,0x1ab0765,0x26804f9,0x76604f1,0x53a0510
.4byte 0x7680767,0x769048e,0x435007f,0x21d04d2,0x24a04f6,0x690075c,0x6fa013e,0x2e802e7
.4byte 0x678065f,0x9c0679,0x7d10089,0x9170916,0x6ce06cd,0x6ce06cf,0x6d106d0,0x6d306d2
.4byte 0x6d506d4,0x6d706d6,0x6d906d8,0x8d708d6,0x8d8,0x24f046f,0x20302cd,0x8d90000
.4byte 0x8db08da,0x6de08dc,0x6e006df,0x6e206e1,0x6e406e3,0x6e606e5,0x6e806e7,0x6ea06e9
.4byte 0x8d20918,0x76a07d5,0x67b0089,0x668067c,0x66a0669,0x2fb02fa,0x7700705,0x4f904d8
.4byte 0x60032a,0x4890267,0x771033f,0x1b1053b,0x1d606a3,0x65202ff,0x5fe0690,0x7a002f
.4byte 0x7720426,0x31b002f,0x43b05b5,0x7740773,0x35c0430,0x8f60018,0x1a05a2,0x83d08f7
.4byte 0x83f083e,0x8410840,0x6660842,0x360003,0x380037,0x0,0x20001,0x2dd0003
.4byte 0x82d08ec,0x82f082e,0x9190830,0x91a05ba,0x77706a9,0x3970620,0x6570431,0x14702c3
.4byte 0x3eb0751,0x268065a,0x2a10778,0x51304ce,0x3ad053e,0x7790489,0x53b0181,0x6760302
.4byte 0x24a0103,0x21d0652,0x26c077a,0x2e706fa,0x65f02e8,0x6790678,0x89009c,0x91b07d8
.4byte 0x6cd091c,0x6cf06ce,0x6d006ce,0x6d206d1,0x6d406d3,0x6d606d5,0x6d806d7,0x8d606d9
.4byte 0x8d808d7,0x46f0000,0x2cd024f,0x203,0x8da08d9,0x8dc08db,0x6df06de,0x6e106e0
.4byte 0x6e306e2,0x6e506e4,0x6e706e6,0x6e906e8,0x89f06ea,0x837091d,0x67b0089,0x668067c
.4byte 0x66a0669,0x2fb02fa,0x7810705,0x6f80728,0x5130510,0x41b0782,0x38501b1,0x743068d
.4byte 0x686049d,0x1670393,0x4260451,0x2f072c,0x4710783,0x15a03fb,0x75d0774,0x784043b
.4byte 0x4eb03eb,0x68402ce,0x91f091e,0x91e0920,0x239091f,0x83d0921,0x83f083e,0x8410840
.4byte 0x6660842,0x360003,0x380037,0x0,0x20001,0x2dd0003,0x84d08e8,0x84e02e8
.4byte 0x922084f,0x6a905b9,0x7860785,0x725015a,0x43b03a4,0x1cc0787,0x43b004c,0x1ab0788
.4byte 0x2680450,0x40d01b9,0x78904ce,0x3ad078a,0x3850489,0x43506f9,0x7370302,0x2ff078b
.4byte 0x6fa0188,0x2e802e7,0x678065f,0x9c0679,0x89d0089,0x9240923,0x6ce06cf,0x6ce06cf
.4byte 0x6d106d0,0x6d306d2,0x6d506d4,0x6d706d6,0x6d906d8,0x8d708d6,0x8d8,0x24f046f
.4byte 0x20302cd,0x8d90000,0x8db08da,0x6de08dc,0x6e006df,0x6e206e1,0x6e406e3,0x6e606e5
.4byte 0x6e806e7,0x6ea06e9,0x925089f,0x7350926,0x67b0089,0x668067c,0x66a0669,0x2fb02fa
.4byte 0x7920705,0x7940793,0x489040d,0x46033f,0x4f002c9,0x1d603b4,0x652038e,0x1db0492
.4byte 0x7a002f,0x67d0739,0x31b002f,0x43b0795,0x3eb0796,0x5550430,0x797072e,0x11000e8
.4byte 0x85d02dd,0x2fa085e,0x85f066a,0x6f40860,0x360003,0x380037,0x0,0x20001
.4byte 0x2dd0003,0x84d08e8,0x84e02e8,0x850084f,0x1e40467,0x170042b,0x2a305a9,0x350040a
.4byte 0x79804b8,0x55506a6,0x495068e,0x2680707,0x2a10464,0x69804f9,0x7990060,0x53a0489
.4byte 0x41b0715,0x3b404f0,0x24a00d1,0x2c101d5,0x2e706fa,0x65f02e8,0x6790678,0x89009c
.4byte 0x927077b,0x6cf0928,0x6cf06ce,0x6d006ce,0x6d206d1,0x6d406d3,0x6d606d5,0x6d806d7
.4byte 0x8d606d9,0x8d808d7,0x46f0000,0x2cd024f,0x203,0x8da08d9,0x8dc08db,0x6df06de
.4byte 0x6e106e0,0x6e306e2,0x6e506e4,0x6e706e6,0x6e906e8,0x92908a7,0x73508a9,0x67b0089
.4byte 0x668067c,0x66a0669,0x2fb02fa,0x7a00705,0x51307a1,0x41b0741,0x67604f0,0x24a00d1
.4byte 0x391049d,0x23007a2,0x7390048,0x2f04c1,0x7950783,0x43103fb,0x37b0774,0x2bc0555
.4byte 0x4460269,0x797043b,0x51003de,0x720442,0x85d08cf,0x2fa085e,0x85f066a,0x6f40860
.4byte 0x360003,0x380037,0x0,0x20001,0x2dd0003,0x82d08ec,0x82f082e,0x8940830
.4byte 0x59a0542,0x7a60353,0x73907a7,0x2f0744,0x3f1060c,0x4200021,0x41f0774,0x32e043b
.4byte 0x63501ab,0x2af0268,0x4ce05d4,0x7940698,0x489040d,0x5fd033f,0x4f00435,0xee03e8
.4byte 0x2e706fa,0x65f02e8,0x6790678,0x89009c,0x92a077b,0x6ce092b,0x6ce06cf,0x6d106d0
.4byte 0x6d306d2,0x6d506d4,0x6d706d6,0x6d906d8,0x8d708d6,0x8d8,0x24f046f,0x20302cd
.4byte 0x8d90000,0x8db08da,0x6de08dc,0x6e006df,0x6e206e1,0x6e406e3,0x6e606e5,0x6e806e7
.4byte 0x8a706e9,0x790092c,0x890791,0x67c067b,0x6690668,0x2fa066a,0x70502fb,0x2f07ae
.4byte 0x3850489,0x435006b,0x7370302,0x2ff0427,0x1fd07af,0x167070b,0x40a072d,0x43107b0
.4byte 0x763031b,0x773043b,0x430072a,0x8102a0,0x4f90269,0x20004eb,0x4a019f,0x87c0190
.4byte 0x83e083d,0x840083f,0x8420841,0x30666,0x370036,0x38,0x10000,0x30002
.4byte 0x8ec02dd,0x82e082d,0x830082f,0x1a9092d,0x1ab0320,0x64a07a6,0x2f01db,0x40c0421
.4byte 0x4b80350,0x6a607b2,0x68e043b,0x43c0495,0x32e0268,0x7b407b3,0x15307b5,0x55a03c0
.4byte 0x7410513,0x1b1041b,0x1620676,0x6fa0029,0x2e802e7,0x678065f,0x9c0679,0x92e0089
.4byte 0x930092f,0x6ce06cf,0x6ce06cf,0x6d106d0,0x6d306d2,0x6d506d4,0x6d706d6,0x6d906d8
.4byte 0x8d708d6,0x8d8,0x24f046f,0x20302cd,0x8d90000,0x8db08da,0x6de08dc,0x6e006df
.4byte 0x6e206e1,0x6e406e3,0x6e606e5,0x6e806e7,0x77e06e9,0x86a08f5,0x890791,0x67c067b
.4byte 0x6690668,0x2fa066a,0x70502fb,0x4d50781,0x302053b,0x1030676,0x4d2024a,0x7bc021d
.4byte 0x820230,0x7be07bd,0x725002f,0x3fb07bf,0x495067e,0x268005f,0x3e202bc,0x2a00446
.4byte 0x4bb075b,0xbf035c,0x23f075e,0x54900e2,0xe2023f,0xe2023f,0x23f0549,0x83c00f9
.4byte 0x83e083d,0x840083f,0x8420841,0x30666,0x370036,0x38,0x10000,0x30002
.4byte 0x8e802dd,0x2e8084d,0x84f084e,0x55a0931,0x51c01b1,0x51c0489,0x51c0489,0x4420489
.4byte 0x7840489,0x39d0170,0x451024a,0x14b0690,0x60c0230,0x35007c0,0x65e0431,0x43b041f
.4byte 0x1ab0784,0x278043c,0x7c207c1,0x32a04ce,0x7660752,0x33f0489,0x53b07a3,0x6fa0640
.4byte 0x2e802e7,0x678065f,0x9c0679,0x8b10089,0x79c08f4,0x6cf06ce,0x6d006ce,0x6d206d1
.4byte 0x6d406d3,0x6d606d5,0x6d806d7,0x8d606d9,0x8d808d7,0x46f0000,0x2cd024f,0x203
.4byte 0x8da08d9,0x8dc08db,0x6df06de,0x6e106e0,0x6e306e2,0x6e506e4,0x6e706e6,0x6e906e8
.4byte 0x8b3077e,0x8000932,0x67b0089,0x668067c,0x66a0669,0x2fb02fa,0x7c80705,0x6f90789
.4byte 0x4d20435,0x3930737,0x457024a,0x7440690,0x2e00230,0x39707c9,0x31b0431,0x3fb029e
.4byte 0x1ab073d,0x278043c,0x7ca0081,0x32a04f9,0x4590184,0x75e00bf,0xe2023f,0x23f0549
.4byte 0x23f00e2,0x54900e2,0xf9023f,0x85d05de,0x2fa085e,0x85f066a,0x6f40860,0x360003
.4byte 0x380037,0x0,0x20001,0x2dd0003,0x84d08e8,0x84e02e8,0x933084f,0x23f0549
.4byte 0xe20549,0x5c3023f,0x5730549,0x7cd0785,0x21d07af,0x23007ce,0x40c0082,0x4b80397
.4byte 0x763066e,0x79603fb,0x4300495,0x2bc02a0,0x7cf07ca,0x15302a0,0x51004bb,0x7d0032a
.4byte 0x1b1041b,0x6fa0284,0x2e802e7,0x678065f,0x9c0679,0x9340089,0x8fb0935,0x6cf06ce
.4byte 0x6d006ce,0x6d206d1,0x6d406d3,0x6d606d5,0x6d806d7,0x8d606d9,0x8d808d7,0x46f0000
.4byte 0x2cd024f,0x203,0x8da08d9,0x8dc08db,0x6df06de,0x6e106e0,0x6e306e2,0x6e506e4
.4byte 0x6e706e6,0x6e906e8,0x9360700,0x8b907ff,0x67b0089,0x668067c,0x66a0669,0x2fb02fa
.4byte 0x7a00705,0x6760157,0x24a0091,0x21d07d6,0x2f01db,0x7bd0048,0x4b807d7,0x1ec068f
.4byte 0x2da043b,0x4300495,0x32e043b,0x4a6074d,0x15305c0,0x51006f8,0x30a0268,0x19f0200
.4byte 0x8af004a,0x85d03bd,0x2fa085e,0x85f066a,0x6f40860,0x360003,0x380037,0x0
.4byte 0x20001,0x2dd0003,0x82d08ec,0x82f082e,0x86e0830,0x5f30110,0x59602db,0x78b0737
.4byte 0x65102ff,0x14b01fd,0x2a3002f,0x39707c9,0x65e0431,0x43b037b,0x72a0673,0x278043c
.4byte 0x74d07c1,0x26804f9,0x267073f,0x513051c,0x6fa02bf,0x2e802e7,0x678065f,0x9c0679
.4byte 0x9370089,0x7aa08fa,0x6cf06ce,0x6d006ce,0x6d206d1,0x6d406d3,0x6d606d5,0x6d806d7
.4byte 0x8d606d9,0x8d808d7,0x46f0000,0x2cd024f,0x203,0x8da08d9,0x8dc08db,0x6df06de
.4byte 0x6e106e0,0x6e306e2,0x6e506e4,0x6e706e6,0x6e906e8,0x8b70700,0x8b908b8,0x67b0089
.4byte 0x668067c,0x66a0669,0x2fb02fa,0x7dd0705,0x66d07de,0x7df0737,0x45f024a,0x7e00426
.4byte 0x2e0002f,0x35003fe,0x7500431,0x43b041f,0x1ab0784,0x2680707,0x5d407c1,0x69804f9
.4byte 0x40d0752,0x73a0489,0x51c03de,0x9380442,0x83d0893,0x83f083e,0x8410840,0x6660842
.4byte 0x360003,0x380037,0x0,0x20001,0x2dd0003,0x82d08ec,0x82f082e,0x9390830
.4byte 0x84003a,0x84003a,0xf4003a,0x84003a,0x84003a,0x53f003a,0x2a0027f,0x24a00d1
.4byte 0x39101d5,0x16707e1,0x7390048,0x2f068b,0x7e20023,0x43103fb,0x5f0495,0x2bc02a0
.4byte 0x4a6072a,0x1b902a0,0x51002a1,0xdc032a,0x6fa0501,0x2e802e7,0x678065f,0x9c0679
.4byte 0x93a0089,0x808093b,0x6cf06ce,0x6d006ce,0x6d206d1,0x6d406d3,0x6d606d5,0x6d806d7
.4byte 0x8d606d9,0x8d808d7,0x46f0000,0x2cd024f,0x203,0x8da08d9,0x8dc08db,0x6df06de
.4byte 0x6e106e0,0x6e306e2,0x6e506e4,0x6e706e6,0x6e906e8,0x7ac093c,0x89079f,0x67c067b
.4byte 0x6690668,0x2fa066a,0x70502fb,0x7e907e8,0x75c024a,0x72c021d,0x1ae002f,0x3970471
.4byte 0x7ea04b8,0x43b035f,0x495068e,0x268043c,0x2a107eb,0x6980450,0x7ec0153,0x513055a
.4byte 0x53b0741,0xe80597,0x4ab04c0,0x93d06a5,0x83e083d,0x840083f,0x8420841,0x30666
.4byte 0x370036,0x38,0x10000,0x30002,0x8e802dd,0x2e8084d,0x84f084e,0x30b093e
.4byte 0x644093f,0x7ee0170,0x3020435,0x42703e8,0x7d6038e,0x6820492,0x6c002f,0x67d0471
.4byte 0x65e015a,0x43b07bf,0x72a0773,0x2a0043c,0x1ab074c,0x26804f9,0x2670184,0x6fa07ef
.4byte 0x2e802e7,0x678065f,0x9c0679,0x9400089,0x8080941,0x6cf06ce,0x6d006ce,0x6d206d1
.4byte 0x6d406d3,0x6d606d5,0x6d806d7,0x8d606d9,0x8d808d7,0x46f0000,0x2cd024f,0x203
.4byte 0x8da08d9,0x8dc08db,0x6df06de,0x6e106e0,0x6e306e2,0x6e506e4,0x6e706e6,0x6e906e8
.4byte 0x8820700,0x80b0942,0x67b0089,0x668067c,0x66a0669,0x2fb02fa,0x7f50705,0x5fe0716
.4byte 0x7a002f,0x68b0426,0x654002f,0x35007f6,0x7640787,0x43b004c,0x1ab0729,0x268065a
.4byte 0x2670333,0x7f704ce,0x3ad0794,0x3850489,0x3407f8,0x181036e,0xd901e4,0x1c601e4
.4byte 0x85d027e,0x2fa085e,0x85f066a,0x6f40860,0x360003,0x380037,0x0,0x20001
.4byte 0x2dd0003,0x84d08e8,0x84e02e8,0x943084f,0x1d,0x277001e,0x5020785,0x67601b1
.4byte 0x2ff0162,0x391049d,0x16707bc,0x739045f,0x2f0037,0x40a0783,0x43103fb,0x7d0495
.4byte 0x2bc0555,0x63503eb,0x77802a0,0x510074d,0x6fa0135,0x2e802e7,0x678065f,0x9c0679
.4byte 0x9040089,0x9450944,0x6cf06ce,0x6d006ce,0x6d206d1,0x6d406d3,0x6d606d5,0x6d806d7
.4byte 0x8d606d9,0x8d808d7,0x46f0000,0x2cd024f,0x203,0x8da08d9,0x8dc08db,0x6df06de
.4byte 0x6e106e0,0x6e306e2,0x6e506e4,0x6e706e6,0x6e906e8,0x9470946,0x8907bb,0x67c067b
.4byte 0x6690668,0x2fa066a,0x70502fb,0x3920801,0x682021d,0x72d015a,0x39705b5,0x7b20431
.4byte 0x147035f,0x3eb0802,0x2680712,0x2a104ba,0x32a04f9,0x3ad04f1,0x789055a,0x53b0803
.4byte 0x6ab0302,0x180214,0x19,0x70d070c,0x85e085d,0x66a02fa,0x860085f,0x306f4
.4byte 0x370036,0x38,0x10000,0x30002,0x8ec02dd,0x82e082d,0x830082f,0x4420907
.4byte 0x2db05bd,0x33f0254,0x53b07a3,0x80404f0,0x2ff0427,0x6900805,0x2f05fe,0x739006c
.4byte 0x2f067d,0x7950750,0x773043b,0x4300495,0x7eb043b,0x60e0269,0x44f02a0,0x2e706fa
.4byte 0x65f02e8,0x6790678,0x89009c,0x8140948,0x6ce071e,0x6ce06cf,0x6d106d0,0x6d306d2
.4byte 0x6d506d4,0x6d706d6,0x6d906d8,0x8d708d6,0x8d8,0x24f046f,0x20302cd,0x8d90000
.4byte 0x8db08da,0x6de08dc,0x6e006df,0x6e206e1,0x6e406e3,0x6e606e5,0x6e806e7,0x94906e9
.4byte 0x90c094a,0x67b0089,0x668067c,0x66a0669,0x2fb02fa,0x80c0705,0x6c06af,0x7b00426
.4byte 0x725015a,0x43b0763,0x7640420,0x1470670,0x1ab080d,0x26804f9,0x26701b9,0x51304ce
.4byte 0x3ad080e,0x53a0489,0x435006b,0x80f04d2,0x6c5039b,0x3e7087e,0x83d094b,0x83f083e
.4byte 0x8410840,0x6660842,0x360003,0x380037,0x0,0x20001,0x2dd0003,0x82d08ec
.4byte 0x82f082e,0x94c0830,0x94d00f3,0x71105c3,0x7d00811,0x1b1041b,0x68d0385,0x30202ff
.4byte 0x3630415,0x45f002f,0x370426,0x783002f,0x43b0739,0x7740431,0x43b007d,0x4950784
.4byte 0x2a00707,0x8120713,0x2e706fa,0x65f02e8,0x6790678,0x89009c,0x8c8094e,0x6ce06cc
.4byte 0x6ce06cf,0x6d106d0,0x6d306d2,0x6d506d4,0x6d706d6,0x6d906d8,0x8d708d6,0x8d8
.4byte 0x24f046f,0x20302cd,0x8d90000,0x8db08da,0x6de08dc,0x6e006df,0x6e206e1,0x6e406e3
.4byte 0x6e606e5,0x6e806e7,0x94f06e9,0x8160950,0x890735,0x67c067b,0x6690668,0x2fa066a
.4byte 0x70502fb,0x5660817,0x725002f,0x39705b5,0x657067e,0x555029e,0x2790818,0x2a0063a
.4byte 0x2a10239,0x32a04ce,0x40d0060,0x53a0489,0x7680181,0x6760302,0x2ff0738,0xe800b6
.4byte 0x8d30110,0x83e083d,0x840083f,0x8420841,0x30666,0x370036,0x38,0x10000
.4byte 0x30002,0x8e802dd,0x2e8084d,0x84f084e,0x30661,0x300e8,0x5f30030,0x5330170
.4byte 0x51c0267,0x7f80513,0x1b1053b,0xd1037e,0x66d024a,0x5fe0415,0x7a002f,0x7b00690
.4byte 0x31b002f,0x43b0795,0x7740773,0x43b0430,0x72a0729,0x6fa081a,0x2e802e7,0x678065f
.4byte 0x9c0679,0x81b0089,0x95107c3,0x6ce06cc,0x6ce06cf,0x6d106d0,0x6d306d2,0x6d506d4
.4byte 0x6d706d6,0x6d906d8,0x8d708d6,0x8d8,0x24f046f,0x20302cd,0x8d90000,0x8db08da
.4byte 0x6de08dc,0x6e006df,0x6e206e1,0x6e406e3,0x6e606e5,0x6e806e7,0x91806e9,0x81607c6
.4byte 0x890735,0x67c067b,0x6690668,0x2fa066a,0x70502fb,0x4260820,0x15a0397,0x75d066e
.4byte 0x2da043b,0x4c0774,0x8210147,0x6090277,0x1840268,0x5100267,0x7f9033f,0x48e053b
.4byte 0x7f0822,0x65b039e,0x4270737,0x2230034,0x4890551,0x8cf0079,0x85e085d,0x66a02fa
.4byte 0x860085f,0x306f4,0x370036,0x38,0x10000,0x30002,0x8e802dd,0x2e8084d
.4byte 0x84f084e,0x3a0952,0x3a0084,0x3a0084,0x3a00f4,0x3a0084,0x3a0084,0x832053f
.4byte 0x51003c8,0x833032a,0x1b103ad,0x6930385,0x302024a,0x17b021d,0x45102ff,0x370415
.4byte 0x7250167,0x3970739,0x6570431,0x43b037b,0x3eb073d,0x25e0707,0x2e706fa,0x65f02e8
.4byte 0x6790678,0x89009c,0x9540953,0x6ce091c,0x6ce06cf,0x6d106d0,0x6d306d2,0x6d506d4
.4byte 0x6d706d6,0x6d906d8,0x8d708d6,0x8d8,0x24f046f,0x20302cd,0x8d90000,0x8db08da
.4byte 0x6de08dc,0x6e006df,0x6e206e1,0x6e406e3,0x6e606e5,0x6e806e7,0x8cb06e9,0x9560955
.4byte 0x890735,0x67c067b,0x6690668,0x2fa066a,0x70502fb,0x4970838,0x43b05b5,0x7500796
.4byte 0x43b0430,0x8390729,0x278083a,0x4bb0218,0x24b0510,0x41b083b,0x3850489,0x39e0181
.4byte 0x74204d2,0x24a0680,0x620075c,0x5cd009e,0x3200066,0x3bd02e2,0x85e085d,0x66a02fa
.4byte 0x860085f,0x306f4,0x370036,0x38,0x10000,0x30002,0x8ec02dd,0x82e082d
.4byte 0x830082f,0x5560957,0x2905ad,0x1450584,0x1840268,0x51c0267,0x851053a,0x1b1053b
.4byte 0x6f903b4,0x4d2024a,0x5fe0415,0x7a02ff,0x67d0690,0x852015a,0x3970795,0x7500796
.4byte 0x555041f,0x6fa0853,0x2e802e7,0x678065f,0x9c0679,0x76a0089,0x95808d0,0x6ce06f0
.4byte 0x6ce06cf,0x6d106d0,0x6d306d2,0x6d506d4,0x6d706d6,0x6d906d8,0x8d708d6,0x8d8
.4byte 0x24f046f,0x20302cd,0x8d90000,0x8db08da,0x6de08dc,0x6e006df,0x6e206e1,0x6e406e3
.4byte 0x6e606e5,0x6e806e7,0x95906e9,0x891081e,0x890735,0x67c067b,0x6690668,0x2fa066a
.4byte 0x70502fb,0x8580736,0x75d0750,0x784043b,0x66b0495,0x4ba0555,0x609072a,0x1370708
.4byte 0x51c040d,0x859033f,0x4f0053b,0x7f085a,0x613085b,0x5fe03e8,0x7a024a,0x469080f
.4byte 0x3a0574,0x8f00126,0x83e083d,0x840083f,0x8420841,0x30666,0x370036,0x38
.4byte 0x10000,0x30002,0x8ec02dd,0x82e082d,0x830082f,0x2b8095a,0x4ee05a2,0x90072a
.4byte 0x1b902b4,0x510074d,0xdc032a,0x1b1040d,0x8650385,0x302024a,0x910737,0x71802ff
.4byte 0x72c0391,0x72d002f,0x3970739,0x866015a,0x43b01ec,0x3070420,0x2e706fa,0x65f02e8
.4byte 0x6790678,0x89009c,0x95b081b,0x6f00896,0x6cf06ce,0x6d006ce,0x6d206d1,0x6d406d3
.4byte 0x6d606d5,0x6d806d7,0x8d606d9,0x8d808d7,0x46f0000,0x2cd024f,0x203,0x8da08d9
.4byte 0x8dc08db,0x6df06de,0x6e106e0,0x6e306e2,0x6e506e4,0x6e706e6,0x6e906e8,0x95c08a7
.4byte 0x735095d,0x67b0089,0x668067c,0x66a0669,0x2fb02fa,0x86b0705,0x7730168,0x4300495
.4byte 0x32e043b,0x86c03eb,0x21802a0,0x51c07c2,0x59c0513,0x489041b,0x6bd0676,0x4d20435
.4byte 0x65d05b3,0x45f038e,0x72c021d,0x2140167,0x5ba01f4,0xfa091a,0x83d093d,0x83f083e
.4byte 0x8410840,0x6660842,0x360003,0x380037,0x0,0x20001,0x2dd0003,0x84d08e8
.4byte 0x84e02e8,0x931084f,0x1b1055a,0x489051c,0x489051c,0x489051c,0x4890442,0x1700784
.4byte 0x26906f7,0x2a004f9,0x6f80184,0x513051c,0x53b0070,0x3b401b1,0x2ff06f9,0x5b304d2
.4byte 0x38e05fe,0x426007a,0x15a04c1,0x5b50654,0x4310397,0x3a60657,0x2e706fa,0x65f02e8
.4byte 0x6790678,0x89009c,0x95b081b,0x6f00896,0x6cf06ce,0x6d006ce,0x6d206d1,0x6d406d3
.4byte 0x6d606d5,0x6d806d7,0x8d606d9,0x8d808d7,0x46f0000,0x2cd024f,0x203,0x8da08d9
.4byte 0x8dc08db,0x6df06de,0x6e106e0,0x6e306e2,0x6e506e4,0x6e706e6,0x6e906e8,0x95c08a7
.4byte 0x735095d,0x67b0089,0x668067c,0x66a0669,0x2fb02fa,0x7060705,0x43b05a1,0x3eb02bc
.4byte 0x2a00707,0x2690333,0x70804ce,0x40d011c,0x385051c,0x4350078,0x3b404f0,0x2ff007f
.4byte 0x709040b,0x24a070a,0x426006c,0x34070b,0x4360389,0x1d202d2,0x85d095e,0x2fa085e
.4byte 0x85f066a,0x6f40860,0x360003,0x380037,0x0,0x20001,0x2dd0003,0x84d08e8
.4byte 0x84e02e8,0x8f8084f,0x5e004ae,0xb00711,0x2a00712,0x7140713,0x7080510,0x40d0505
.4byte 0x3850489,0x4350715,0x7160302,0x7170061,0x3e80718,0x2f070a,0x473007a,0x15a0719
.4byte 0x3a402e4,0x6fa071a,0x2e802e7,0x678065f,0x9c0679,0x77b0089,0x8350834,0x6cf06ce
.4byte 0x6d006ce,0x6d206d1,0x6d406d3,0x6d606d5,0x6d806d7,0x8d606d9,0x8d808d7,0x46f0000
.4byte 0x2cd024f,0x203,0x8da08d9,0x8dc08db,0x6df06de,0x6e106e0,0x6e306e2,0x6e506e4
.4byte 0x6e706e6,0x6e906e8,0x95f08d1,0x7910960,0x67b0089,0x668067c,0x66a0669,0x2fb02fa
.4byte 0x7230705,0x4300501,0x32e0555,0x4f90269,0x1840268,0x51c0267,0x7240513,0x1b1053b
.4byte 0x6f903b4,0x4d2024a,0x65d03e8,0x7a02ff,0x4c10415,0x725002f,0x59705a1,0x18d0506
.4byte 0x44101dc,0x85d03bd,0x2fa085e,0x85f066a,0x6f40860,0x360003,0x380037,0x0
.4byte 0x20001,0x2dd0003,0x82d08ec,0x82f082e,0x9610830,0x7770962,0x584036e,0x43b060a
.4byte 0x72a0729,0x278060e,0x4bb0184,0x33f051c,0x41b00d5,0x3850489,0x39e06bd,0x72b04d2
.4byte 0x24a065d,0x426045f,0x2f072c,0x40a072d,0x72e0350,0x2e706fa,0x65f02e8,0x6790678
.4byte 0x89009c,0x834077b,0x6ce0835,0x6ce06cf,0x6d106d0,0x6d306d2,0x6d506d4,0x6d706d6
.4byte 0x6d906d8,0x8d708d6,0x8d8,0x24f046f,0x20302cd,0x8d90000,0x8db08da,0x6de08dc
.4byte 0x6e006df,0x6e206e1,0x6e406e3,0x6e606e5,0x6e806e7,0x8d106e9,0x960095f,0x890791
.4byte 0x67c067b,0x6690668,0x2fa066a,0x70502fb,0x36c0736,0x446072a,0x33302a0,0x4ce02a1
.4byte 0xdc032a,0x442040d,0xd80385,0x3020435,0x7380737,0x40b02ff,0x70a0686,0x67702ff
.4byte 0x3970739,0x31b015a,0x143073a,0x5c300e2,0x83c00f9,0x83e083d,0x840083f,0x8420841
.4byte 0x30666,0x370036,0x38,0x10000,0x30002,0x8ec02dd,0x82e082d,0x830082f
.4byte 0x4670915,0x42b01e4,0x73c073b,0x3eb073d,0x1470707,0x3e2073e,0x26804ce,0x740073f
.4byte 0x33f051c,0x53b0741,0x74204f0,0x7430061,0x21d0672,0x2f05fe,0x739045f,0x2f0744
.4byte 0x6fa0497,0x2e802e7,0x678065f,0x9c0679,0x77b0089,0x9640963,0x6cf06ce,0x6d006ce
.4byte 0x6d206d1,0x6d406d3,0x6d606d5,0x6d806d7,0x8d606d9,0x8d808d7,0x46f0000,0x2cd024f
.4byte 0x203,0x8da08d9,0x8dc08db,0x6df06de,0x6e106e0,0x6e306e2,0x6e506e4,0x6e706e6
.4byte 0x6e906e8,0x9650700,0x7910966,0x67b0089,0x668067c,0x66a0669,0x2fb02fa,0x74a0705
.4byte 0x74c074b,0x4f9074d,0x4f10268,0x51c04bb,0x7240513,0x1b1053b,0xd10676,0x4d2024a
.4byte 0x5fe0415,0x7a0167,0x67d0690,0x66e002f,0x43b05b5,0x30a04b8,0x86300f1,0x4180864
.4byte 0x83d0967,0x83f083e,0x8410840,0x6660842,0x360003,0x380037,0x0,0x20001
.4byte 0x2dd0003,0x84d08e8,0x84e02e8,0x968084f,0x4a0447,0x8ee006e,0x2bf0170,0x41f0750
.4byte 0x7510555,0x60e0277,0x1b902a0,0x4ce04bb,0x752033f,0x489041b,0x57b053a,0x4d20753
.4byte 0x17b0676,0x651024a,0x1db0426,0x421002f,0x6fa0754,0x2e802e7,0x678065f,0x9c0679
.4byte 0x77b0089,0x9640963,0x6cf06ce,0x6d006ce,0x6d206d1,0x6d406d3,0x6d606d5,0x6d806d7
.4byte 0x8d606d9,0x8d808d7,0x46f0000,0x2cd024f,0x203,0x8da08d9,0x8dc08db,0x6df06de
.4byte 0x6e106e0,0x6e306e2,0x6e506e4,0x6e706e6,0x6e906e8,0x9650700,0x7910966,0x67b0089
.4byte 0x668067c,0x66a0669,0x2fb02fa,0x75a0705,0x2a002b7,0x4bb075b,0x32a04ce,0x40d00d5
.4byte 0x38501b1,0x74300c4,0x4150302,0x2ff0091,0x690075c,0x2f070a,0x4260677,0x15a0397
.4byte 0x75d0750,0x4590350,0x3710305,0x7a06f6,0x85d03bd,0x2fa085e,0x85f066a,0x6f40860
.4byte 0x360003,0x380037,0x0,0x20001,0x2dd0003,0x84d08e8,0x84e02e8,0x968084f
.4byte 0x4a0503,0x76208ee,0x76300a9,0x414043b,0x5ce0764,0x7650147,0x4f901ab,0x4f10268
.4byte 0x5100766,0x767053a,0x48e0768,0x7f0769,0x4d20435,0x4f6021d,0x75c024a,0x13e0690
.4byte 0x2e706fa,0x65f02e8,0x6790678,0x89009c,0x78d0969,0x6ce07e5,0x6ce06cf,0x6d106d0
.4byte 0x6d306d2,0x6d506d4,0x6d706d6,0x6d906d8,0x8d708d6,0x8d8,0x24f046f,0x20302cd
.4byte 0x8d90000,0x8db08da,0x6de08dc,0x6e006df,0x6e206e1,0x6e406e3,0x6e606e5,0x6e806e7
.4byte 0x96a06e9,0x800096b,0x89076a,0x67c067b,0x6690668,0x2fa066a,0x70502fb,0x4d80770
.4byte 0x32a04f9,0x2670060,0x33f0489,0x53b0771,0x6a301b1,0x2ff01d6,0x6900652,0x2f05fe
.4byte 0x426007a,0x2f0772,0x5b5031b,0x773043b,0x4300774,0x90d035c,0x59a0515,0x3bd01ae
.4byte 0x85e085d,0x66a02fa,0x860085f,0x306f4,0x370036,0x38,0x10000,0x30002
.4byte 0x8ec02dd,0x82e082d,0x830082f,0x4670915,0x42b01e4,0x6200777,0x4310397,0x2c30657
.4byte 0x7510147,0x65a03eb,0x7780268,0x4ce02a1,0x53e0513,0x48903ad,0x1810779,0x302053b
.4byte 0x1030676,0x652024a,0x77a021d,0x6fa026c,0x2e802e7,0x678065f,0x9c0679,0x9690089
.4byte 0x7e5078d,0x6cf06ce,0x6d006ce,0x6d206d1,0x6d406d3,0x6d606d5,0x6d806d7,0x8d606d9
.4byte 0x8d808d7,0x46f0000,0x2cd024f,0x203,0x8da08d9,0x8dc08db,0x6df06de,0x6e106e0
.4byte 0x6e306e2,0x6e506e4,0x6e706e6,0x6e906e8,0x96b096a,0x76a0800,0x67b0089,0x668067c
.4byte 0x66a0669,0x2fb02fa,0x7810705,0x6f80728,0x5130510,0x41b0782,0x38501b1,0x743068d
.4byte 0x686049d,0x1670393,0x4260451,0x2f072c,0x4710783,0x15a03fb,0x75d0774,0x784043b
.4byte 0x4eb03eb,0x1120139,0x5a405d6,0x83d0967,0x83f083e,0x8410840,0x6660842,0x360003
.4byte 0x380037,0x0,0x20001,0x2dd0003,0x82d08ec,0x82f082e,0x9610830,0x4c0047f
.4byte 0x4c0047f,0x4c0047f,0x4c0047f,0x45c047f,0x7860785,0x725015a,0x43b03a4,0x1cc0787
.4byte 0x43b004c,0x1ab0788,0x2680450,0x40d01b9,0x78904ce,0x3ad078a,0x3850489,0x43506f9
.4byte 0x7370302,0x2ff078b,0x6fa0188,0x2e802e7,0x678065f,0x9c0679,0x96c0089,0x86808ef
.4byte 0x6ce06cd,0x6ce06cf,0x6d106d0,0x6d306d2,0x6d506d4,0x6d706d6,0x6d906d8,0x8d708d6
.4byte 0x8d8,0x24f046f,0x20302cd,0x8d90000,0x8db08da,0x6de08dc,0x6e006df,0x6e206e1
.4byte 0x6e406e3,0x6e606e5,0x6e806e7,0x96d06e9,0x800086a,0x89076a,0x67c067b,0x6690668
.4byte 0x2fa066a,0x70502fb,0x7930792,0x40d0794,0x33f0489,0x2c90046,0x3b404f0,0x38e01d6
.4byte 0x4920652,0x2f01db,0x739007a,0x2f067d,0x795031b,0x796043b,0x43003eb,0x72e0555
.4byte 0x1390797,0x5d60112,0x96705a4,0x83e083d,0x840083f,0x8420841,0x30666,0x370036
.4byte 0x38,0x10000,0x30002,0x8e802dd,0x2e8084d,0x84f084e,0x5490933,0x170075e
.4byte 0x2a305a9,0x350040a,0x79804b8,0x55506a6,0x495068e,0x2680707,0x2a10464,0x69804f9
.4byte 0x7990060,0x53a0489,0x41b0715,0x3b404f0,0x24a00d1,0x2c101d5,0x2e706fa,0x65f02e8
.4byte 0x6790678,0x89009c,0x8ef096c,0x6cd0868,0x6cf06ce,0x6d006ce,0x6d206d1,0x6d406d3
.4byte 0x6d606d5,0x6d806d7,0x8d606d9,0x8d808d7,0x46f0000,0x2cd024f,0x203,0x8da08d9
.4byte 0x8dc08db,0x6df06de,0x6e106e0,0x6e306e2,0x6e506e4,0x6e706e6,0x6e906e8,0x86a096d
.4byte 0x76a0800,0x67b0089,0x668067c,0x66a0669,0x2fb02fa,0x7a00705,0x51307a1,0x41b0741
.4byte 0x67604f0,0x24a00d1,0x391049d,0x23007a2,0x7390048,0x2f04c1,0x7950783,0x43103fb
.4byte 0x37b0774,0x2bc0555,0x4460269,0x797043b,0x539090d,0x7a096e,0x85d03bd,0x2fa085e
.4byte 0x85f066a,0x6f40860,0x360003,0x380037,0x0,0x20001,0x2dd0003,0x84d08e8
.4byte 0x84e02e8,0x96f084f,0x5bd0442,0x7a707a6,0x7440739,0x60c002f,0x2103f1,0x7740420
.4byte 0x43b041f,0x1ab032e,0x2680635,0x5d402af,0x69804ce,0x40d0794,0x33f0489,0x43505fd
.4byte 0x3e804f0,0x6fa00ee,0x2e802e7,0x678065f,0x9c0679,0x79a0089,0x97008f4,0x6ce06cd
.4byte 0x6ce06cf,0x6d106d0,0x6d306d2,0x6d506d4,0x6d706d6,0x6d906d8,0x8d708d6,0x8d8
.4byte 0x24f046f,0x20302cd,0x8d90000,0x8db08da,0x6de08dc,0x6e006df,0x6e206e1,0x6e406e3
.4byte 0x6e606e5,0x6e806e7,0x97106e9,0x8b90872,0x89076a,0x67c067b,0x6690668,0x2fa066a
.4byte 0x70502fb,0x2f07ae,0x3850489,0x435006b,0x7370302,0x2ff0427,0x1fd07af,0x167070b
.4byte 0x40a072d,0x43107b0,0x763031b,0x773043b,0x430072a,0x8102a0,0x4f90269,0x90d04eb
.4byte 0x96e0539,0x3bd007a,0x85e085d,0x66a02fa,0x860085f,0x306f4,0x370036,0x38
.4byte 0x10000,0x30002,0x8ec02dd,0x82e082d,0x830082f,0x1d088c,0x1e0000,0x7a60277
.4byte 0x1db064a,0x421002f,0x350040c,0x7b204b8,0x43b06a6,0x495068e,0x268043c,0x7b3032e
.4byte 0x7b507b4,0x3c00153,0x513055a,0x41b0741,0x67601b1,0x290162,0x2e706fa,0x65f02e8
.4byte 0x6790678,0x89009c,0x8f4079a,0x6cd0970,0x6cf06ce,0x6d006ce,0x6d206d1,0x6d406d3
.4byte 0x6d606d5,0x6d806d7,0x8d606d9,0x8d808d7,0x46f0000,0x2cd024f,0x203,0x8da08d9
.4byte 0x8dc08db,0x6df06de,0x6e106e0,0x6e306e2,0x6e506e4,0x6e706e6,0x6e906e8,0x8720971
.4byte 0x76a08b9,0x67b0089,0x668067c,0x66a0669,0x2fb02fa,0x7810705,0x53b04d5,0x6760302
.4byte 0x24a0103,0x21d04d2,0x23007bc,0x7bd0082,0x2f07be,0x7bf0725,0x67e03fb,0x5f0495
.4byte 0x2bc0268,0x44603e2,0x75b02a0,0x35c04bb,0x5d10139,0x9720549,0x75e0549,0x9720549
.4byte 0x5a40549,0x83d0967,0x83f083e,0x8410840,0x6660842,0x360003,0x380037,0x0
.4byte 0x20001,0x2dd0003,0x82d08ec,0x82f082e,0x9730830,0x442051c,0x1700673,0x24a039d
.4byte 0x6900451,0x230014b,0x7c0060c,0x4310350,0x41f065e,0x784043b,0x43c01ab,0x7c10278
.4byte 0x4ce07c2,0x752032a,0x4890766,0x7a3033f,0x640053b,0x2e706fa,0x65f02e8,0x6790678
.4byte 0x89009c,0x8f30735,0x8fb0974,0x6ce06cd,0x6ce06cf,0x6d106d0,0x6d306d2,0x6d506d4
.4byte 0x6d706d6,0x6d906d8,0x8d708d6,0x8d8,0x24f046f,0x20302cd,0x8d90000,0x8db08da
.4byte 0x6de08dc,0x6e006df,0x6e206e1,0x6e406e3,0x6e606e5,0x6e806e7,0x70006e9,0x8fc06e8
.4byte 0x80b0975,0x67b0089,0x668067c,0x66a0669,0x2fb02fa,0x7c80705,0x6f90789,0x4d20435
.4byte 0x3930737,0x457024a,0x7440690,0x2e00230,0x39707c9,0x31b0431,0x3fb029e,0x1ab073d
.4byte 0x278043c,0x7ca0081,0x32a04f9,0x4590184,0x5860139,0x6b104ae,0x83d0967,0x83f083e
.4byte 0x8410840,0x6660842,0x360003,0x380037,0x0,0x20001,0x2dd0003,0x84d08e8
.4byte 0x84e02e8,0x8f8084f,0x4ae0877,0x78500fd,0x7af07cd,0x7ce021d,0x820230,0x397040c
.4byte 0x66e04b8,0x3fb0763,0x4950796,0x2a00430,0x7ca02bc,0x2a007cf,0x4bb0153,0x32a0510
.4byte 0x41b07d0,0x28401b1,0x2e706fa,0x65f02e8,0x6790678,0x89009c,0x8f30735,0x8fb0974
.4byte 0x6ce06cd,0x6ce06cf,0x6d106d0,0x6d306d2,0x6d506d4,0x6d706d6,0x6d906d8,0x8d708d6
.4byte 0x8d8,0x24f046f,0x20302cd,0x8d90000,0x8db08da,0x6de08dc,0x6e006df,0x6e206e1
.4byte 0x6e406e3,0x6e606e5,0x6e806e7,0x70006e9,0x8fc06e8,0x80b0975,0x67b0089,0x668067c
.4byte 0x66a0669,0x2fb02fa,0x7a00705,0x6760157,0x24a0091,0x21d07d6,0x2f01db,0x7bd0048
.4byte 0x4b807d7,0x1ec068f,0x2da043b,0x4300495,0x32e043b,0x4a6074d,0x15305c0,0x51006f8
.4byte 0x30a0268,0x3710305,0x7a06f6,0x85d095e,0x2fa085e,0x85f066a,0x6f40860,0x360003
.4byte 0x380037,0x0,0x20001,0x2b90003,0x5b9054d,0x30287,0x2e705c7,0x65f02e8
.4byte 0x6610660,0x6f40003,0x9770976,0x6cd0978,0x6cf06ce,0x6d006ce,0x6d206d1,0x6d406d3
.4byte 0x6d606d5,0x6d806d7,0x8d606d9,0x8d808d7,0x46f0000,0x2cd024f,0x203,0x8da08d9
.4byte 0x8dc08db,0x6df06de,0x6e106e0,0x6e306e2,0x6e506e4,0x6e706e6,0x6e906e8,0x6e80700
.4byte 0x97a0979,0x3097b,0x6670666,0x6690668,0x2fa066a,0x2fc02fb,0x305d0,0x4e6097c
.4byte 0x4e3059a,0x4e3059a,0x4e3059a,0x4e3059a,0x82059a,0x3058f,0x370036,0x38
.4byte 0x10000,0x30002,0x1720399,0x97d0089,0x30119,0x2e705c7,0x65f02e8,0x6610660
.4byte 0x6f40003,0x97f097e,0x6cd0980,0x6cf06ce,0x6d006ce,0x6d206d1,0x6d406d3,0x6d606d5
.4byte 0x6d806d7,0x8d606d9,0x8d808d7,0x46f0000,0x2cd024f,0x203,0x8da08d9,0x8dc08db
.4byte 0x6df06de,0x6e106e0,0x6e306e2,0x6e506e4,0x6e706e6,0x6e906e8,0x98106ea,0x9830982
.4byte 0x6660003,0x6680667,0x66a0669,0x2fb02fa,0x5d002fc,0x4010003,0x9850984,0xcf038d
.4byte 0x360003,0x380037,0x0,0x870086,0x890088,0x8b008a,0x1a90328,0x60c0320
.4byte 0x910498,0x920089,0x940093,0x890095,0x2e60096,0x2e802e7,0x678065f,0x9c0679
.4byte 0x45e0089,0x203018d,0x530000,0x2230029,0x11,0x5e20012,0x2d0365,0x2e0000
.4byte 0x986002f,0x15,0x46a0016,0x330032,0x2e0000,0x180034,0x19,0x987001a
.4byte 0x5,0x24f046f,0x20302cd,0x60000,0x1c0007,0x1d,0x1f001e,0x904d4
.4byte 0xa0000,0x21000b,0x22,0x23001e,0xd011a,0xe0000,0x260988,0x27
.4byte 0x290028,0x590223,0x1eb0000,0x8904b0,0x67c067b,0x6690668,0x2fa066a,0x2fc02fb
.4byte 0xba02fd,0xa90089,0xab00aa,0x8900a4,0xad00ac,0x75f01a3,0x9890760,0x88098a
.4byte 0x8a0089,0xbc008b,0x22,0x860000,0x880087,0x8a0089,0x12a008b,0x5ad0556
.4byte 0x3070297,0x910334,0x920089,0x940093,0x890095,0x2e60096,0x2e802e7,0x678065f
.4byte 0x9c0679,0x45e0089,0x33018d,0x530000,0x2230029,0x11,0x5e20012,0x2d0365
.4byte 0x2e0000,0x986002f,0x15,0x46a0016,0x330032,0x2e0000,0x180034,0x19
.4byte 0x987001a,0x5,0x24f046f,0x20302cd,0x60000,0x1c0007,0x1d,0x1f001e
.4byte 0x904d4,0xa0000,0x21000b,0x22,0x23001e,0xd011a,0xe0000,0x260988
.4byte 0x27,0x290028,0x590223,0x2480000,0x8904b0,0x67c067b,0x6690668,0x2fa066a
.4byte 0x2fc02fb,0xba02fd,0xa90089,0xab00aa,0x8900a4,0xad00ac,0x1a804b9,0x1f102d2
.4byte 0x88095e,0x8a0089,0xbc008b,0x22,0x860000,0x880087,0x8a0089,0x170008b
.4byte 0x5c20298,0x2150604,0x890091,0x930092,0x950094,0x960089,0x2e702e6,0x65f02e8
.4byte 0x6790678,0x89009c,0x18d045e,0x33,0x290053,0x110223,0x120000,0x36505e2
.4byte 0x2d,0x2f002e,0x150986,0x160000,0x32046a,0x33,0x34002e,0x190018
.4byte 0x1a0000,0x50987,0x46f0000,0x2cd024f,0x203,0x70006,0x1d001c,0x1e0000
.4byte 0x4d4001f,0x9,0xb000a,0x220021,0x1e0000,0x11a0023,0xd,0x988000e
.4byte 0x270026,0x280000,0x2230029,0x59,0x4b00248,0x67b0089,0x668067c,0x66a0669
.4byte 0x2fb02fa,0x2fd02fc,0x8900ba,0xaa00a9,0xa400ab,0xac0089,0x5cd00ad,0x4a0296
.4byte 0x3bd016e,0x890088,0x8b008a,0x2200bc,0x0,0x870086,0x890088,0x8b008a
.4byte 0x88b00e8,0xfb047f,0x910004,0x920089,0x940093,0x890095,0x2e60096,0x2e802e7
.4byte 0x678065f,0x9c0679,0x45e0089,0x2d018d,0x530000,0x2230029,0x11,0x5e20012
.4byte 0x2d0365,0x2e0000,0x986002f,0x15,0x46a0016,0x330032,0x2e0000,0x180034
.4byte 0x19,0x987001a,0x5,0x24f046f,0x20302cd,0x60000,0x1c0007,0x1d
.4byte 0x1f001e,0x904d4,0xa0000,0x21000b,0x22,0x23001e,0xd011a,0xe0000
.4byte 0x260988,0x27,0x290028,0x590223,0x26b0000,0x8904b0,0x67c067b,0x6690668
.4byte 0x2fa066a,0x2fc02fb,0xba02fd,0xa90089,0xab00aa,0x8900a4,0xad00ac,0xf4009f
.4byte 0x10e0728,0x8804f5,0x8a0089,0xbc008b,0x22,0x860000,0x880087,0x8a0089
.4byte 0x4e7008b,0x87e08b5,0x175044f,0x890091,0x930092,0x950094,0x960089,0x2e702e6
.4byte 0x65f02e8,0x6790678,0x89009c,0x1bd0551,0x2d,0x290053,0x110223,0x120000
.4byte 0x36505e2,0x2d,0x2f002e,0x150986,0x160000,0x32046a,0x33,0x34002e
.4byte 0x190018,0x1a0000,0x50987,0x46f0000,0x2cd024f,0x203,0x70006,0x1d001c
.4byte 0x1e0000,0x4d4001f,0x9,0xb000a,0x220021,0x1e0000,0x11a0023,0xd
.4byte 0x988000e,0x270026,0x280000,0x2230029,0x59,0x5e5026b,0x8905e3,0x67c067b
.4byte 0x6690668,0x2fa066a,0x2fc02fb,0xba02fd,0xa90089,0xab00aa,0x8900a4,0xad00ac
.4byte 0x4c000e8,0x6a504ab,0x8801a3,0x8a0089,0xbc008b,0x22,0x860000,0x880087
.4byte 0x8a0089,0x5bf008b,0x320020c,0x498060c,0x890091,0x930092,0x950094,0x960089
.4byte 0x2e702e6,0x65f02e8,0x6790678,0x89009c,0x19f0551,0x2d,0x290053,0x110223
.4byte 0x120000,0x36505e2,0x2d,0x2f002e,0x150986,0x160000,0x32046a,0x33
.4byte 0x34002e,0x190018,0x1a0000,0x50987,0x46f0000,0x2cd024f,0x203,0x70006
.4byte 0x1d001c,0x1e0000,0x4d4001f,0x9,0xb000a,0x220021,0x1e0000,0x11a0023
.4byte 0xd,0x988000e,0x270026,0x280000,0x2230029,0x59,0x5e5020b,0x8905e3
.4byte 0x67c067b,0x6690668,0x2fa066a,0x2fc02fb,0xba02fd,0xa90089,0xab00aa,0x8900a4
.4byte 0xad00ac,0x7a10223,0x4b0489,0x880583,0x8a0089,0xbc008b,0x22,0x860000
.4byte 0x880087,0x8a0089,0x6f5008b,0x6f602aa,0x3340051,0x890091,0x930092,0x950094
.4byte 0x960089,0x2e702e6,0x65f02e8,0x6790678,0x89009c,0x2960551,0x2d,0x290053
.4byte 0x110223,0x120000,0x36505e2,0x2d,0x2f002e,0x150986,0x160000,0x32046a
.4byte 0x33,0x34002e,0x190018,0x1a0000,0x50987,0x46f0000,0x2cd024f,0x203
.4byte 0x70006,0x1d001c,0x1e0000,0x4d4001f,0x9,0xb000a,0x220021,0x1e0000
.4byte 0x11a0023,0xd,0x988000e,0x270026,0x280000,0x2230029,0x59,0x192020b
.4byte 0x8905e3,0x67c067b,0x6690668,0x2fa066a,0x2fc02fb,0xba02fd,0xa90089,0xab00aa
.4byte 0x8900a4,0xad00ac,0x190018,0x70c0000,0x88070d,0x8a0089,0xbc008b,0x22
.4byte 0x860000,0x880087,0x8a0089,0x98b008b,0x5c106f7,0x2150727,0x890091,0x930092
.4byte 0x950094,0x960089,0x2e702e6,0x65f02e8,0x6790678,0x89009c,0x2960551,0x2d
.4byte 0x290053,0x110223,0x120000,0x36505e2,0x2d,0x2f002e,0x150986,0x160000
.4byte 0x32046a,0x33,0x34002e,0x190018,0x1a0000,0x50987,0x46f0000,0x2cd024f
.4byte 0x203,0x70006,0x1d001c,0x1e0000,0x4d4001f,0x9,0xb000a,0x220021
.4byte 0x1e0000,0x11a0023,0xd,0x988000e,0x270026,0x280000,0x2230029,0x59
.4byte 0x192020b,0x8905e3,0x67c067b,0x6690668,0x2fa066a,0x2fc02fb,0xba02fd,0xa90089
.4byte 0xab00aa,0x8900a4,0xad00ac,0x21902ce,0x239098c,0x8800b1,0x8a0089,0xbc008b
.4byte 0x22,0x860000,0x880087,0x8a0089,0xe8008b,0x1100182,0x910004,0x920089
.4byte 0x940093,0x890095,0x2e60096,0x2e802e7,0x678065f,0x9c0679,0x5510089,0x2d0296
.4byte 0x530000,0x2230029,0x11,0x5e20012,0x2d0365,0x2e0000,0x986002f,0x15
.4byte 0x46a0016,0x330032,0x2e0000,0x180034,0x19,0x987001a,0x5,0x24f046f
.4byte 0x20302cd,0x60000,0x1c0007,0x1d,0x1f001e,0x904d4,0xa0000,0x21000b
.4byte 0x22,0x23001e,0xd011a,0xe0000,0x260988,0x27,0x290028,0x590223
.4byte 0x20b0000,0x5e30192,0x67b0089,0x668067c,0x66a0669,0x2fb02fa,0x2fd02fc,0x8900ba
.4byte 0xaa00a9,0xa400ab,0xac0089,0x300ad,0x300e8,0xe80030,0x300003,0x300e8
.4byte 0xe80030,0x8802dd,0x8a0089,0xbc008b,0x22,0x860000,0x880087,0x8a0089
.4byte 0x4e7008b,0x87e087d,0x90098d,0x890091,0x930092,0x950094,0x960089,0x2e702e6
.4byte 0x65f02e8,0x6790678,0x89009c,0x2960551,0x2d,0x290053,0x110223,0x120000
.4byte 0x36505e2,0x2d,0x2f002e,0x150986,0x160000,0x32046a,0x33,0x34002e
.4byte 0x190018,0x1a0000,0x50987,0x46f0000,0x2cd024f,0x203,0x70006,0x1d001c
.4byte 0x1e0000,0x4d4001f,0x9,0xb000a,0x220021,0x1e0000,0x11a0023,0xd
.4byte 0x988000e,0x270026,0x280000,0x2230029,0x59,0x192020b,0x8905e3,0x67c067b
.4byte 0x6690668,0x2fa066a,0x2fc02fb,0xba02fd,0xa90089,0xab00aa,0x8900a4,0xad00ac
.4byte 0x98e036e,0x19807fa,0x8804f5,0x8a0089,0xbc008b,0x22,0x860000,0x880087
.4byte 0x3f50089,0x3990294,0x97d06b2,0x910711,0x5e2008a,0x554070e,0x5bf008b,0x320020c
.4byte 0x498060c,0x890091,0x930092,0x950094,0x960089,0x2e702e6,0x65f02e8,0x6790678
.4byte 0x89009c,0x29604ce,0x2d,0x290053,0x110223,0x120000,0x36505e2,0x2d
.4byte 0x2f002e,0x150986,0x160000,0x32046a,0x33,0x34002e,0x190018,0x1a0000
.4byte 0x50987,0x46f0000,0x2cd024f,0x203,0x70006,0x1d001c,0x1e0000,0x4d4001f
.4byte 0x9,0xb000a,0x220021,0x1e0000,0x11a0023,0xd,0x988000e,0x270026
.4byte 0x280000,0x2230029,0x59,0x19a020b,0x8905e3,0x67c067b,0x6690668,0x2fa066a
.4byte 0x2fc02fb,0xba02fd,0xa90089,0xab00aa,0x8900a4,0xad00ac,0x6605cd,0x98f0320
.4byte 0x8803bd,0x6b802af,0xac0559,0x990039a,0x33301b5,0x186056b,0x8a0089,0xbc008b
.4byte 0x22,0x860000,0x880087,0x3f50089,0x3990294,0x97d06b2,0x910711,0x5e2008a
.4byte 0x554070e,0x12a008b,0x93f030b,0x3340307,0x890091,0x930092,0x950094,0x960089
.4byte 0x2e702e6,0x65f02e8,0x6790678,0x89009c,0x44704ce,0x530000,0x2230029,0x11
.4byte 0x5e20012,0x2d0365,0x2e0000,0x986002f,0x15,0x46a0016,0x330032,0x2e0000
.4byte 0x180034,0x19,0x987001a,0x5,0x24f046f,0x20302cd,0x60000,0x1c0007
.4byte 0x1d,0x1f001e,0x904d4,0xa0000,0x21000b,0x22,0x23001e,0xd011a
.4byte 0xe0000,0x260988,0x27,0x290028,0x590223,0x2e0000,0x5e303b6,0x67b0089
.4byte 0x668067c,0x66a0669,0x2fb02fa,0x2fd02fc,0x8900ba,0xaa00a9,0xa400ab,0xac0089
.4byte 0x4b900ad,0x2d201a8,0x95e01f1,0x2af0088,0x55906b8,0x39a00ac,0x1b50990,0x56b0333
.4byte 0x890186,0x8b008a,0x2200bc,0x0,0x870086,0x890088,0x29403f5,0x6b20399
.4byte 0x711097d,0x8a0091,0x70e05e2,0x8b0554,0xe20173,0x99105c3,0x910215,0x920089
.4byte 0x940093,0x890095,0x2e60096,0x2e802e7,0x678065f,0x9c0679,0x4ce0089,0x447
.4byte 0x290053,0x110223,0x120000,0x36505e2,0x2d,0x2f002e,0x150986,0x160000
.4byte 0x32046a,0x33,0x34002e,0x190018,0x1a0000,0x50987,0x46f0000,0x2cd024f
.4byte 0x203,0x70006,0x1d001c,0x1e0000,0x4d4001f,0x9,0xb000a,0x220021
.4byte 0x1e0000,0x11a0023,0xd,0x988000e,0x270026,0x280000,0x2230029,0x59
.4byte 0x3b6002e,0x8905e3,0x67c067b,0x6690668,0x2fa066a,0x2fc02fb,0xba02fd,0xa90089
.4byte 0xab00aa,0x8900a4,0xad00ac,0x45400f1,0x47e04a7,0x880545,0x6b802af,0xac0559
.4byte 0x990039a,0x33301b5,0x186056b,0x8a0089,0xbc008b,0x22,0x860000,0x880087
.4byte 0x3f50089,0x3990294,0x97d06b2,0x910711,0x5e2008a,0x554070e,0xe0008b,0x23a0237
.4byte 0x23704f5,0x4f5023a,0x108023a,0x910004,0x920089,0x940093,0x890095,0x2e60096
.4byte 0x2e802e7,0x678065f,0x9c0679,0x4ce0089,0x447,0x290053,0x110223,0x120000
.4byte 0x36505e2,0x2d,0x2f002e,0x150986,0x160000,0x32046a,0x33,0x34002e
.4byte 0x190018,0x1a0000,0x50987,0x46f0000,0x2cd024f,0x203,0x70006,0x1d001c
.4byte 0x1e0000,0x4d4001f,0x9,0xb000a,0x220021,0x1e0000,0x11a0023,0xd
.4byte 0x988000e,0x270026,0x280000,0x2230029,0x59,0x3b6002e,0x8905e3,0x67c067b
.4byte 0x6690668,0x2fa066a,0x2fc02fb,0xba02fd,0xa90089,0xab00aa,0x8900a4,0xad00ac
.4byte 0x5860139,0x6b104ae,0x8800ca,0x6b802af,0xac0559,0x990039a,0x33301b5,0x186056b
.4byte 0x8a0089,0xbc008b,0x22,0x860000,0x880087,0x3f50089,0x3990294,0x97d06b2
.4byte 0x910711,0x5e2008a,0x554070e,0x70e008b,0x3e103b0,0xfc0821,0x890091,0x930092
.4byte 0x950094,0x960089,0x2e702e6,0x65f02e8,0x6790678,0x89009c,0x44704ce,0x530000
.4byte 0x2230029,0x11,0x5e20012,0x2d0365,0x2e0000,0x986002f,0x15,0x46a0016
.4byte 0x330032,0x2e0000,0x180034,0x19,0x987001a,0x5,0x24f046f,0x20302cd
.4byte 0x60000,0x1c0007,0x1d,0x1f001e,0x904d4,0xa0000,0x21000b,0x22
.4byte 0x23001e,0xd011a,0xe0000,0x260988,0x27,0x290028,0x590223,0x2e0000
.4byte 0x5e303b6,0x67b0089,0x668067c,0x66a0669,0x2fb02fa,0x2fd02fc,0x8900ba,0xaa00a9
.4byte 0xa400ab,0xac0089,0x38900ad,0x2d20436,0x95e01d2,0x2af0088,0x55906b8,0x39a00ac
.4byte 0x1b50990,0x56b0333,0x890186,0x8b008a,0x2200bc,0x0,0x870086,0x890088
.4byte 0x29403f5,0x6b20399,0x711097d,0x8a0091,0x70e05e2,0x8b0554,0x1d07a5,0x1e0000
.4byte 0x498001f,0x890091,0x930092,0x950094,0x960089,0x2e702e6,0x65f02e8,0x6790678
.4byte 0x89009c,0x44704ce,0x530000,0x2230029,0x11,0x5e20012,0x2d0365,0x2e0000
.4byte 0x986002f,0x15,0x46a0016,0x330032,0x2e0000,0x180034,0x19,0x987001a
.4byte 0x5,0x24f046f,0x20302cd,0x60000,0x1c0007,0x1d,0x1f001e,0x904d4
.4byte 0xa0000,0x21000b,0x22,0x23001e,0xd011a,0xe0000,0x260988,0x27
.4byte 0x290028,0x590223,0x2e0000,0x5e303b6,0x67b0089,0x668067c,0x66a0669,0x2fb02fa
.4byte 0x2fd02fc,0x8900ba,0xaa00a9,0xa400ab,0xac0089,0x5cd00ad,0x3200066,0x3bd098f
.4byte 0x2af0088,0x55906b8,0x39a00ac,0x1b50990,0x56b0333,0x890186,0x8b008a,0x2200bc
.4byte 0x0,0x870086,0x890088,0x29403f5,0x6b20399,0x711097d,0x8a0091,0x70e05e2
.4byte 0x8b0554,0x51c0992,0x5cc0442,0x910993,0x920089,0x940093,0x890095,0x2e60096
.4byte 0x2e802e7,0x678065f,0x9c0679,0x4ce0089,0x447,0x290053,0x110223,0x120000
.4byte 0x36505e2,0x2d,0x2f002e,0x150986,0x160000,0x32046a,0x33,0x34002e
.4byte 0x190018,0x1a0000,0x50987,0x46f0000,0x2cd024f,0x203,0x70006,0x1d001c
.4byte 0x1e0000,0x4d4001f,0x9,0xb000a,0x220021,0x1e0000,0x11a0023,0xd
.4byte 0x988000e,0x270026,0x280000,0x2230029,0x59,0x3b6002e,0x8905e3,0x67c067b
.4byte 0x6690668,0x2fa066a,0x2fc02fb,0xba02fd,0xa90089,0xab00aa,0x8900a4,0xad00ac
.4byte 0x7a3036e,0x198017a,0x8804f5,0x6b802af,0xac0559,0x990039a,0x33301b5,0x186056b
.4byte 0x8a0089,0xbc008b,0x22,0x860000,0x880087,0x3f50089,0x3990294,0x97d06b2
.4byte 0x910711,0x5e2008a,0x554070e,0x545008b,0x7600994,0xbf06b8,0x890091,0x930092
.4byte 0x950094,0x960089,0x2e702e6,0x65f02e8,0x6790678,0x89009c,0x6604ce,0x530000
.4byte 0x2230029,0x11,0x5e20012,0x2d0365,0x2e0000,0x986002f,0x15,0x46a0016
.4byte 0x330032,0x2e0000,0x180034,0x19,0x987001a,0x5,0x24f046f,0x20302cd
.4byte 0x60000,0x1c0007,0x1d,0x1f001e,0x904d4,0xa0000,0x21000b,0x22
.4byte 0x23001e,0xd011a,0xe0000,0x260988,0x27,0x290028,0x590223,0x530000
.4byte 0x5e303b6,0x67b0089,0x668067c,0x66a0669,0x2fb02fa,0x2fd02fc,0x8900ba,0xaa00a9
.4byte 0xa400ab,0xac0089,0x300ad,0x8802dd,0x6b802af,0xac0559,0x990039a,0x33301b5
.4byte 0x186056b,0x8a0089,0xbc008b,0x22,0x860000,0x880087,0x3f50089,0x3990294
.4byte 0x97d06b2,0x910711,0x5e2008a,0x554070e,0x6b7008b,0x5ae04ae,0x9100bf,0x920089
.4byte 0x940093,0x890095,0x2e60096,0x2e802e7,0x678065f,0x9c0679,0x4ce0089,0x66
.4byte 0x290053,0x110223,0x120000,0x36505e2,0x2d,0x2f002e,0x150986,0x160000
.4byte 0x32046a,0x33,0x34002e,0x190018,0x1a0000,0x50987,0x46f0000,0x2cd024f
.4byte 0x203,0x70006,0x1d001c,0x1e0000,0x4d4001f,0x9,0xb000a,0x220021
.4byte 0x1e0000,0x11a0023,0xd,0x988000e,0x270026,0x280000,0x2230029,0x59
.4byte 0x3b60053,0x8905e3,0x67c067b,0x6690668,0x2fa066a,0x2fc02fb,0xba02fd,0xa90089
.4byte 0xab00aa,0x8900a4,0xad00ac,0x6c604e2,0x4b201e4,0x88027e,0x6b802af,0xac0559
.4byte 0x990039a,0x33301b5,0x186056b,0x8a0089,0xbc008b,0x22,0x860000,0x880087
.4byte 0x3f50089,0x3990294,0x97d06b2,0x910711,0x5e2008a,0x554070e,0x484008b,0x2d20436
.4byte 0x3340812,0x890091,0x930092,0x950094,0x960089,0x2e702e6,0x65f02e8,0x6790678
.4byte 0x89009c,0x34d034c,0x100003,0x11,0x34002e,0x80003,0x9,0x290028
.4byte 0x3002a,0x34e0036,0x89008d,0x67c067b,0x6690668,0x2fa066a,0x2fc02fb,0xba02fd
.4byte 0xa90089,0xab00aa,0x8900a4,0xad00ac,0x6605cd,0x2e20320,0x8803bd,0x6b802af
.4byte 0xac0559,0x990039a,0x33301b5,0x186056b,0x8a0089,0xbc008b,0x22,0x860000
.4byte 0x880087,0x3f50089,0x3990294,0x97d06b2,0x910711,0x5e2008a,0x554070e,0x328008b
.4byte 0x32001a9,0x498060c,0x890091,0x930092,0x950094,0x960089,0x9960995,0x997082e
.4byte 0x9990998,0x9c099a,0x34c0089,0x3034d,0x110010,0x2e0000,0x30034,0x90008
.4byte 0x280000,0x2a0029,0x360003,0x8d034e,0x99b0089,0x99d099c,0x840099e,0x99f083f
.4byte 0x9a109a0,0x8909a2,0xaa00a9,0xa400ab,0xac0089,0x38900ad,0x2d20436,0x95e01d2
.4byte 0x2af0088,0x55906b8,0x39a00ac,0x1b50990,0x56b0333,0x890186,0x8b008a,0x2200bc
.4byte 0x0,0x870086,0x890088,0x29403f5,0x6b20399,0x711097d,0x8a0091,0x70e05e2
.4byte 0x8b0554,0x467069b,0x20701e4,0x910175,0x920089,0x940093,0x890095,0x9950096
.4byte 0x82e0996,0x9980997,0x99a0999,0x89009c,0x6604ce,0x530000,0x2230029,0x11
.4byte 0x5e20012,0x2d0365,0x2e0000,0x986002f,0x15,0x46a0016,0x330032,0x2e0000
.4byte 0x180034,0x19,0x987001a,0x5,0x24f046f,0x20302cd,0x60000,0x1c0007
.4byte 0x1d,0x1f001e,0x904d4,0xa0000,0x21000b,0x22,0x23001e,0xd011a
.4byte 0xe0000,0x260988,0x27,0x290028,0x590223,0x530000,0x5e303b6,0x99b0089
.4byte 0x99d099c,0x840099e,0x99f083f,0x9a109a0,0x8909a2,0xaa00a9,0xa400ab,0xac0089
.4byte 0x13900ad,0x4ae0877,0xca0537,0x2af0088,0x55906b8,0x39a00ac,0x1b50990,0x56b0333
.4byte 0x890186,0x8b008a,0x2200bc,0x0,0x870086,0x890088,0x29403f5,0x6b20399
.4byte 0x711097d,0x8a0091,0x70e05e2,0x8b0554,0x40003,0x890091,0x930092,0x950094
.4byte 0x960089,0x9960995,0x997082e,0x9990998,0x9c099a,0x4ce0089,0x66,0x290053
.4byte 0x110223,0x120000,0x36505e2,0x2d,0x2f002e,0x150986,0x160000,0x32046a
.4byte 0x33,0x34002e,0x190018,0x1a0000,0x50987,0x46f0000,0x2cd024f,0x203
.4byte 0x70006,0x1d001c,0x1e0000,0x4d4001f,0x9,0xb000a,0x220021,0x1e0000
.4byte 0x11a0023,0xd,0x988000e,0x270026,0x280000,0x2230029,0x59,0x3b60053
.4byte 0x8905e3,0x99c099b,0x99e099d,0x83f0840,0x9a0099f,0x9a209a1,0xa90089,0xab00aa
.4byte 0x8900a4,0xad00ac,0x75f01a3,0x9890760,0x88098a,0x6b802af,0xac0559,0x990039a
.4byte 0x33301b5,0x186056b,0x8a0089,0xbc008b,0x22,0x860000,0x880087,0x3f50089
.4byte 0x3990294,0x97d06b2,0x910711,0x5e2008a,0x554070e,0x221008b,0x17a0078,0x17505a9
.4byte 0x890091,0x930092,0x950094,0x960089,0x9960995,0x997082e,0x9990998,0x9c099a
.4byte 0x4ce0089,0x447,0x290053,0x110223,0x120000,0x36505e2,0x2d,0x2f002e
.4byte 0x150986,0x160000,0x32046a,0x33,0x34002e,0x190018,0x1a0000,0x50987
.4byte 0x46f0000,0x2cd024f,0x203,0x70006,0x1d001c,0x1e0000,0x4d4001f,0x9
.4byte 0xb000a,0x220021,0x1e0000,0x11a0023,0xd,0x988000e,0x270026,0x280000
.4byte 0x2230029,0x59,0x3b6002e,0x8905e3,0x99c099b,0x99e099d,0x83f0840,0x9a0099f
.4byte 0x9a209a1,0xa90089,0xab00aa,0x8900a4,0xad00ac,0x51003de,0x720442,0x8808cf
.4byte 0x6b802af,0xac0559,0x990039a,0x33301b5,0x186056b,0x8a0089,0xbc008b,0x22
.4byte 0x860000,0x880087,0x3f50089,0x3990294,0x97d06b2,0x910711,0x5e2008a,0x554070e
.4byte 0x5bf008b,0x320020c,0x498060c,0x890091,0x930092,0x950094,0x960089,0x9960995
.4byte 0x997082e,0x9990998,0x9c099a,0x4ce0089,0x447,0x290053,0x110223,0x120000
.4byte 0x36505e2,0x2d,0x2f002e,0x150986,0x160000,0x32046a,0x33,0x34002e
.4byte 0x190018,0x1a0000,0x50987,0x46f0000,0x2cd024f,0x203,0x70006,0x1d001c
.4byte 0x1e0000,0x4d4001f,0x9,0xb000a,0x220021,0x1e0000,0x11a0023,0xd
.4byte 0x988000e,0x270026,0x280000,0x2230029,0x59,0x3b6002e,0x8905e3,0x99c099b
.4byte 0x99e099d,0x83f0840,0x9a0099f,0x9a209a1,0xa90089,0xab00aa,0x8900a4,0xad00ac
.4byte 0x190018,0x70c0000,0x88070d,0x6b802af,0xac0559,0x990039a,0x33301b5,0x186056b
.4byte 0x8a0089,0xbc008b,0x22,0x860000,0x880087,0x3f50089,0x3990294,0x97d06b2
.4byte 0x910711,0x5e2008a,0x554070e,0x484008b,0x2d20436,0x3340812,0x890091,0x930092
.4byte 0x950094,0x960089,0x9960995,0x997082e,0x9990998,0x9c099a,0x4ce0089,0x447
.4byte 0x290053,0x110223,0x120000,0x36505e2,0x2d,0x2f002e,0x150986,0x160000
.4byte 0x32046a,0x33,0x34002e,0x190018,0x1a0000,0x50987,0x46f0000,0x2cd024f
.4byte 0x203,0x70006,0x1d001c,0x1e0000,0x4d4001f,0x9,0xb000a,0x220021
.4byte 0x1e0000,0x11a0023,0xd,0x988000e,0x270026,0x280000,0x2230029,0x59
.4byte 0x3b6002e,0x8905e3,0x99c099b,0x99e099d,0x83f0840,0x9a0099f,0x9a209a1,0xa90089
.4byte 0xab00aa,0x8900a4,0xad00ac,0x884066f,0x88503e1,0x880583,0x6b802af,0xac0559
.4byte 0x990039a,0x33301b5,0x186056b,0x8a0089,0xbc008b,0x22,0x860000,0x880087
.4byte 0x3f50089,0x3990294,0x97d06b2,0x910711,0x5e2008a,0x554070e,0x6b7008b,0x4ae0877
.4byte 0xbf0418,0x890091,0x930092,0x950094,0x960089,0x9960995,0x997082e,0x9990998
.4byte 0x9c099a,0x4ce0089,0x447,0x290053,0x110223,0x120000,0x36505e2,0x2d
.4byte 0x2f002e,0x150986,0x160000,0x32046a,0x33,0x34002e,0x190018,0x1a0000
.4byte 0x50987,0x46f0000,0x2cd024f,0x203,0x70006,0x1d001c,0x1e0000,0x4d4001f
.4byte 0x9,0xb000a,0x220021,0x1e0000,0x11a0023,0xd,0x988000e,0x270026
.4byte 0x280000,0x2230029,0x59,0x3b6002e,0x8905e3,0x99c099b,0x99e099d,0x83f0840
.4byte 0x9a0099f,0x9a209a1,0xa90089,0xab00aa,0x8900a4,0xad00ac,0x2370025,0x4f5023a
.4byte 0x4f5023a,0x23a0237,0x23a04f5,0x23704f5,0x1a30108,0x2af0088,0x55906b8,0x39a00ac
.4byte 0x1b50990,0x56b0333,0x890186,0x8b008a,0x2200bc,0x0,0x870086,0x890088
.4byte 0x29403f5,0x6b20399,0x711097d,0x8a0091,0x70e05e2,0x8b0554,0x4540475,0x87404a7
.4byte 0x9100bf,0x920089,0x940093,0x890095,0x9950096,0x82e0996,0x9980997,0x99a0999
.4byte 0x89009c,0x44704ce,0x530000,0x2230029,0x11,0x5e20012,0x2d0365,0x2e0000
.4byte 0x986002f,0x15,0x46a0016,0x330032,0x2e0000,0x180034,0x19,0x987001a
.4byte 0x5,0x24f046f,0x20302cd,0x60000,0x1c0007,0x1d,0x1f001e,0x904d4
.4byte 0xa0000,0x21000b,0x22,0x23001e,0xd011a,0xe0000,0x260988,0x27
.4byte 0x290028,0x590223,0x2e0000,0x5e303b6,0x99b0089,0x99d099c,0x840099e,0x99f083f
.4byte 0x9a109a0,0x8909a2,0xaa00a9,0xa400ab,0xac0089,0x47b00ad,0x5c300e2,0x5de00f9
.4byte 0x2af0088,0x55906b8,0x39a00ac,0x1b50990,0x56b0333,0x890186,0x8b008a,0x2200bc
.4byte 0x0,0x870086,0x890088,0x29403f5,0x6b20399,0x711097d,0x8a0091,0x70e05e2
.4byte 0x8b0554,0x43609a3,0x52102d2,0x910993,0x920089,0x940093,0x890095,0x9950096
.4byte 0x82e0996,0x9980997,0x99a0999,0x89009c,0x44704ce,0x530000,0x2230029,0x11
.4byte 0x5e20012,0x2d0365,0x2e0000,0x986002f,0x15,0x46a0016,0x330032,0x2e0000
.4byte 0x180034,0x19,0x987001a,0x5,0x24f046f,0x20302cd,0x60000,0x1c0007
.4byte 0x1d,0x1f001e,0x904d4,0xa0000,0x21000b,0x22,0x23001e,0xd011a
.4byte 0xe0000,0x260988,0x27,0x290028,0x590223,0x2e0000,0x5e303b6,0x99b0089
.4byte 0x99d099c,0x840099e,0x99f083f,0x9a109a0,0x8909a2,0xaa00a9,0xa400ab,0xac0089
.4byte 0x89200ad,0x93f030b,0x95e033d,0x2af0088,0x55906b8,0x39a00ac,0x1b50990,0x56b0333
.4byte 0x890186,0x8b008a,0x2200bc,0x0,0x870086,0x890088,0x29403f5,0x6b20399
.4byte 0x711097d,0x8a0091,0x70e05e2,0x8b0554,0x20c05bf,0x60c0320,0x910498,0x920089
.4byte 0x940093,0x890095,0x9950096,0x82e0996,0x9980997,0x99a0999,0x89009c,0x29604ce
.4byte 0x2d,0x290053,0x110223,0x120000,0x36505e2,0x2d,0x2f002e,0x150986
.4byte 0x160000,0x32046a,0x33,0x34002e,0x190018,0x1a0000,0x50987,0x46f0000
.4byte 0x2cd024f,0x203,0x70006,0x1d001c,0x1e0000,0x4d4001f,0x9,0xb000a
.4byte 0x220021,0x1e0000,0x11a0023,0xd,0x988000e,0x270026,0x280000,0x2230029
.4byte 0x59,0x19a020b,0x8905e3,0x99c099b,0x99e099d,0x83f0840,0x9a0099f,0x9a209a1
.4byte 0xa90089,0xab00aa,0x8900a4,0xad00ac,0x6605cd,0x98f0320,0x8803bd,0x6b802af
.4byte 0xac0559,0x990039a,0x33301b5,0x186056b,0x8a0089,0xbc008b,0x22,0x860000
.4byte 0x880087,0x8a0089,0x221008b,0x7fa0771,0x1750118,0x890091,0x930092,0x950094
.4byte 0x960089,0x9960995,0x997082e,0x9990998,0x9c099a,0x5510089,0x2d0296,0x530000
.4byte 0x2230029,0x11,0x5e20012,0x2d0365,0x2e0000,0x986002f,0x15,0x46a0016
.4byte 0x330032,0x2e0000,0x180034,0x19,0x987001a,0x5,0x24f046f,0x20302cd
.4byte 0x60000,0x1c0007,0x1d,0x1f001e,0x904d4,0xa0000,0x21000b,0x22
.4byte 0x23001e,0xd011a,0xe0000,0x260988,0x27,0x290028,0x590223,0x20b0000
.4byte 0x5e30192,0x99b0089,0x99d099c,0x840099e,0x99f083f,0x9a109a0,0x8909a2,0xaa00a9
.4byte 0xa400ab,0xac0089,0x39b00ad,0x87e06c5,0x27e03e7,0x890088,0x8b008a,0x2200bc
.4byte 0x0,0x870086,0x890088,0x8b008a,0x300e8,0x300e8,0x30030,0x300e8
.4byte 0x910004,0x920089,0x940093,0x890095,0x9950096,0x82e0996,0x9980997,0x99a0999
.4byte 0x89009c,0x2960551,0x2d,0x290053,0x110223,0x120000,0x36505e2,0x2d
.4byte 0x2f002e,0x150986,0x160000,0x32046a,0x33,0x34002e,0x190018,0x1a0000
.4byte 0x50987,0x46f0000,0x2cd024f,0x203,0x70006,0x1d001c,0x1e0000,0x4d4001f
.4byte 0x9,0xb000a,0x220021,0x1e0000,0x11a0023,0xd,0x988000e,0x270026
.4byte 0x280000,0x2230029,0x59,0x192020b,0x8905e3,0x99c099b,0x99e099d,0x83f0840
.4byte 0x9a0099f,0x9a209a1,0xa90089,0xab00aa,0x8900a4,0xad00ac,0x5dd00e8,0xfb0182
.4byte 0x8802dd,0x8a0089,0xbc008b,0x22,0x860000,0x880087,0x8a0089,0x8c008b
.4byte 0x98c0697,0x9003c7,0x890091,0x930092,0x950094,0x960089,0x9960995,0x997082e
.4byte 0x9990998,0x9c099a,0x5510089,0x2d0296,0x530000,0x2230029,0x11,0x5e20012
.4byte 0x2d0365,0x2e0000,0x986002f,0x15,0x46a0016,0x330032,0x2e0000,0x180034
.4byte 0x19,0x987001a,0x5,0x24f046f,0x20302cd,0x60000,0x1c0007,0x1d
.4byte 0x1f001e,0x904d4,0xa0000,0x21000b,0x22,0x23001e,0xd011a,0xe0000
.4byte 0x260988,0x27,0x290028,0x590223,0x20b0000,0x5e30192,0x99b0089,0x99d099c
.4byte 0x840099e,0x99f083f,0x9a109a0,0x8909a2,0xaa00a9,0xa400ab,0xac0089,0x16400ad
.4byte 0x5c109a4,0x27f04de,0x890088,0x8b008a,0x2200bc,0x0,0x870086,0x890088
.4byte 0x8b008a,0x1d07a5,0x1e0000,0x498001f,0x890091,0x930092,0x950094,0x960089
.4byte 0x9960995,0x997082e,0x9990998,0x9c099a,0x5510089,0x2d0296,0x530000,0x2230029
.4byte 0x11,0x5e20012,0x2d0365,0x2e0000,0x986002f,0x15,0x46a0016,0x330032
.4byte 0x2e0000,0x180034,0x19,0x987001a,0x5,0x24f046f,0x20302cd,0x60000
.4byte 0x1c0007,0x1d,0x1f001e,0x904d4,0xa0000,0x21000b,0x22,0x23001e
.4byte 0xd011a,0xe0000,0x260988,0x27,0x290028,0x590223,0x20b0000,0x5e30192
.4byte 0x99b0089,0x99d099c,0x840099e,0x99f083f,0x9a109a0,0x8909a2,0xaa00a9,0xa400ab
.4byte 0xac0089,0x30500ad,0x6f60371,0x3bd007a,0x890088,0x8b008a,0x2200bc,0x0
.4byte 0x870086,0x890088,0x8b008a,0x551029d,0x7eb0489,0x9100fc,0x920089,0x940093
.4byte 0x890095,0x9950096,0x82e0996,0x9980997,0x99a0999,0x89009c,0x19f0551,0x2d
.4byte 0x290053,0x110223,0x120000,0x36505e2,0x2d,0x2f002e,0x150986,0x160000
.4byte 0x32046a,0x33,0x34002e,0x190018,0x1a0000,0x50987,0x46f0000,0x2cd024f
.4byte 0x203,0x70006,0x1d001c,0x1e0000,0x4d4001f,0x9,0xb000a,0x220021
.4byte 0x1e0000,0x11a0023,0xd,0x988000e,0x270026,0x280000,0x2230029,0x59
.4byte 0x5e5020b,0x8905e3,0x99c099b,0x99e099d,0x83f0840,0x9a0099f,0x9a209a1,0xa90089
.4byte 0xab00aa,0x8900a4,0xad00ac,0x6605cd,0x98f0320,0x8803bd,0x8a0089,0xbc008b
.4byte 0x22,0x860000,0x880087,0x8a0089,0x5dd008b,0x47f04c0,0x47f04c0,0x4c004ab
.4byte 0x4ab047f,0x4ab047f,0x56c04c0,0x910004,0x920089,0x940093,0x890095,0x9950096
.4byte 0x82e0996,0x9980997,0x99a0999,0x89009c,0x1bd0551,0x2d,0x290053,0x110223
.4byte 0x120000,0x36505e2,0x2d,0x2f002e,0x150986,0x160000,0x32046a,0x33
.4byte 0x34002e,0x190018,0x1a0000,0x50987,0x46f0000,0x2cd024f,0x203,0x70006
.4byte 0x1d001c,0x1e0000,0x4d4001f,0x9,0xb000a,0x220021,0x1e0000,0x11a0023
.4byte 0xd,0x988000e,0x270026,0x280000,0x2230029,0x59,0x5e5026b,0x8905e3
.4byte 0x99c099b,0x99e099d,0x83f0840,0x9a0099f,0x9a209a1,0xa90089,0xab00aa,0x8900a4
.4byte 0xad00ac,0x68804e2,0x6b3087e,0x88027e,0x8a0089,0xbc008b,0x22,0x860000
.4byte 0x880087,0x8a0089,0x6b4008b,0x72800f4,0x6b7035c,0x890091,0x930092,0x950094
.4byte 0x960089,0x9960995,0x997082e,0x9990998,0x9c099a,0x45e0089,0x2d018d,0x530000
.4byte 0x2230029,0x11,0x5e20012,0x2d0365,0x2e0000,0x986002f,0x15,0x46a0016
.4byte 0x330032,0x2e0000,0x180034,0x19,0x987001a,0x5,0x24f046f,0x20302cd
.4byte 0x60000,0x1c0007,0x1d,0x1f001e,0x904d4,0xa0000,0x21000b,0x22
.4byte 0x23001e,0xd011a,0xe0000,0x260988,0x27,0x290028,0x590223,0x26b0000
.4byte 0x8904b0,0x99c099b,0x99e099d,0x83f0840,0x9a0099f,0x9a209a1,0xa90089,0xab00aa
.4byte 0x8900a4,0xad00ac,0x88b00e8,0xfb047f,0x8802dd,0x8a0089,0xbc008b,0x22
.4byte 0x860000,0x880087,0x8a0089,0x810008b,0x4a0071,0x4980654,0x890091,0x930092
.4byte 0x950094,0x960089,0x9960995,0x997082e,0x9990998,0x9c099a,0x45e0089,0x33018d
.4byte 0x530000,0x2230029,0x11,0x5e20012,0x2d0365,0x2e0000,0x986002f,0x15
.4byte 0x46a0016,0x330032,0x2e0000,0x180034,0x19,0x987001a,0x5,0x24f046f
.4byte 0x20302cd,0x60000,0x1c0007,0x1d,0x1f001e,0x904d4,0xa0000,0x21000b
.4byte 0x22,0x23001e,0xd011a,0xe0000,0x260988,0x27,0x290028,0x590223
.4byte 0x2480000,0x8904b0,0x99c099b,0x99e099d,0x83f0840,0x9a0099f,0x9a209a1,0xa90089
.4byte 0xab00aa,0x8900a4,0xad00ac,0x7260401,0x9a505c2,0x88027f,0x8a0089,0xbc008b
.4byte 0x22,0x860000,0x880087,0x8a0089,0x9a3008b,0x2d20436,0x9930521,0x890091
.4byte 0x930092,0x950094,0x960089,0x9960995,0x997082e,0x9990998,0x9c099a,0x45e0089
.4byte 0x33018d,0x530000,0x2230029,0x11,0x5e20012,0x2d0365,0x2e0000,0x986002f
.4byte 0x15,0x46a0016,0x330032,0x2e0000,0x180034,0x19,0x987001a,0x5
.4byte 0x24f046f,0x20302cd,0x60000,0x1c0007,0x1d,0x1f001e,0x904d4,0xa0000
.4byte 0x21000b,0x22,0x23001e,0xd011a,0xe0000,0x260988,0x27,0x290028
.4byte 0x590223,0x2480000,0x8904b0,0x99c099b,0x99e099d,0x83f0840,0x9a0099f,0x9a209a1
.4byte 0xa90089,0xab00aa,0x8900a4,0xad00ac,0x30b0892,0x6c05ad,0x88095e,0x8a0089
.4byte 0xbc008b,0x22,0x860000,0x880087,0x8a0089,0x545008b,0x7600994,0xbf06b8
.4byte 0x890091,0x930092,0x950094,0x960089,0x9960995,0x997082e,0x9990998,0x9c099a
.4byte 0x45e0089,0x203018d,0x530000,0x2230029,0x11,0x5e20012,0x2d0365,0x2e0000
.4byte 0x986002f,0x15,0x46a0016,0x330032,0x2e0000,0x180034,0x19,0x987001a
.4byte 0x5,0x24f046f,0x20302cd,0x60000,0x1c0007,0x1d,0x1f001e,0x904d4
.4byte 0xa0000,0x21000b,0x22,0x23001e,0xd011a,0xe0000,0x260988,0x27
.4byte 0x290028,0x590223,0x1eb0000,0x8904b0,0x99c099b,0x99e099d,0x83f0840,0x9a0099f
.4byte 0x9a209a1,0xa90089,0xab00aa,0x8900a4,0xad00ac,0x6605cd,0x2e20320,0x88070d
.4byte 0x8a0089,0xbc008b,0x22,0x10000,0x30002,0x98400d0,0x5070985,0x302cc
.4byte 0x99609a6,0x997082e,0x9a70998,0x3086e,0x70700d7,0x27,0x1a201eb,0x6a509a8
.4byte 0x66509a9,0x2120149,0x3020080,0x1270163,0x3840143,0x20c04ce,0x32704c4,0x40809aa
.4byte 0x25e00e0,0x18d06c4,0x160212,0x2c20528,0x441003f,0x23b09ab,0x501004a,0x41f0785
.4byte 0x30a0075,0x3c0990,0x4320045,0x47012a,0x4a409ac,0x5e067d,0x5350501,0x76409ad
.4byte 0x21305f7,0x90150,0x566002f,0x124018b,0x9ae016b,0x449016d,0x55e049b,0x9af012d
.4byte 0x590852,0x9b00000,0x2c0528,0x530000,0x9b10522,0x268024c,0x300032b,0x18704a3
.4byte 0x1a0533,0x3d0073c,0x37305b3,0x7ed0044,0x6f5019a,0x3850233,0x27709b2,0x69604a8
.4byte 0x1b10230,0x97d0513,0x3fe0452,0x717077a,0x9b3051c,0x68f0414,0xd10492,0x4ce040d
.4byte 0x4b80147,0x709044c,0x3c000f4,0x21d0489,0x59b0026,0x1e00455,0x19101a2,0x2609b4
.4byte 0x4550240,0x1a20477,0x6330191,0x59b031d,0x1fe0455,0x1d304d2,0x2120059,0x4d0000
.4byte 0x2a09b5,0x6f40003,0x99d09b6,0x840099e,0x99f083f,0x9b709a0,0x30666,0xaf066f
.4byte 0x3cc0089,0x300e7,0x370036,0x38,0x10000,0x30002,0x64c09b8,0x4e30271
.4byte 0x27101dc,0x1dc04e3,0x59a0271,0x2b009b9,0x9a60003,0x82e0996,0x9980997,0x86e09a7
.4byte 0x9f0003,0x27043c,0x1eb0000,0x9a801a2,0x9a906a5,0x1490665,0x800212,0x1630302
.4byte 0x1430127,0x4ce0384,0x4c4020c,0x9aa0327,0xe00408,0x6c4025e,0x212018d,0x5280016
.4byte 0x3f02c2,0x9ab0441,0x4a023b,0x7850501,0x75041f,0x990030a,0x45003c,0x12a0432
.4byte 0x9ac0047,0x67d04a4,0x501005e,0x9ad0535,0x5f70764,0x1500213,0x2f0009,0x18b0566
.4byte 0x16b0124,0x16d09ae,0x49b0449,0x12d055e,0x85209af,0x59,0x52809b0,0x2c
.4byte 0x5220053,0x24c09b1,0x32b0268,0x4a30300,0x5330187,0x73c001a,0x5b303d0,0x440373
.4byte 0x19a07ed,0x23306f5,0x9b20385,0x4a80277,0x2300696,0x51301b1,0x452097d,0x77a03fe
.4byte 0x51c0717,0x41409b3,0x492068f,0x40d00d1,0x14704ce,0x44c04b8,0xf40709,0x48903c0
.4byte 0x26021d,0x455059b,0x1a201e0,0x9b40191,0x2400026,0x4770455,0x19101a2,0x31d0633
.4byte 0x455059b,0x4d201fe,0x5901d3,0x212,0x30a004d,0x3002a,0x9b606f4,0x99e099d
.4byte 0x83f0840,0x9a0099f,0x66609b7,0x250003,0x5b9054d,0x300208,0x360003,0x380037
.4byte 0x0,0x20001,0x2dd0003,0x890088,0x8b008a,0x2aa048b,0x2906f6,0x4fb0584
.4byte 0x2300566,0x70804b0,0x30909ba,0x7280391,0x2a80269,0x2ff0264,0x147051c,0x7af0230
.4byte 0x23909bb,0x7bd026a,0x6f80165,0x9bc0614,0x4420230,0x9bd0135,0x82e0996,0x9980997
.4byte 0x99a0999,0x89009c,0x1490616,0x27,0x1a201eb,0x6a509a8,0x66509a9,0x2120149
.4byte 0x3020080,0x1270163,0x3840143,0x20c04ce,0x32704c4,0x40809aa,0x25e00e0,0x18d06c4
.4byte 0x160212,0x2c20528,0x441003f,0x23b09ab,0x501004a,0x41f0785,0x30a0075,0x3c0990
.4byte 0x4320045,0x47012a,0x4a409ac,0x5e067d,0x5350501,0x76409ad,0x21305f7,0x90150
.4byte 0x566002f,0x124018b,0x9ae016b,0x449016d,0x55e049b,0x9af012d,0x590852,0x9b00000
.4byte 0x2c0528,0x530000,0x9b10522,0x268024c,0x300032b,0x18704a3,0x1a0533,0x3d0073c
.4byte 0x37305b3,0x7ed0044,0x6f5019a,0x3850233,0x27709b2,0x69604a8,0x1b10230,0x97d0513
.4byte 0x3fe0452,0x717077a,0x9b3051c,0x68f0414,0xd10492,0x4ce040d,0x4b80147,0x709044c
.4byte 0x3c000f4,0x21d0489,0x59b0026,0x1e00455,0x19101a2,0x2609b4,0x4550240,0x1a20477
.4byte 0x6330191,0x59b031d,0x1fe0455,0x1d304d2,0x2120059,0x800000,0x8904f0,0x99c099b
.4byte 0x99e099d,0x83f0840,0x9be099f,0x9c009bf,0x9c10709,0x35f0277,0x43509c2,0x23201a8
.4byte 0x5a309c3,0x8f0385,0x37209c4,0x766068d,0x350007b,0x1b109c5,0x78709c6,0x6a30421
.4byte 0x27900dc,0x139073a,0x4ae0586,0xca06b1,0x890088,0x8b008a,0x360003,0x380037
.4byte 0x0,0x20001,0x2dd0003,0x890088,0x8b008a,0x87706b7,0xfd04ae,0x73e0832
.4byte 0x9c70032,0x1a8053b,0x9c30168,0x5130617,0x5e800b2,0xc401fd,0x67006f8,0x9c807d7
.4byte 0x9c9051c,0x9ca04b8,0x11c09cb,0x9cc01cc,0x40d0186,0x9bd057f,0x82e0996,0x9980997
.4byte 0x99a0999,0x89009c,0x1490616,0x27,0x1a201eb,0x6a509a8,0x66509a9,0x2120149
.4byte 0x3020080,0x1270163,0x3840143,0x20c04ce,0x32704c4,0x40809aa,0x25e00e0,0x18d06c4
.4byte 0x160212,0x2c20528,0x441003f,0x23b09ab,0x501004a,0x41f0785,0x30a0075,0x3c0990
.4byte 0x4320045,0x47012a,0x4a409ac,0x5e067d,0x5350501,0x76409ad,0x21305f7,0x90150
.4byte 0x566002f,0x124018b,0x9ae016b,0x449016d,0x55e049b,0x9af012d,0x590852,0x9b00000
.4byte 0x2c0528,0x530000,0x9b10522,0x268024c,0x300032b,0x18704a3,0x1a0533,0x3d0073c
.4byte 0x37305b3,0x7ed0044,0x6f5019a,0x3850233,0x27709b2,0x69604a8,0x1b10230,0x97d0513
.4byte 0x3fe0452,0x717077a,0x9b3051c,0x68f0414,0xd10492,0x4ce040d,0x4b80147,0x709044c
.4byte 0x3c000f4,0x21d0489,0x59b0026,0x1e00455,0x19101a2,0x2609b4,0x4550240,0x1a20477
.4byte 0x6330191,0x59b031d,0x1fe0455,0x1d304d2,0x2120059,0x800000,0x8904f0,0x99c099b
.4byte 0x99e099d,0x83f0840,0x9be099f,0x9ce09cd,0x3ad09cf,0x1470609,0x4b00167,0x9d0032a
.4byte 0x1fd001f,0x714003b,0x14b03ae,0x51c038e,0x7de02a0,0x7420651,0x2790218,0x4270372
.4byte 0x60e040d,0x3de035c,0x4420510,0x8cf0072,0x890088,0x8b008a,0x360003,0x380037
.4byte 0x0,0x20001,0x2dd0003,0x890088,0x8b008a,0x58b0243,0x549075e,0x549075e
.4byte 0x549075e,0x58b05d6,0xee0170,0x39109d1,0x27700f4,0x9d203be,0x51c038e,0x7de0147
.4byte 0x38501d5,0x7640218,0x1d601fd,0x6350799,0x38e0021,0x27801b1,0x4410414,0xed03e8
.4byte 0x9bd0812,0x82e0996,0x9980997,0x99a0999,0x89009c,0x65303b0,0x27,0x1a201eb
.4byte 0x6a509a8,0x66509a9,0x2120149,0x3020080,0x1270163,0x3840143,0x20c04ce,0x32704c4
.4byte 0x40809aa,0x25e00e0,0x18d06c4,0x160212,0x2c20528,0x441003f,0x23b09ab,0x501004a
.4byte 0x41f0785,0x30a0075,0x3c0990,0x4320045,0x47012a,0x4a409ac,0x5e067d,0x5350501
.4byte 0x76409ad,0x21305f7,0x90150,0x566002f,0x124018b,0x9ae016b,0x449016d,0x55e049b
.4byte 0x9af012d,0x590852,0x9b00000,0x2c0528,0x530000,0x9b10522,0x268024c,0x300032b
.4byte 0x18704a3,0x1a0533,0x3d0073c,0x37305b3,0x7ed0044,0x6f5019a,0x3850233,0x27709b2
.4byte 0x69604a8,0x1b10230,0x97d0513,0x3fe0452,0x717077a,0x9b3051c,0x68f0414,0xd10492
.4byte 0x4ce040d,0x4b80147,0x709044c,0x3c000f4,0x21d0489,0x59b0026,0x1e00455,0x19101a2
.4byte 0x2609b4,0x4550240,0x1a20477,0x6330191,0x59b031d,0x1fe0455,0x1d304d2,0x2120059
.4byte 0x750000,0x890302,0x99c099b,0x99e099d,0x83f0840,0x9be099f,0x9d409d3,0x1b10230
.4byte 0x9d50278,0x41501ca,0x27909d6,0x9d70347,0x1a80743,0x9d80147,0x385049d,0x9d9097d
.4byte 0x16201fd,0x67005d4,0x38e0350,0x1470442,0x180459,0x19,0x70d070c,0x890088
.4byte 0x8b008a,0x360003,0x380037,0x0,0x20001,0x2dd0003,0x890088,0x8b008a
.4byte 0x51506f5,0x9da096e,0x900353,0x16709db,0x5130617,0x37f038a,0x9dc0372,0x61c04bb
.4byte 0x38e07d7,0x2a00442,0x8204b8,0x11c0742,0x9dd0279,0x40d09de,0x5660609,0x4b00167
.4byte 0x3df02a0,0x99609bd,0x997082e,0x9990998,0x9c099a,0x3b00089,0x270371,0x1eb0000
.4byte 0x9a801a2,0x9a906a5,0x1490665,0x800212,0x1630302,0x1430127,0x4ce0384,0x4c4020c
.4byte 0x9aa0327,0xe00408,0x6c4025e,0x212018d,0x5280016,0x3f02c2,0x9ab0441,0x4a023b
.4byte 0x7850501,0x75041f,0x990030a,0x45003c,0x12a0432,0x9ac0047,0x67d04a4,0x501005e
.4byte 0x9ad0535,0x5f70764,0x1500213,0x2f0009,0x18b0566,0x16b0124,0x16d09ae,0x49b0449
.4byte 0x12d055e,0x85209af,0x59,0x52809b0,0x2c,0x5220053,0x24c09b1,0x32b0268
.4byte 0x4a30300,0x5330187,0x73c001a,0x5b303d0,0x440373,0x19a07ed,0x23306f5,0x9b20385
.4byte 0x4a80277,0x2300696,0x51301b1,0x452097d,0x77a03fe,0x51c0717,0x41409b3,0x492068f
.4byte 0x40d00d1,0x14704ce,0x44c04b8,0xf40709,0x48903c0,0x26021d,0x455059b,0x1a201e0
.4byte 0x9b40191,0x2400026,0x4770455,0x19101a2,0x31d0633,0x455059b,0x4d201fe,0x5901d3
.4byte 0x212,0x3020042,0x99b0089,0x99d099c,0x840099e,0x99f083f,0x9df09be,0x8209e0
.4byte 0x4e0716,0x7f60279,0x41b0559,0x9e1054a,0x4b0021c,0x9e20513,0x1fd060c,0x74d0422
.4byte 0x14b02a8,0x51c09e3,0x7de0811,0x38507d6,0x9e4008f,0x51c03de,0x4970442,0x88095e
.4byte 0x8a0089,0x3008b,0x370036,0x38,0x10000,0x30002,0x8802dd,0x8a0089
.4byte 0x6f5008b,0x96e0515,0x35309da,0x3650584,0x2ff05f5,0x2320442,0x9e609e5,0x36c09cb
.4byte 0x1df09e7,0x40d01d6,0x350083a,0x1b109c8,0x41409e8,0x9e902e0,0x27909ea,0x69a0032
.4byte 0x1a80435,0x9bd025e,0x82e0996,0x9980997,0x99a0999,0x89009c,0x37103b0,0x212
.4byte 0x1a201eb,0x6a509a8,0x66509a9,0x2120149,0x3020080,0x1270163,0x3840143,0x20c04ce
.4byte 0x32704c4,0x40809aa,0x25e00e0,0x18d06c4,0x160212,0x2c20528,0x441003f,0x23b09ab
.4byte 0x501004a,0x41f0785,0x30a0075,0x3c0990,0x4320045,0x47012a,0x4a409ac,0x5e067d
.4byte 0x5350501,0x76409ad,0x21305f7,0x90150,0x566002f,0x124018b,0x9ae016b,0x449016d
.4byte 0x55e049b,0x9af012d,0x590852,0x9b00000,0x2c0528,0x530000,0x9b10522,0x268024c
.4byte 0x300032b,0x18704a3,0x1a0533,0x3d0073c,0x37305b3,0x7ed0044,0x6f5019a,0x3850233
.4byte 0x27709b2,0x69604a8,0x1b10230,0x97d0513,0x3fe0452,0x717077a,0x9b3051c,0x68f0414
.4byte 0xd10492,0x4ce040d,0x4b80147,0x709044c,0x3c000f4,0x21d0489,0x59b0026,0x1e00455
.4byte 0x19101a2,0x2609b4,0x4550240,0x1a20477,0x6330191,0x59b031d,0x1fe0455,0x1d304d2
.4byte 0x2120059,0x1e0000,0x3020042,0x99b0089,0x99d099c,0x840099e,0x99f083f,0x9eb09be
.4byte 0x7bd09ec,0x40d01d6,0x21060e,0x4420167,0x9ed0278,0x3910291,0x2790084,0x9ee0691
.4byte 0x54a0743,0x2300555,0x9ef049d,0x41909f0,0x68d01fd,0x4eb07c2,0x75e00bf,0xf90549
.4byte 0x8805de,0x8a0089,0x3008b,0x370036,0x38,0x10000,0x30002,0x8802dd
.4byte 0x8a0089,0x243008b,0x5d605d1,0x71105e0,0x7bd0378,0x7b30171,0x5900247,0x442032b
.4byte 0x6af0278,0x9e909ca,0x839004e,0x50c03c2,0x6090753,0x2300147,0x7080617,0x9d109f1
.4byte 0x3b0492,0x7750277,0x99609bd,0x997082e,0x9990998,0x9c099a,0x3b00089,0x2120187
.4byte 0x1eb0000,0x9a801a2,0x9a906a5,0x1490665,0x800212,0x1630302,0x1430127,0x4ce0384
.4byte 0x4c4020c,0x9aa0327,0xe00408,0x6c4025e,0x212018d,0x5280016,0x3f02c2,0x9ab0441
.4byte 0x4a023b,0x7850501,0x75041f,0x990030a,0x45003c,0x12a0432,0x9ac0047,0x67d04a4
.4byte 0x501005e,0x9ad0535,0x5f70764,0x1500213,0x2f0009,0x18b0566,0x16b0124,0x16d09ae
.4byte 0x49b0449,0x12d055e,0x85209af,0x59,0x52809b0,0x2c,0x5220053,0x24c09b1
.4byte 0x32b0268,0x4a30300,0x5330187,0x73c001a,0x5b303d0,0x440373,0x19a07ed,0x23306f5
.4byte 0x9b20385,0x4a80277,0x2300696,0x51301b1,0x452097d,0x77a03fe,0x51c0717,0x41409b3
.4byte 0x492068f,0x40d00d1,0x14704ce,0x44c04b8,0xf40709,0x48903c0,0x26021d,0x455059b
.4byte 0x1a201e0,0x9b40191,0x2400026,0x4770455,0x19101a2,0x31d0633,0x455059b,0x4d201fe
.4byte 0x5901d3,0x212,0x68001e,0x890302,0x99c099b,0x99e099d,0x83f0840,0x9be099f
.4byte 0x9f309f2,0x38e0350,0x2780442,0x9f40787,0x9f503b4,0x9ad01cc,0x53b09f6,0x210609
.4byte 0x1b10230,0x9d50513,0x709060c,0x7ca0851,0x14b035f,0x51c0743,0xe804eb,0x4ab04c0
.4byte 0x1a306a5,0x890088,0x8b008a,0x360003,0x380037,0x0,0x20001,0x2dd0003
.4byte 0x890088,0x8b008a,0x5d10243,0x5e005d6,0x3940170,0x38509e6,0x26a036c,0x69e03c2
.4byte 0x9f7040d,0x2300021,0x32a01b1,0x2e009d5,0x9f80709,0x3a403e2,0x53b0264,0x147051c
.4byte 0x49d07de,0x3c70513,0x9bd0051,0x82e0996,0x9980997,0x99a0999,0x89009c,0x18703b0
.4byte 0x212,0x1a201eb,0x6a509a8,0x66509a9,0x2120149,0x3020080,0x1270163,0x3840143
.4byte 0x20c04ce,0x32704c4,0x40809aa,0x25e00e0,0x18d06c4,0x160212,0x2c20528,0x441003f
.4byte 0x23b09ab,0x501004a,0x41f0785,0x30a0075,0x3c0990,0x4320045,0x47012a,0x4a409ac
.4byte 0x5e067d,0x5350501,0x76409ad,0x21305f7,0x90150,0x566002f,0x124018b,0x9ae016b
.4byte 0x449016d,0x55e049b,0x9af012d,0x590852,0x9b00000,0x2c0528,0x530000,0x9b10522
.4byte 0x268024c,0x300032b,0x18704a3,0x1a0533,0x3d0073c,0x37305b3,0x7ed0044,0x6f5019a
.4byte 0x3850233,0x27709b2,0x69604a8,0x1b10230,0x97d0513,0x3fe0452,0x717077a,0x9b3051c
.4byte 0x68f0414,0xd10492,0x4ce040d,0x4b80147,0x709044c,0x3c000f4,0x21d0489,0x59b0026
.4byte 0x1e00455,0x19101a2,0x2609b4,0x4550240,0x1a20477,0x6330191,0x59b031d,0x1fe0455
.4byte 0x1d304d2,0x2120059,0x1e0000,0x3020068,0x99b0089,0x99d099c,0x840099e,0x99f083f
.4byte 0x9f909be,0x4b809fa,0x3850652,0x4190218,0x4d507bd,0x9fb0267,0x32b09fc,0x2a00442
.4byte 0x8209ed,0x9fd0391,0x9fe072a,0x75309ff,0x23204ce,0x49d0167,0xa000268,0xf504e2
.4byte 0x3e901e4,0x88027e,0x8a0089,0x3008b,0x370036,0x38,0x10000,0x30002
.4byte 0x8802dd,0x8a0089,0x6f5008b,0x59a01cf,0x3530a01,0xa02073b,0x44202ff,0x3a70278
.4byte 0x7090a03,0x27900ed,0x3bb0a04,0x6090435,0x2300555,0x7f70302,0xa060a05,0x98e0391
.4byte 0x67003e2,0x2ff0458,0x2320442,0x9bd0a05,0x82e0996,0x9980997,0x99a0999,0x89009c
.4byte 0x30b03b0,0x27c,0x1a201eb,0x6a509a8,0x66509a9,0x2120149,0x3020080,0x1270163
.4byte 0x3840143,0x20c04ce,0x32704c4,0x40809aa,0x25e00e0,0x18d06c4,0x160212,0x2c20528
.4byte 0x441003f,0x23b09ab,0x501004a,0x41f0785,0x30a0075,0x3c0990,0x4320045,0x47012a
.4byte 0x4a409ac,0x5e067d,0x5350501,0x76409ad,0x21305f7,0x90150,0x566002f,0x124018b
.4byte 0x9ae016b,0x449016d,0x55e049b,0x9af012d,0x590852,0x9b00000,0x2c0528,0x530000
.4byte 0x9b10522,0x268024c,0x300032b,0x18704a3,0x1a0533,0x3d0073c,0x37305b3,0x7ed0044
.4byte 0x6f5019a,0x3850233,0x27709b2,0x69604a8,0x1b10230,0x97d0513,0x3fe0452,0x717077a
.4byte 0x9b3051c,0x68f0414,0xd10492,0x4ce040d,0x4b80147,0x709044c,0x3c000f4,0x21d0489
.4byte 0x59b0026,0x1e00455,0x19101a2,0x2609b4,0x4550240,0x1a20477,0x6330191,0x59b031d
.4byte 0x1fe0455,0x1d304d2,0x2120059,0x1e0000,0x3020601,0x99b0089,0x99d099c,0x840099e
.4byte 0x99f083f,0x9df09be,0xa080a07,0xc40492,0x1af0714,0x2ff0458,0x2320442,0xa090034
.4byte 0x3f7037e,0x3c20764,0x53b0427,0x555060e,0x4f0032b,0x81809e8,0x686060c,0x45909d6
.4byte 0x19f0200,0x8af004a,0x8803bd,0x8a0089,0x3008b,0x370036,0x38,0x10000
.4byte 0x30002,0x8802dd,0x8a0089,0x6f5008b,0x6f602aa,0x5840029,0x1860532,0x9f7040d
.4byte 0x21c09e1,0x70804b0,0x1ca0a0a,0x8c40391,0x35f0269,0x85b0a0b,0x168051c,0x1d50167
.4byte 0x239053a,0x7bd09c4,0x7b304d5,0xa0d0a0c,0x99609bd,0x997082e,0x9990998,0x9c099a
.4byte 0x1a80089,0x1f2,0x1a201eb,0x6a509a8,0x66509a9,0x2120149,0x3020080,0x1270163
.4byte 0x3840143,0x20c04ce,0x32704c4,0x40809aa,0x25e00e0,0x18d06c4,0x160212,0x2c20528
.4byte 0x441003f,0x23b09ab,0x501004a,0x41f0785,0x30a0075,0x3c0990,0x4320045,0x47012a
.4byte 0x4a409ac,0x5e067d,0x5350501,0x76409ad,0x21305f7,0x90150,0x566002f,0x124018b
.4byte 0x9ae016b,0x449016d,0x55e049b,0x9af012d,0x590852,0x9b00000,0x2c0528,0x530000
.4byte 0x9b10522,0x268024c,0x300032b,0x18704a3,0x1a0533,0x3d0073c,0x37305b3,0x7ed0044
.4byte 0x6f5019a,0x3850233,0x27709b2,0x69604a8,0x1b10230,0x97d0513,0x3fe0452,0x717077a
.4byte 0x9b3051c,0x68f0414,0xd10492,0x4ce040d,0x4b80147,0x709044c,0x3c000f4,0x21d0489
.4byte 0x59b0026,0x1e00455,0x19101a2,0x2609b4,0x4550240,0x1a20477,0x6330191,0x59b031d
.4byte 0x1fe0455,0x1d304d2,0x2120059,0x570000,0x3ef0213,0x99b0089,0x99d099c,0x840099e
.4byte 0x99f083f,0xa0e09be,0x35f0a0f,0x4350264,0x147051c,0xa1007de,0xa110385,0x64709c4
.4byte 0x7660171,0x3500a0c,0x4420230,0x78702a0,0x7420421,0x27700dc,0x9cf07c9,0x35c053b
.4byte 0x1bd0200,0x285004a,0x8803bd,0x8a0089,0x3008b,0x370036,0x38,0x10000
.4byte 0x30002,0x8802dd,0x8a0089,0x475008b,0x8640863,0x76200fd,0x3e80a12,0x27900ed
.4byte 0x2ba03d2,0x1a8039e,0x2300147,0x5130617,0xa140a13,0xd801fd,0x2c305d4,0x38e07d7
.4byte 0x2320442,0xa1504b8,0x36c09cb,0xfe026a,0x99609bd,0x997082e,0x9990998,0x9c099a
.4byte 0x1a80089,0x1f2,0x1a201eb,0x6a509a8,0x66509a9,0x2120149,0x3020080,0x1270163
.4byte 0x3840143,0x20c04ce,0x32704c4,0x40809aa,0x25e00e0,0x18d06c4,0x160212,0x2c20528
.4byte 0x441003f,0x23b09ab,0x501004a,0x41f0785,0x30a0075,0x3c0990,0x4320045,0x47012a
.4byte 0x4a409ac,0x5e067d,0x5350501,0x76409ad,0x21305f7,0x90150,0x566002f,0x124018b
.4byte 0x9ae016b,0x449016d,0x55e049b,0x9af012d,0x590852,0x9b00000,0x2c0528,0x530000
.4byte 0x9b10522,0x268024c,0x300032b,0x18704a3,0x1a0533,0x3d0073c,0x37305b3,0x7ed0044
.4byte 0x6f5019a,0x3850233,0x27709b2,0x69604a8,0x1b10230,0x97d0513,0x3fe0452,0x717077a
.4byte 0x9b3051c,0x68f0414,0xd10492,0x4ce040d,0x4b80147,0x709044c,0x3c000f4,0x21d0489
.4byte 0x59b0026,0x1e00455,0x19101a2,0x2609b4,0x4550240,0x1a20477,0x6330191,0x59b031d
.4byte 0x1fe0455,0x1d304d2,0x2120059,0x570000,0x3ef0213,0x99b0089,0x99d099c,0x840099e
.4byte 0x99f083f,0x9f209be,0x1470a16,0x49d0167,0x3f6032a,0x1fd0a17,0x3e203a6,0x29504cc
.4byte 0x442038e,0xa180147,0x7160a19,0x2790133,0x4270372,0x86c07ec,0x1670566,0x22a01b1
.4byte 0xf504e2,0x3e901e4,0x88027e,0x8a0089,0x3008b,0x370036,0x38,0x10000
.4byte 0x30002,0x8802dd,0x8a0089,0x173008b,0x5c300e2,0x17000e2,0x4b00a1a,0xa1b02a0
.4byte 0x3910309,0x27700f4,0x264027b,0x51c02ff,0x7de0555,0xa1c01d5,0x1cc0239,0x1d601fd
.4byte 0x65a0a1d,0x1670021,0x2780442,0x4970a1e,0x99609bd,0x997082e,0x9990998,0x9c099a
.4byte 0x1a80089,0x2b8,0x1a201eb,0x6a509a8,0x66509a9,0x2120149,0x3020080,0x1270163
.4byte 0x3840143,0x20c04ce,0x32704c4,0x40809aa,0x25e00e0,0x18d06c4,0x160212,0x2c20528
.4byte 0x441003f,0x23b09ab,0x501004a,0x41f0785,0x30a0075,0x3c0990,0x4320045,0x47012a
.4byte 0x4a409ac,0x5e067d,0x5350501,0x76409ad,0x21305f7,0x90150,0x566002f,0x124018b
.4byte 0x9ae016b,0x449016d,0x55e049b,0x9af012d,0x590852,0x9b00000,0x2c0528,0x530000
.4byte 0x9b10522,0x268024c,0x300032b,0x18704a3,0x1a0533,0x3d0073c,0x37305b3,0x7ed0044
.4byte 0x6f5019a,0x3850233,0x27709b2,0x69604a8,0x1b10230,0x97d0513,0x3fe0452,0x717077a
.4byte 0x9b3051c,0x68f0414,0xd10492,0x4ce040d,0x4b80147,0x709044c,0x3c000f4,0x21d0489
.4byte 0x59b0026,0x1e00455,0x19101a2,0x2609b4,0x4550240,0x1a20477,0x6330191,0x59b031d
.4byte 0x1fe0455,0x1d304d2,0x2120059,0x570000,0x3ef01c3,0x99b0089,0x99d099c,0x840099e
.4byte 0x99f083f,0xa1f09be,0x8020a20,0x68602e0,0x27708c4,0xa21035f,0x1a80743,0x9c30168
.4byte 0x3850a10,0x79803e7,0x68d0372,0x1af040d,0x9c80350,0x9c901b1,0x820420,0x30a0630
.4byte 0x962002b,0xa220777,0x8801a3,0x8a0089,0x3008b,0x370036,0x38,0x10000
.4byte 0x30002,0x8802dd,0x8a0089,0x9b8008b,0x1dc01c1,0x7850353,0x53b0a23,0x23201a8
.4byte 0x5e509c3,0x3c70513,0x372044a,0x4bb0681,0x7be01af,0x51c09c5,0x4b809c9,0xa240082
.4byte 0x1cc011c,0x18603fe,0x609040d,0x6730566,0x99609bd,0x997082e,0x9990998,0x9c099a
.4byte 0x1a80089,0x1a9,0x1a201eb,0x6a509a8,0x66509a9,0x2120149,0x3020080,0x1270163
.4byte 0x3840143,0x20c04ce,0x32704c4,0x40809aa,0x25e00e0,0x18d06c4,0x160212,0x2c20528
.4byte 0x441003f,0x23b09ab,0x501004a,0x41f0785,0x30a0075,0x3c0990,0x4320045,0x47012a
.4byte 0x4a409ac,0x5e067d,0x5350501,0x76409ad,0x21305f7,0x90150,0x566002f,0x124018b
.4byte 0x9ae016b,0x449016d,0x55e049b,0x9af012d,0x590852,0x9b00000,0x2c0528,0x530000
.4byte 0x9b10522,0x268024c,0x300032b,0x18704a3,0x1a0533,0x3d0073c,0x37305b3,0x7ed0044
.4byte 0x6f5019a,0x3850233,0x27709b2,0x69604a8,0x1b10230,0x97d0513,0x3fe0452,0x717077a
.4byte 0x9b3051c,0x68f0414,0xd10492,0x4ce040d,0x4b80147,0x709044c,0x3c000f4,0x21d0489
.4byte 0x59b0026,0x1e00455,0x19101a2,0x2609b4,0x4550240,0x1a20477,0x6330191,0x59b031d
.4byte 0x1fe0455,0x1d304d2,0x2120059,0x530000,0x3ef01c3,0x99b0089,0x99d099c,0x840099e
.4byte 0x99f083f,0xa2509be,0x2790a26,0xa2707c9,0x609041b,0x2300566,0x51304b0,0x1f03c8
.4byte 0x3a601fd,0x27b074d,0x38e014b,0x278051c,0x22c07de,0x2180822,0x41a01cc,0x340140
.4byte 0x8770139,0x53704ae,0x8800ca,0x8a0089,0x3008b,0x370036,0x38,0x10000
.4byte 0x30002,0x8802dd,0x8a0089,0x484008b,0x2d20436,0x2db0644,0x422033f,0x27b0277
.4byte 0x38e05bc,0x1470442,0xa2809d8,0x2180676,0x3720452,0xa2901d6,0x5660a2a,0x1b109c5
.4byte 0x4140278,0x3e801ca,0x27900ed,0xe20358,0x99609bd,0x997082e,0x9990998,0x9c099a
.4byte 0x51c0089,0x1a9,0x1a201eb,0x6a509a8,0x66509a9,0x2120149,0x3020080,0x1270163
.4byte 0x3840143,0x20c04ce,0x32704c4,0x40809aa,0x25e00e0,0x18d06c4,0x160212,0x2c20528
.4byte 0x441003f,0x23b09ab,0x501004a,0x41f0785,0x30a0075,0x3c0990,0x4320045,0x47012a
.4byte 0x4a409ac,0x5e067d,0x5350501,0x76409ad,0x21305f7,0x90150,0x566002f,0x124018b
.4byte 0x9ae016b,0x449016d,0x55e049b,0x9af012d,0x590852,0x9b00000,0x2c0528,0x530000
.4byte 0x9b10522,0x268024c,0x300032b,0x18704a3,0x1a0533,0x3d0073c,0x37305b3,0x7ed0044
.4byte 0x6f5019a,0x3850233,0x27709b2,0x69604a8,0x1b10230,0x97d0513,0x3fe0452,0x717077a
.4byte 0x9b3051c,0x68f0414,0xd10492,0x4ce040d,0x4b80147,0x709044c,0x3c000f4,0x21d0489
.4byte 0x59b0026,0x1e00455,0x19101a2,0x2609b4,0x4550240,0x1a20477,0x6330191,0x59b031d
.4byte 0x1fe0455,0x1d304d2,0x2120059,0x530000,0x3ef015c,0x99b0089,0x99d099c,0x840099e
.4byte 0x99f083f,0xa2b09be,0x83a0a2c,0x1670021,0x27801b1,0x44109d5,0x840391,0x3470279
.4byte 0x2ff0a21,0x55501a8,0x49d09d8,0x73e053a,0x3910a2d,0x5d4068d,0x7d705ce,0x594038e
.4byte 0x551046e,0x1b10489,0x1b10489,0x1b10489,0x8ce0489,0x8808cf,0x8a0089,0x3008b
.4byte 0x370036,0x38,0x10000,0x30002,0x8802dd,0x8a0089,0x123008b,0x6a9091a
.4byte 0xa2e07a6,0x8f0513,0x372037f,0x3f20244,0x7d70247,0x4420230,0x78702a0,0xa300a2f
.4byte 0x277011c,0x50c0647,0x60903ad,0x1670147,0x2a004b0,0x3240a1b,0x9bd02c1,0x82e0996
.4byte 0x9980997,0x99a0999,0x89009c,0x20c0510,0x1eb0000,0x9a801a2,0x9a906a5,0x1490665
.4byte 0x800212,0x1630302,0x1430127,0x4ce0384,0x4c4020c,0x9aa0327,0xe00408,0x6c4025e
.4byte 0x212018d,0x5280016,0x3f02c2,0x9ab0441,0x4a023b,0x7850501,0x75041f,0x990030a
.4byte 0x45003c,0x12a0432,0x9ac0047,0x67d04a4,0x501005e,0x9ad0535,0x5f70764,0x1500213
.4byte 0x2f0009,0x18b0566,0x16b0124,0x16d09ae,0x49b0449,0x12d055e,0x85209af,0x59
.4byte 0x52809b0,0x2c,0x5220053,0x24c09b1,0x32b0268,0x4a30300,0x5330187,0x73c001a
.4byte 0x5b303d0,0x440373,0x19a07ed,0x23306f5,0x9b20385,0x4a80277,0x2300696,0x51301b1
.4byte 0x452097d,0x77a03fe,0x51c0717,0x41409b3,0x492068f,0x40d00d1,0x14704ce,0x44c04b8
.4byte 0xf40709,0x48903c0,0x26021d,0x455059b,0x1a201e0,0x9b40191,0x2400026,0x4770455
.4byte 0x19101a2,0x31d0633,0x455059b,0x4d201fe,0x5901d3,0x212,0x2560053,0x8905e4
.4byte 0x99c099b,0x99e099d,0x83f0840,0x9be099f,0xa320a31,0x78709c9,0x6760a2f,0x1cc004e
.4byte 0xab09fe,0x41c053b,0x32b09e1,0x51304b0,0x60c0a1b,0x7f80391,0x35f07ca,0xa33014b
.4byte 0x232051c,0xa1904b8,0x18080f,0x5a208f6,0x70d001a,0x890088,0x8b008a,0x360003
.4byte 0x380037,0x0,0x20001,0x2dd0003,0x890088,0x8b008a,0x5740a34,0x53f003a
.4byte 0xa350170,0x2320442,0x9e609d8,0x16f0769,0x3c2026a,0x41b01d6,0x350060e,0x1b1032b
.4byte 0x41407b5,0x5b302e0,0x27709f8,0x7e90032,0x1a80435,0x9d80232,0x9bd0a36,0x82e0996
.4byte 0x9980997,0x99a0999,0x89009c,0x20c0510,0x1eb0000,0x9a801a2,0x9a906a5,0x1490665
.4byte 0x800212,0x1630302,0x1430127,0x4ce0384,0x4c4020c,0x9aa0327,0xe00408,0x6c4025e
.4byte 0x212018d,0x5280016,0x3f02c2,0x9ab0441,0x4a023b,0x7850501,0x75041f,0x990030a
.4byte 0x45003c,0x12a0432,0x9ac0047,0x67d04a4,0x501005e,0x9ad0535,0x5f70764,0x1500213
.4byte 0x2f0009,0x18b0566,0x16b0124,0x16d09ae,0x49b0449,0x12d055e,0x85209af,0x59
.4byte 0x52809b0,0x2c,0x5220053,0x24c09b1,0x32b0268,0x4a30300,0x5330187,0x73c001a
.4byte 0x5b303d0,0x440373,0x19a07ed,0x23306f5,0x9b20385,0x4a80277,0x2300696,0x51301b1
.4byte 0x452097d,0x77a03fe,0x51c0717,0x41409b3,0x492068f,0x40d00d1,0x14704ce,0x44c04b8
.4byte 0xf40709,0x48903c0,0x26021d,0x455059b,0x1a201e0,0x9b40191,0x2400026,0x4770455
.4byte 0x19101a2,0x31d0633,0x455059b,0x4d201fe,0x5901d3,0x212,0x2560053,0x8905e4
.4byte 0x99c099b,0x99e099d,0x83f0840,0x9be099f,0xa380a37,0x26a0218,0x1d6041a,0xa390267
.4byte 0x2300566,0x2780442,0x44109ed,0xed0391,0x3e3072a,0x39e07e1,0x1470609,0x49d032b
.4byte 0x73e0789,0x16d0a08,0x8920a35,0x5ad0187,0x95e006c,0x890088,0x8b008a,0x360003
.4byte 0x380037,0x0,0x20001,0x2dd0003,0x890088,0x8b008a,0x1a90328,0x1ab0320
.4byte 0xa3a0170,0xa3b07b3,0x9c50696,0x9c90442,0x64103a7,0x56309e9,0x9fe03eb,0x7680a3c
.4byte 0x2320609,0x49d032b,0x9f10698,0x4150a3d,0x2770058,0x5f5027b,0x9bd0029,0x82e0996
.4byte 0x9980997,0x99a0999,0x89009c,0x5004ce,0x1eb0000,0x9a801a2,0x9a906a5,0x1490665
.4byte 0x800212,0x1630302,0x1430127,0x4ce0384,0x4c4020c,0x9aa0327,0xe00408,0x6c4025e
.4byte 0x212018d,0x5280016,0x3f02c2,0x9ab0441,0x4a023b,0x7850501,0x75041f,0x990030a
.4byte 0x45003c,0x12a0432,0x9ac0047,0x67d04a4,0x501005e,0x9ad0535,0x5f70764,0x1500213
.4byte 0x2f0009,0x18b0566,0x16b0124,0x16d09ae,0x49b0449,0x12d055e,0x85209af,0x59
.4byte 0x52809b0,0x2c,0x5220053,0x24c09b1,0x32b0268,0x4a30300,0x5330187,0x73c001a
.4byte 0x5b303d0,0x440373,0x19a07ed,0x23306f5,0x9b20385,0x4a80277,0x2300696,0x51301b1
.4byte 0x452097d,0x77a03fe,0x51c0717,0x41409b3,0x492068f,0x40d00d1,0x14704ce,0x44c04b8
.4byte 0xf40709,0x48903c0,0x26021d,0x455059b,0x1a201e0,0x9b40191,0x2400026,0x4770455
.4byte 0x19101a2,0x31d0633,0x455059b,0x4d201fe,0x5901d3,0x212,0x2a40053,0x8905e3
.4byte 0x99c099b,0x99e099d,0x83f0840,0x9be099f,0xa3f0a3e,0x4c03d0,0x2ff07d7,0x1470442
.4byte 0xa090787,0x25106a3,0xa4001cc,0x53b0a41,0x3500609,0x1b10230,0x9d50698,0x70902e4
.4byte 0x3e207f8,0x9c706a6,0x4690034,0xf40574,0x84003a,0x3a00f4,0x10e00f4,0x880237
.4byte 0x8a0089,0x3008b,0x370036,0x38,0x10000,0x30002,0x8802dd,0x8a0089
.4byte 0xa42008b,0x489055a,0x7a6073d,0x36c02a0,0x3c2026a,0x40d03c1,0x56602cb,0x1b1032b
.4byte 0x9d5032a,0x39102e0,0x3e209f8,0x14b03a4,0x51c085b,0x4b80232,0x513049d,0x69d03e7
.4byte 0xee0372,0x99609bd,0x997082e,0x9990998,0x9c099a,0x4ce0089,0x447,0x1a201eb
.4byte 0x6a509a8,0x66509a9,0x2120149,0x3020080,0x1270163,0x3840143,0x20c04ce,0x32704c4
.4byte 0x40809aa,0x25e00e0,0x18d06c4,0x160212,0x2c20528,0x441003f,0x23b09ab,0x501004a
.4byte 0x41f0785,0x30a0075,0x3c0990,0x4320045,0x47012a,0x4a409ac,0x5e067d,0x5350501
.4byte 0x76409ad,0x21305f7,0x90150,0x566002f,0x124018b,0x9ae016b,0x449016d,0x55e049b
.4byte 0x9af012d,0x590852,0x9b00000,0x2c0528,0x530000,0x9b10522,0x268024c,0x300032b
.4byte 0x18704a3,0x1a0533,0x3d0073c,0x37305b3,0x7ed0044,0x6f5019a,0x3850233,0x27709b2
.4byte 0x69604a8,0x1b10230,0x97d0513,0x3fe0452,0x717077a,0x9b3051c,0x68f0414,0xd10492
.4byte 0x4ce040d,0x4b80147,0x709044c,0x3c000f4,0x21d0489,0x59b0026,0x1e00455,0x19101a2
.4byte 0x2609b4,0x4550240,0x1a20477,0x6330191,0x59b031d,0x1fe0455,0x1d304d2,0x2120059
.4byte 0x2e0000,0x5e303b6,0x99b0089,0x99d099c,0x840099e,0x99f083f,0xa4309be,0x51c0a44
.4byte 0x4b80232,0x33f01d5,0x9c403e7,0x1710647,0x9fb03c0,0x2300a45,0x2680442,0x8206af
.4byte 0xdc0709,0x3c20277,0x7680a46,0x14704ce,0x7cd032b,0xe80003,0x300003,0x300e8
.4byte 0xe80030,0x300003,0x2dd0003,0x890088,0x8b008a,0x360003,0x380037,0x0
.4byte 0x20001,0x2dd0003,0x890088,0x8b008a,0x11000e8,0x2db05f3,0x2780352,0x64806af
.4byte 0x52e0709,0x3580279,0x435034b,0x555054a,0x49d0230,0x710053a,0x3910a08,0x7ca00d8
.4byte 0x45802c3,0x44202ff,0xa180147,0x26109e6,0x99609bd,0x997082e,0x9990998,0x9c099a
.4byte 0x5510089,0x296,0x1a201eb,0x6a509a8,0x66509a9,0x2120149,0x3020080,0x1270163
.4byte 0x3840143,0x20c04ce,0x32704c4,0x40809aa,0x25e00e0,0x18d06c4,0x160212,0x2c20528
.4byte 0x441003f,0x23b09ab,0x501004a,0x41f0785,0x30a0075,0x3c0990,0x4320045,0x47012a
.4byte 0x4a409ac,0x5e067d,0x5350501,0x76409ad,0x21305f7,0x90150,0x566002f,0x124018b
.4byte 0x9ae016b,0x449016d,0x55e049b,0x9af012d,0x590852,0x9b00000,0x2c0528,0x530000
.4byte 0x9b10522,0x268024c,0x300032b,0x18704a3,0x1a0533,0x3d0073c,0x37305b3,0x7ed0044
.4byte 0x6f5019a,0x3850233,0x27709b2,0x69604a8,0x1b10230,0x97d0513,0x3fe0452,0x717077a
.4byte 0x9b3051c,0x68f0414,0xd10492,0x4ce040d,0x4b80147,0x709044c,0x3c000f4,0x21d0489
.4byte 0x59b0026,0x1e00455,0x19101a2,0x2609b4,0x4550240,0x1a20477,0x6330191,0x59b031d
.4byte 0x1fe0455,0x1d304d2,0x2120059,0x2e0000,0x5e30192,0x99b0089,0x99d099c,0x840099e
.4byte 0x99f083f,0xa4709be,0x6980a48,0xa4909f0,0x6c30690,0x3ae0714,0x38e05f5,0x2320442
.4byte 0xa1504e1,0x36c037e,0x1df0452,0x3ad0427,0x147086c,0x1b109c5,0x75105c0,0xa4a02e0
.4byte 0xf30401,0x38d094d,0x8805de,0x8a0089,0x3008b,0x370036,0x38,0x10000
.4byte 0x30002,0x8802dd,0x8a0089,0x4e7008b,0x87e087d,0x785087f,0x6090502,0x2300566
.4byte 0x5c004b0,0x32409ba,0x72801fd,0x2a80269,0x717070b,0x147051c,0x7af0230,0x2390779
.4byte 0x41a0419,0x7b30165,0x9bc0a4b,0x640032b,0x99609bd,0x997082e,0x9990998,0x9c099a
.4byte 0x5510089,0x2d0296,0x1eb0000,0x9a801a2,0x9a906a5,0x1490665,0x800212,0x1630302
.4byte 0x1430127,0x4ce0384,0x4c4020c,0x9aa0327,0xe00408,0x6c4025e,0x212018d,0x5280016
.4byte 0x3f02c2,0x9ab0441,0x4a023b,0x7850501,0x75041f,0x990030a,0x45003c,0x12a0432
.4byte 0x9ac0047,0x67d04a4,0x501005e,0x9ad0535,0x5f70764,0x1500213,0x2f0009,0x18b0566
.4byte 0x16b0124,0x16d09ae,0x49b0449,0x12d055e,0x85209af,0x59,0x52809b0,0x2c
.4byte 0x5220053,0x24c09b1,0x32b0268,0x4a30300,0x5330187,0x73c001a,0x5b303d0,0x440373
.4byte 0x19a07ed,0x23306f5,0x9b20385,0x4a80277,0x2300696,0x51301b1,0x452097d,0x77a03fe
.4byte 0x51c0717,0x41409b3,0x492068f,0x40d00d1,0x14704ce,0x44c04b8,0xf40709,0x48903c0
.4byte 0x26021d,0x455059b,0x1a201e0,0x9b40191,0x2400026,0x4770455,0x19101a2,0x31d0633
.4byte 0x455059b,0x4d201fe,0x5901d3,0x212,0x192020b,0x8905e3,0x99c099b,0x99e099d
.4byte 0x83f0840,0x9be099f,0xa4d0a4c,0x2770724,0x264035f,0x51c0435,0x9d80232,0x53a0a10
.4byte 0x9c4048f,0x4d50647,0x61c0766,0x9c50350,0x27801b1,0x42104b8,0xdc072b,0xa4e0279
.4byte 0x3de06c7,0x442051c,0x95e0497,0x890088,0x8b008a,0x360003,0x380037,0x0
.4byte 0x20001,0x2dd0003,0x890088,0x8b008a,0x1d07a5,0x1e0000,0x1700277,0x27901a4
.4byte 0x2ba03e3,0x1a8053b,0x9c30168,0x33f0617,0x68f00b2,0xd801fd,0x2c307c2,0xa4f0350
.4byte 0x9c9051c,0x44c04b8,0x11c09cb,0x3c201cc,0x50103c1,0x99609bd,0x997082e,0x9990998
.4byte 0x9c099a,0x45e0089,0x33018d,0x1eb0000,0x9a801a2,0x9a906a5,0x1490665,0x800212
.4byte 0x1630302,0x1430127,0x4ce0384,0x4c4020c,0x9aa0327,0xe00408,0x6c4025e,0x212018d
.4byte 0x5280016,0x3f02c2,0x9ab0441,0x4a023b,0x7850501,0x75041f,0x990030a,0x45003c
.4byte 0x12a0432,0x9ac0047,0x67d04a4,0x501005e,0x9ad0535,0x5f70764,0x1500213,0x2f0009
.4byte 0x18b0566,0x16b0124,0x16d09ae,0x49b0449,0x12d055e,0x85209af,0x59,0x52809b0
.4byte 0x2c,0x5220053,0x24c09b1,0x32b0268,0x4a30300,0x5330187,0x73c001a,0x5b303d0
.4byte 0x440373,0x19a07ed,0x23306f5,0x9b20385,0x4a80277,0x2300696,0x51301b1,0x452097d
.4byte 0x77a03fe,0x51c0717,0x41409b3,0x492068f,0x40d00d1,0x14704ce,0x44c04b8,0xf40709
.4byte 0x48903c0,0x26021d,0x455059b,0x1a201e0,0x9b40191,0x2400026,0x4770455,0x19101a2
.4byte 0x31d0633,0x455059b,0x4d201fe,0x5901d3,0x212,0x4b00248,0x99b0089,0x99d099c
.4byte 0x840099e,0x99f083f,0xa5009be,0x3ad0a51,0x1470609,0x6170167,0xa52032a,0x1fd001f
.4byte 0x3e2003b,0x4580a53,0x51c038e,0x7de02a0,0xa2407d6,0x2790218,0x4270372,0x60e03c0
.4byte 0x340696,0x190018,0x70c0000,0x88070d,0x8a0089,0x3008b,0x370036,0x38
.4byte 0x10000,0x30002,0x8802dd,0x8a0089,0x69b008b,0x59b00cc,0xd901e4,0x59b0a54
.4byte 0x59b0a54,0x7620193,0xa0a0811,0x3910324,0x27700f4,0xa5502d5,0x51c038e,0x7de0555
.4byte 0x38501d5,0x1cc0239,0x1d601fd,0x65a05d4,0x1670021,0x27801b1,0x28506af,0x2bf09e9
.4byte 0x99609bd,0x997082e,0x9990998,0x9c099a,0x45e0089,0x33018d,0x1eb0000,0x9a801a2
.4byte 0x9a906a5,0x1490665,0x800212,0x1630302,0x1430127,0x4ce0384,0x4c4020c,0x9aa0327
.4byte 0xe00408,0x6c4025e,0x212018d,0x5280016,0x3f02c2,0x9ab0441,0x4a023b,0x7850501
.4byte 0x75041f,0x990030a,0x45003c,0x12a0432,0x9ac0047,0x67d04a4,0x501005e,0x9ad0535
.4byte 0x5f70764,0x1500213,0x2f0009,0x18b0566,0x16b0124,0x16d09ae,0x49b0449,0x12d055e
.4byte 0x85209af,0x59,0x52809b0,0x2c,0x5220053,0x24c09b1,0x32b0268,0x4a30300
.4byte 0x5330187,0x73c001a,0x5b303d0,0x440373,0x19a07ed,0x23306f5,0x9b20385,0x4a80277
.4byte 0x2300696,0x51301b1,0x452097d,0x77a03fe,0x51c0717,0x41409b3,0x492068f,0x40d00d1
.4byte 0x14704ce,0x44c04b8,0xf40709,0x48903c0,0x26021d,0x455059b,0x1a201e0,0x9b40191
.4byte 0x2400026,0x4770455,0x19101a2,0x31d0633,0x455059b,0x4d201fe,0x5901d3,0x212
.4byte 0x4b00248,0x99b0089,0x99d099c,0x840099e,0x99f083f,0xa5609be,0x1b10a57,0x81805c0
.4byte 0x41501ca,0x2790416,0x9d701cb,0x1a80743,0x9d80232,0x385049d,0x657097d,0x68d01fd
.4byte 0x67005d4,0x9c50021,0x27801b1,0x49c0a18,0x30b0892,0x1d2093f,0x88095e,0x8a0089
.4byte 0x3008b,0x370036,0x38,0x10000,0x30002,0x8802dd,0x8a0089,0x5dd008b
.4byte 0x4c0047f,0x4c0047f,0x4c0047f,0x4c0047f,0x45c047f,0x24d0584,0x9d80147,0x5130617
.4byte 0x37f038a,0x6c30372,0x7b04bb,0x38e07d7,0x2780442,0x8204b8,0x11c0742,0x9dd0279
.4byte 0x40d0088,0x5660609,0x4b00230,0x9bd0135,0x82e0996,0x9980997,0x99a0999,0x89009c
.4byte 0x4e60616,0x203,0x1a201eb,0x6a509a8,0x66509a9,0x2120149,0x3020080,0x1270163
.4byte 0x3840143,0x20c04ce,0x32704c4,0x40809aa,0x25e00e0,0x18d06c4,0x160212,0x2c20528
.4byte 0x441003f,0x23b09ab,0x501004a,0x41f0785,0x30a0075,0x3c0990,0x4320045,0x47012a
.4byte 0x4a409ac,0x5e067d,0x5350501,0x76409ad,0x21305f7,0x90150,0x566002f,0x124018b
.4byte 0x9ae016b,0x449016d,0x55e049b,0x9af012d,0x590852,0x9b00000,0x2c0528,0x530000
.4byte 0x9b10522,0x268024c,0x300032b,0x18704a3,0x1a0533,0x3d0073c,0x37305b3,0x7ed0044
.4byte 0x6f5019a,0x3850233,0x27709b2,0x69604a8,0x1b10230,0x97d0513,0x3fe0452,0x717077a
.4byte 0x9b3051c,0x68f0414,0xd10492,0x4ce040d,0x4b80147,0x709044c,0x3c000f4,0x21d0489
.4byte 0x59b0026,0x1e00455,0x19101a2,0x2609b4,0x4550240,0x1a20477,0x6330191,0x59b031d
.4byte 0x1fe0455,0x1d304d2,0x2120059,0x1b00000,0x890617,0x99c099b,0x99e099d,0x83f0840
.4byte 0x9be099f,0xa590a58,0x4e0a5a,0x7c00279,0x41b0559,0x9e1054a,0x4b0021c,0x9d00698
.4byte 0x1fd0a3d,0x74d0422,0x14b02a8,0x51c038e,0x7de0811,0x53a0a5b,0x1cc0218,0x469073a
.4byte 0xf40574,0x84003a,0x3a00f4,0x10e00f4,0x880237,0x8a0089,0x3008b,0x370036
.4byte 0x38,0x10000,0x30002,0x8802dd,0x8a0089,0x29a008b,0x442051c,0x73b05bd
.4byte 0x27b0a5c,0x2ff05f5,0x1680442,0x9e604e1,0x1330676,0x64709e7,0x40d01d6,0x210a5d
.4byte 0x1b109c8,0x41409c6,0x3e801ca,0x2790a5e,0x9b10032,0xa5f053b,0x99609bd,0x997082e
.4byte 0x9990998,0x9c099a,0x6160089,0x270149,0x1eb0000,0x9a801a2,0x9a906a5,0x1490665
.4byte 0x800212,0x1630302,0x1430127,0x4ce0384,0x4c4020c,0x9aa0327,0xe00408,0x6c4025e
.4byte 0x212018d,0x5280016,0x3f02c2,0x9ab0441,0x4a023b,0x7850501,0x75041f,0x990030a
.4byte 0x45003c,0x12a0432,0x9ac0047,0x67d04a4,0x501005e,0x9ad0535,0x5f70764,0x1500213
.4byte 0x2f0009,0x18b0566,0x16b0124,0x16d09ae,0x49b0449,0x12d055e,0x85209af,0x59
.4byte 0x52809b0,0x2c,0x5220053,0x24c09b1,0x32b0268,0x4a30300,0x5330187,0x73c001a
.4byte 0x5b303d0,0x440373,0x19a07ed,0x23306f5,0x9b20385,0x4a80277,0x2300696,0x51301b1
.4byte 0x452097d,0x77a03fe,0x51c0717,0x41409b3,0x492068f,0x40d00d1,0x14704ce,0x44c04b8
.4byte 0xf40709,0x48903c0,0x26021d,0x455059b,0x1a201e0,0x9b40191,0x2400026,0x4770455
.4byte 0x19101a2,0x31d0633,0x455059b,0x4d201fe,0x5901d3,0x212,0x4f00080,0x99b0089
.4byte 0x99d099c,0x840099e,0x99f083f,0xa6009be,0x1d60a61,0x86c03c0,0x1670021,0x27801b1
.4byte 0xa6209ed,0x840391,0xa630279,0x7430a64,0x55501a8,0x49d0230,0x9f0053a,0x1fd026a
.4byte 0x7ca068d,0x597066b,0x1100003,0x8802dd,0x8a0089,0x3008b,0x370036,0x38
.4byte 0x10000,0x30002,0x8802dd,0x8a0089,0x33e008b,0x4a0503,0x17008ee,0x69d0726
.4byte 0x9dc0372,0x3ff03f2,0x2300590,0x2a00442,0xa2f06af,0x11c0804,0x1df0279,0xa65050c
.4byte 0x1470609,0x6170167,0xa66032a,0x39109d1,0x81200f4,0x99609bd,0x997082e,0x9990998
.4byte 0x9c099a,0x3b00089,0x270629,0x1eb0000,0x9a801a2,0x9a906a5,0x1490665,0x800212
.4byte 0x1630302,0x1430127,0x4ce0384,0x4c4020c,0x9aa0327,0xe00408,0x6c4025e,0x212018d
.4byte 0x5280016,0x3f02c2,0x9ab0441,0x4a023b,0x7850501,0x75041f,0x990030a,0x45003c
.4byte 0x12a0432,0x9ac0047,0x67d04a4,0x501005e,0x9ad0535,0x5f70764,0x1500213,0x2f0009
.4byte 0x18b0566,0x16b0124,0x16d09ae,0x49b0449,0x12d055e,0x85209af,0x59,0x52809b0
.4byte 0x2c,0x5220053,0x24c09b1,0x32b0268,0x4a30300,0x5330187,0x73c001a,0x5b303d0
.4byte 0x440373,0x19a07ed,0x23306f5,0x9b20385,0x4a80277,0x2300696,0x51301b1,0x452097d
.4byte 0x77a03fe,0x51c0717,0x41409b3,0x492068f,0x40d00d1,0x14704ce,0x44c04b8,0xf40709
.4byte 0x48903c0,0x26021d,0x455059b,0x1a201e0,0x9b40191,0x2400026,0x4770455,0x19101a2
.4byte 0x31d0633,0x455059b,0x4d201fe,0x5901d3,0x212,0x3020055,0x99b0089,0x99d099c
.4byte 0x840099e,0x99f083f,0xa6709be,0x38e0a68,0x2780442,0x9f40787,0x9f50676,0x9ad01cc
.4byte 0x3ad01a7,0x566054a,0x1b10230,0xa690513,0x391060c,0x3d007f8,0x14b0032,0x51c0743
.4byte 0x340566,0x75e00bf,0xe2023f,0x23f0549,0x23f00e2,0x54900e2,0xf9023f,0x8805de
.4byte 0x8a0089,0x3008b,0x370036,0x38,0x10000,0x30002,0x8802dd,0x8a0089
.4byte 0x173008b,0x23f0549,0xe20549,0x5c3023f,0x5730549,0x5d30711,0x9e604b8,0x16f09cb
.4byte 0x3c2026a,0x40d03c1,0x35009f7,0x1b10230,0x4140708,0x5b302e0,0x3e209f8,0x2640032
.4byte 0x51c053b,0x7de0147,0x513049d,0x9bd044f,0x82e0996,0x9980997,0x99a0999,0x89009c
.4byte 0x37103b0,0x212,0x1a201eb,0x6a509a8,0x66509a9,0x2120149,0x3020080,0x1270163
.4byte 0x3840143,0x20c04ce,0x32704c4,0x40809aa,0x25e00e0,0x18d06c4,0x160212,0x2c20528
.4byte 0x441003f,0x23b09ab,0x501004a,0x41f0785,0x30a0075,0x3c0990,0x4320045,0x47012a
.4byte 0x4a409ac,0x5e067d,0x5350501,0x76409ad,0x21305f7,0x90150,0x566002f,0x124018b
.4byte 0x9ae016b,0x449016d,0x55e049b,0x9af012d,0x590852,0x9b00000,0x2c0528,0x530000
.4byte 0x9b10522,0x268024c,0x300032b,0x18704a3,0x1a0533,0x3d0073c,0x37305b3,0x7ed0044
.4byte 0x6f5019a,0x3850233,0x27709b2,0x69604a8,0x1b10230,0x97d0513,0x3fe0452,0x717077a
.4byte 0x9b3051c,0x68f0414,0xd10492,0x4ce040d,0x4b80147,0x709044c,0x3c000f4,0x21d0489
.4byte 0x59b0026,0x1e00455,0x19101a2,0x2609b4,0x4550240,0x1a20477,0x6330191,0x59b031d
.4byte 0x1fe0455,0x1d304d2,0x2120059,0x1e0000,0x3020042,0x99b0089,0x99d099c,0x840099e
.4byte 0x99f083f,0x9df09be,0x8050a6a,0x218053a,0x7bd0419,0x26704d5,0xa4509fb,0x442021c
.4byte 0x9ed0278,0x3910441,0x72a0166,0xa6b0476,0x6090753,0x2300232,0x513049d,0xa6c09e2
.4byte 0x55103de,0x1b10489,0x1b10489,0x1b10489,0x8ce0489,0x8808cf,0x8a0089,0x3008b
.4byte 0x370036,0x38,0x10000,0x30002,0x8802dd,0x8a0089,0x173008b,0x23f0549
.4byte 0xe20549,0x5c3023f,0x5730549,0x3300584,0x38e09bc,0x2780442,0xa030034,0x1660709
.4byte 0xa6d0279,0x53b0a3c,0x1470609,0x49d032b,0xa0507f7,0x3910a49,0x277098e,0x5f50670
.4byte 0x44202ff,0x9bd0411,0x82e0996,0x9980997,0x99a0999,0x89009c,0x18703b0,0x212
.4byte 0x1a201eb,0x6a509a8,0x66509a9,0x2120149,0x3020080,0x1270163,0x3840143,0x20c04ce
.4byte 0x32704c4,0x40809aa,0x25e00e0,0x18d06c4,0x160212,0x2c20528,0x441003f,0x23b09ab
.4byte 0x501004a,0x41f0785,0x30a0075,0x3c0990,0x4320045,0x47012a,0x4a409ac,0x5e067d
.4byte 0x5350501,0x76409ad,0x21305f7,0x90150,0x566002f,0x124018b,0x9ae016b,0x449016d
.4byte 0x55e049b,0x9af012d,0x590852,0x9b00000,0x2c0528,0x530000,0x9b10522,0x268024c
.4byte 0x300032b,0x18704a3,0x1a0533,0x3d0073c,0x37305b3,0x7ed0044,0x6f5019a,0x3850233
.4byte 0x27709b2,0x69604a8,0x1b10230,0x97d0513,0x3fe0452,0x717077a,0x9b3051c,0x68f0414
.4byte 0xd10492,0x4ce040d,0x4b80147,0x709044c,0x3c000f4,0x21d0489,0x59b0026,0x1e00455
.4byte 0x19101a2,0x2609b4,0x4550240,0x1a20477,0x6330191,0x59b031d,0x1fe0455,0x1d304d2
.4byte 0x2120059,0x1e0000,0x3020068,0x99b0089,0x99d099c,0x840099e,0x99f083f,0xa6e09be
.4byte 0x1fd0a6f,0x7ca00c4,0x4580670,0x44202ff,0x4e10232,0x6a30a09,0x1cc09f5,0x186018f
.4byte 0x60e053b,0x32b043b,0x9e801b1,0x60c0414,0x9c10391,0x22a0277,0x6605cd,0x2e20320
.4byte 0x88070d,0x8a0089,0x3008b,0x370036,0x38,0x10000,0x30002,0x8802dd
.4byte 0x8a0089,0x4ed008b,0x4a0503,0x9008ee,0x9cc03cc,0x40d0186,0x19e02cb,0x4b0032b
.4byte 0x242032a,0x39101ca,0x72a09ea,0x2640032,0x51c0a33,0x1670232,0x51301d5,0x9c40218
.4byte 0x17107bd,0x7006f8,0x99609bd,0x997082e,0x9990998,0x9c099a,0x3b00089,0x1f201a8
.4byte 0x1eb0000,0x9a801a2,0x9a906a5,0x1490665,0x800212,0x1630302,0x1430127,0x4ce0384
.4byte 0x4c4020c,0x9aa0327,0xe00408,0x6c4025e,0x212018d,0x5280016,0x3f02c2,0x9ab0441
.4byte 0x4a023b,0x7850501,0x75041f,0x990030a,0x45003c,0x12a0432,0x9ac0047,0x67d04a4
.4byte 0x501005e,0x9ad0535,0x5f70764,0x1500213,0x2f0009,0x18b0566,0x16b0124,0x16d09ae
.4byte 0x49b0449,0x12d055e,0x85209af,0x59,0x52809b0,0x2c,0x5220053,0x24c09b1
.4byte 0x32b0268,0x4a30300,0x5330187,0x73c001a,0x5b303d0,0x440373,0x19a07ed,0x23306f5
.4byte 0x9b20385,0x4a80277,0x2300696,0x51301b1,0x452097d,0x77a03fe,0x51c0717,0x41409b3
.4byte 0x492068f,0x40d00d1,0x14704ce,0x44c04b8,0xf40709,0x48903c0,0x26021d,0x455059b
.4byte 0x1a201e0,0x9b40191,0x2400026,0x4770455,0x19101a2,0x31d0633,0x455059b,0x4d201fe
.4byte 0x5901d3,0x212,0x2130057,0x890567,0x99c099b,0x99e099d,0x83f0840,0x9be099f
.4byte 0xa710a70,0x743014b,0x232051c,0xa1004b8,0x48f033f,0x64709c4,0x76600c0,0x35009fb
.4byte 0x4420230,0x6af02a0,0xa300421,0x27700dc,0x7e103fe,0x510053b,0x90d04eb,0x59a04e6
.4byte 0x3bd0082,0x890088,0x8b008a,0x360003,0x380037,0x0,0x20001,0x2dd0003
.4byte 0x890088,0x8b008a,0x51c0992,0x6730442,0x1060170,0x3e80285,0x27900ed,0x2ba0358
.4byte 0x1a8053b,0x2300555,0x5130617,0xa14089c,0xd80391,0x2c305d4,0x2ff07d7,0x1470442
.4byte 0xa7204b8,0x3f709cb,0x9bd0307,0x82e0996,0x9980997,0x99a0999,0x89009c,0x1f201a8
.4byte 0x1eb0000,0x9a801a2,0x9a906a5,0x1490665,0x800212,0x1630302,0x1430127,0x4ce0384
.4byte 0x4c4020c,0x9aa0327,0xe00408,0x6c4025e,0x212018d,0x5280016,0x3f02c2,0x9ab0441
.4byte 0x4a023b,0x7850501,0x75041f,0x990030a,0x45003c,0x12a0432,0x9ac0047,0x67d04a4
.4byte 0x501005e,0x9ad0535,0x5f70764,0x1500213,0x2f0009,0x18b0566,0x16b0124,0x16d09ae
.4byte 0x49b0449,0x12d055e,0x85209af,0x59,0x52809b0,0x2c,0x5220053,0x24c09b1
.4byte 0x32b0268,0x4a30300,0x5330187,0x73c001a,0x5b303d0,0x440373,0x19a07ed,0x23306f5
.4byte 0x9b20385,0x4a80277,0x2300696,0x51301b1,0x452097d,0x77a03fe,0x51c0717,0x41409b3
.4byte 0x492068f,0x40d00d1,0x14704ce,0x44c04b8,0xf40709,0x48903c0,0x26021d,0x455059b
.4byte 0x1a201e0,0x9b40191,0x2400026,0x4770455,0x19101a2,0x31d0633,0x455059b,0x4d201fe
.4byte 0x5901d3,0x212,0x2130057,0x8903ef,0x99c099b,0x99e099d,0x83f0840,0x9be099f
.4byte 0xa740a73,0x49d0167,0x73e0513,0x4920a17,0x3e203a6,0x29504cc,0x442038e,0xa180147
.4byte 0x7160a75,0x7640133,0x4270647,0x83a0a76,0x2300147,0x55501b1,0x4e20a77,0x1e400f5
.4byte 0x27e03e9,0x890088,0x8b008a,0x360003,0x380037,0x0,0x20001,0x2dd0003
.4byte 0x890088,0x8b008a,0x11000e8,0x83205f3,0x167051e,0x2a004b0,0x3090a78,0xf40391
.4byte 0x2a8072a,0x38e0264,0x555051c,0x65209d8,0x2390822,0x1fd01cc,0x6f80165,0x9bc0614
.4byte 0x4420167,0xa5c0278,0x99609bd,0x997082e,0x9990998,0x9c099a,0x1a80089,0x1a9
.4byte 0x1a201eb,0x6a509a8,0x66509a9,0x2120149,0x3020080,0x1270163,0x3840143,0x20c04ce
.4byte 0x32704c4,0x40809aa,0x25e00e0,0x18d06c4,0x160212,0x2c20528,0x441003f,0x23b09ab
.4byte 0x501004a,0x41f0785,0x30a0075,0x3c0990,0x4320045,0x47012a,0x4a409ac,0x5e067d
.4byte 0x5350501,0x76409ad,0x21305f7,0x90150,0x566002f,0x124018b,0x9ae016b,0x449016d
.4byte 0x55e049b,0x9af012d,0x590852,0x9b00000,0x2c0528,0x530000,0x9b10522,0x268024c
.4byte 0x300032b,0x18704a3,0x1a0533,0x3d0073c,0x37305b3,0x7ed0044,0x6f5019a,0x3850233
.4byte 0x27709b2,0x69604a8,0x1b10230,0x97d0513,0x3fe0452,0x717077a,0x9b3051c,0x68f0414
.4byte 0xd10492,0x4ce040d,0x4b80147,0x709044c,0x3c000f4,0x21d0489,0x59b0026,0x1e00455
.4byte 0x19101a2,0x2609b4,0x4550240,0x1a20477,0x6330191,0x59b031d,0x1fe0455,0x1d304d2
.4byte 0x2120059,0x530000,0x3ef01c3,0x99b0089,0x99d099c,0x840099e,0x99f083f,0x9df09be
.4byte 0x2e00a79,0x9c109e9,0x35f0277,0x43507e9,0x23201a8,0x5a30348,0x8f0385,0x3720a08
.4byte 0x40d068d,0x350061f,0x1b109c5,0x78709b3,0x7160082,0xa7a03f7,0x5b901f4,0x1a3026f
.4byte 0x890088,0x8b008a,0x360003,0x380037,0x0,0x20001,0x2dd0003,0x890088
.4byte 0x8b008a,0xe4008c,0x91f091e,0x91e0920,0x920091f,0x920091e,0x3c70a7b,0x2c0584
.4byte 0x53b0a7c,0x23201a8,0xa7d0348,0x41e0513,0x1fd05e8,0x26700c4,0x7be0670,0x51c09c5
.4byte 0x4b80811,0x3850a2f,0x1cc011c,0x18603fe,0x9f7040d,0x9bd0460,0x82e0996,0x9980997
.4byte 0x99a0999,0x89009c,0x20c0510,0x1eb0000,0x9a801a2,0x9a906a5,0x1490665,0x800212
.4byte 0x1630302,0x1430127,0x4ce0384,0x4c4020c,0x9aa0327,0xe00408,0x6c4025e,0x212018d
.4byte 0x5280016,0x3f02c2,0x9ab0441,0x4a023b,0x7850501,0x75041f,0x990030a,0x45003c
.4byte 0x12a0432,0x9ac0047,0x67d04a4,0x501005e,0x9ad0535,0x5f70764,0x1500213,0x2f0009
.4byte 0x18b0566,0x16b0124,0x16d09ae,0x49b0449,0x12d055e,0x85209af,0x59,0x52809b0
.4byte 0x2c,0x5220053,0x24c09b1,0x32b0268,0x4a30300,0x5330187,0x73c001a,0x5b303d0
.4byte 0x440373,0x19a07ed,0x23306f5,0x9b20385,0x4a80277,0x2300696,0x51301b1,0x452097d
.4byte 0x77a03fe,0x51c0717,0x41409b3,0x492068f,0x40d00d1,0x14704ce,0x44c04b8,0xf40709
.4byte 0x48903c0,0x26021d,0x455059b,0x1a201e0,0x9b40191,0x2400026,0x4770455,0x19101a2
.4byte 0x31d0633,0x455059b,0x4d201fe,0x5901d3,0x212,0x2560053,0x8905e4,0x99c099b
.4byte 0x99e099d,0x83f0840,0x9be099f,0xa7f0a7e,0xa8003fe,0x609053b,0x1670147,0x32a04b0
.4byte 0x1f0a81,0x3a601fd,0x27b074d,0x38e014b,0x278051c,0x65107de,0x2180822,0x7bd0279
.4byte 0x40d01d6,0x1f404eb,0x91a05ba,0x1a305dc,0x890088,0x8b008a,0x360003,0x380037
.4byte 0x0,0x20001,0x2dd0003,0x890088,0x8b008a,0x2b80357,0x4ee05a2,0x762072a
.4byte 0x6860437,0x2770a82,0xa8302d5,0x442038e,0x7de0147,0x9cb01d5,0x4520218,0x1d60372
.4byte 0xa2a0799,0x38e0021,0x27801b1,0x4410414,0xed03e8,0x3a60279,0x99609bd,0x997082e
.4byte 0x9990998,0x9c099a,0x5100089,0x20c,0x1a201eb,0x6a509a8,0x66509a9,0x2120149
.4byte 0x3020080,0x1270163,0x3840143,0x20c04ce,0x32704c4,0x40809aa,0x25e00e0,0x18d06c4
.4byte 0x160212,0x2c20528,0x441003f,0x23b09ab,0x501004a,0x41f0785,0x30a0075,0x3c0990
.4byte 0x4320045,0x47012a,0x4a409ac,0x5e067d,0x5350501,0x76409ad,0x21305f7,0x90150
.4byte 0x566002f,0x124018b,0x9ae016b,0x449016d,0x55e049b,0x9af012d,0x590852,0x9b00000
.4byte 0x2c0528,0x530000,0x9b10522,0x268024c,0x300032b,0x18704a3,0x1a0533,0x3d0073c
.4byte 0x37305b3,0x7ed0044,0x6f5019a,0x3850233,0x27709b2,0x69604a8,0x1b10230,0x97d0513
.4byte 0x3fe0452,0x717077a,0x9b3051c,0x68f0414,0xd10492,0x4ce040d,0x4b80147,0x709044c
.4byte 0x3c000f4,0x21d0489,0x59b0026,0x1e00455,0x19101a2,0x2609b4,0x4550240,0x1a20477
.4byte 0x6330191,0x59b031d,0x1fe0455,0x1d304d2,0x2120059,0x530000,0x5e40256,0x99b0089
.4byte 0x99d099c,0x840099e,0x99f083f,0x9f209be,0x210a84,0x1b10167,0x9d50278,0x6860441
.4byte 0x2790084,0x22e0347,0x1a80743,0x9d80147,0x385049d,0x9d904cf,0x16201fd,0x67005d4
.4byte 0x2ff0350,0x22a01b1,0xf504e2,0x3e901e4,0x88027e,0x8a0089,0x3008b,0x370036
.4byte 0x38,0x10000,0x30002,0x8802dd,0x8a0089,0x11a008b,0x72800f4,0x170053f
.4byte 0x49d0597,0x3c70513,0x372037f,0x7b30244,0x7d70695,0x4420230,0x78702a0,0x7420048
.4byte 0x2770137,0xa3c0a85,0x60903ad,0x1670566,0x32a04b0,0x4970858,0x99609bd,0x997082e
.4byte 0x9990998,0x9c099a,0x4ce0089,0x50,0x1a201eb,0x6a509a8,0x66509a9,0x2120149
.4byte 0x3020080,0x1270163,0x3840143,0x20c04ce,0x32704c4,0x40809aa,0x25e00e0,0x18d06c4
.4byte 0x160212,0x2c20528,0x441003f,0x23b09ab,0x501004a,0x41f0785,0x30a0075,0x3c0990
.4byte 0x4320045,0x47012a,0x4a409ac,0x5e067d,0x5350501,0x76409ad,0x21305f7,0x90150
.4byte 0x566002f,0x124018b,0x9ae016b,0x449016d,0x55e049b,0x9af012d,0x590852,0x9b00000
.4byte 0x2c0528,0x530000,0x9b10522,0x268024c,0x300032b,0x18704a3,0x1a0533,0x3d0073c
.4byte 0x37305b3,0x7ed0044,0x6f5019a,0x3850233,0x27709b2,0x69604a8,0x1b10230,0x97d0513
.4byte 0x3fe0452,0x717077a,0x9b3051c,0x68f0414,0xd10492,0x4ce040d,0x4b80147,0x709044c
.4byte 0x3c000f4,0x21d0489,0x59b0026,0x1e00455,0x19101a2,0x2609b4,0x4550240,0x1a20477
.4byte 0x6330191,0x59b031d,0x1fe0455,0x1d304d2,0x2120059,0x530000,0x5e302a4,0x99b0089
.4byte 0x99d099c,0x840099e,0x99f083f,0xa8609be,0x7870a87,0x6760082,0x1cc004e,0xa4103f1
.4byte 0x41c053b,0x32b019e,0x32a04b0,0x60c0858,0x77501fd,0x35f0714,0xa33014b,0x9c9051c
.4byte 0x7af04b8,0x4be043e,0x4e6090d,0x1ae059a,0x8803bd,0x8a0089,0x3008b,0x370036
.4byte 0x38,0x10000,0x30002,0x8802dd,0x8a0089,0x545008b,0x2bd0174,0x78504f8
.4byte 0x24a0a88,0x2320442,0x5a309d8,0x3e90385,0x1df026a,0x40d01d6,0x350060e,0x1b1032b
.4byte 0x41409e8,0x70902e0,0x27709f8,0xa210032,0x1a80435,0x7840232,0x99609bd,0x997082e
.4byte 0x9990998,0x9c099a,0x4ce0089,0x447,0x1a201eb,0x6a509a8,0x66509a9,0x2120149
.4byte 0x3020080,0x1270163,0x3840143,0x20c04ce,0x32704c4,0x40809aa,0x25e00e0,0x18d06c4
.4byte 0x160212,0x2c20528,0x441003f,0x23b09ab,0x501004a,0x41f0785,0x30a0075,0x3c0990
.4byte 0x4320045,0x47012a,0x4a409ac,0x5e067d,0x5350501,0x76409ad,0x21305f7,0x90150
.4byte 0x566002f,0x124018b,0x9ae016b,0x449016d,0x55e049b,0x9af012d,0x590852,0x9b00000
.4byte 0x2c0528,0x530000,0x9b10522,0x268024c,0x300032b,0x18704a3,0x1a0533,0x3d0073c
.4byte 0x37305b3,0x7ed0044,0x6f5019a,0x3850233,0x27709b2,0x69604a8,0x1b10230,0x97d0513
.4byte 0x3fe0452,0x717077a,0x9b3051c,0x68f0414,0xd10492,0x4ce040d,0x4b80147,0x709044c
.4byte 0x3c000f4,0x21d0489,0x59b0026,0x1e00455,0x19101a2,0x2609b4,0x4550240,0x1a20477
.4byte 0x6330191,0x59b031d,0x1fe0455,0x1d304d2,0x2120059,0x2e0000,0x5e303b6,0x99b0089
.4byte 0x99d099c,0x840099e,0x99f083f,0x9df09be,0x1cc0a89,0x1d6041a,0x60e0267,0x2300021
.4byte 0x2780442,0x2910a1e,0x9d60391,0x6910839,0x74307e1,0x147054a,0x1d5032b,0x9f007f7
.4byte 0x49209c4,0x34003b,0x8f60018,0x40505a2,0x88070d,0x8a0089,0x3008b,0x370036
.4byte 0x38,0x10000,0x30002,0x8802dd,0x8a0089,0x6f5008b,0x59a01cf,0x2db0353
.4byte 0x17106ac,0xa3b07b3,0x9c80590,0x2780442,0x9ca06af,0x4e09e9,0xa8a0839,0x768050c
.4byte 0x2320609,0x49d0230,0x9f10698,0x4150a3d,0x27703a6,0x4b6027b,0x99609bd,0x997082e
.4byte 0x9990998,0x9c099a,0x5510089,0x2d0296,0x1eb0000,0x9a801a2,0x9a906a5,0x1490665
.4byte 0x800212,0x1630302,0x1430127,0x4ce0384,0x4c4020c,0x9aa0327,0xe00408,0x6c4025e
.4byte 0x212018d,0x5280016,0x3f02c2,0x9ab0441,0x4a023b,0x7850501,0x75041f,0x990030a
.4byte 0x45003c,0x12a0432,0x9ac0047,0x67d04a4,0x501005e,0x9ad0535,0x5f70764,0x1500213
.4byte 0x2f0009,0x18b0566,0x16b0124,0x16d09ae,0x49b0449,0x12d055e,0x85209af,0x59
.4byte 0x52809b0,0x2c,0x5220053,0x24c09b1,0x32b0268,0x4a30300,0x5330187,0x73c001a
.4byte 0x5b303d0,0x440373,0x19a07ed,0x23306f5,0x9b20385,0x4a80277,0x2300696,0x51301b1
.4byte 0x452097d,0x77a03fe,0x51c0717,0x41409b3,0x492068f,0x40d00d1,0x14704ce,0x44c04b8
.4byte 0xf40709,0x48903c0,0x26021d,0x455059b,0x1a201e0,0x9b40191,0x2400026,0x4770455
.4byte 0x19101a2,0x31d0633,0x455059b,0x4d201fe,0x5901d3,0x212,0x192020b,0x8905e3
.4byte 0x99c099b,0x99e099d,0x83f0840,0x9be099f,0xa8c0a8b,0x7d70670,0x44202ff,0x7870147
.4byte 0x7160a15,0x1cc04d3,0xab09ad,0x609053b,0x2300021,0x51301b1,0x2e409d5,0x7f80709
.4byte 0x35f03e2,0x717014b,0x3de0597,0x442051c,0x95e0497,0x890088,0x8b008a,0x360003
.4byte 0x380037,0x0,0x20001,0x2dd0003,0x890088,0x8b008a,0x43609a3,0x5bd02d2
.4byte 0xa8d027f,0x36c0385,0x3c2026a,0x40d0a8e,0x56609f7,0x1b10230,0x9d5032a,0x70902a3
.4byte 0x3e209f8,0x26403a4,0x51c039e,0x4b80147,0x513049d,0x37f008f,0x9bd0a8f,0x82e0996
.4byte 0x9980997,0x99a0999,0x89009c,0x18d045e,0x33,0x1a201eb,0x6a509a8,0x66509a9
.4byte 0x2120149,0x3020080,0x1270163,0x3840143,0x20c04ce,0x32704c4,0x40809aa,0x25e00e0
.4byte 0x18d06c4,0x160212,0x2c20528,0x441003f,0x23b09ab,0x501004a,0x41f0785,0x30a0075
.4byte 0x3c0990,0x4320045,0x47012a,0x4a409ac,0x5e067d,0x5350501,0x76409ad,0x21305f7
.4byte 0x90150,0x566002f,0x124018b,0x9ae016b,0x449016d,0x55e049b,0x9af012d,0x590852
.4byte 0x9b00000,0x2c0528,0x530000,0x9b10522,0x268024c,0x300032b,0x18704a3,0x1a0533
.4byte 0x3d0073c,0x37305b3,0x7ed0044,0x6f5019a,0x3850233,0x27709b2,0x69604a8,0x1b10230
.4byte 0x97d0513,0x3fe0452,0x717077a,0x9b3051c,0x68f0414,0xd10492,0x4ce040d,0x4b80147
.4byte 0x709044c,0x3c000f4,0x21d0489,0x59b0026,0x1e00455,0x19101a2,0x2609b4,0x4550240
.4byte 0x1a20477,0x6330191,0x59b031d,0x1fe0455,0x1d304d2,0x2120059,0x2480000,0x8904b0
.4byte 0x99c099b,0x99e099d,0x83f0840,0x9be099f,0xa9009f2,0x4b80232,0x38501d5,0x9c40218
.4byte 0x1710647,0x31f0a1d,0x32b0a45,0x2680442,0x8206af,0x9fd0709,0xa8a0277,0x7530a91
.4byte 0x23204ce,0x49d0167,0xc3073a,0x5c106f7,0x27f04eb,0x890088,0x8b008a,0x360003
.4byte 0x380037,0x0,0x20001,0x2dd0003,0x890088,0x8b008a,0x47f05dd,0x47f04c0
.4byte 0x47f04c0,0x47f04c0,0x47f04c0,0x170045c,0x4420a92,0x6af0278,0x7090648,0x27909d6
.4byte 0x3bb03d2,0x54a0435,0x2300555,0x7890302,0x9c40a93,0xd80391,0x67003e2,0x2ff0458
.4byte 0x2320442,0x18804e1,0x99609bd,0x997082e,0x9990998,0x9c099a,0x6160089,0x27018d
.4byte 0x1eb0000,0x9a801a2,0x9a906a5,0x1490665,0x800212,0x1630302,0x1430127,0x4ce0384
.4byte 0x4c4020c,0x9aa0327,0xe00408,0x6c4025e,0x212018d,0x5280016,0x3f02c2,0x9ab0441
.4byte 0x4a023b,0x7850501,0x75041f,0x990030a,0x45003c,0x12a0432,0x9ac0047,0x67d04a4
.4byte 0x501005e,0x9ad0535,0x5f70764,0x1500213,0x2f0009,0x18b0566,0x16b0124,0x16d09ae
.4byte 0x49b0449,0x12d055e,0x85209af,0x59,0x52809b0,0x2c,0x5220053,0x24c09b1
.4byte 0x32b0268,0x4a30300,0x5330187,0x73c001a,0x5b303d0,0x440373,0x19a07ed,0x23306f5
.4byte 0x9b20385,0x4a80277,0x2300696,0x51301b1,0x452097d,0x77a03fe,0x51c0717,0x41409b3
.4byte 0x492068f,0x40d00d1,0x14704ce,0x44c04b8,0xf40709,0x48903c0,0x26021d,0x455059b
.4byte 0x1a201e0,0x9b40191,0x2400026,0x4770455,0x19101a2,0x31d0633,0x455059b,0x4d201fe
.4byte 0x5901d3,0x212,0x61701d4,0x99b0089,0x99d099c,0x840099e,0x99f083f,0xa9409be
.4byte 0x8210a95,0x4920a49,0x7140681,0x45801af,0x442038e,0x340168,0x37e0a72,0x76403f7
.4byte 0x42703c2,0x60e03ad,0x21c0555,0x7b504f0,0x2e00818,0x49c0532,0x1100003,0x8802dd
.4byte 0x8a0089,0x3008b,0x370036,0x38,0x10000,0x30002,0x8802dd,0x8a0089
.4byte 0x8c008b,0x9000596,0xa110a96,0x48b0785,0x609040d,0x21c0566,0x5c004b0,0x1ca0a78
.4byte 0x8c40391,0x35f0269,0x717070b,0x811051c,0x1d50230,0x239053a,0x41a0419,0x7b304d5
.4byte 0x5900a4b,0x9bd026c,0x82e0996,0x9980997,0x99a0999,0x89009c,0x1490616,0x27
.4byte 0x1a201eb,0x6a509a8,0x66509a9,0x2120149,0x3020080,0x1270163,0x3840143,0x20c04ce
.4byte 0x32704c4,0x40809aa,0x25e00e0,0x18d06c4,0x160212,0x2c20528,0x441003f,0x23b09ab
.4byte 0x501004a,0x41f0785,0x30a0075,0x3c0990,0x4320045,0x47012a,0x4a409ac,0x5e067d
.4byte 0x5350501,0x76409ad,0x21305f7,0x90150,0x566002f,0x124018b,0x9ae016b,0x449016d
.4byte 0x55e049b,0x9af012d,0x590852,0x9b00000,0x2c0528,0x530000,0x9b10522,0x268024c
.4byte 0x300032b,0x18704a3,0x1a0533,0x3d0073c,0x37305b3,0x7ed0044,0x6f5019a,0x3850233
.4byte 0x27709b2,0x69604a8,0x1b10230,0x97d0513,0x3fe0452,0x717077a,0x9b3051c,0x68f0414
.4byte 0xd10492,0x4ce040d,0x4b80147,0x709044c,0x3c000f4,0x21d0489,0x59b0026,0x1e00455
.4byte 0x19101a2,0x2609b4,0x4550240,0x1a20477,0x6330191,0x59b031d,0x1fe0455,0x1d304d2
.4byte 0x2120059,0x800000,0x8904f0,0x99c099b,0x99e099d,0x83f0840,0x9be099f,0xa970a25
.4byte 0x35f03e2,0x4350264,0x147051c,0xa1007de,0xa11053a,0x64709c4,0x76604d5,0x3500a3b
.4byte 0x1b10230,0x7870278,0x7420421,0x27900dc,0x3c107f6,0x1390034,0x4ae0586,0xca06b1
.4byte 0x890088,0x8b008a,0x360003,0x380037,0x0,0x20001,0x2dd0003,0x890088
.4byte 0x8b008a,0x2b80819,0x4ee05a2,0x777072a,0x166032a,0x3d20279,0x39e02ba,0x23201a8
.4byte 0x61709d8,0xa98033f,0x1fd068f,0x67500d8,0x35002c3,0x51c038e,0x4b809c9,0x67609f4
.4byte 0x26a036c,0x5c303c2,0x99609bd,0x997082e,0x9990998,0x9c099a,0x3b00089,0x270371
.4byte 0x1eb0000,0x9a801a2,0x9a906a5,0x1490665,0x800212,0x1630302,0x1430127,0x4ce0384
.4byte 0x4c4020c,0x9aa0327,0xe00408,0x6c4025e,0x212018d,0x5280016,0x3f02c2,0x9ab0441
.4byte 0x4a023b,0x7850501,0x75041f,0x990030a,0x45003c,0x12a0432,0x9ac0047,0x67d04a4
.4byte 0x501005e,0x9ad0535,0x5f70764,0x1500213,0x2f0009,0x18b0566,0x16b0124,0x16d09ae
.4byte 0x49b0449,0x12d055e,0x85209af,0x59,0x52809b0,0x2c,0x5220053,0x24c09b1
.4byte 0x32b0268,0x4a30300,0x5330187,0x73c001a,0x5b303d0,0x440373,0x19a07ed,0x23306f5
.4byte 0x9b20385,0x4a80277,0x2300696,0x51301b1,0x452097d,0x77a03fe,0x51c0717,0x41409b3
.4byte 0x492068f,0x40d00d1,0x14704ce,0x44c04b8,0xf40709,0x48903c0,0x26021d,0x455059b
.4byte 0x1a201e0,0x9b40191,0x2400026,0x4770455,0x19101a2,0x31d0633,0x455059b,0x4d201fe
.4byte 0x5901d3,0x212,0x3020042,0x99b0089,0x99d099c,0x840099e,0x99f083f,0xa9909be
.4byte 0x6090a9a,0x1670147,0x32a0617,0xa170a9b,0x3b01fd,0xa5303e2,0x38e05f5,0x5550442
.4byte 0x7d607de,0x2180a24,0x3720279,0x7ec0427,0x566086c,0x6c7032b,0x2d8066f,0x7c103e1
.4byte 0x8800b1,0x8a0089,0x3008b,0x370036,0x38,0x10000,0x30002,0x8802dd
.4byte 0x8a0089,0xa34008b,0x3a0574,0x777053f,0x2a002d8,0x3240a0a,0xf40391,0x4a80277
.4byte 0x2ff05f5,0x555051c,0x1d507de,0x2390769,0x1fd01cc,0xa9c01d6,0x21065a,0x1b10167
.4byte 0x6af0278,0x1a40285,0x99609bd,0x997082e,0x9990998,0x9c099a,0x3b00089,0x2120187
.4byte 0x1eb0000,0x9a801a2,0x9a906a5,0x1490665,0x800212,0x1630302,0x1430127,0x4ce0384
.4byte 0x4c4020c,0x9aa0327,0xe00408,0x6c4025e,0x212018d,0x5280016,0x3f02c2,0x9ab0441
.4byte 0x4a023b,0x7850501,0x75041f,0x990030a,0x45003c,0x12a0432,0x9ac0047,0x67d04a4
.4byte 0x501005e,0x9ad0535,0x5f70764,0x1500213,0x2f0009,0x18b0566,0x16b0124,0x16d09ae
.4byte 0x49b0449,0x12d055e,0x85209af,0x59,0x52809b0,0x2c,0x5220053,0x24c09b1
.4byte 0x32b0268,0x4a30300,0x5330187,0x73c001a,0x5b303d0,0x440373,0x19a07ed,0x23306f5
.4byte 0x9b20385,0x4a80277,0x2300696,0x51301b1,0x452097d,0x77a03fe,0x51c0717,0x41409b3
.4byte 0x492068f,0x40d00d1,0x14704ce,0x44c04b8,0xf40709,0x48903c0,0x26021d,0x455059b
.4byte 0x1a201e0,0x9b40191,0x2400026,0x4770455,0x19101a2,0x31d0633,0x455059b,0x4d201fe
.4byte 0x5901d3,0x212,0x68001e,0x890302,0x99c099b,0x99e099d,0x83f0840,0x9be099f
.4byte 0xa9d0a31,0x81805c0,0x41501ca,0x2790416,0x69a035f,0x1a80743,0x9c30168,0x385049d
.4byte 0x79803e7,0x68d0372,0x67003c0,0x9c80021,0x27801b1,0x820420,0x382080f,0x1dc01bd
.4byte 0x3bd0285,0x890088,0x8b008a,0x360003,0x380037,0x0,0x20001,0x2dd0003
.4byte 0x890088,0x8b008a,0x8630475,0xfd0864,0x2140785,0x23201a8,0x61709d8,0x38a0513
.4byte 0x372037f,0x4bb0681,0x7be061f,0x442038e,0x7de0278,0x7420082,0x279011c,0x8807c9
.4byte 0x609040d,0x32b0566,0x9bd0a9e,0x82e0996,0x9980997,0x99a0999,0x89009c,0x1f206c2
.4byte 0x1eb0000,0x9a801a2,0x9a906a5,0x1490665,0x800212,0x1630302,0x1430127,0x4ce0384
.4byte 0x4c4020c,0x9aa0327,0xe00408,0x6c4025e,0x212018d,0x5280016,0x3f02c2,0x9ab0441
.4byte 0x4a023b,0x7850501,0x75041f,0x990030a,0x45003c,0x12a0432,0x9ac0047,0x67d04a4
.4byte 0x501005e,0x9ad0535,0x5f70764,0x1500213,0x2f0009,0x18b0566,0x16b0124,0x16d09ae
.4byte 0x49b0449,0x12d055e,0x85209af,0x59,0x52809b0,0x2c,0x5220053,0x24c09b1
.4byte 0x32b0268,0x4a30300,0x5330187,0x73c001a,0x5b303d0,0x440373,0x19a07ed,0x23306f5
.4byte 0x9b20385,0x4a80277,0x2300696,0x51301b1,0x452097d,0x77a03fe,0x51c0717,0x41409b3
.4byte 0x492068f,0x40d00d1,0x14704ce,0x44c04b8,0xf40709,0x48903c0,0x26021d,0x455059b
.4byte 0x1a201e0,0x9b40191,0x2400026,0x4770455,0x19101a2,0x31d0633,0x455059b,0x4d201fe
.4byte 0x5901d3,0x212,0x6010057,0x8903ef,0x99c099b,0x99e099d,0x83f0840,0x9be099f
.4byte 0xaa00a9f,0x27900dc,0x55907c0,0x54a041b,0x32b0566,0x69804b0,0x43403c8,0x3a601fd
.4byte 0x27b02a1,0x38e014b,0x9c9051c,0x22c09d8,0x1840779,0x47301cc,0x5cd07cd,0x3200066
.4byte 0x70d02e2,0x890088,0x8b008a,0x360003,0x380037,0x0,0x20001,0x33e0003
.4byte 0x4a0447,0x8ee006e,0xaa10170,0x27b0277,0x38e0a55,0x1680436,0xa2809d8,0x1330676
.4byte 0x6470aa2,0x3ad01d6,0x5660a5d,0x1b109c8,0x4140278,0x3e801ca,0x2790a5e,0x2ba0691
.4byte 0x9bd0501,0x82e0996,0xaa30997,0xaa50aa4,0x30aa6,0x9ee01f4,0x66,0x1a201eb
.4byte 0x6a509a8,0x66509a9,0x2120149,0x3020080,0x1270163,0x3840143,0x20c04ce,0x32704c4
.4byte 0x40809aa,0x25e00e0,0x18d06c4,0x160212,0x2c20528,0x441003f,0x23b09ab,0x501004a
.4byte 0x41f0785,0x30a0075,0x3c0990,0x4320045,0x47012a,0x4a409ac,0x5e067d,0x5350501
.4byte 0x76409ad,0x21305f7,0x90150,0x566002f,0x124018b,0x9ae016b,0x449016d,0x55e049b
.4byte 0x9af012d,0x1ac0189,0x5db0045,0x348003c,0x3a8043e,0x2a1018a,0x38801fd,0x1060253
.4byte 0x2c20327,0x268024c,0x300032b,0x18704a3,0x1a0533,0x3d0073c,0x37305b3,0x7ed0044
.4byte 0x6f5019a,0x3850233,0x27709b2,0x69604a8,0x1b10230,0x97d0513,0x3fe0452,0x717077a
.4byte 0x9b3051c,0x68f0414,0xd10492,0x4ce040d,0x4b80147,0x709044c,0x3c000f4,0x21d0489
.4byte 0x59b0026,0x1e00455,0x19101a2,0x2609b4,0x4550240,0x1a20477,0x6330191,0x59b031d
.4byte 0x1fe0455,0x1d304d2,0x2120059,0x530000,0x93007c,0xaa70003,0xaa90aa8,0x8400aaa
.4byte 0x99f083f,0xa5009be,0x3c00aab,0x21086c,0x1b10167,0x9ed02a0,0x3910a62,0x2790084
.4byte 0xa210347,0x1a802ff,0x2300555,0x53a049d,0x26a09f0,0x68d0391,0x4c03d0,0x340a55
.4byte 0x51c03de,0x9380442,0x301e6,0x370036,0x38,0x10000,0x30002,0x55a031a
.4byte 0x73d0489,0x9c9027f,0x69d097d,0x2440372,0x24707c2,0x2300696,0x2a00442,0xaac06af
.4byte 0x11c05b3,0x6470277,0x3ad050c,0x1470609,0x6170167,0xaad032a,0x1fd0434,0x9bd053f
.4byte 0x82e0996,0xaa30997,0xaa50aa4,0x30aa6,0x332002b,0x47,0x1a201eb,0x6a509a8
.4byte 0x66509a9,0x2120149,0x3020080,0x1270163,0x3840143,0x20c04ce,0x32704c4,0x40809aa
.4byte 0x25e00e0,0x18d06c4,0x160212,0x2c20528,0x441003f,0x23b09ab,0x501004a,0x41f0785
.4byte 0x30a0075,0x3c0990,0x4320045,0x47012a,0x4a409ac,0x5e067d,0x5350501,0x76409ad
.4byte 0x21305f7,0x90150,0x566002f,0x124018b,0x9ae016b,0x449016d,0x55e049b,0x9af012d
.4byte 0x1ac0189,0x5db0045,0x348003c,0x3a8043e,0x2a1018a,0x38801fd,0x1060253,0x2c20327
.4byte 0x268024c,0x300032b,0x18704a3,0x1a0533,0x3d0073c,0x37305b3,0x7ed0044,0x6f5019a
.4byte 0x3850233,0x27709b2,0x69604a8,0x1b10230,0x97d0513,0x3fe0452,0x717077a,0x9b3051c
.4byte 0x68f0414,0xd10492,0x4ce040d,0x4b80147,0x709044c,0x3c000f4,0x21d0489,0x59b0026
.4byte 0x1e00455,0x19101a2,0x2609b4,0x4550240,0x1a20477,0x6330191,0x59b031d,0x1fe0455
.4byte 0x1d304d2,0x2120059,0x530000,0xaae007a,0x6f40003,0x99d09b6,0x840099e,0x99f083f
.4byte 0xa5609be,0x4420aaf,0x7870278,0x67609ca,0x1cc004e,0x9f60a40,0x41c03ad,0x2300566
.4byte 0x51304b0,0x60c0ab0,0x7f80391,0x35f07ca,0x85b014b,0x147051c,0xa3509d8,0x6f700c3
.4byte 0x4eb05c1,0x30119,0x370036,0x38,0x860000,0x880087,0x8a0089,0x3008b
.4byte 0x2db074f,0x1470361,0x9e607de,0x16f0385,0x3c2026a,0x41b0216,0x350060e,0x1b10230
.4byte 0x4140708,0x5b302e0,0x2770ab1,0xab20032,0x51c0435,0x9d80147,0x2840617,0x99609bd
.4byte 0x997082e,0x9990998,0x9c099a,0x5100089,0x20c,0x1a201eb,0x6a509a8,0x66509a9
.4byte 0x2120149,0x3020080,0x1270163,0x3840143,0x20c04ce,0x32704c4,0x40809aa,0x25e00e0
.4byte 0x18d06c4,0x160212,0x2c20528,0x441003f,0x23b09ab,0x501004a,0x41f0785,0x30a0075
.4byte 0x3c0990,0x4320045,0x47012a,0x4a409ac,0x5e067d,0x5350501,0x76409ad,0x21305f7
.4byte 0x90150,0x566002f,0x124018b,0x9ae016b,0x449016d,0x55e049b,0x9af012d,0x1ac0189
.4byte 0x5db0045,0x348003c,0x3a8043e,0x2a1018a,0x38801fd,0x1060253,0x2c20327,0x268024c
.4byte 0x300032b,0x18704a3,0x1a0533,0x3d0073c,0x37305b3,0x7ed0044,0x6f5019a,0x3850233
.4byte 0x27709b2,0x69604a8,0x1b10230,0x97d0513,0x3fe0452,0x717077a,0x9b3051c,0x68f0414
.4byte 0xd10492,0x4ce040d,0x4b80147,0x709044c,0x3c000f4,0x21d0489,0x59b0026,0x1e00455
.4byte 0x19101a2,0x2609b4,0x4550240,0x1a20477,0x6330191,0x59b031d,0x1fe0455,0x1d304d2
.4byte 0x2120059,0x530000,0x5e40256,0x99b0089,0x99d099c,0x840099e,0x99f083f,0xab309be
.4byte 0x53a0ab4,0x26a0218,0x165041a,0x9fb0267,0x32b0a45,0x2780442,0x44109ed,0x5690391
.4byte 0x3e3072a,0x39e07e1,0x23204ce,0x49d0230,0x73e0698,0x80f0a08,0x5dd00e8,0xfb0182
.4byte 0x8802dd,0x8a0089,0xbc008b,0x22,0x860000,0x880087,0x8a0089,0x31a008b
.4byte 0x4890510,0x4890442,0x489051c,0x489051c,0x4890442,0x7850784,0x69503c8,0x23009bc
.4byte 0x9c90442,0x64103a7,0x16609e9,0xa6d0839,0x53b0a3c,0x1470609,0x49d032b,0x71007f7
.4byte 0x6860ab5,0x2770775,0x5f50670,0xab6038e,0x99609bd,0x997082e,0x9990998,0x9c099a
.4byte 0x4ce0089,0x66,0x1a201eb,0x6a509a8,0x66509a9,0x2120149,0x3020080,0x1270163
.4byte 0x3840143,0x20c04ce,0x32704c4,0x40809aa,0x25e00e0,0x18d06c4,0x160212,0x2c20528
.4byte 0x441003f,0x23b09ab,0x501004a,0x41f0785,0x30a0075,0x3c0990,0x4320045,0x47012a
.4byte 0x4a409ac,0x5e067d,0x5350501,0x76409ad,0x21305f7,0x90150,0x566002f,0x124018b
.4byte 0x9ae016b,0x449016d,0x55e049b,0x9af012d,0x1ac0189,0x5db0045,0x348003c,0x3a8043e
.4byte 0x2a1018a,0x38801fd,0x1060253,0x2c20327,0x268024c,0x300032b,0x18704a3,0x1a0533
.4byte 0x3d0073c,0x37305b3,0x7ed0044,0x6f5019a,0x3850233,0x27709b2,0x69604a8,0x1b10230
.4byte 0x97d0513,0x3fe0452,0x717077a,0x9b3051c,0x68f0414,0xd10492,0x4ce040d,0x4b80147
.4byte 0x709044c,0x3c000f4,0x21d0489,0x59b0026,0x1e00455,0x19101a2,0x2609b4,0x4550240
.4byte 0x1a20477,0x6330191,0x59b031d,0x1fe0455,0x1d304d2,0x2120059,0x530000,0x5e303b6
.4byte 0x99b0089,0x99d099c,0x840099e,0x99f083f,0xab709be,0x68d0ab8,0x67007ca,0x2ff0458
.4byte 0x1470442,0x25c0a18,0x25106a3,0xa4001cc,0x53b0186,0x3500609,0x1b1032b,0x41407b5
.4byte 0x7090ab5,0x27707f8,0x594005f,0x2bd01a3,0x5450874,0x890088,0x8b008a,0x2200bc
.4byte 0x0,0x870086,0x890088,0x8b008a,0x1c109b8,0x8ee01dc,0x2820170,0x3c2026a
.4byte 0x40d03c1,0x9e102cb,0x1b1032b,0xa690268,0x39101ca,0x3e209ea,0x14b0032,0x51c0a33
.4byte 0x2f0232,0x51301d5,0x69d0218,0x1400372,0x9bd0501,0x82e0996,0x9980997,0x99a0999
.4byte 0x89009c,0x2960551,0x2d,0x1a201eb,0x6a509a8,0x66509a9,0x2120149,0x3020080
.4byte 0x1270163,0x3840143,0x20c04ce,0x32704c4,0x40809aa,0x25e00e0,0x18d06c4,0x160212
.4byte 0x2c20528,0x441003f,0x23b09ab,0x501004a,0x41f0785,0x30a0075,0x3c0990,0x4320045
.4byte 0x47012a,0x4a409ac,0x5e067d,0x5350501,0x76409ad,0x21305f7,0x90150,0x566002f
.4byte 0x124018b,0x9ae016b,0x449016d,0x55e049b,0x9af012d,0x1ac0189,0x5db0045,0x348003c
.4byte 0x3a8043e,0x2a1018a,0x38801fd,0x1060253,0x2c20327,0x268024c,0x300032b,0x18704a3
.4byte 0x1a0533,0x3d0073c,0x37305b3,0x7ed0044,0x6f5019a,0x3850233,0x27709b2,0x69604a8
.4byte 0x1b10230,0x97d0513,0x3fe0452,0x717077a,0x9b3051c,0x68f0414,0xd10492,0x4ce040d
.4byte 0x4b80147,0x709044c,0x3c000f4,0x21d0489,0x59b0026,0x1e00455,0x19101a2,0x2609b4
.4byte 0x4550240,0x1a20477,0x6330191,0x59b031d,0x1fe0455,0x1d304d2,0x2120059,0x20b0000
.4byte 0x5e30192,0x99b0089,0x99d099c,0x840099e,0x99f083f,0xa5009be,0x39e0ab9,0x147051c
.4byte 0x1d504b8,0x3e7033f,0x64709c4,0xa1d00c0,0x2109fb,0x4420230,0x6af0268,0x5b30421
.4byte 0x27700dc,0xa6b09cc,0x51003ad,0x340566,0x6c504e2,0x6b3087e,0x88027e,0x8a0089
.4byte 0xbc008b,0x22,0x860000,0x880087,0x8a0089,0x475008b,0x4a70454,0x7110124
.4byte 0x6af02b4,0x9e90285,0x2790aba,0x2ba0358,0x54a0435,0x2300555,0x513049d,0x79809f1
.4byte 0xd80391,0x2c303d0,0x2ff0458,0x1470442,0x9e604b8,0x19809cb,0x99609bd,0x997082e
.4byte 0x9990998,0x9c099a,0x5510089,0x2d016b,0x1eb0000,0x9a801a2,0x9a906a5,0x1490665
.4byte 0x800212,0x1630302,0x1430127,0x4ce0384,0x4c4020c,0x9aa0327,0xe00408,0x6c4025e
.4byte 0x212018d,0x5280016,0x3f02c2,0x9ab0441,0x4a023b,0x7850501,0x75041f,0x990030a
.4byte 0x45003c,0x12a0432,0x9ac0047,0x67d04a4,0x501005e,0x9ad0535,0x5f70764,0x1500213
.4byte 0x2f0009,0x18b0566,0x16b0124,0x16d09ae,0x49b0449,0x12d055e,0x18909af,0x4501ac
.4byte 0x3c05db,0x43e0348,0x18a03a8,0x1fd02a1,0x2530388,0x3270106,0x24c02c2,0x32b0268
.4byte 0x4a30300,0x5330187,0x73c001a,0x5b303d0,0x440373,0x19a07ed,0x23306f5,0x9b20385
.4byte 0x4a80277,0x2300696,0x51301b1,0x452097d,0x77a03fe,0x51c0717,0x41409b3,0x492068f
.4byte 0x40d00d1,0x14704ce,0x44c04b8,0xf40709,0x48903c0,0x26021d,0x455059b,0x1a201e0
.4byte 0x9b40191,0x2400026,0x4770455,0x19101a2,0x31d0633,0x455059b,0x4d201fe,0x5901d3
.4byte 0x212,0x4b0020b,0x8905e3,0x99c099b,0x99e099d,0x83f0840,0x9be099f,0xabb0a56
.4byte 0x513049d,0x44a09f0,0x580492,0xa530277,0x9c50295,0x1470442,0xa150a18,0x133037e
.4byte 0x1df0764,0xa290427,0x147086c,0x1b10230,0x9ed05c0,0x305030a,0x6f60371,0x3bd007a
.4byte 0x890088,0x8b008a,0x2200bc,0x0,0x870086,0x890088,0x8b008a,0xa8206b4
.4byte 0x2bf08c4,0x4fb0584,0x2300566,0x70804b0,0x30909ba,0x7280391,0x2a80269,0x2ff0264
.4byte 0x147051c,0x7af0230,0x23909bb,0x7bd026a,0x6f80165,0x9bc0614,0x4420230,0x9bd0135
.4byte 0x82e0996,0x9980997,0x99a0999,0x89009c,0x18d045e,0x203,0x1a201eb,0x6a509a8
.4byte 0x66509a9,0x2120149,0x3020080,0x1270163,0x3840143,0x20c04ce,0x32704c4,0x40809aa
.4byte 0x25e00e0,0x18d06c4,0x160212,0x2c20528,0x441003f,0x23b09ab,0x501004a,0x41f0785
.4byte 0x30a0075,0x3c0990,0x4320045,0x47012a,0x4a409ac,0x5e067d,0x5350501,0x76409ad
.4byte 0x21305f7,0x90150,0x566002f,0x124018b,0x9ae016b,0x449016d,0x55e049b,0x9af012d
.4byte 0x1ac0189,0x5db0045,0x348003c,0x3a8043e,0x2a1018a,0x38801fd,0x1060253,0x2c20327
.4byte 0x268024c,0x300032b,0x18704a3,0x1a0533,0x3d0073c,0x37305b3,0x7ed0044,0x6f5019a
.4byte 0x3850233,0x27709b2,0x69604a8,0x1b10230,0x97d0513,0x3fe0452,0x717077a,0x9b3051c
.4byte 0x68f0414,0xd10492,0x4ce040d,0x4b80147,0x709044c,0x3c000f4,0x21d0489,0x59b0026
.4byte 0x1e00455,0x19101a2,0x2609b4,0x4550240,0x1a20477,0x6330191,0x59b031d,0x1fe0455
.4byte 0x1d304d2,0x2120059,0x1eb0000,0x8904b0,0x99c099b,0x99e099d,0x83f0840,0x9be099f
.4byte 0x9c009bf,0x9c10709,0x35f0277,0x43509c2,0x23201a8,0x5a309c3,0x8f0385,0x37209c4
.4byte 0x766068d,0x350007b,0x1b109c5,0x78709c6,0x6a30421,0x27900dc,0x18073a,0x19
.4byte 0x70d070c,0x890088,0x8b008a,0x2200bc,0x0,0x870086,0x890088,0x8b008a
.4byte 0x1d07a5,0x1e0000,0x8320277,0x32073e,0x53b09c7,0x16801a8,0x61709c3,0xb20513
.4byte 0x1fd05e8,0x6f800c4,0x7d70670,0x51c09c8,0x4b809c9,0x9cb09ca,0x1cc011c,0x18609cc
.4byte 0x57f040d,0x99609bd,0x997082e,0x9990998,0x9c099a,0x6160089,0x270149,0x1eb0000
.4byte 0x9a801a2,0x9a906a5,0x1490665,0x800212,0x1630302,0x1430127,0x4ce0384,0x4c4020c
.4byte 0x9aa0327,0xe00408,0x6c4025e,0x212018d,0x5280016,0x3f02c2,0x9ab0441,0x4a023b
.4byte 0x7850501,0x75041f,0x990030a,0x45003c,0x12a0432,0x9ac0047,0x67d04a4,0x501005e
.4byte 0x9ad0535,0x5f70764,0x1500213,0x2f0009,0x18b0566,0x16b0124,0x16d09ae,0x49b0449
.4byte 0x12d055e,0x18909af,0x4501ac,0x3c05db,0x43e0348,0x18a03a8,0x1fd02a1,0x2530388
.4byte 0x3270106,0x24c02c2,0x32b0268,0x4a30300,0x5330187,0x73c001a,0x5b303d0,0x440373
.4byte 0x19a07ed,0x23306f5,0x9b20385,0x4a80277,0x2300696,0x51301b1,0x452097d,0x77a03fe
.4byte 0x51c0717,0x41409b3,0x492068f,0x40d00d1,0x14704ce,0x44c04b8,0xf40709,0x48903c0
.4byte 0x26021d,0x455059b,0x1a201e0,0x9b40191,0x2400026,0x4770455,0x19101a2,0x31d0633
.4byte 0x455059b,0x4d201fe,0x5901d3,0x212,0x4f00080,0x99b0089,0x99d099c,0x840099e
.4byte 0x99f083f,0x9cd09be,0x9cf09ce,0x60903ad,0x1670147,0x32a04b0,0x1f09d0,0x3b01fd
.4byte 0x3ae0714,0x38e014b,0x2a0051c,0x65107de,0x2180742,0x3720279,0x40d0427,0x35c060e
.4byte 0x3710305,0x7a06f6,0x88095e,0x8a0089,0xbc008b,0x22,0x860000,0x880087
.4byte 0x8a0089,0x221008b,0x7240422,0x17002bf,0x9d100ee,0xf40391,0x3be0277,0x38e09d2
.4byte 0x147051c,0x1d507de,0x2180385,0x1fd0764,0x79901d6,0x210635,0x1b1038e,0x4140278
.4byte 0x3e80441,0x81200ed,0x99609bd,0x997082e,0x9990998,0x9c099a,0x3b00089,0x270371
.4byte 0x1eb0000,0x9a801a2,0x9a906a5,0x1490665,0x800212,0x1630302,0x1430127,0x4ce0384
.4byte 0x4c4020c,0x9aa0327,0xe00408,0x6c4025e,0x212018d,0x5280016,0x3f02c2,0x9ab0441
.4byte 0x4a023b,0x7850501,0x75041f,0x990030a,0x45003c,0x12a0432,0x9ac0047,0x67d04a4
.4byte 0x501005e,0x9ad0535,0x5f70764,0x1500213,0x2f0009,0x18b0566,0x16b0124,0x16d09ae
.4byte 0x49b0449,0x12d055e,0x18909af,0x4501ac,0x3c05db,0x43e0348,0x18a03a8,0x1fd02a1
.4byte 0x2530388,0x3270106,0x24c02c2,0x32b0268,0x4a30300,0x5330187,0x73c001a,0x5b303d0
.4byte 0x440373,0x19a07ed,0x23306f5,0x9b20385,0x4a80277,0x2300696,0x51301b1,0x452097d
.4byte 0x77a03fe,0x51c0717,0x41409b3,0x492068f,0x40d00d1,0x14704ce,0x44c04b8,0xf40709
.4byte 0x48903c0,0x26021d,0x455059b,0x1a201e0,0x9b40191,0x2400026,0x4770455,0x19101a2
.4byte 0x31d0633,0x455059b,0x4d201fe,0x5901d3,0x212,0x3020042,0x99b0089,0x99d099c
.4byte 0x840099e,0x99f083f,0x9d309be,0x23009d4,0x27801b1,0x1ca09d5,0x9d60415,0x3470279
.4byte 0x74309d7,0x14701a8,0x49d09d8,0x97d0385,0x1fd09d9,0x5d40162,0x3500670,0x442038e
.4byte 0x4590147,0x6c504e2,0x6b3087e,0x88027e,0x8a0089,0xbc008b,0x22,0x860000
.4byte 0x880087,0x8a0089,0x475008b,0x4a70454,0x900124,0x16709db,0x5130617,0x37f038a
.4byte 0x9dc0372,0x61c04bb,0x38e07d7,0x2a00442,0x8204b8,0x11c0742,0x9dd0279,0x40d09de
.4byte 0x5660609,0x4b00167,0x3df02a0,0x99609bd,0x997082e,0x9990998,0x9c099a,0x3b00089
.4byte 0x27c0187,0x1eb0000,0x9a801a2,0x9a906a5,0x1490665,0x800212,0x1630302,0x1430127
.4byte 0x4ce0384,0x4c4020c,0x9aa0327,0xe00408,0x6c4025e,0x212018d,0x5280016,0x3f02c2
.4byte 0x9ab0441,0x4a023b,0x7850501,0x75041f,0x990030a,0x45003c,0x12a0432,0x9ac0047
.4byte 0x67d04a4,0x501005e,0x9ad0535,0x5f70764,0x1500213,0x2f0009,0x18b0566,0x16b0124
.4byte 0x16d09ae,0x49b0449,0x12d055e,0x18909af,0x4501ac,0x3c05db,0x43e0348,0x18a03a8
.4byte 0x1fd02a1,0x2530388,0x3270106,0x24c02c2,0x32b0268,0x4a30300,0x5330187,0x73c001a
.4byte 0x5b303d0,0x440373,0x19a07ed,0x23306f5,0x9b20385,0x4a80277,0x2300696,0x51301b1
.4byte 0x452097d,0x77a03fe,0x51c0717,0x41409b3,0x492068f,0x40d00d1,0x14704ce,0x44c04b8
.4byte 0xf40709,0x48903c0,0x26021d,0x455059b,0x1a201e0,0x9b40191,0x2400026,0x4770455
.4byte 0x19101a2,0x31d0633,0x455059b,0x4d201fe,0x5901d3,0x212,0x201001e,0x890302
.4byte 0x99c099b,0x99e099d,0x83f0840,0x9be099f,0x9e009df,0x7160082,0x279004e,0x55907f6
.4byte 0x54a041b,0x21c09e1,0x51304b0,0x60c09e2,0x42201fd,0x2a8074d,0x9e3014b,0x811051c
.4byte 0x7d607de,0x8f0385,0xf109e4,0x4a70454,0x545047e,0x890088,0x8b008a,0x2200bc
.4byte 0x0,0x870086,0x890088,0x8b008a,0x503033e,0x8ee004a,0x3650584,0x2ff05f5
.4byte 0x2320442,0x9e609e5,0x36c09cb,0x1df09e7,0x40d01d6,0x350083a,0x1b109c8,0x41409e8
.4byte 0x9e902e0,0x27909ea,0x69a0032,0x1a80435,0x9bd025e,0x82e0996,0x9980997,0x99a0999
.4byte 0x89009c,0x1f201a8,0x1eb0000,0x9a801a2,0x9a906a5,0x1490665,0x800212,0x1630302
.4byte 0x1430127,0x4ce0384,0x4c4020c,0x9aa0327,0xe00408,0x6c4025e,0x212018d,0x5280016
.4byte 0x3f02c2,0x9ab0441,0x4a023b,0x7850501,0x75041f,0x990030a,0x45003c,0x12a0432
.4byte 0x9ac0047,0x67d04a4,0x501005e,0x9ad0535,0x5f70764,0x1500213,0x2f0009,0x18b0566
.4byte 0x16b0124,0x16d09ae,0x49b0449,0x12d055e,0x18909af,0x4501ac,0x3c05db,0x43e0348
.4byte 0x18a03a8,0x1fd02a1,0x2530388,0x3270106,0x24c02c2,0x32b0268,0x4a30300,0x5330187
.4byte 0x73c001a,0x5b303d0,0x440373,0x19a07ed,0x23306f5,0x9b20385,0x4a80277,0x2300696
.4byte 0x51301b1,0x452097d,0x77a03fe,0x51c0717,0x41409b3,0x492068f,0x40d00d1,0x14704ce
.4byte 0x44c04b8,0xf40709,0x48903c0,0x26021d,0x455059b,0x1a201e0,0x9b40191,0x2400026
.4byte 0x4770455,0x19101a2,0x31d0633,0x455059b,0x4d201fe,0x5901d3,0x212,0x2130057
.4byte 0x8903ef,0x99c099b,0x99e099d,0x83f0840,0x9be099f,0x9ec09eb,0x1d607bd,0x60e040d
.4byte 0x1670021,0x2780442,0x29109ed,0x840391,0x6910279,0x74309ee,0x555054a,0x49d0230
.4byte 0x9f009ef,0x1fd0419,0x7c2068d,0x304eb,0x300e8,0xe80030,0x300003,0x300e8
.4byte 0xe80030,0x8802dd,0x8a0089,0xbc008b,0x22,0x860000,0x880087,0x8a0089
.4byte 0x29d008b,0x4890551,0x7110abc,0x7bd0378,0x7b30171,0x5900247,0x442032b,0x6af0278
.4byte 0x9e909ca,0x839004e,0x50c03c2,0x6090753,0x2300147,0x7080617,0x9d109f1,0x3b0492
.4byte 0x7750277,0x99609bd,0x997082e,0x9990998,0x9c099a,0x1a80089,0x340,0x1a201eb
.4byte 0x6a509a8,0x66509a9,0x2120149,0x3020080,0x1270163,0x3840143,0x20c04ce,0x32704c4
.4byte 0x40809aa,0x25e00e0,0x18d06c4,0x160212,0x2c20528,0x441003f,0x23b09ab,0x501004a
.4byte 0x41f0785,0x30a0075,0x3c0990,0x4320045,0x47012a,0x4a409ac,0x5e067d,0x5350501
.4byte 0x76409ad,0x21305f7,0x90150,0x566002f,0x124018b,0x9ae016b,0x449016d,0x55e049b
.4byte 0x9af012d,0x1ac0189,0x5db0045,0x348003c,0x3a8043e,0x2a1018a,0x38801fd,0x1060253
.4byte 0x2c20327,0x268024c,0x300032b,0x18704a3,0x1a0533,0x3d0073c,0x37305b3,0x7ed0044
.4byte 0x6f5019a,0x3850233,0x27709b2,0x69604a8,0x1b10230,0x97d0513,0x3fe0452,0x717077a
.4byte 0x9b3051c,0x68f0414,0xd10492,0x4ce040d,0x4b80147,0x709044c,0x3c000f4,0x21d0489
.4byte 0x59b0026,0x1e00455,0x19101a2,0x2609b4,0x4550240,0x1a20477,0x6330191,0x59b031d
.4byte 0x1fe0455,0x1d304d2,0x2120059,0x280000,0x3ef01c3,0x99b0089,0x99d099c,0x840099e
.4byte 0x99f083f,0x9f209be,0x35009f3,0x442038e,0x7870278,0x3b409f4,0x1cc09f5,0x9f609ad
.4byte 0x609053b,0x2300021,0x51301b1,0x60c09d5,0x8510709,0x35f07ca,0x743014b,0x4eb051c
.4byte 0x13e047b,0x38d08a4,0x8805de,0x8a0089,0xbc008b,0x22,0x860000,0x880087
.4byte 0x8a0089,0xe8008b,0x5f30110,0x3940170,0x38509e6,0x26a036c,0x69e03c2,0x9f7040d
.4byte 0x2300021,0x32a01b1,0x2e009d5,0x9f80709,0x3a403e2,0x53b0264,0x147051c,0x49d07de
.4byte 0x3c70513,0x9bd0051,0x82e0996,0x9980997,0x99a0999,0x89009c,0x20c0510,0x1eb0000
.4byte 0x9a801a2,0x9a906a5,0x1490665,0x800212,0x1630302,0x1430127,0x4ce0384,0x4c4020c
.4byte 0x9aa0327,0xe00408,0x6c4025e,0x212018d,0x5280016,0x3f02c2,0x9ab0441,0x4a023b
.4byte 0x7850501,0x75041f,0x990030a,0x45003c,0x12a0432,0x9ac0047,0x67d04a4,0x501005e
.4byte 0x9ad0535,0x5f70764,0x1500213,0x2f0009,0x18b0566,0x16b0124,0x16d09ae,0x49b0449
.4byte 0x12d055e,0x18909af,0x4501ac,0x3c05db,0x43e0348,0x18a03a8,0x1fd02a1,0x2530388
.4byte 0x3270106,0x24c02c2,0x32b0268,0x4a30300,0x5330187,0x73c001a,0x5b303d0,0x440373
.4byte 0x19a07ed,0x23306f5,0x9b20385,0x4a80277,0x2300696,0x51301b1,0x452097d,0x77a03fe
.4byte 0x51c0717,0x41409b3,0x492068f,0x40d00d1,0x14704ce,0x44c04b8,0xf40709,0x48903c0
.4byte 0x26021d,0x455059b,0x1a201e0,0x9b40191,0x2400026,0x4770455,0x19101a2,0x31d0633
.4byte 0x455059b,0x4d201fe,0x5901d3,0x212,0x2560053,0x8905e4,0x99c099b,0x99e099d
.4byte 0x83f0840,0x9be099f,0x9fa09f9,0x65204b8,0x2180385,0x7bd0419,0x26704d5,0x9fc09fb
.4byte 0x442032b,0x9ed02a0,0x3910082,0x72a09fd,0x9ff09fe,0x4ce0753,0x1670232,0x268049d
.4byte 0x66f0a00,0x70f0884,0x5830885,0x890088,0x8b008a,0x2200bc,0x0,0x870086
.4byte 0x890088,0x8b008a,0x43609a3,0x64402d2,0xa02073b,0x44202ff,0x3a70278,0x7090a03
.4byte 0x27900ed,0x3bb0a04,0x6090435,0x2300555,0x7f70302,0xa060a05,0x98e0391,0x67003e2
.4byte 0x2ff0458,0x2320442,0x9bd0a05,0x82e0996,0x9980997,0x99a0999,0x89009c,0x6604ce
.4byte 0x1eb0000,0x9a801a2,0x9a906a5,0x1490665,0x800212,0x1630302,0x1430127,0x4ce0384
.4byte 0x4c4020c,0x9aa0327,0xe00408,0x6c4025e,0x212018d,0x5280016,0x3f02c2,0x9ab0441
.4byte 0x4a023b,0x7850501,0x75041f,0x990030a,0x45003c,0x12a0432,0x9ac0047,0x67d04a4
.4byte 0x501005e,0x9ad0535,0x5f70764,0x1500213,0x2f0009,0x18b0566,0x16b0124,0x16d09ae
.4byte 0x49b0449,0x12d055e,0x18909af,0x4501ac,0x3c05db,0x43e0348,0x18a03a8,0x1fd02a1
.4byte 0x2530388,0x3270106,0x24c02c2,0x32b0268,0x4a30300,0x5330187,0x73c001a,0x5b303d0
.4byte 0x440373,0x19a07ed,0x23306f5,0x9b20385,0x4a80277,0x2300696,0x51301b1,0x452097d
.4byte 0x77a03fe,0x51c0717,0x41409b3,0x492068f,0x40d00d1,0x14704ce,0x44c04b8,0xf40709
.4byte 0x48903c0,0x26021d,0x455059b,0x1a201e0,0x9b40191,0x2400026,0x4770455,0x19101a2
.4byte 0x31d0633,0x455059b,0x4d201fe,0x5901d3,0x212,0x3b60053,0x8905e3,0x99c099b
.4byte 0x99e099d,0x83f0840,0x9be099f,0xa0709df,0x4920a08,0x71400c4,0x45801af,0x44202ff
.4byte 0x340232,0x37e0a09,0x76403f7,0x42703c2,0x60e053b,0x32b0555,0x9e804f0,0x60c0818
.4byte 0x9d60686,0x5060459,0x1dc018d,0x3bd0082,0x890088,0x8b008a,0x2200bc,0x0
.4byte 0x870086,0x890088,0x8b008a,0x556012a,0x29705ad,0x5840644,0x1860532,0x9f7040d
.4byte 0x21c09e1,0x70804b0,0x1ca0a0a,0x8c40391,0x35f0269,0x85b0a0b,0x168051c,0x1d50167
.4byte 0x239053a,0x7bd09c4,0x7b304d5,0xa0d0a0c,0x99609bd,0x997082e,0x9990998,0x9c099a
.4byte 0x5510089,0x2d0296,0x1eb0000,0x9a801a2,0x9a906a5,0x1490665,0x800212,0x1630302
.4byte 0x1430127,0x4ce0384,0x4c4020c,0x9aa0327,0xe00408,0x6c4025e,0x212018d,0x5280016
.4byte 0x3f02c2,0x9ab0441,0x4a023b,0x7850501,0x75041f,0x990030a,0x45003c,0x12a0432
.4byte 0x9ac0047,0x67d04a4,0x501005e,0x9ad0535,0x5f70764,0x1500213,0x2f0009,0x18b0566
.4byte 0x16b0124,0x16d09ae,0x49b0449,0x12d055e,0x18909af,0x4501ac,0x3c05db,0x43e0348
.4byte 0x18a03a8,0x1fd02a1,0x2530388,0x3270106,0x24c02c2,0x32b0268,0x4a30300,0x5330187
.4byte 0x73c001a,0x5b303d0,0x440373,0x19a07ed,0x23306f5,0x9b20385,0x4a80277,0x2300696
.4byte 0x51301b1,0x452097d,0x77a03fe,0x51c0717,0x41409b3,0x492068f,0x40d00d1,0x14704ce
.4byte 0x44c04b8,0xf40709,0x48903c0,0x26021d,0x455059b,0x1a201e0,0x9b40191,0x2400026
.4byte 0x4770455,0x19101a2,0x31d0633,0x455059b,0x4d201fe,0x5901d3,0x212,0x192020b
.4byte 0x8905e3,0x99c099b,0x99e099d,0x83f0840,0x9be099f,0xa0f0a0e,0x264035f,0x51c0435
.4byte 0x7de0147,0x3850a10,0x9c40a11,0x1710647,0xa0c0766,0x2300350,0x2a00442,0x4210787
.4byte 0xdc0742,0x7c90277,0x53b09cf,0x18035c,0x19,0x70d070c,0x890088,0x8b008a
.4byte 0x2200bc,0x0,0x870086,0x890088,0x8b008a,0x47f05dd,0x7620abd,0x3e80a12
.4byte 0x27900ed,0x2ba03d2,0x1a8039e,0x2300147,0x5130617,0xa140a13,0xd801fd,0x2c305d4
.4byte 0x38e07d7,0x2320442,0xa1504b8,0x36c09cb,0xfe026a,0x99609bd,0x997082e,0x9990998
.4byte 0x9c099a,0x45e0089,0x203018d,0x1eb0000,0x9a801a2,0x9a906a5,0x1490665,0x800212
.4byte 0x1630302,0x1430127,0x4ce0384,0x4c4020c,0x9aa0327,0xe00408,0x6c4025e,0x212018d
.4byte 0x5280016,0x3f02c2,0x9ab0441,0x4a023b,0x7850501,0x75041f,0x990030a,0x45003c
.4byte 0x12a0432,0x9ac0047,0x67d04a4,0x501005e,0x9ad0535,0x5f70764,0x1500213,0x2f0009
.4byte 0x18b0566,0x16b0124,0x16d09ae,0x49b0449,0x12d055e,0x18909af,0x4501ac,0x3c05db
.4byte 0x43e0348,0x18a03a8,0x1fd02a1,0x2530388,0x3270106,0x24c02c2,0x32b0268,0x4a30300
.4byte 0x5330187,0x73c001a,0x5b303d0,0x440373,0x19a07ed,0x23306f5,0x9b20385,0x4a80277
.4byte 0x2300696,0x51301b1,0x452097d,0x77a03fe,0x51c0717,0x41409b3,0x492068f,0x40d00d1
.4byte 0x14704ce,0x44c04b8,0xf40709,0x48903c0,0x26021d,0x455059b,0x1a201e0,0x9b40191
.4byte 0x2400026,0x4770455,0x19101a2,0x31d0633,0x455059b,0x4d201fe,0x5901d3,0x212
.4byte 0x4b001eb,0x99b0089,0x99d099c,0x840099e,0x99f083f,0x9f209be,0x1470a16,0x49d0167
.4byte 0x3f6032a,0x1fd0a17,0x3e203a6,0x29504cc,0x442038e,0xa180147,0x7160a19,0x2790133
.4byte 0x4270372,0x86c07ec,0x1670566,0x22a01b1,0x1870892,0x6c05ad,0x88095e,0x8a0089
.4byte 0xbc008b,0x22,0x860000,0x880087,0x8a0089,0x70e008b,0x3e103b0,0x170089c
.4byte 0x4b00a1a,0xa1b02a0,0x3910309,0x27700f4,0x264027b,0x51c02ff,0x7de0555,0xa1c01d5
.4byte 0x1cc0239,0x1d601fd,0x65a0a1d,0x1670021,0x2780442,0x4970a1e,0x99609bd,0x997082e
.4byte 0x9990998,0x9c099a,0x6160089,0x2704e6,0x1eb0000,0x9a801a2,0x9a906a5,0x1490665
.4byte 0x800212,0x1630302,0x1430127,0x4ce0384,0x4c4020c,0x9aa0327,0xe00408,0x6c4025e
.4byte 0x212018d,0x5280016,0x3f02c2,0x9ab0441,0x4a023b,0x7850501,0x75041f,0x990030a
.4byte 0x45003c,0x12a0432,0x9ac0047,0x67d04a4,0x501005e,0x9ad0535,0x5f70764,0x1500213
.4byte 0x2f0009,0x18b0566,0x16b0124,0x16d09ae,0x49b0449,0x12d055e,0x18909af,0x4501ac
.4byte 0x3c05db,0x43e0348,0x18a03a8,0x1fd02a1,0x2530388,0x3270106,0x24c02c2,0x32b0268
.4byte 0x4a30300,0x5330187,0x73c001a,0x5b303d0,0x440373,0x19a07ed,0x23306f5,0x9b20385
.4byte 0x4a80277,0x2300696,0x51301b1,0x452097d,0x77a03fe,0x51c0717,0x41409b3,0x492068f
.4byte 0x40d00d1,0x14704ce,0x44c04b8,0xf40709,0x48903c0,0x26021d,0x455059b,0x1a201e0
.4byte 0x9b40191,0x2400026,0x4770455,0x19101a2,0x31d0633,0x455059b,0x4d201fe,0x5901d3
.4byte 0x212,0x6170080,0x99b0089,0x99d099c,0x840099e,0x99f083f,0xa1f09be,0x8020a20
.4byte 0x68602e0,0x27708c4,0xa21035f,0x1a80743,0x9c30168,0x3850a10,0x79803e7,0x68d0372
.4byte 0x1af040d,0x9c80350,0x9c901b1,0x820420,0x30a0630,0x6c5039b,0x3e7087e,0x88027e
.4byte 0x8a0089,0xbc008b,0x22,0x860000,0x880087,0x8a0089,0x4ed008b,0x4a0503
.4byte 0x78508ee,0x53b0a23,0x23201a8,0x5e509c3,0x3c70513,0x372044a,0x4bb0681,0x7be01af
.4byte 0x51c09c5,0x4b809c9,0xa240082,0x1cc011c,0x18603fe,0x609040d,0x6730566,0x99609bd
.4byte 0x997082e,0x9990998,0x9c099a,0x3b00089,0x270629,0x1eb0000,0x9a801a2,0x9a906a5
.4byte 0x1490665,0x800212,0x1630302,0x1430127,0x4ce0384,0x4c4020c,0x9aa0327,0xe00408
.4byte 0x6c4025e,0x212018d,0x5280016,0x3f02c2,0x9ab0441,0x4a023b,0x7850501,0x75041f
.4byte 0x990030a,0x45003c,0x12a0432,0x9ac0047,0x67d04a4,0x501005e,0x9ad0535,0x5f70764
.4byte 0x1500213,0x2f0009,0x18b0566,0x16b0124,0x16d09ae,0x49b0449,0x12d055e,0x18909af
.4byte 0x4501ac,0x3c05db,0x43e0348,0x18a03a8,0x1fd02a1,0x2530388,0x3270106,0x24c02c2
.4byte 0x32b0268,0x4a30300,0x5330187,0x73c001a,0x5b303d0,0x440373,0x19a07ed,0x23306f5
.4byte 0x9b20385,0x4a80277,0x2300696,0x51301b1,0x452097d,0x77a03fe,0x51c0717,0x41409b3
.4byte 0x492068f,0x40d00d1,0x14704ce,0x44c04b8,0xf40709,0x48903c0,0x26021d,0x455059b
.4byte 0x1a201e0,0x9b40191,0x2400026,0x4770455,0x19101a2,0x31d0633,0x455059b,0x4d201fe
.4byte 0x5901d3,0x212,0x3020055,0x99b0089,0x99d099c,0x840099e,0x99f083f,0xa2509be
.4byte 0x2790a26,0xa2707c9,0x609041b,0x2300566,0x51304b0,0x1f03c8,0x3a601fd,0x27b074d
.4byte 0x38e014b,0x278051c,0x22c07de,0x2180822,0x41a01cc,0x340140,0x5860139,0x6b104ae
.4byte 0x8800ca,0x8a0089,0xbc008b,0x22,0x860000,0x880087,0x8a0089,0x4f2008b
.4byte 0x44002bd,0x33f02db,0x2770422,0x5bc027b,0x442038e,0x9d80147,0x6760a28,0x4520218
.4byte 0x1d60372,0xa2a0a29,0x9c50566,0x27801b1,0x1ca0414,0xed03e8,0x3580279,0x9bd00e2
.4byte 0x82e0996,0x9980997,0x99a0999,0x89009c,0x18703b0,0x27c,0x1a201eb,0x6a509a8
.4byte 0x66509a9,0x2120149,0x3020080,0x1270163,0x3840143,0x20c04ce,0x32704c4,0x40809aa
.4byte 0x25e00e0,0x18d06c4,0x160212,0x2c20528,0x441003f,0x23b09ab,0x501004a,0x41f0785
.4byte 0x30a0075,0x3c0990,0x4320045,0x47012a,0x4a409ac,0x5e067d,0x5350501,0x76409ad
.4byte 0x21305f7,0x90150,0x566002f,0x124018b,0x9ae016b,0x449016d,0x55e049b,0x9af012d
.4byte 0x1ac0189,0x5db0045,0x348003c,0x3a8043e,0x2a1018a,0x38801fd,0x1060253,0x2c20327
.4byte 0x268024c,0x300032b,0x18704a3,0x1a0533,0x3d0073c,0x37305b3,0x7ed0044,0x6f5019a
.4byte 0x3850233,0x27709b2,0x69604a8,0x1b10230,0x97d0513,0x3fe0452,0x717077a,0x9b3051c
.4byte 0x68f0414,0xd10492,0x4ce040d,0x4b80147,0x709044c,0x3c000f4,0x21d0489,0x59b0026
.4byte 0x1e00455,0x19101a2,0x2609b4,0x4550240,0x1a20477,0x6330191,0x59b031d,0x1fe0455
.4byte 0x1d304d2,0x2120059,0x1e0000,0x3020201,0x99b0089,0x99d099c,0x840099e,0x99f083f
.4byte 0xa2b09be,0x83a0a2c,0x1670021,0x27801b1,0x44109d5,0x840391,0x3470279,0x2ff0a21
.4byte 0x55501a8,0x49d09d8,0x73e053a,0x3910a2d,0x5d4068d,0x7d705ce,0x594038e,0x2dd0003
.4byte 0x890088,0x8b008a,0x2200bc,0x0,0x870086,0x890088,0x8b008a,0x8030abe
.4byte 0xabf07a4,0xa2e07a6,0x8f0513,0x372037f,0x3f20244,0x7d70247,0x4420230,0x78702a0
.4byte 0xa300a2f,0x277011c,0x50c0647,0x60903ad,0x1670147,0x2a004b0,0x3240a1b,0x9bd02c1
.4byte 0x82e0996,0x9980997,0x99a0999,0x89009c,0x1f201a8,0x1eb0000,0x9a801a2,0x9a906a5
.4byte 0x1490665,0x800212,0x1630302,0x1430127,0x4ce0384,0x4c4020c,0x9aa0327,0xe00408
.4byte 0x6c4025e,0x212018d,0x5280016,0x3f02c2,0x9ab0441,0x4a023b,0x7850501,0x75041f
.4byte 0x990030a,0x45003c,0x12a0432,0x9ac0047,0x67d04a4,0x501005e,0x9ad0535,0x5f70764
.4byte 0x1500213,0x2f0009,0x18b0566,0x16b0124,0x16d09ae,0x49b0449,0x12d055e,0x18909af
.4byte 0x4501ac,0x3c05db,0x43e0348,0x18a03a8,0x1fd02a1,0x2530388,0x3270106,0x24c02c2
.4byte 0x32b0268,0x4a30300,0x5330187,0x73c001a,0x5b303d0,0x440373,0x19a07ed,0x23306f5
.4byte 0x9b20385,0x4a80277,0x2300696,0x51301b1,0x452097d,0x77a03fe,0x51c0717,0x41409b3
.4byte 0x492068f,0x40d00d1,0x14704ce,0x44c04b8,0xf40709,0x48903c0,0x26021d,0x455059b
.4byte 0x1a201e0,0x9b40191,0x2400026,0x4770455,0x19101a2,0x31d0633,0x455059b,0x4d201fe
.4byte 0x5901d3,0x212,0x2130057,0x8903ef,0x99c099b,0x99e099d,0x83f0840,0x9be099f
.4byte 0xa320a31,0x78709c9,0x6760a2f,0x1cc004e,0xab09fe,0x41c053b,0x32b09e1,0x51304b0
.4byte 0x60c0a1b,0x7f80391,0x35f07ca,0xa33014b,0x232051c,0xa1904b8,0xf1080f,0x8640863
.4byte 0xca0418,0x890088,0x8b008a,0x2200bc,0x0,0x870086,0x890088,0x8b008a
.4byte 0x3400819,0x54c085c,0x1700269,0x4420a35,0x9d80232,0x76909e6,0x26a016f,0x1d603c2
.4byte 0x60e041b,0x32b0350,0x7b501b1,0x2e00414,0x9f805b3,0x320277,0x43507e9,0x23201a8
.4byte 0xa3609d8,0x99609bd,0x997082e,0x9990998,0x9c099a,0x1a80089,0x340,0x1a201eb
.4byte 0x6a509a8,0x66509a9,0x2120149,0x3020080,0x1270163,0x3840143,0x20c04ce,0x32704c4
.4byte 0x40809aa,0x25e00e0,0x18d06c4,0x160212,0x2c20528,0x441003f,0x23b09ab,0x501004a
.4byte 0x41f0785,0x30a0075,0x3c0990,0x4320045,0x47012a,0x4a409ac,0x5e067d,0x5350501
.4byte 0x76409ad,0x21305f7,0x90150,0x566002f,0x124018b,0x9ae016b,0x449016d,0x55e049b
.4byte 0x9af012d,0x1ac0189,0x5db0045,0x348003c,0x3a8043e,0x2a1018a,0x38801fd,0x1060253
.4byte 0x2c20327,0x268024c,0x300032b,0x18704a3,0x1a0533,0x3d0073c,0x37305b3,0x7ed0044
.4byte 0x6f5019a,0x3850233,0x27709b2,0x69604a8,0x1b10230,0x97d0513,0x3fe0452,0x717077a
.4byte 0x9b3051c,0x68f0414,0xd10492,0x4ce040d,0x4b80147,0x709044c,0x3c000f4,0x21d0489
.4byte 0x59b0026,0x1e00455,0x19101a2,0x2609b4,0x4550240,0x1a20477,0x6330191,0x59b031d
.4byte 0x1fe0455,0x1d304d2,0x2120059,0x280000,0x3ef01c3,0x99b0089,0x99d099c,0x840099e
.4byte 0x99f083f,0xa3709be,0x2180a38,0x41a026a,0x26701d6,0xa450a39,0x4420230,0x9ed0278
.4byte 0x3910441,0x26900ed,0x7e103e3,0x609039e,0x32b0147,0x789049d,0xa08073e,0xa35016d
.4byte 0xf504e2,0x3e901e4,0x88027e,0x8a0089,0xbc008b,0x22,0x860000,0x880087
.4byte 0x8a0089,0x173008b,0x5c300e2,0x17000e2,0x7b30a3a,0x6960a3b,0x44209c5,0x3a709c9
.4byte 0x9e90641,0x3eb0563,0xa3c09fe,0x6090768,0x32b0232,0x698049d,0xa3d09f1,0x580415
.4byte 0x27b0277,0x2905f5,0x99609bd,0x997082e,0x9990998,0x9c099a,0x5100089,0x20c
.4byte 0x1a201eb,0x6a509a8,0x66509a9,0x2120149,0x3020080,0x1270163,0x3840143,0x20c04ce
.4byte 0x32704c4,0x40809aa,0x25e00e0,0x18d06c4,0x160212,0x2c20528,0x441003f,0x23b09ab
.4byte 0x501004a,0x41f0785,0x30a0075,0x3c0990,0x4320045,0x47012a,0x4a409ac,0x5e067d
.4byte 0x5350501,0x76409ad,0x21305f7,0x90150,0x566002f,0x124018b,0x9ae016b,0x449016d
.4byte 0x55e049b,0x9af012d,0x1ac0189,0x5db0045,0x348003c,0x3a8043e,0x2a1018a,0x38801fd
.4byte 0x1060253,0x2c20327,0x268024c,0x300032b,0x18704a3,0x1a0533,0x3d0073c,0x37305b3
.4byte 0x7ed0044,0x6f5019a,0x3850233,0x27709b2,0x69604a8,0x1b10230,0x97d0513,0x3fe0452
.4byte 0x717077a,0x9b3051c,0x68f0414,0xd10492,0x4ce040d,0x4b80147,0x709044c,0x3c000f4
.4byte 0x21d0489,0x59b0026,0x1e00455,0x19101a2,0x2609b4,0x4550240,0x1a20477,0x6330191
.4byte 0x59b031d,0x1fe0455,0x1d304d2,0x2120059,0x530000,0x5e40256,0x99b0089,0x99d099c
.4byte 0x840099e,0x99f083f,0xa3e09be,0x3d00a3f,0x7d7004c,0x44202ff,0x7870147,0x6a30a09
.4byte 0x1cc0251,0xa410a40,0x609053b,0x2300350,0x69801b1,0x2e409d5,0x7f80709,0x6a603e2
.4byte 0x3409c7,0x4360389,0x1d202d2,0x88095e,0x8a0089,0xbc008b,0x22,0x860000
.4byte 0x880087,0x8a0089,0xa34008b,0x3a0574,0x7a6053f,0x36c02a0,0x3c2026a,0x40d03c1
.4byte 0x56602cb,0x1b1032b,0x9d5032a,0x39102e0,0x3e209f8,0x14b03a4,0x51c085b,0x4b80232
.4byte 0x513049d,0x69d03e7,0xee0372,0x99609bd,0x997082e,0x9990998,0x9c099a,0x4ce0089
.4byte 0x2d0066,0x1eb0000,0x9a801a2,0x9a906a5,0x1490665,0x800212,0x1630302,0x1430127
.4byte 0x4ce0384,0x4c4020c,0x9aa0327,0xe00408,0x6c4025e,0x212018d,0x5280016,0x3f02c2
.4byte 0x9ab0441,0x4a023b,0x7850501,0x75041f,0x990030a,0x45003c,0x12a0432,0x9ac0047
.4byte 0x67d04a4,0x501005e,0x9ad0535,0x5f70764,0x1500213,0x2f0009,0x18b0566,0x16b0124
.4byte 0x16d09ae,0x49b0449,0x12d055e,0x18909af,0x4501ac,0x3c05db,0x43e0348,0x18a03a8
.4byte 0x1fd02a1,0x2530388,0x3270106,0x24c02c2,0x32b0268,0x4a30300,0x5330187,0x73c001a
.4byte 0x5b303d0,0x440373,0x19a07ed,0x23306f5,0x9b20385,0x4a80277,0x2300696,0x51301b1
.4byte 0x452097d,0x77a03fe,0x51c0717,0x41409b3,0x492068f,0x40d00d1,0x14704ce,0x44c04b8
.4byte 0xf40709,0x48903c0,0x26021d,0x455059b,0x1a201e0,0x9b40191,0x2400026,0x4770455
.4byte 0x19101a2,0x31d0633,0x455059b,0x4d201fe,0x5901d3,0x212,0x3b604c4,0x8905e3
.4byte 0x99c099b,0x99e099d,0x83f0840,0x9be099f,0xa440a43,0x232051c,0x1d504b8,0x3e7033f
.4byte 0x64709c4,0x3c00171,0xa4509fb,0x4420230,0x6af0268,0x7090082,0x27700dc,0xa4603c2
.4byte 0x4ce0768,0x32b0147,0x5cd07cd,0x3200066,0x70d0405,0x890088,0x8b008a,0x2200bc
.4byte 0x0,0x870086,0x890088,0x8b008a,0x1d07a5,0x1e0000,0x2db0277,0x2780352
.4byte 0x64806af,0x52e0709,0x3580279,0x435034b,0x555054a,0x49d0230,0x710053a,0x3910a08
.4byte 0x7ca00d8,0x45802c3,0x44202ff,0xa180147,0x26109e6,0x99609bd,0x997082e,0x9990998
.4byte 0x9c099a,0x5510089,0x33019f,0x1eb0000,0x9a801a2,0x9a906a5,0x1490665,0x800212
.4byte 0x1630302,0x1430127,0x4ce0384,0x4c4020c,0x9aa0327,0xe00408,0x6c4025e,0x212018d
.4byte 0x5280016,0x3f02c2,0x9ab0441,0x4a023b,0x7850501,0x75041f,0x990030a,0x45003c
.4byte 0x12a0432,0x9ac0047,0x67d04a4,0x501005e,0x9ad0535,0x5f70764,0x1500213,0x2f0009
.4byte 0x18b0566,0x16b0124,0x16d09ae,0x49b0449,0x12d055e,0x18909af,0x4501ac,0x3c05db
.4byte 0x43e0348,0x18a03a8,0x1fd02a1,0x2530388,0x3270106,0x24c02c2,0x32b0268,0x4a30300
.4byte 0x5330187,0x73c001a,0x5b303d0,0x440373,0x19a07ed,0x23306f5,0x9b20385,0x4a80277
.4byte 0x2300696,0x51301b1,0x452097d,0x77a03fe,0x51c0717,0x41409b3,0x492068f,0x40d00d1
.4byte 0x14704ce,0x44c04b8,0xf40709,0x48903c0,0x26021d,0x455059b,0x1a201e0,0x9b40191
.4byte 0x2400026,0x4770455,0x19101a2,0x31d0633,0x455059b,0x4d201fe,0x5901d3,0x212
.4byte 0x5e504a9,0x8905e3,0x99c099b,0x99e099d,0x83f0840,0x9be099f,0xa480a47,0x9f00698
.4byte 0x6900a49,0x71406c3,0x5f503ae,0x442038e,0x4e10232,0x37e0a15,0x452036c,0x42701df
.4byte 0x86c03ad,0x9c50147,0x5c001b1,0x2e00751,0x5cd0a4a,0x3200296,0x3bd016e,0x890088
.4byte 0x8b008a,0x2200bc,0x0,0x870086,0x890088,0x8b008a,0x5740a34,0x53f003a
.4byte 0x5020785,0x5660609,0x4b00230,0x9ba05c0,0x1fd0324,0x2690728,0x70b02a8,0x51c0717
.4byte 0x2300147,0x77907af,0x4190239,0x165041a,0xa4b07b3,0x32b09bc,0x9bd0640,0x82e0996
.4byte 0x9980997,0x99a0999,0x89009c,0x18d045e,0x203,0x1a201eb,0x6a509a8,0x66509a9
.4byte 0x2120149,0x3020080,0x1270163,0x3840143,0x20c04ce,0x32704c4,0x40809aa,0x25e00e0
.4byte 0x18d06c4,0x160212,0x2c20528,0x441003f,0x23b09ab,0x501004a,0x41f0785,0x30a0075
.4byte 0x3c0990,0x4320045,0x47012a,0x4a409ac,0x5e067d,0x5350501,0x76409ad,0x21305f7
.4byte 0x90150,0x566002f,0x124018b,0x9ae016b,0x449016d,0x55e049b,0x9af012d,0x1ac0189
.4byte 0x5db0045,0x348003c,0x3a8043e,0x2a1018a,0x38801fd,0x1060253,0x2c20327,0x268024c
.4byte 0x300032b,0x18704a3,0x1a0533,0x3d0073c,0x37305b3,0x7ed0044,0x6f5019a,0x3850233
.4byte 0x27709b2,0x69604a8,0x1b10230,0x97d0513,0x3fe0452,0x717077a,0x9b3051c,0x68f0414
.4byte 0xd10492,0x4ce040d,0x4b80147,0x709044c,0x3c000f4,0x21d0489,0x59b0026,0x1e00455
.4byte 0x19101a2,0x2609b4,0x4550240,0x1a20477,0x6330191,0x59b031d,0x1fe0455,0x1d304d2
.4byte 0x2120059,0x1eb0000,0x8904b0,0x99c099b,0x99e099d,0x83f0840,0x9be099f,0xa4d0a4c
.4byte 0x2770724,0x264035f,0x51c0435,0x9d80232,0x53a0a10,0x9c4048f,0x4d50647,0x61c0766
.4byte 0x9c50350,0x27801b1,0x42104b8,0xdc072b,0xa4e0279,0x3de06c7,0x442051c,0x95e0497
.4byte 0x890088,0x8b008a,0x2200bc,0x0,0x870086,0x890088,0x8b008a,0x5c300d0
.4byte 0x17000e2,0x27901a4,0x2ba03e3,0x1a8053b,0x9c30168,0x33f0617,0x68f00b2,0xd801fd
.4byte 0x2c307c2,0xa4f0350,0x9c9051c,0x44c04b8,0x11c09cb,0x3c201cc,0x50103c1,0x99609bd
.4byte 0x997082e,0x9990998,0x9c099a,0x6160089,0x270149,0x1eb0000,0x9a801a2,0x9a906a5
.4byte 0x1490665,0x800212,0x1630302,0x1430127,0x4ce0384,0x4c4020c,0x9aa0327,0xe00408
.4byte 0x6c4025e,0x212018d,0x5280016,0x3f02c2,0x9ab0441,0x4a023b,0x7850501,0x75041f
.4byte 0x990030a,0x45003c,0x12a0432,0x9ac0047,0x67d04a4,0x501005e,0x9ad0535,0x5f70764
.4byte 0x1500213,0x2f0009,0x18b0566,0x16b0124,0x16d09ae,0x49b0449,0x12d055e,0x18909af
.4byte 0x4501ac,0x3c05db,0x43e0348,0x18a03a8,0x1fd02a1,0x2530388,0x3270106,0x24c02c2
.4byte 0x32b0268,0x4a30300,0x5330187,0x73c001a,0x5b303d0,0x440373,0x19a07ed,0x23306f5
.4byte 0x9b20385,0x4a80277,0x2300696,0x51301b1,0x452097d,0x77a03fe,0x51c0717,0x41409b3
.4byte 0x492068f,0x40d00d1,0x14704ce,0x44c04b8,0xf40709,0x48903c0,0x26021d,0x455059b
.4byte 0x1a201e0,0x9b40191,0x2400026,0x4770455,0x19101a2,0x31d0633,0x455059b,0x4d201fe
.4byte 0x5901d3,0x212,0x4f00080,0x99b0089,0x99d099c,0x840099e,0x99f083f,0xa5009be
.4byte 0x3ad0a51,0x1470609,0x6170167,0xa52032a,0x1fd001f,0x3e2003b,0x4580a53,0x51c038e
.4byte 0x7de02a0,0xa2407d6,0x2790218,0x4270372,0x60e03c0,0x340696,0x98e036e,0x74107fa
.4byte 0x7f907fa,0x19807fa,0x8804f5,0x8a0089,0xbc008b,0x22,0x860000,0x880087
.4byte 0x8a0089,0x357008b,0x530061a,0x72a05b0,0x8110762,0x3240a0a,0xf40391,0x2d50277
.4byte 0x38e0a55,0x555051c,0x1d507de,0x2390385,0x1fd01cc,0x5d401d6,0x21065a,0x1b10167
.4byte 0x6af0278,0x9e90285,0x9bd02bf,0x82e0996,0x9980997,0x99a0999,0x89009c,0x37103b0
.4byte 0x27,0x1a201eb,0x6a509a8,0x66509a9,0x2120149,0x3020080,0x1270163,0x3840143
.4byte 0x20c04ce,0x32704c4,0x40809aa,0x25e00e0,0x18d06c4,0x160212,0x2c20528,0x441003f
.4byte 0x23b09ab,0x501004a,0x41f0785,0x30a0075,0x3c0990,0x4320045,0x47012a,0x4a409ac
.4byte 0x5e067d,0x5350501,0x76409ad,0x21305f7,0x90150,0x566002f,0x124018b,0x9ae016b
.4byte 0x449016d,0x55e049b,0x9af012d,0x1ac0189,0x5db0045,0x348003c,0x3a8043e,0x2a1018a
.4byte 0x38801fd,0x1060253,0x2c20327,0x268024c,0x300032b,0x18704a3,0x1a0533,0x3d0073c
.4byte 0x37305b3,0x7ed0044,0x6f5019a,0x3850233,0x27709b2,0x69604a8,0x1b10230,0x97d0513
.4byte 0x3fe0452,0x717077a,0x9b3051c,0x68f0414,0xd10492,0x4ce040d,0x4b80147,0x709044c
.4byte 0x3c000f4,0x21d0489,0x59b0026,0x1e00455,0x19101a2,0x2609b4,0x4550240,0x1a20477
.4byte 0x6330191,0x59b031d,0x1fe0455,0x1d304d2,0x2120059,0x420000,0x890302,0x99c099b
.4byte 0x99e099d,0x83f0840,0x9be099f,0xa570a56,0x5c001b1,0x1ca0818,0x4160415,0x1cb0279
.4byte 0x74309d7,0x23201a8,0x49d09d8,0x97d0385,0x1fd0657,0x5d4068d,0x210670,0x1b109c5
.4byte 0xa180278,0x407049c,0x4a70454,0x5450874,0x890088,0x8b008a,0x2200bc,0x0
.4byte 0x870086,0x890088,0x8b008a,0x4220221,0x2bf0724,0x24d0584,0x9d80147,0x5130617
.4byte 0x37f038a,0x6c30372,0x7b04bb,0x38e07d7,0x2780442,0x8204b8,0x11c0742,0x9dd0279
.4byte 0x40d0088,0x5660609,0x4b00230,0x9bd0135,0x82e0996,0x9980997,0x99a0999,0x89009c
.4byte 0x27c01a8,0x1eb0000,0x9a801a2,0x9a906a5,0x1490665,0x800212,0x1630302,0x1430127
.4byte 0x4ce0384,0x4c4020c,0x9aa0327,0xe00408,0x6c4025e,0x212018d,0x5280016,0x3f02c2
.4byte 0x9ab0441,0x4a023b,0x7850501,0x75041f,0x990030a,0x45003c,0x12a0432,0x9ac0047
.4byte 0x67d04a4,0x501005e,0x9ad0535,0x5f70764,0x1500213,0x2f0009,0x18b0566,0x16b0124
.4byte 0x16d09ae,0x49b0449,0x12d055e,0x18909af,0x4501ac,0x3c05db,0x43e0348,0x18a03a8
.4byte 0x1fd02a1,0x2530388,0x3270106,0x24c02c2,0x32b0268,0x4a30300,0x5330187,0x73c001a
.4byte 0x5b303d0,0x440373,0x19a07ed,0x23306f5,0x9b20385,0x4a80277,0x2300696,0x51301b1
.4byte 0x452097d,0x77a03fe,0x51c0717,0x41409b3,0x492068f,0x40d00d1,0x14704ce,0x44c04b8
.4byte 0xf40709,0x48903c0,0x26021d,0x455059b,0x1a201e0,0x9b40191,0x2400026,0x4770455
.4byte 0x19101a2,0x31d0633,0x455059b,0x4d201fe,0x5901d3,0x212,0x213001e,0x8903ef
.4byte 0x99c099b,0x99e099d,0x83f0840,0x9be099f,0xa590a58,0x4e0a5a,0x7c00279,0x41b0559
.4byte 0x9e1054a,0x4b0021c,0x9d00698,0x1fd0a3d,0x74d0422,0x14b02a8,0x51c038e,0x7de0811
.4byte 0x53a0a5b,0x1cc0218,0x3073a,0x8802dd,0x8a0089,0xbc008b,0x22,0x860000
.4byte 0x880087,0x8a0089,0x243008b,0x5d605d1,0x73b058b,0x27b0a5c,0x2ff05f5,0x1680442
.4byte 0x9e604e1,0x1330676,0x6470aa2,0x40d01d6,0x210a5d,0x1b109c8,0x41409c6,0x3e801ca
.4byte 0x2790a5e,0x9b10032,0xa5f053b,0x99609bd,0x997082e,0x9990998,0x9c099a,0x1a80089
.4byte 0x340,0x1a201eb,0x6a509a8,0x66509a9,0x2120149,0x3020080,0x1270163,0x3840143
.4byte 0x20c04ce,0x32704c4,0x40809aa,0x25e00e0,0x18d06c4,0x160212,0x2c20528,0x441003f
.4byte 0x23b09ab,0x501004a,0x41f0785,0x30a0075,0x3c0990,0x4320045,0x47012a,0x4a409ac
.4byte 0x5e067d,0x5350501,0x76409ad,0x21305f7,0x90150,0x566002f,0x124018b,0x9ae016b
.4byte 0x449016d,0x55e049b,0x9af012d,0x1ac0189,0x5db0045,0x348003c,0x3a8043e,0x2a1018a
.4byte 0x38801fd,0x1060253,0x2c20327,0x268024c,0x300032b,0x18704a3,0x1a0533,0x3d0073c
.4byte 0x37305b3,0x7ed0044,0x6f5019a,0x3850233,0x27709b2,0x69604a8,0x1b10230,0x97d0513
.4byte 0x3fe0452,0x717077a,0x9b3051c,0x68f0414,0xd10492,0x4ce040d,0x4b80147,0x709044c
.4byte 0x3c000f4,0x21d0489,0x59b0026,0x1e00455,0x19101a2,0x2609b4,0x4550240,0x1a20477
.4byte 0x6330191,0x59b031d,0x1fe0455,0x1d304d2,0x2120059,0x280000,0x3ef01c3,0x99b0089
.4byte 0x99d099c,0x840099e,0x99f083f,0xa6009be,0x1d60a61,0x86c03c0,0x1670021,0x27801b1
.4byte 0xa6209ed,0x840391,0xa630279,0x7430a64,0x55501a8,0x49d0230,0x9f0053a,0x1fd026a
.4byte 0x7ca068d,0x597066b,0x45400f1,0x41804a7,0x880545,0x8a0089,0xbc008b,0x22
.4byte 0x860000,0x880087,0x8a0089,0x328008b,0x32001a9,0x17001ab,0x69d0726,0x9dc0372
.4byte 0x3ff03f2,0x2300590,0x2a00442,0xa2f06af,0x11c0804,0x1df0279,0xa65050c,0x1470609
.4byte 0x6170167,0xa66032a,0x39109d1,0x81200f4,0x99609bd,0x997082e,0x9990998,0x9c099a
.4byte 0x5100089,0x67a,0x1a201eb,0x6a509a8,0x66509a9,0x2120149,0x3020080,0x1270163
.4byte 0x3840143,0x20c04ce,0x32704c4,0x40809aa,0x25e00e0,0x18d06c4,0x160212,0x2c20528
.4byte 0x441003f,0x23b09ab,0x501004a,0x41f0785,0x30a0075,0x3c0990,0x4320045,0x47012a
.4byte 0x4a409ac,0x5e067d,0x5350501,0x76409ad,0x21305f7,0x90150,0x566002f,0x124018b
.4byte 0x9ae016b,0x449016d,0x55e049b,0x9af012d,0x1ac0189,0x5db0045,0x348003c,0x3a8043e
.4byte 0x2a1018a,0x38801fd,0x1060253,0x2c20327,0x268024c,0x300032b,0x18704a3,0x1a0533
.4byte 0x3d0073c,0x37305b3,0x7ed0044,0x6f5019a,0x3850233,0x27709b2,0x69604a8,0x1b10230
.4byte 0x97d0513,0x3fe0452,0x717077a,0x9b3051c,0x68f0414,0xd10492,0x4ce040d,0x4b80147
.4byte 0x709044c,0x3c000f4,0x21d0489,0x59b0026,0x1e00455,0x19101a2,0x2609b4,0x4550240
.4byte 0x1a20477,0x6330191,0x59b031d,0x1fe0455,0x1d304d2,0x2120059,0x530000,0x5e40327
.4byte 0x99b0089,0x99d099c,0x840099e,0x99f083f,0xa6709be,0x38e0a68,0x2780442,0x9f40787
.4byte 0x9f50676,0x9ad01cc,0x3ad01a7,0x566054a,0x1b10230,0xa690513,0x391060c,0x3d007f8
.4byte 0x14b0032,0x51c0743,0x340566,0x7a3036e,0x193017a,0x8804f5,0x8a0089,0xbc008b
.4byte 0x22,0x860000,0x880087,0x8a0089,0x7cb008b,0x17a07cc,0x7110776,0x4b805d3
.4byte 0x9cb09e6,0x26a016f,0x3c103c2,0x9f7040d,0x2300350,0x70801b1,0x2e00414,0x9f805b3
.4byte 0x3203e2,0x53b0264,0x147051c,0x49d07de,0x44f0513,0x99609bd,0x997082e,0x9990998
.4byte 0x9c099a,0x4ce0089,0x2d0296,0x1eb0000,0x9a801a2,0x9a906a5,0x1490665,0x800212
.4byte 0x1630302,0x1430127,0x4ce0384,0x4c4020c,0x9aa0327,0xe00408,0x6c4025e,0x212018d
.4byte 0x5280016,0x3f02c2,0x9ab0441,0x4a023b,0x7850501,0x75041f,0x990030a,0x45003c
.4byte 0x12a0432,0x9ac0047,0x67d04a4,0x501005e,0x9ad0535,0x5f70764,0x1500213,0x2f0009
.4byte 0x18b0566,0x16b0124,0x16d09ae,0x49b0449,0x12d055e,0x18909af,0x4501ac,0x3c05db
.4byte 0x43e0348,0x18a03a8,0x1fd02a1,0x2530388,0x3270106,0x24c02c2,0x32b0268,0x4a30300
.4byte 0x5330187,0x73c001a,0x5b303d0,0x440373,0x19a07ed,0x23306f5,0x9b20385,0x4a80277
.4byte 0x2300696,0x51301b1,0x452097d,0x77a03fe,0x51c0717,0x41409b3,0x492068f,0x40d00d1
.4byte 0x14704ce,0x44c04b8,0xf40709,0x48903c0,0x26021d,0x455059b,0x1a201e0,0x9b40191
.4byte 0x2400026,0x4770455,0x19101a2,0x31d0633,0x455059b,0x4d201fe,0x5901d3,0x212
.4byte 0x19a020b,0x8905e3,0x99c099b,0x99e099d,0x83f0840,0x9be099f,0xa6a09df,0x53a0805
.4byte 0x4190218,0x4d507bd,0x9fb0267,0x21c0a45,0x2780442,0x44109ed,0x1660391,0x476072a
.4byte 0x7530a6b,0x2320609,0x49d0230,0x9e20513,0x3de0a6c,0x442051c,0x95e0938,0x890088
.4byte 0x8b008a,0x2200bc,0x0,0x870086,0x890088,0x8b008a,0x8770475,0xfd04ae
.4byte 0x3300584,0x38e09bc,0x2780442,0xa030034,0x1660709,0xa6d0279,0x53b0a3c,0x1470609
.4byte 0x49d032b,0xa0507f7,0x3910a49,0x277098e,0x5f50670,0x44202ff,0x9bd0411,0x82e0996
.4byte 0x9980997,0x99a0999,0x89009c,0x16b0551,0x33,0x1a201eb,0x6a509a8,0x66509a9
.4byte 0x2120149,0x3020080,0x1270163,0x3840143,0x20c04ce,0x32704c4,0x40809aa,0x25e00e0
.4byte 0x18d06c4,0x160212,0x2c20528,0x441003f,0x23b09ab,0x501004a,0x41f0785,0x30a0075
.4byte 0x3c0990,0x4320045,0x47012a,0x4a409ac,0x5e067d,0x5350501,0x76409ad,0x21305f7
.4byte 0x90150,0x566002f,0x124018b,0x9ae016b,0x449016d,0x55e049b,0x9af012d,0x1ac0189
.4byte 0x5db0045,0x348003c,0x3a8043e,0x2a1018a,0x38801fd,0x1060253,0x2c20327,0x268024c
.4byte 0x300032b,0x18704a3,0x1a0533,0x3d0073c,0x37305b3,0x7ed0044,0x6f5019a,0x3850233
.4byte 0x27709b2,0x69604a8,0x1b10230,0x97d0513,0x3fe0452,0x717077a,0x9b3051c,0x68f0414
.4byte 0xd10492,0x4ce040d,0x4b80147,0x709044c,0x3c000f4,0x21d0489,0x59b0026,0x1e00455
.4byte 0x19101a2,0x2609b4,0x4550240,0x1a20477,0x6330191,0x59b031d,0x1fe0455,0x1d304d2
.4byte 0x2120059,0x4a90000,0x5e304b0,0x99b0089,0x99d099c,0x840099e,0x99f083f,0xa6e09be
.4byte 0x1fd0a6f,0x7ca00c4,0x4580670,0x44202ff,0x4e10232,0x6a30a09,0x1cc09f5,0x186018f
.4byte 0x60e053b,0x32b043b,0x9e801b1,0x60c0414,0x9c10391,0x22a0277,0x2960200,0x9ac004a
.4byte 0x8803bd,0x8a0089,0xbc008b,0x22,0x860000,0x880087,0x8a0089,0x328008b
.4byte 0x32001a9,0x9001ab,0x9cc03cc,0x40d0186,0x19e02cb,0x4b0032b,0x242032a,0x39101ca
.4byte 0x72a09ea,0x2640032,0x51c0a33,0x1670232,0x51301d5,0x9c40218,0x17107bd,0x7006f8
.4byte 0x99609bd,0x997082e,0x9990998,0x9c099a,0x6160089,0x270149,0x1eb0000,0x9a801a2
.4byte 0x9a906a5,0x1490665,0x800212,0x1630302,0x1430127,0x4ce0384,0x4c4020c,0x9aa0327
.4byte 0xe00408,0x6c4025e,0x212018d,0x5280016,0x3f02c2,0x9ab0441,0x4a023b,0x7850501
.4byte 0x75041f,0x990030a,0x45003c,0x12a0432,0x9ac0047,0x67d04a4,0x501005e,0x9ad0535
.4byte 0x5f70764,0x1500213,0x2f0009,0x18b0566,0x16b0124,0x16d09ae,0x49b0449,0x12d055e
.4byte 0x18909af,0x4501ac,0x3c05db,0x43e0348,0x18a03a8,0x1fd02a1,0x2530388,0x3270106
.4byte 0x24c02c2,0x32b0268,0x4a30300,0x5330187,0x73c001a,0x5b303d0,0x440373,0x19a07ed
.4byte 0x23306f5,0x9b20385,0x4a80277,0x2300696,0x51301b1,0x452097d,0x77a03fe,0x51c0717
.4byte 0x41409b3,0x492068f,0x40d00d1,0x14704ce,0x44c04b8,0xf40709,0x48903c0,0x26021d
.4byte 0x455059b,0x1a201e0,0x9b40191,0x2400026,0x4770455,0x19101a2,0x31d0633,0x455059b
.4byte 0x4d201fe,0x5901d3,0x212,0x4f00080,0x99b0089,0x99d099c,0x840099e,0x99f083f
.4byte 0xa7009be,0x14b0a71,0x51c0743,0x4b80232,0x33f0a10,0x9c4048f,0xc00647,0x9fb0766
.4byte 0x2300350,0x2a00442,0x42106af,0xdc0a30,0x3fe0277,0x53b07e1,0x4eb0510,0x190018
.4byte 0x70c0000,0x88070d,0x8a0089,0xbc008b,0x22,0x860000,0x880087,0x8a0089
.4byte 0x7cb008b,0x5a50715,0x5a5017a,0x767017a,0x767017a,0x17a05a5,0x1700ac0,0x2850106
.4byte 0xed03e8,0x3580279,0x53b02ba,0x55501a8,0x6170230,0x89c0513,0x3910a14,0x5d400d8
.4byte 0x7d702c3,0x44202ff,0x4b80147,0x9cb0a72,0x30703f7,0x99609bd,0x997082e,0x9990998
.4byte 0x9c099a,0x3b00089,0x270371,0x1eb0000,0x9a801a2,0x9a906a5,0x1490665,0x800212
.4byte 0x1630302,0x1430127,0x4ce0384,0x4c4020c,0x9aa0327,0xe00408,0x6c4025e,0x212018d
.4byte 0x5280016,0x3f02c2,0x9ab0441,0x4a023b,0x7850501,0x75041f,0x990030a,0x45003c
.4byte 0x12a0432,0x9ac0047,0x67d04a4,0x501005e,0x9ad0535,0x5f70764,0x1500213,0x2f0009
.4byte 0x18b0566,0x16b0124,0x16d09ae,0x49b0449,0x12d055e,0x18909af,0x4501ac,0x3c05db
.4byte 0x43e0348,0x18a03a8,0x1fd02a1,0x2530388,0x3270106,0x24c02c2,0x32b0268,0x4a30300
.4byte 0x5330187,0x73c001a,0x5b303d0,0x440373,0x19a07ed,0x23306f5,0x9b20385,0x4a80277
.4byte 0x2300696,0x51301b1,0x452097d,0x77a03fe,0x51c0717,0x41409b3,0x492068f,0x40d00d1
.4byte 0x14704ce,0x44c04b8,0xf40709,0x48903c0,0x26021d,0x455059b,0x1a201e0,0x9b40191
.4byte 0x2400026,0x4770455,0x19101a2,0x31d0633,0x455059b,0x4d201fe,0x5901d3,0x212
.4byte 0x3020042,0x99b0089,0x99d099c,0x840099e,0x99f083f,0xa7309be,0x1670a74,0x513049d
.4byte 0xa170a13,0x3a60492,0x4cc03e2,0x38e0295,0x1470442,0xa750a18,0x1330716,0x6470764
.4byte 0xa760427,0x147083a,0x1b10230,0xa770555,0x4e6090d,0x1ae059a,0x8803bd,0x8a0089
.4byte 0xbc008b,0x22,0x860000,0x880087,0x8a0089,0x6b7008b,0x4ae0877,0x83200fd
.4byte 0x167051e,0x2a004b0,0x3090a78,0xf40391,0x2a8072a,0x38e0264,0x555051c,0x65209d8
.4byte 0x2390822,0x1fd01cc,0x6f80165,0x9bc0614,0x4420167,0xa5c0278,0x99609bd,0x997082e
.4byte 0x9990998,0x9c099a,0x3b00089,0x27c06c2,0x1eb0000,0x9a801a2,0x9a906a5,0x1490665
.4byte 0x800212,0x1630302,0x1430127,0x4ce0384,0x4c4020c,0x9aa0327,0xe00408,0x6c4025e
.4byte 0x212018d,0x5280016,0x3f02c2,0x9ab0441,0x4a023b,0x7850501,0x75041f,0x990030a
.4byte 0x45003c,0x12a0432,0x9ac0047,0x67d04a4,0x501005e,0x9ad0535,0x5f70764,0x1500213
.4byte 0x2f0009,0x18b0566,0x16b0124,0x16d09ae,0x49b0449,0x12d055e,0x18909af,0x4501ac
.4byte 0x3c05db,0x43e0348,0x18a03a8,0x1fd02a1,0x2530388,0x3270106,0x24c02c2,0x32b0268
.4byte 0x4a30300,0x5330187,0x73c001a,0x5b303d0,0x440373,0x19a07ed,0x23306f5,0x9b20385
.4byte 0x4a80277,0x2300696,0x51301b1,0x452097d,0x77a03fe,0x51c0717,0x41409b3,0x492068f
.4byte 0x40d00d1,0x14704ce,0x44c04b8,0xf40709,0x48903c0,0x26021d,0x455059b,0x1a201e0
.4byte 0x9b40191,0x2400026,0x4770455,0x19101a2,0x31d0633,0x455059b,0x4d201fe,0x5901d3
.4byte 0x212,0x601001e,0x890567,0x99c099b,0x99e099d,0x83f0840,0x9be099f,0xa7909df
.4byte 0x9e902e0,0x27709c1,0x7e9035f,0x1a80435,0x3480232,0x38505a3,0xa08008f,0x68d0372
.4byte 0x61f040d,0x9c50350,0x9b301b1,0x820787,0x3f70716,0x2230a7a,0x489045e,0x583004b
.4byte 0x890088,0x8b008a,0x2200bc,0x0,0x870086,0x890088,0x8b008a,0x1a90819
.4byte 0x1ab0320,0x2c0584,0x53b0a7c,0x23201a8,0xa7d0348,0x41e0513,0x1fd05e8,0x26700c4
.4byte 0x7be0670,0x51c09c5,0x4b80811,0x3850a2f,0x1cc011c,0x18603fe,0x9f7040d,0x9bd0460
.4byte 0x82e0996,0x9980997,0x99a0999,0x89009c,0x34001a8,0x1eb0000,0x9a801a2,0x9a906a5
.4byte 0x1490665,0x800212,0x1630302,0x1430127,0x4ce0384,0x4c4020c,0x9aa0327,0xe00408
.4byte 0x6c4025e,0x212018d,0x5280016,0x3f02c2,0x9ab0441,0x4a023b,0x7850501,0x75041f
.4byte 0x990030a,0x45003c,0x12a0432,0x9ac0047,0x67d04a4,0x501005e,0x9ad0535,0x5f70764
.4byte 0x1500213,0x2f0009,0x18b0566,0x16b0124,0x16d09ae,0x49b0449,0x12d055e,0x18909af
.4byte 0x4501ac,0x3c05db,0x43e0348,0x18a03a8,0x1fd02a1,0x2530388,0x3270106,0x24c02c2
.4byte 0x32b0268,0x4a30300,0x5330187,0x73c001a,0x5b303d0,0x440373,0x19a07ed,0x23306f5
.4byte 0x9b20385,0x4a80277,0x2300696,0x51301b1,0x452097d,0x77a03fe,0x51c0717,0x41409b3
.4byte 0x492068f,0x40d00d1,0x14704ce,0x44c04b8,0xf40709,0x48903c0,0x26021d,0x455059b
.4byte 0x1a201e0,0x9b40191,0x2400026,0x4770455,0x19101a2,0x31d0633,0x455059b,0x4d201fe
.4byte 0x5901d3,0x212,0x1c30028,0x8903ef,0x99c099b,0x99e099d,0x83f0840,0x9be099f
.4byte 0xa7f0a7e,0xa8003fe,0x609053b,0x1670147,0x32a04b0,0x1f0a81,0x3a601fd,0x27b074d
.4byte 0x38e014b,0x278051c,0x65107de,0x2180822,0x7bd0279,0x40d01d6,0x46904eb,0x728057a
.4byte 0x237010e,0x890088,0x8b008a,0x2200bc,0x0,0x870086,0x890088,0x8b008a
.4byte 0x7f80221,0x7ed0070,0x4370762,0xa820686,0x2d50277,0x38e0a83,0x1470442,0x1d507de
.4byte 0x21809cb,0x3720452,0x79901d6,0x210a2a,0x1b1038e,0x4140278,0x3e80441,0x27900ed
.4byte 0x9bd03a6,0x82e0996,0x9980997,0x99a0999,0x89009c,0x20c0510,0x1eb0000,0x9a801a2
.4byte 0x9a906a5,0x1490665,0x800212,0x1630302,0x1430127,0x4ce0384,0x4c4020c,0x9aa0327
.4byte 0xe00408,0x6c4025e,0x212018d,0x5280016,0x3f02c2,0x9ab0441,0x4a023b,0x7850501
.4byte 0x75041f,0x990030a,0x45003c,0x12a0432,0x9ac0047,0x67d04a4,0x501005e,0x9ad0535
.4byte 0x5f70764,0x1500213,0x2f0009,0x18b0566,0x16b0124,0x16d09ae,0x49b0449,0x12d055e
.4byte 0x18909af,0x4501ac,0x3c05db,0x43e0348,0x18a03a8,0x1fd02a1,0x2530388,0x3270106
.4byte 0x24c02c2,0x32b0268,0x4a30300,0x5330187,0x73c001a,0x5b303d0,0x440373,0x19a07ed
.4byte 0x23306f5,0x9b20385,0x4a80277,0x2300696,0x51301b1,0x452097d,0x77a03fe,0x51c0717
.4byte 0x41409b3,0x492068f,0x40d00d1,0x14704ce,0x44c04b8,0xf40709,0x48903c0,0x26021d
.4byte 0x455059b,0x1a201e0,0x9b40191,0x2400026,0x4770455,0x19101a2,0x31d0633,0x455059b
.4byte 0x4d201fe,0x5901d3,0x212,0x2560053,0x8905e4,0x99c099b,0x99e099d,0x83f0840
.4byte 0x9be099f,0xa8409f2,0x1670021,0x27801b1,0x44109d5,0x840686,0x3470279,0x743022e
.4byte 0x14701a8,0x49d09d8,0x4cf0385,0x1fd09d9,0x5d40162,0x3500670,0x1b102ff,0x1a3022a
.4byte 0x760075f,0x98a0583,0x890088,0x8b008a,0x2200bc,0x0,0x870086,0x890088
.4byte 0x8b008a,0x5490173,0x170075e,0x49d0597,0x3c70513,0x372037f,0x7b30244,0x7d70695
.4byte 0x4420230,0x78702a0,0x7420048,0x2770137,0xa3c0a85,0x60903ad,0x1670566,0x32a04b0
.4byte 0x4970858,0x99609bd,0x997082e,0x9990998,0x9c099a,0x4ce0089,0x2d0296,0x1eb0000
.4byte 0x9a801a2,0x9a906a5,0x1490665,0x800212,0x1630302,0x1430127,0x4ce0384,0x4c4020c
.4byte 0x9aa0327,0xe00408,0x6c4025e,0x212018d,0x5280016,0x3f02c2,0x9ab0441,0x4a023b
.4byte 0x7850501,0x75041f,0x990030a,0x45003c,0x12a0432,0x9ac0047,0x67d04a4,0x501005e
.4byte 0x9ad0535,0x5f70764,0x1500213,0x2f0009,0x18b0566,0x16b0124,0x16d09ae,0x49b0449
.4byte 0x12d055e,0x18909af,0x4501ac,0x3c05db,0x43e0348,0x18a03a8,0x1fd02a1,0x2530388
.4byte 0x3270106,0x24c02c2,0x32b0268,0x4a30300,0x5330187,0x73c001a,0x5b303d0,0x440373
.4byte 0x19a07ed,0x23306f5,0x9b20385,0x4a80277,0x2300696,0x51301b1,0x452097d,0x77a03fe
.4byte 0x51c0717,0x41409b3,0x492068f,0x40d00d1,0x14704ce,0x44c04b8,0xf40709,0x48903c0
.4byte 0x26021d,0x455059b,0x1a201e0,0x9b40191,0x2400026,0x4770455,0x19101a2,0x31d0633
.4byte 0x455059b,0x4d201fe,0x5901d3,0x212,0x19a020b,0x8905e3,0x99c099b,0x99e099d
.4byte 0x83f0840,0x9be099f,0xa870a86,0x820787,0x4e0676,0x3f101cc,0x53b0a41,0x19e041c
.4byte 0x4b0032b,0x858032a,0x1fd060c,0x7140775,0x14b035f,0x51c0a33,0x4b809c9,0x43e07af
.4byte 0x304be,0x8802dd,0x8a0089,0xbc008b,0x22,0x860000,0x880087,0x8a0089
.4byte 0x1c008b,0x530061a,0x72a05b0,0xa880785,0x442024a,0x9d80232,0x38505a3,0x26a03e9
.4byte 0x1d601df,0x60e040d,0x32b0350,0x9e801b1,0x2e00414,0x9f80709,0x320277,0x4350a21
.4byte 0x23201a8,0x9bd0784,0x82e0996,0x9980997,0x99a0999,0x89009c,0xdc009d,0x2a9
.4byte 0x1a201eb,0x6a509a8,0x66509a9,0x2120149,0x3020080,0x1270163,0x3840143,0x20c04ce
.4byte 0x32704c4,0x40809aa,0x25e00e0,0x18d06c4,0x160212,0x2c20528,0x441003f,0x23b09ab
.4byte 0x501004a,0x41f0785,0x30a0075,0x3c0990,0x4320045,0x47012a,0x4a409ac,0x5e067d
.4byte 0x5350501,0x76409ad,0x21305f7,0x90150,0x566002f,0x124018b,0x9ae016b,0x449016d
.4byte 0x55e049b,0x9af012d,0x1ac0189,0x5db0045,0x348003c,0x3a8043e,0x2a1018a,0x38801fd
.4byte 0x1060253,0x2c20327,0x268024c,0x300032b,0x18704a3,0x1a0533,0x3d0073c,0x37305b3
.4byte 0x7ed0044,0x6f5019a,0x3850233,0x27709b2,0x69604a8,0x1b10230,0x97d0513,0x3fe0452
.4byte 0x717077a,0x9b3051c,0x68f0414,0xd10492,0x4ce040d,0x4b80147,0x709044c,0x3c000f4
.4byte 0x21d0489,0x59b0026,0x1e00455,0x19101a2,0x2609b4,0x4550240,0x1a20477,0x6330191
.4byte 0x59b031d,0x1fe0455,0x1d304d2,0x2120059,0x530000,0xac10521,0x99b0089,0x99d099c
.4byte 0x840099e,0x99f083f,0x9df09be,0x1cc0a89,0x1d6041a,0x60e0267,0x2300021,0x2780442
.4byte 0x2910a1e,0x9d60391,0x6910839,0x74307e1,0x147054a,0x1d5032b,0x9f007f7,0x49209c4
.4byte 0x34003b,0x91101a3,0x8cf02bd,0x880545,0x8a0089,0xbc008b,0x22,0x860000
.4byte 0x880087,0x8a0089,0xa34008b,0x53f003a,0x6ac02db,0x7b30171,0x5900a3b,0x44209c8
.4byte 0x6af0278,0x9e909ca,0x839004e,0x50c0a8a,0x6090768,0x2300232,0x698049d,0xa3d09f1
.4byte 0x3a60415,0x27b0277,0x9bd04b6,0x82e0996,0x9980997,0x99a0999,0x89009c,0x9f5009d
.4byte 0x2d0ac2,0x1eb0000,0x9a801a2,0x9a906a5,0x1490665,0x800212,0x1630302,0x1430127
.4byte 0x4ce0384,0x4c4020c,0x9aa0327,0xe00408,0x6c4025e,0x212018d,0x5280016,0x3f02c2
.4byte 0x9ab0441,0x4a023b,0x7850501,0x75041f,0x990030a,0x45003c,0x12a0432,0x9ac0047
.4byte 0x67d04a4,0x501005e,0x9ad0535,0x5f70764,0x1500213,0x2f0009,0x18b0566,0x16b0124
.4byte 0x16d09ae,0x49b0449,0x12d055e,0x18909af,0x4501ac,0x3c05db,0x43e0348,0x18a03a8
.4byte 0x1fd02a1,0x2530388,0x3270106,0x24c02c2,0x32b0268,0x4a30300,0x5330187,0x73c001a
.4byte 0x5b303d0,0x440373,0x19a07ed,0x23306f5,0x9b20385,0x4a80277,0x2300696,0x51301b1
.4byte 0x452097d,0x77a03fe,0x51c0717,0x41409b3,0x492068f,0x40d00d1,0x14704ce,0x44c04b8
.4byte 0xf40709,0x48903c0,0x26021d,0x455059b,0x1a201e0,0x9b40191,0x2400026,0x4770455
.4byte 0x19101a2,0x31d0633,0x455059b,0x4d201fe,0x5901d3,0x212,0x7eb026b,0x8900b7
.4byte 0x99c099b,0x99e099d,0x83f0840,0x9be099f,0xa8c0a8b,0x7d70670,0x44202ff,0x7870147
.4byte 0x7160a15,0x1cc04d3,0xab09ad,0x609053b,0x2300021,0x51301b1,0x2e409d5,0x7f80709
.4byte 0x35f03e2,0x717014b,0x9f0597,0x728057a,0x237010e,0x890088,0x8b008a,0x2200bc
.4byte 0x0,0x870086,0x890088,0x8b008a,0x5ac0170,0xac305c2,0xa8d027f,0x36c0385
.4byte 0x3c2026a,0x40d0a8e,0x56609f7,0x1b10230,0x9d5032a,0x70902a3,0x3e209f8,0x26403a4
.4byte 0x51c039e,0x4b80147,0x513049d,0x37f008f,0x9bd0a8f,0x82e0996,0x9980997,0x99a0999
.4byte 0x89009c,0xac4009d,0x27002c,0x1eb0000,0x9a801a2,0x9a906a5,0x1490665,0x800212
.4byte 0x1630302,0x1430127,0x4ce0384,0x4c4020c,0x9aa0327,0xe00408,0x6c4025e,0x212018d
.4byte 0x5280016,0x3f02c2,0x9ab0441,0x4a023b,0x7850501,0x75041f,0x990030a,0x45003c
.4byte 0x12a0432,0x9ac0047,0x67d04a4,0x501005e,0x9ad0535,0x5f70764,0x1500213,0x2f0009
.4byte 0x18b0566,0x16b0124,0x16d09ae,0x49b0449,0x12d055e,0x18909af,0x4501ac,0x3c05db
.4byte 0x43e0348,0x18a03a8,0x1fd02a1,0x2530388,0x3270106,0x24c02c2,0x32b0268,0x4a30300
.4byte 0x5330187,0x73c001a,0x5b303d0,0x440373,0x19a07ed,0x23306f5,0x9b20385,0x4a80277
.4byte 0x2300696,0x51301b1,0x452097d,0x77a03fe,0x51c0717,0x41409b3,0x492068f,0x40d00d1
.4byte 0x14704ce,0x44c04b8,0xf40709,0x48903c0,0x26021d,0x455059b,0x1a201e0,0x9b40191
.4byte 0x2400026,0x4770455,0x19101a2,0x31d0633,0x455059b,0x4d201fe,0x5901d3,0x212
.4byte 0x394004d,0x8900b7,0x99c099b,0x99e099d,0x83f0840,0x9be099f,0xa9009f2,0x4b80232
.4byte 0x38501d5,0x9c40218,0x1710372,0x31f0a1d,0x32b0a45,0x2a00442,0x8206af,0x9fd0709
.4byte 0xa8a0277,0x7530a91,0x23204ce,0x49d0167,0x223073a,0x70f0ac5,0x5830180,0x890088
.4byte 0x8b008a,0x2200bc,0x0,0x870086,0x890088,0x8b008a,0x1d07a5,0x1e0000
.4byte 0x1700277,0x4420a92,0x6af0278,0x7090648,0x27909d6,0x3bb03d2,0x54a0435,0x2300555
.4byte 0x7890302,0x9c40a93,0xd80391,0x67003e2,0x2ff0458,0x2320442,0x18804e1,0x99609bd
.4byte 0x997082e,0x9990998,0x9c099a,0x9d0089,0x397009e,0x22,0x1a201eb,0x6a509a8
.4byte 0x66509a9,0x2120149,0x3020080,0x1270163,0x3840143,0x20c04ce,0x32704c4,0x40809aa
.4byte 0x25e00e0,0x18d06c4,0x160212,0x2c20528,0x441003f,0x23b09ab,0x501004a,0x41f0785
.4byte 0x30a0075,0x3c0990,0x4320045,0x47012a,0x4a409ac,0x5e067d,0x5350501,0x76409ad
.4byte 0x21305f7,0x90150,0x566002f,0x124018b,0x9ae016b,0x449016d,0x55e049b,0x9af012d
.4byte 0x1ac0189,0x5db0045,0x348003c,0x3a8043e,0x2a1018a,0x38801fd,0x1060253,0x2c20327
.4byte 0x268024c,0x300032b,0x18704a3,0x1a0533,0x3d0073c,0x37305b3,0x7ed0044,0x6f5019a
.4byte 0x3850233,0x27709b2,0x69604a8,0x1b10230,0x97d0513,0x3fe0452,0x717077a,0x9b3051c
.4byte 0x68f0414,0xd10492,0x4ce040d,0x4b80147,0x709044c,0x3c000f4,0x21d0489,0x59b0026
.4byte 0x1e00455,0x19101a2,0x2609b4,0x4550240,0x1a20477,0x6330191,0x59b031d,0x1fe0455
.4byte 0x1d304d2,0x2120059,0x160000,0xb70ac6,0x99b0089,0x99d099c,0x840099e,0x99f083f
.4byte 0xa9409be,0x8210a95,0x4920a49,0x7140681,0x45801af,0x442038e,0x340168,0x37e0a72
.4byte 0x76403f7,0x42703c2,0x60e03ad,0x21c0555,0x7b504f0,0x2e00818,0x49c0532,0x3710305
.4byte 0x7a06f6,0x8803bd,0x8a0089,0xbc008b,0x22,0x10000,0x30002,0x99609a6
.4byte 0x997082e,0x9a70998,0x3086e,0x3080025,0x47,0xac701fa,0x29705ad,0x1b104dc
.4byte 0x3a00489,0x7a4014f,0xac800ed,0xac308a4,0xcf056d,0x6f40003,0x99d09b6,0x840099e
.4byte 0x99f083f,0x9b709a0,0x30666,0x370036,0x38,0x10000,0x30002,0x99609a6
.4byte 0x997082e,0x9a70998,0x3086e,0x1f600e8,0x2d000d,0x1fa0000,0x5ad0ac7,0x4dc0297
.4byte 0x48901b1,0x14f03a0,0xed07a4,0x8a40ac8,0x56d0ac3,0x300cf,0x9b606f4,0x99e099d
.4byte 0x83f0840,0x9a0099f,0x66609b7,0x360003,0x380037,0x0,0x20001,0x2dd0003
.4byte 0x890088,0x8b008a,0x8d008c,0x8e0089,0x90008f,0x890091,0x930092,0x950094
.4byte 0x960089,0x9960995,0x997082e,0x9990998,0x9c099a,0x9d0089,0x284009e,0x2030224
.4byte 0x1fa0000,0x5ad0ac7,0x4dc0297,0x48901b1,0x14f03a0,0xed07a4,0x8a40ac8,0x56d0ac3
.4byte 0x300cf,0x52f00bf,0xb7009f,0x99b0089,0x99d099c,0x840099e,0x99f083f,0x9a109a0
.4byte 0x8909a2,0xaa00a9,0xa400ab,0xac0089,0xae00ad,0x8900bb,0xb100b0,0x890088
.4byte 0x8b008a,0x360003,0x380037,0x0,0x20001,0x2dd0003,0x890088,0x8b008a
.4byte 0x8d008c,0x8e0089,0x90008f,0x890091,0x930092,0x950094,0x960089,0x9960995
.4byte 0x997082e,0x9990998,0x9c099a,0x9d0089,0x45c009e,0x270044,0x1fa0000,0x5ad0ac7
.4byte 0x4dc0297,0x48901b1,0x14f03a0,0xed07a4,0x8a40ac8,0x56d0ac3,0x300cf,0x38d00d0
.4byte 0xb7009f,0x99b0089,0x99d099c,0x840099e,0x99f083f,0x9a109a0,0x8909a2,0xaa00a9
.4byte 0xa400ab,0xac0089,0xae00ad,0x8900bb,0xb100b0,0x890088,0x8b008a,0x360003
.4byte 0x380037,0x0,0x20001,0x2dd0003,0x890088,0x8b008a,0x8d008c,0x8e0089
.4byte 0x90008f,0x890091,0x930092,0x950094,0x960089,0x9960995,0x997082e,0x9990998
.4byte 0x9c099a,0x9d0089,0xd7009e,0x2706c9,0x1fa0000,0x5ad0ac7,0x4dc0297,0x48901b1
.4byte 0x14f03a0,0xed07a4,0x8a40ac8,0x56d0ac3,0x300cf,0x4de06b4,0xb7009f,0x99b0089
.4byte 0x99d099c,0x840099e,0x99f083f,0x9a109a0,0x8909a2,0xaa00a9,0xa400ab,0xac0089
.4byte 0xae00ad,0x8900bb,0xb100b0,0x890088,0x8b008a,0x360003,0x380037,0x0
.4byte 0x20001,0x2dd0003,0x890088,0x8b008a,0x8d008c,0x8e0089,0x90008f,0x890091
.4byte 0x930092,0x950094,0x960089,0x9960995,0x997082e,0x9990998,0x9c099a,0x9d0089
.4byte 0xd7009e,0x27c004c,0x1fa0000,0x5ad0ac7,0x4dc0297,0x48901b1,0x14f03a0,0xed07a4
.4byte 0x8a40ac8,0x56d0ac3,0x300cf,0xac900e8,0x9f0101,0x8900b7,0x99c099b,0x99e099d
.4byte 0x83f0840,0x9a0099f,0x9a209a1,0xa90089,0xab00aa,0x8900a4,0xad00ac,0xbb00ae
.4byte 0xb00089,0x8800b1,0x8a0089,0x3008b,0x370036,0x38,0x10000,0x30002
.4byte 0x8802dd,0x8a0089,0x8c008b,0x89008d,0x8f008e,0x910090,0x920089,0x940093
.4byte 0x890095,0x9950096,0x82e0996,0x9980997,0x99a0999,0x89009c,0x9e009d,0x430009f
.4byte 0x340,0xac701fa,0x29705ad,0x1b104dc,0x3a00489,0x7a4014f,0xac800ed,0xac308a4
.4byte 0xcf056d,0x250003,0x35c0284,0xb7009f,0x99b0089,0x99d099c,0x840099e,0x99f083f
.4byte 0x9a109a0,0x8909a2,0xaa00a9,0xa400ab,0xac0089,0xae00ad,0x8900bb,0xb100b0
.4byte 0x890088,0x8b008a,0x360003,0x380037,0x0,0x20001,0x2dd0003,0x890088
.4byte 0x8b008a,0x8d008c,0x8e0089,0x90008f,0x890091,0x930092,0x950094,0x960089
.4byte 0x9960995,0x997082e,0x9990998,0x9c099a,0x9d0089,0x9f009e,0x6602b2,0x2d
.4byte 0xac701fa,0x29705ad,0x1b104dc,0x3a00489,0x7a4014f,0xac800ed,0xac308a4,0xcf056d
.4byte 0x2dd0003,0x59401d9,0xb7009f,0x99b0089,0x99d099c,0x840099e,0x99f083f,0x9a109a0
.4byte 0x8909a2,0xaa00a9,0xa400ab,0xac0089,0xae00ad,0x8900bb,0xb100b0,0x890088
.4byte 0x8b008a,0x360003,0x380037,0x0,0x20001,0x2dd0003,0x890088,0x8b008a
.4byte 0x8d008c,0x8e0089,0x90008f,0x890091,0x930092,0x950094,0x960089,0x9960995
.4byte 0x997082e,0x9990998,0x9c099a,0x9d0089,0x9f009e,0x19f0603,0x2d,0xac701fa
.4byte 0x29705ad,0x1b104dc,0x3a00489,0x7a4014f,0xac800ed,0xac308a4,0xcf056d,0xbf0003
.4byte 0x6c800c0,0xb7009f,0x99b0089,0x99d099c,0x840099e,0x99f083f,0x9a109a0,0x8909a2
.4byte 0xaa00a9,0xa400ab,0xac0089,0xae00ad,0x8900bb,0xb100b0,0x890088,0x8b008a
.4byte 0x360003,0x380037,0x0,0x20001,0x2dd0003,0x890088,0x8b008a,0x8d008c
.4byte 0x8e0089,0x90008f,0x890091,0x930092,0x950094,0x960089,0x9960995,0x997082e
.4byte 0x9990998,0x9c099a,0x9d0089,0x9f009e,0x18d06c4,0x27,0xac701fa,0x29705ad
.4byte 0x1b104dc,0x3a00489,0x7a4014f,0xac800ed,0xac308a4,0xcf056d,0xd00003,0x6c700d1
.4byte 0xb7009f,0x99b0089,0x99d099c,0x840099e,0x99f083f,0x9a109a0,0x8909a2,0xaa00a9
.4byte 0xa400ab,0xac0089,0xae00ad,0x8900bb,0xb100b0,0x890088,0x8b008a,0x360003
.4byte 0x380037,0x0,0x20001,0x2dd0003,0x890088,0x8b008a,0x8d008c,0x8e0089
.4byte 0x90008f,0x890091,0x930092,0x950094,0x960089,0x9960995,0x997082e,0x9990998
.4byte 0x9c099a,0x9d0089,0x9f009e,0x629021f,0x27,0xac701fa,0x29705ad,0x1b104dc
.4byte 0x3a00489,0x7a4014f,0xac800ed,0xac308a4,0xcf056d,0x6a90003,0xb60194,0xb7009f
.4byte 0x99b0089,0x99d099c,0x840099e,0x99f083f,0x9a109a0,0x8909a2,0xaa00a9,0xa400ab
.4byte 0xac0089,0xae00ad,0x8900bb,0xb100b0,0x890088,0x8b008a,0x360003,0x380037
.4byte 0x0,0x20001,0x2dd0003,0x890088,0x8b008a,0x8d008c,0x8e0089,0x90008f
.4byte 0x890091,0x930092,0x950094,0x960089,0x9960995,0x997082e,0x9990998,0x9c099a
.4byte 0x9d0089,0x9f009e,0x6c206c1,0x27c,0xac701fa,0x29705ad,0x1b104dc,0x3a00489
.4byte 0x7a4014f,0xac800ed,0xac308a4,0xcf056d,0xe80003,0xaca025e,0x9f00b6,0x8900b7
.4byte 0x99c099b,0x99e099d,0x83f0840,0x9a0099f,0x9a209a1,0xa90089,0xab00aa,0x8900a4
.4byte 0xad00ac,0xbb00ae,0xb00089,0x8800b1,0x8a0089,0x3008b,0x370036,0x38
.4byte 0x10000,0x30002,0x8802dd,0x8a0089,0x8c008b,0x89008d,0x8f008e,0x910090
.4byte 0x920089,0x940093,0x890095,0x9950096,0x82e0996,0x9980997,0x99a0999,0x89009c
.4byte 0x9e009d,0x6bf009f,0x20c054a,0x1fa0000,0x5ad0ac7,0x4dc0297,0x48901b1,0x14f03a0
.4byte 0xed07a4,0x8a40ac8,0x56d0ac3,0x300cf,0x2610025,0xb60219,0xb7009f,0x99b0089
.4byte 0x99d099c,0x840099e,0x99f083f,0x9a109a0,0x8909a2,0xaa00a9,0xa400ab,0xac0089
.4byte 0xae00ad,0x8900bb,0xb100b0,0x890088,0x8b008a,0x360003,0x380037,0x0
.4byte 0x20001,0x2dd0003,0x890088,0x8b008a,0x8d008c,0x8e0089,0x90008f,0x890091
.4byte 0x930092,0x950094,0x960089,0x9960995,0x997082e,0x9990998,0x9c099a,0x9d0089
.4byte 0x9f009e,0x4ce06bc,0x2d0066,0x1fa0000,0x5ad0ac7,0x4dc0297,0x48901b1,0x14f03a0
.4byte 0xed07a4,0x8a40ac8,0x56d0ac3,0x300cf,0x35900f1,0xb60acb,0xb7009f,0x99b0089
.4byte 0x99d099c,0x840099e,0x99f083f,0x9a109a0,0x8909a2,0xaa00a9,0xa400ab,0xac0089
.4byte 0xae00ad,0x8900bb,0xb100b0,0x890088,0x8b008a,0x360003,0x380037,0x0
.4byte 0x20001,0x2dd0003,0x890088,0x8b008a,0x8d008c,0x8e0089,0x90008f,0x890091
.4byte 0x930092,0x950094,0x960089,0x9960995,0x997082e,0x9990998,0x9c099a,0x9d0089
.4byte 0x9f009e,0x45e00a0,0x33016b,0x1fa0000,0x5ad0ac7,0x4dc0297,0x48901b1,0x14f03a0
.4byte 0xed07a4,0x8a40ac8,0x56d0ac3,0x300cf,0x165047b,0xb60acc,0xb7009f,0x99b0089
.4byte 0x99d099c,0x840099e,0x99f083f,0x9a109a0,0x8909a2,0xaa00a9,0xa400ab,0xac0089
.4byte 0xae00ad,0x8900bb,0xb100b0,0x890088,0x8b008a,0x360003,0x380037,0x0
.4byte 0x20001,0x2dd0003,0x890088,0x8b008a,0x8d008c,0x8e0089,0x90008f,0x890091
.4byte 0x930092,0x950094,0x960089,0x9960995,0x997082e,0x9990998,0x9c099a,0x9d0089
.4byte 0x9f009e,0x61600a0,0x270149,0x1fa0000,0x5ad0ac7,0x4dc0297,0x48901b1,0x14f03a0
.4byte 0xed07a4,0x8a40ac8,0x56d0ac3,0x300cf,0x7f0598,0xb601f5,0xb7009f,0x99b0089
.4byte 0x99d099c,0x840099e,0x99f083f,0x9a109a0,0x8909a2,0xaa00a9,0xa400ab,0xac0089
.4byte 0xae00ad,0x8900bb,0xb100b0,0x890088,0x8b008a,0x360003,0x380037,0x0
.4byte 0x20001,0x2dd0003,0x890088,0x8b008a,0x8d008c,0x8e0089,0x90008f,0x890091
.4byte 0x930092,0x950094,0x960089,0x9960995,0x997082e,0x9990998,0x9c099a,0x9d0089
.4byte 0x9f009e,0x3b000a0,0x27c0187,0x1fa0000,0x5ad0ac7,0x4dc0297,0x48901b1,0x14f03a0
.4byte 0xed07a4,0x8a40ac8,0x56d0ac3,0x300cf,0xe900e8,0x9d0acd,0x9f00b6,0x8900b7
.4byte 0x99c099b,0x99e099d,0x83f0840,0x9a0099f,0x9a209a1,0xa90089,0xab00aa,0x8900a4
.4byte 0xad00ac,0xbb00ae,0xb00089,0x8800b1,0x8a0089,0x3008b,0x370036,0x38
.4byte 0x10000,0x30002,0x8802dd,0x8a0089,0x8c008b,0x89008d,0x8f008e,0x910090
.4byte 0x920089,0x940093,0x890095,0x9950096,0x82e0996,0x9980997,0x99a0999,0x89009c
.4byte 0x9e009d,0xa0009f,0x1a80089,0x340,0xac701fa,0x29705ad,0x1b104dc,0x3a00489
.4byte 0x7a4014f,0xac800ed,0xac308a4,0xcf056d,0x250003,0x262020f,0xb6009d,0xb7009f
.4byte 0x99b0089,0x99d099c,0x840099e,0x99f083f,0x9a109a0,0x8909a2,0xaa00a9,0xa400ab
.4byte 0xac0089,0xae00ad,0x8900bb,0xb100b0,0x890088,0x8b008a,0x360003,0x380037
.4byte 0x0,0x20001,0x2dd0003,0x890088,0x8b008a,0x8d008c,0x8e0089,0x90008f
.4byte 0x890091,0x930092,0x950094,0x960089,0x9960995,0x997082e,0x9990998,0x9c099a
.4byte 0x9d0089,0x9f009e,0x8900a0,0x5004ce,0x1fa0000,0x5ad0ac7,0x4dc0297,0x48901b1
.4byte 0x14f03a0,0xed07a4,0x8a40ac8,0x56d0ac3,0x300cf,0x2c102dd,0x9d0141,0x9f00b6
.4byte 0x8900b7,0x99c099b,0x99e099d,0x83f0840,0x9a0099f,0x9a209a1,0xa90089,0xab00aa
.4byte 0x8900a4,0xad00ac,0xbb00ae,0xb00089,0x8800b1,0x8a0089,0x3008b,0x370036
.4byte 0x38,0x10000,0x30002,0x8802dd,0x8a0089,0x8c008b,0x89008d,0x8f008e
.4byte 0x910090,0x920089,0x940093,0x890095,0x9950096,0x82e0996,0x9980997,0x99a0999
.4byte 0x89009c,0x9e009d,0xa0009f,0x5510089,0x33016b,0x1fa0000,0x5ad0ac7,0x4dc0297
.4byte 0x48901b1,0x14f03a0,0xed07a4,0x8a40ac8,0x56d0ac3,0x300cf,0xc00215,0x9d00b5
.4byte 0x9f00b6,0x8900b7,0x99c099b,0x99e099d,0x83f0840,0x9a0099f,0x9a209a1,0xa90089
.4byte 0xab00aa,0x8900a4,0xad00ac,0xbb00ae,0xb00089,0x8800b1,0x8a0089,0x3008b
.4byte 0x370036,0x38,0x10000,0x30002,0x8802dd,0x8a0089,0x8c008b,0x89008d
.4byte 0x8f008e,0x910090,0x920089,0x940093,0x890095,0x9950096,0x82e0996,0x9980997
.4byte 0x99a0999,0x89009c,0x9e009d,0xa0009f,0x45e0089,0x2702d0,0x1fa0000,0x5ad0ac7
.4byte 0x4dc0297,0x48901b1,0x14f03a0,0xed07a4,0x8a40ac8,0x56d0ac3,0x300cf,0xd100d0
.4byte 0x9d00a4,0x9f00b6,0x8900b7,0x99c099b,0x99e099d,0x83f0840,0x9a0099f,0x9a209a1
.4byte 0xa90089,0xab00aa,0x8900a4,0xad00ac,0xbb00ae,0xb00089,0x8800b1,0x8a0089
.4byte 0x3008b,0x370036,0x38,0x10000,0x30002,0x8802dd,0x8a0089,0x8c008b
.4byte 0x89008d,0x8f008e,0x910090,0x920089,0x940093,0x890095,0x9950096,0x82e0996
.4byte 0x9980997,0x99a0999,0x89009c,0x9e009d,0xa0009f,0x3b00089,0x220371,0x1fa0000
.4byte 0x5ad0ac7,0x4dc0297,0x48901b1,0x14f03a0,0xed07a4,0x8a40ac8,0x56d0ac3,0x300cf
.4byte 0x44403c5,0x9d0089,0x9f00b6,0x8900b7,0x99c099b,0x99e099d,0x83f0840,0x9a0099f
.4byte 0x9a209a1,0xa90089,0xab00aa,0x8900a4,0xad00ac,0xbb00ae,0xb00089,0x8800b1
.4byte 0x8a0089,0x3008b,0x370036,0x38,0x10000,0x30002,0x8802dd,0x8a0089
.4byte 0x8c008b,0x89008d,0x8f008e,0x910090,0x920089,0x940093,0x890095,0x9950096
.4byte 0x82e0996,0x9980997,0x99a0999,0x89009c,0x9e009d,0xa0009f,0x1a80089,0x2b8
.4byte 0xac701fa,0x29705ad,0x1b104dc,0x3a00489,0x7a4014f,0xac800ed,0xac308a4,0xcf056d
.4byte 0x2b0003,0x6b6020f,0x9d0089,0x9f00b6,0x8900b7,0x99c099b,0x99e099d,0x83f0840
.4byte 0x9a0099f,0x9a209a1,0xa90089,0xab00aa,0x8900a4,0xad00ac,0xbb00ae,0xb00089
.4byte 0x8800b1,0x8a0089,0x3008b,0x370036,0x38,0x10000,0x30002,0x8802dd
.4byte 0x8a0089,0x8c008b,0x89008d,0xc700c6,0xc900c8,0xcb00ca,0xcd00cc,0x89009c
.4byte 0x930092,0x950094,0x960089,0x9960995,0x997082e,0x9990998,0x9c099a,0x9d0089
.4byte 0x9f009e,0x8900a0,0x5004ce,0x1fa0000,0x5ad0ac7,0x4dc0297,0x48901b1,0x14f03a0
.4byte 0xed07a4,0x8a40ac8,0x56d0ac3,0x300cf,0x2c10311,0x8901b5,0xb6009d,0xb7009f
.4byte 0x99b0089,0x99d099c,0x840099e,0x99f083f,0x9a109a0,0x8909a2,0xaa00a9,0xa400ab
.4byte 0xd30089,0xd500d4,0xd700d6,0xd900d8,0xa400da,0xb00089,0x8800b1,0x8a0089
.4byte 0x3008b,0x370036,0x38,0x10000,0x30002,0x8802dd,0x8a0089,0x8c008b
.4byte 0x89008d,0xdb008e,0xdd00dc,0xdf00de,0xe100e0,0xe300e2,0xe40046,0x920089
.4byte 0x940093,0x890095,0x9950096,0x82e0996,0x9980997,0x99a0999,0x89009c,0x9e009d
.4byte 0xa0009f,0x5510089,0x2d016b,0x1fa0000,0x5ad0ac7,0x4dc0297,0x48901b1,0x14f03a0
.4byte 0xed07a4,0x8a40ac8,0x56d0ac3,0x300cf,0xc000bf,0x8900b5,0xb6009d,0xb7009f
.4byte 0x99b0089,0x99d099c,0x840099e,0x99f083f,0x9a109a0,0x8909a2,0xaa00a9,0xa400ab
.4byte 0xeb0089,0xed00ec,0xef00ee,0xf100f0,0xf300f2,0xf500f4,0x8900f6,0xb100b0
.4byte 0x890088,0x8b008a,0x360003,0x380037,0x0,0x20001,0x2dd0003,0x890088
.4byte 0x8b008a,0x8d008c,0x9d0089,0xf800f7,0xfa00f9,0x300fb,0xfc00e0,0xfe00fd
.4byte 0xa400ff,0x920089,0x940093,0x890095,0x9950096,0x82e0996,0x9980997,0x99a0999
.4byte 0x89009c,0x9e009d,0xa0009f,0x45e0089,0x2702d0,0x1fa0000,0x5ad0ac7,0x4dc0297
.4byte 0x48901b1,0x14f03a0,0xed07a4,0x8a40ac8,0x56d0ac3,0x300cf,0x6f900d0,0x8900a4
.4byte 0xb6009d,0xb7009f,0x99b0089,0x99d099c,0x840099e,0x99f083f,0x9a109a0,0x8909a2
.4byte 0xaa00a9,0xa400ab,0x1040089,0x1060105,0x1080107,0x30030,0x10900e8,0x10b010a
.4byte 0x10c00d8,0xb00089,0x8800b1,0x8a0089,0x3008b,0x370036,0x38,0x10000
.4byte 0x30002,0x8802dd,0x8a0089,0x8c008b,0x89008d,0x10d009d,0x10f010e,0x3110030
.4byte 0x4f800aa,0x12e0334,0x2a0090,0x114002b,0x1160115,0x920089,0x940093,0x890095
.4byte 0x9950096,0x82e0996,0x9980997,0x99a0999,0x89009c,0x9e009d,0xa0009f,0x3b00089
.4byte 0x220371,0x1fa0000,0x5ad0ac7,0x4dc0297,0x48901b1,0x14f03a0,0xed07a4,0x8a40ac8
.4byte 0x56d0ac3,0x300cf,0xace00e9,0x9d0089,0x9f00b6,0x8900b7,0x99c099b,0x99e099d
.4byte 0x83f0840,0x9a0099f,0x9a209a1,0xa90089,0xab00aa,0x8900a4,0x11c011b,0x11e011d
.4byte 0x2150003,0xf90237,0x263011a,0x306b8,0x1240123,0x10c0058,0xb00089,0x8800b1
.4byte 0x8a0089,0x3008b,0x370036,0x38,0x10000,0x30002,0x8802dd,0x8a0089
.4byte 0x8c008b,0x89008d,0x125008e,0x1270126,0x44000e0,0x6ae06ad,0x2570659,0x6b006af
.4byte 0x12e06b1,0x12f00fb,0x1310130,0x920089,0x940093,0x890095,0x9950096,0x82e0996
.4byte 0x9980997,0x99a0999,0x89009c,0x9e009d,0xa0009f,0x1a80089,0x2b8,0xac701fa
.4byte 0x29705ad,0x1b104dc,0x3a00489,0x7a4014f,0xac800ed,0xac308a4,0xcf056d,0x2b0003
.4byte 0x219020f,0x9d0089,0x9f00b6,0x8900b7,0x99c099b,0x99e099d,0x83f0840,0x9a0099f
.4byte 0x9a209a1,0xa90089,0xab00aa,0x8900a4,0x13700e5,0x1220138,0x4620478,0x23f03a2
.4byte 0x54802bc,0x6b301f0,0x11306b4,0x13f002b,0x1410140,0xb00089,0x8800b1,0x8a0089
.4byte 0x3008b,0x370036,0x38,0x10000,0x30002,0x8802dd,0x8a0089,0x8c008b
.4byte 0x89008d,0x10e0142,0x40100e7,0x5c023f,0x40e0377,0x3af06a6,0x6a701ab,0x2bc058c
.4byte 0x14d023f,0x14e012f,0x89010c,0x930092,0x950094,0x960089,0x9960995,0x997082e
.4byte 0x9990998,0x9c099a,0x9d0089,0x9f009e,0x8900a0,0x6604ce,0x1fa0000,0x5ad0ac7
.4byte 0x4dc0297,0x48901b1,0x14f03a0,0xed07a4,0x8a40ac8,0x56d0ac3,0x300cf,0x1d902dd
.4byte 0x8906b2,0xb6009d,0xb7009f,0x99b0089,0x99d099c,0x840099e,0x99f083f,0x9a109a0
.4byte 0x8909a2,0xaa00a9,0xa400ab,0x9d0089,0x1540153,0x6a90122,0x2bc06aa,0x25106ab
.4byte 0x6ac060c,0x6c0096,0x1180590,0xfb0507,0x1620161,0x8900b5,0xb100b0,0x890088
.4byte 0x8b008a,0x360003,0x380037,0x0,0x20001,0x2dd0003,0x890088,0x8b008a
.4byte 0x8d008c,0x1170089,0x1340163,0x1d600c3,0x6390301,0x3e201d6,0x21603e3,0x1cb03e2
.4byte 0x60c069e,0x6a0069f,0x17001c7,0x1720171,0x920089,0x940093,0x890095,0x9950096
.4byte 0x82e0996,0x9980997,0x99a0999,0x89009c,0x9e009d,0xa0009f,0x45e0089,0x33016b
.4byte 0x1fa0000,0x5ad0ac7,0x4dc0297,0x48901b1,0x14f03a0,0xed07a4,0x8a40ac8,0x56d0ac3
.4byte 0x300cf,0x4d50143,0x89009c,0xb6009d,0xb7009f,0x99b0089,0x99d099c,0x840099e
.4byte 0x99f083f,0x9a109a0,0x8909a2,0xaa00a9,0xa400ab,0x1760089,0x1780177,0x62606a2
.4byte 0x2e003bc,0x3e706a3,0x3e8001f,0x30903e9,0x6a4021d,0x17701c4,0x16a06a5,0xa40183
.4byte 0xb00089,0x8800b1,0x8a0089,0x3008b,0x370036,0x38,0x10000,0x30002
.4byte 0x8802dd,0x8a0089,0x8c008b,0x89008d,0x184008e,0x1510185,0x43604f6,0x33501bf
.4byte 0x2770681,0x1860476,0x27b03f2,0x324069a,0x1b1018d,0x14d048f,0x19400e9,0x8900a4
.4byte 0x930092,0x950094,0x960089,0x9960995,0x997082e,0x9990998,0x9c099a,0x9d0089
.4byte 0x9f009e,0x8900a0,0x1490616,0x27,0xac701fa,0x29705ad,0x1b104dc,0x3a00489
.4byte 0x7a4014f,0xac800ed,0xac308a4,0xcf056d,0x4960003,0xa4007f,0x9d0089,0x9f00b6
.4byte 0x8900b7,0x99c099b,0x99e099d,0x83f0840,0x9a0099f,0x9a209a1,0xa90089,0xab00aa
.4byte 0x8900a4,0x1980195,0x69b00e7,0x2d00361,0x69c007a,0xb20385,0x3e80324,0x69d03f7
.4byte 0x3c301fd,0x6720213,0x1a301a6,0xbb01a4,0xb00089,0x8800b1,0x8a0089,0x3008b
.4byte 0x370036,0x38,0x10000,0x30002,0x8802dd,0x8a0089,0x8c008b,0x89008d
.4byte 0x1a601a5,0x1a70111,0x1d40149,0x3be0012,0x2790569,0x18603fe,0x6950267,0x2a30696
.4byte 0x1a90447,0x1b20192,0x1b401b3,0x8901b5,0x930092,0x950094,0x960089,0x9960995
.4byte 0x997082e,0x9990998,0x9c099a,0x9d0089,0x9f009e,0x8900a0,0x1a103b0,0x27c
.4byte 0xac701fa,0x29705ad,0x1b104dc,0x3a00489,0x7a4014f,0xac800ed,0xac308a4,0xcf056d
.4byte 0xe80003,0x2020558,0x9d0089,0x9f00b6,0x8900b7,0x99c099b,0x99e099d,0x83f0840
.4byte 0x9a0099f,0x9a209a1,0xa90089,0xab00aa,0x8e00a4,0x1ba01b9,0x1bb00d7,0x5e003f
.4byte 0x5a302e0,0x6990698,0x3e801ca,0x1cc0166,0x65803c2,0x8001d4,0x1c501a2,0x1650097
.4byte 0x89009c,0xb100b0,0x890088,0x8b008a,0x360003,0x380037,0x0,0x20001
.4byte 0x2dd0003,0x890088,0x8b008a,0x8d008c,0x1c600eb,0x1c801c7,0x2701c9,0x120248
.4byte 0x1840347,0x40c01cc,0x40d01d6,0x5660609,0x71007a,0x20b027c,0x201d5,0x1d600c3
.4byte 0x9200d2,0x940093,0x890095,0x9950096,0x82e0996,0x9980997,0x99a0999,0x89009c
.4byte 0x9e009d,0xa0009f,0x5100089,0x20c,0xac701fa,0x29705ad,0x1b104dc,0x3a00489
.4byte 0x7a4014f,0xac800ed,0xac308a4,0xcf056d,0x1f40003,0x10c01b4,0x9d0089,0x9f00b6
.4byte 0x8900b7,0x99c099b,0x99e099d,0x83f0840,0x9a0099f,0x9a209a1,0xa90089,0xab00aa
.4byte 0xce00a4,0x1da0177,0x16b01db,0x4a0530,0x4b00309,0x4140278,0x41501ca,0x2790416
.4byte 0x2b70347,0x3301d4,0x790042,0x1e701e6,0x8901e8,0xb100b0,0x890088,0x8b008a
.4byte 0x360003,0x380037,0x0,0x20001,0x2dd0003,0x890088,0x8b008a,0x8d008c
.4byte 0x1ea01e9,0x19100d7,0x1d,0x213026b,0x4640691,0x41a0419,0x40d01d6,0x147054a
.4byte 0x1dc0319,0x27c,0x7201b0,0x1350134,0x9201f3,0x940093,0x890095,0x9950096
.4byte 0x82e0996,0x9980997,0x99a0999,0x89009c,0x9e009d,0xa0009f,0x4ce0089,0x2d003f
.4byte 0x1fa0000,0x5ad0ac7,0x4dc0297,0x48901b1,0x14f03a0,0xed07a4,0x8a40ac8,0x56d0ac3
.4byte 0x300cf,0x24500f1,0x890172,0xb6009d,0xb7009f,0x99b0089,0x99d099c,0x840099e
.4byte 0x99f083f,0x9a109a0,0x8909a2,0xaa00a9,0x1f500ab,0x1e60133,0x1f701f6,0x1e0203
.4byte 0x398006e,0x2780442,0x1ca0420,0x4220415,0x6920277,0x6e005f,0x2d,0x204015c
.4byte 0x20501da,0xb000b5,0x8800b1,0x8a0089,0x3008b,0x370036,0x38,0x10000
.4byte 0x30002,0x8802dd,0x8a0089,0x8c008b,0x2070206,0x2090208,0x20a,0x1e5002e
.4byte 0x68e02c3,0x690068f,0x53b0427,0x278051c,0x6e040b,0x27,0x2140213,0x2160215
.4byte 0x930217,0x950094,0x960089,0x9960995,0x997082e,0x9990998,0x9c099a,0x9d0089
.4byte 0x9f009e,0x8900a0,0x18d045e,0x27,0xac701fa,0x29705ad,0x1b104dc,0x3a00489
.4byte 0x7a4014f,0xac800ed,0xac308a4,0xcf056d,0xc30003,0xd200d1,0x9d0089,0x9f00b6
.4byte 0x8900b7,0x99c099b,0x99e099d,0x83f0840,0x9a0099f,0x9a209a1,0xa90089,0xab00aa
.4byte 0xbe01a5,0x5f021a,0x22,0x3a801d4,0x1470436,0x8204b8,0x6810415,0x2cb0267
.4byte 0x4a02a8,0x530000,0x930220,0x2220221,0xb100b0,0x890088,0x8b008a,0x360003
.4byte 0x380037,0x0,0x20001,0x2dd0003,0x890088,0x8b008a,0xf7008c,0x22301c5
.4byte 0x2030224,0x2e0000,0x43004e3,0x6540431,0x4270426,0x4420435,0x3ef02a0,0x2701d4
.4byte 0x530000,0x9a022c,0xd901c0,0x940093,0x890095,0x9950096,0x82e0996,0x9980997
.4byte 0x99a0999,0x89009c,0x9e009d,0xa0009f,0x3b00089,0x270371,0x1fa0000,0x5ad0ac7
.4byte 0x4dc0297,0x48901b1,0x14f03a0,0xed07a4,0x8a40ac8,0x56d0ac3,0x300cf,0x6a900e8
.4byte 0x8903c6,0xb6009d,0xb7009f,0x99b0089,0x99d099c,0x840099e,0x99f083f,0x9a109a0
.4byte 0x8909a2,0xaa00a9,0x13300ab,0x22e0127,0x20a,0x5a001d4,0x55501a8,0x82002f
.4byte 0x68d021d,0x1a8041b,0x5e0347,0x1b00000,0x2370236,0x2390238,0x8800b1,0x8a0089
.4byte 0x3008b,0x370036,0x38,0x10000,0x30002,0x8802dd,0x8a0089,0x8c008b
.4byte 0x23a0163,0x1d023b,0x2e0000,0x61101dc,0x1ae002f,0x427021d,0x1b10435,0x5270513
.4byte 0x20301d4,0x2410000,0x2430242,0x930244,0x950094,0x960089,0x9960995,0x997082e
.4byte 0x9990998,0x9c099a,0x9d0089,0x9f009e,0x8900a0,0x2b801a8,0x1fa0000,0x5ad0ac7
.4byte 0x4dc0297,0x48901b1,0x14f03a0,0xed07a4,0x8a40ac8,0x56d0ac3,0x300cf,0x20f002b
.4byte 0x890219,0xb6009d,0xb7009f,0x99b0089,0x99d099c,0x840099e,0x99f083f,0x9a109a0
.4byte 0x8909a2,0xaa00a9,0x2460245,0x24700a7,0x203,0x16901eb,0x35002cb,0x48002f
.4byte 0x1d6021d,0x4420435,0x5e0337,0x24e0000,0x250024f,0xb10251,0x890088,0x8b008a
.4byte 0x360003,0x380037,0x0,0x20001,0x2dd0003,0x890088,0x8b008a,0x1ea0252
.4byte 0x2530223,0x2d,0x5e0053,0x24a068a,0x21d0451,0x24a044d,0x67604f0,0x1d403cf
.4byte 0x33,0x25c001e,0x25e025d,0x94025f,0x890095,0x9950096,0x82e0996,0x9980997
.4byte 0x99a0999,0x89009c,0x9e009d,0xa0009f,0x4ce0089,0x66,0xac701fa,0x29705ad
.4byte 0x1b104dc,0x3a00489,0x7a4014f,0xac800ed,0xac308a4,0xcf056d,0x310003,0x14101d9
.4byte 0x9d0089,0x9f00b6,0x8900b7,0x99c099b,0x99e099d,0x83f0840,0x9a0099f,0x9a209a1
.4byte 0xa90089,0x10b00aa,0x2640263,0x265,0x18b0248,0x68b03ff,0x451002f,0x44d021d
.4byte 0x4dc024a,0x1a9068c,0x26b0000,0x26d026c,0xb100f3,0x890088,0x8b008a,0x360003
.4byte 0x380037,0x0,0x20001,0x2dd0003,0x890088,0x8b008a,0x26f026e,0x1d023b
.4byte 0x530000,0x551005e,0xacf024a,0x3200ad0,0x4d202c9,0x6870686,0x2d01d4,0x2730000
.4byte 0x970274,0x940275,0x890095,0x9950096,0x82e0996,0x9980997,0x99a0999,0x89009c
.4byte 0x9e009d,0xa0009f,0x45e0089,0x33018d,0x1fa0000,0x5ad0ac7,0x4dc0297,0x48901b1
.4byte 0x14f03a0,0xed07a4,0x8a40ac8,0x56d0ac3,0x300cf,0x1650401,0x89009c,0xb6009d
.4byte 0xb7009f,0x99b0089,0x99d099c,0x840099e,0x99f083f,0x9a109a0,0x8909a2,0xaa00a9
.4byte 0xd7014c,0x330276,0x26b0000,0x3f30012,0x15a05fe,0x1fa020a,0x2f065d,0x904b0
.4byte 0x1a9,0x27d024e,0x27e00e1,0x890088,0x8b008a,0x360003,0x380037,0x0
.4byte 0x20001,0x2dd0003,0x890088,0x8b008a,0x280027f,0x2d0281,0x280000,0x48e01a9
.4byte 0x4d2053b,0x3200ad1,0x65102c9,0x43c01fd,0x4a,0x2850057,0x2870286,0x950094
.4byte 0x960089,0x9960995,0x997082e,0x9990998,0x9c099a,0x9d0089,0x9f009e,0x8900a0
.4byte 0x6530616,0x27,0xac701fa,0x29705ad,0x1b104dc,0x3a00489,0x7a4014f,0xac800ed
.4byte 0xac308a4,0xcf056d,0x6b40003,0xa4052c,0x9d0089,0x9f00b6,0x8900b7,0x99c099b
.4byte 0x99e099d,0x83f0840,0x9a0099f,0x9a209a1,0xa90089,0x28c028b,0x28e028d,0x2e0000
.4byte 0x3be0213,0x40e0680,0x1d4020a,0x2f05fe,0x3c0685,0x340,0x293026b,0x27f00ca
.4byte 0x890088,0x8b008a,0x360003,0x380037,0x0,0x20001,0x2dd0003,0x890088
.4byte 0x294008a,0x2950110,0x83,0x5e0057,0x40d04d2,0x3b40302,0x2f0680,0x40c007a
.4byte 0x4a041f,0x29b0000,0x110029c,0x95029d,0x960089,0x9960995,0x997082e,0x9990998
.4byte 0x9c099a,0x9d0089,0x9f009e,0x8900a0,0x1a803b0,0x1f2,0xac701fa,0x29705ad
.4byte 0x1b104dc,0x3a00489,0x7a4014f,0xac800ed,0xac308a4,0xcf056d,0x2b0003,0xad2025e
.4byte 0x9d0089,0x9f00b6,0x8900b7,0x99c099b,0x99e099d,0x83f0840,0x9a0099f,0x9a209a1
.4byte 0xa90089,0xbf01c7,0x203029e,0x2e0000,0x3d10601,0x24a006b,0x4260651,0x15a0682
.4byte 0xd025c,0x2b8,0x2a50064,0x8801a3,0x8a0089,0x3008b,0x370036,0x38
.4byte 0x10000,0x30002,0x8802dd,0x8a0089,0x2a702a6,0x3302a8,0x1e0000,0x672004a
.4byte 0x4890675,0x31c0676,0x677015a,0x2a803a4,0x4a,0x2ad0053,0x2ae0196,0x890095
.4byte 0x9950096,0x82e0996,0x9980997,0x99a0999,0x89009c,0x9e009d,0xa0009f,0x4ce0089
.4byte 0x67a,0xac701fa,0x29705ad,0x1b104dc,0x3a00489,0x7a4014f,0xac800ed,0xac308a4
.4byte 0xcf056d,0x2dd0003,0x1b502c1,0x9d0089,0x9f00b6,0x8900b7,0x99c099b,0x99e099d
.4byte 0x83f0840,0x9a0099f,0x9a209a1,0x2af0089,0x2b102b0,0x47,0x1e5002e,0x5a502a8
.4byte 0x67202c9,0x67d016d,0x67f067e,0x27c000d,0xa0000,0x1f4018e,0x8902ba,0x8b008a
.4byte 0x360003,0x380037,0x0,0x20001,0x2bb0003,0x59,0x4a001e,0x3e20451
.4byte 0x608055a,0x15a004f,0x2c3066e,0x1a903be,0x7e0000,0x302c4,0x99609a6,0x997082e
.4byte 0x9a70998,0x3086e,0x1910ad3,0x212,0x12001e,0x2cc0ad4,0x6f40003,0x99d09b6
.4byte 0x840099e,0x99f083f,0x9b709a0,0x30666,0x2202c6,0x530000,0x67004e3,0x41b0671
.4byte 0x16d0672,0x6730397,0x16b0674,0x27c,0x15a0053,0x302cc,0x370036,0x38
.4byte 0x10000,0x30002,0x2702cd,0x4a0000,0x2770441,0x33f04f9,0x15a065d,0x635065e
.4byte 0x1a90337,0x26b0000,0x3002d6,0x9a60003,0x82e0996,0x9980997,0x86e09a7,0xad30003
.4byte 0x2120191,0x1e0000,0xad40012,0x302cc,0x9b606f4,0x99e099d,0x83f0840,0x9a0099f
.4byte 0x66609b7,0x2d70003,0x2d006a,0x530000,0x66b01dc,0x41b066c,0x16d066d,0x32e03fb
.4byte 0x447030d,0x22,0x2dc0012,0x360003,0x380037,0x0,0x870086,0x890088
.4byte 0x170008f,0x292,0x30d01d4,0x4a60452,0x659033f,0x3ce04d8,0x4330609,0x1a9
.4byte 0x2e4001e,0x17b02e5,0x960089,0x9960995,0xad5082e,0xad70ad6,0xad90ad8,0xadb0ada
.4byte 0xadd0adc,0xa50089,0x41003e9,0xad30003,0x2120191,0x1e0000,0xad40012,0x302cc
.4byte 0x411002b,0x890aca,0xade009d,0xae00adf,0xad90ae1,0xae30ae2,0x83f0ae4,0x9a0099f
.4byte 0x9a209a1,0xe50089,0x20000ad,0x265,0x5e0053,0x180065a,0x65b02b5,0x3fb016d
.4byte 0x65c00a9,0x270271,0x60000,0xae0303,0x890304,0x8b008a,0x2200bc,0x0
.4byte 0x870086,0x890088,0x1f000eb,0x3060305,0x1d40000,0x6570398,0x33f0658,0x4550659
.4byte 0x51c01ab,0x34001d1,0x120000,0x30f030e,0x8900d2,0x9950096,0x82e0996,0xad60ad5
.4byte 0xad80ad7,0xada0ad9,0xadc0adb,0x890add,0x153008e,0x30185,0x1910ad3,0x212
.4byte 0x12001e,0x2cc0ad4,0x2dd0003,0x1b50312,0x9d0089,0xadf0ade,0xae10ae0,0xae20ad9
.4byte 0xae40ae3,0x99f083f,0x9a109a0,0x8909a2,0x3140313,0x2702cd,0x280000,0x4f9005e
.4byte 0x4bb026c,0x16d04d2,0x54f03fb,0x1dc0441,0x27,0x31b0057,0x31c0155,0x8a0089
.4byte 0xbc008b,0x22,0x860000,0x880087,0x920089,0x31d009a,0x27,0x20d01eb
.4byte 0x1910654,0x5d024b,0x1ab0644,0x730442,0x2b8,0x3250006,0xaf0223,0x960089
.4byte 0x9960995,0xad5082e,0xad70ad6,0xad90ad8,0xadb0ada,0xadd0adc,0xae50089,0x3001a6
.4byte 0xad30003,0x2120191,0x1e0000,0xad40012,0x302cc,0x4d50151,0x89009c,0xade009d
.4byte 0xae00adf,0xad90ae1,0xae30ae2,0x83f0ae4,0x9a0099f,0x9a209a1,0x2390089,0x6a0326
.4byte 0x570000,0x510005e,0x1fe026c,0x65504d2,0x65603fb,0x6e0082,0x203,0x3310012
.4byte 0xa40332,0x8a0089,0xbc008b,0x22,0x860000,0x880087,0x3330089,0x3350334
.4byte 0x2480000,0x45f03a8,0x24b0052,0x26c005d,0x1b101fe,0x2b8003c,0x570000,0x3260339
.4byte 0x89033a,0x9950096,0x82e0996,0xad60ad5,0xad80ad7,0xada0ad9,0xadc0adb,0x890add
.4byte 0x5a90195,0x30119,0x1910ad3,0x212,0x12001e,0x2cc0ad4,0x11a0003,0xa4052c
.4byte 0x9d0089,0xadf0ade,0xae10ae0,0xae20ad9,0xae40ae3,0x99f083f,0x9a109a0,0x8909a2
.4byte 0x33b008e,0x306033c,0x570000,0x489005e,0x21e0644,0x36503ef,0x547043e,0x6e0457
.4byte 0x33,0x3440343,0x8d02ae,0x8a0089,0xbc008b,0x22,0x860000,0x880087
.4byte 0x3450089,0x470346,0x26b0000,0x65105a0,0x43e05a1,0x26c005d,0x4f00477,0x27c000d
.4byte 0x18b0000,0x34b034a,0x960089,0x9960995,0xad5082e,0xad70ad6,0xad90ad8,0xadb0ada
.4byte 0xadd0adc,0xeb0089,0x1340133,0xad30003,0x2120191,0x1e0000,0xad40012,0x302cc
.4byte 0x135002b,0x890ad2,0xade009d,0xae00adf,0xad90ae1,0xae30ae2,0x83f0ae4,0x9a0099f
.4byte 0x9a209a1,0x8a0089,0x350034f,0x27,0x4a001e,0x45504f0,0x3ef021e,0x43e0365
.4byte 0x6520098,0x2d01d4,0x530000,0x3540353,0x890355,0x8b008a,0x2200bc,0x0
.4byte 0x870086,0x890088,0x35600a5,0x220357,0x60000,0x30203b2,0x43e0365,0x2b6005c
.4byte 0x49d0189,0x22000d,0x35a0000,0x29a035b,0x89009c,0x9950096,0x82e0996,0xad60ad5
.4byte 0xad80ad7,0xada0ad9,0xadc0adb,0x890add,0x1d7008e,0x301d8,0x1910ad3,0x212
.4byte 0x12001e,0x2cc0ad4,0x310003,0x14101d9,0x9d0089,0xadf0ade,0xae10ae0,0xae20ad9
.4byte 0xae40ae3,0x99f083f,0x9a109a0,0x8909a2,0x35e00b8,0x2d035f,0x4a0000,0x17e0302
.4byte 0x56703ce,0x43e0365,0x302005c,0x1d4,0x4180362,0x890363,0x8b008a,0x2200bc
.4byte 0x0,0x870086,0x890088,0x3140364,0x2d0365,0x2e0000,0x1b10169,0x43e002c
.4byte 0x5cc0602,0x1d5064b,0x27016b,0x530000,0x36b002f,0x8900af,0x9950096,0x82e0996
.4byte 0xad60ad5,0xad80ad7,0xada0ad9,0xadc0adb,0x890add,0x1a601a5,0x302cc,0x1910ad3
.4byte 0x212,0x12001e,0x2cc0ad4,0x4010003,0x9c0165,0x9d0089,0xadf0ade,0xae10ae0
.4byte 0xae20ad9,0xae40ae3,0x99f083f,0x9a109a0,0x8909a2,0x36e0239,0x59,0x1d501fa
.4byte 0x2ad0650,0x3650157,0x52d043e,0x1fa04f0,0xe0000,0x3770376,0x8900a4,0x8b008a
.4byte 0x2200bc,0x0,0x870086,0x890088,0x1550378,0x9,0x18b002e,0x5320489
.4byte 0x602064a,0x64b0079,0x64c0636,0x27,0x26e037f,0x890380,0x9950096,0x82e0996
.4byte 0xad60ad5,0xad80ad7,0xada0ad9,0xadc0adb,0x890add,0x2d10117,0x3052b,0x1910ad3
.4byte 0x212,0x12001e,0x2cc0ad4,0x6b40003,0xa40ae6,0x9d0089,0xadf0ade,0xae10ae0
.4byte 0xae20ad9,0xae40ae3,0x99f083f,0x9a109a0,0x8909a2,0x3820381,0x83,0x63601d4
.4byte 0x64d02b5,0x64e0157,0x23b064f,0x1fa0489,0x2e0000,0x3890388,0x890172,0x8b008a
.4byte 0x2200bc,0x0,0x870086,0x890088,0x346038a,0x38b,0x45002e,0x5320510
.4byte 0x3200647,0x17e01d2,0x1c1044c,0x27,0xd6018b,0x890393,0x9950096,0x82e0996
.4byte 0xad60ad5,0xad80ad7,0xada0ad9,0xadc0adb,0x890add,0x218009d,0x300a2,0x1910ad3
.4byte 0x212,0x12001e,0x2cc0ad4,0x250003,0x262020f,0x9d0089,0xadf0ade,0xae10ae0
.4byte 0xae20ad9,0xae40ae3,0x99f083f,0x9a109a0,0x8909a2,0x39600e5,0x270397,0x1d40000
.4byte 0x4770648,0x59022f,0x6490080,0x51002cd,0x4a,0x21e0057,0x304039b,0x8a0089
.4byte 0xbc008b,0x22,0x860000,0x880087,0x9d0089,0x39d039c,0x22,0x45002e
.4byte 0x63e04ce,0x32001df,0x644033d,0x2710641,0x27,0x3a1035a,0xa403a2,0x960089
.4byte 0x9960995,0xad5082e,0xad70ad6,0xad90ad8,0xadb0ada,0xadd0adc,0x8e0089,0x408034c
.4byte 0x30030,0x1910ad3,0x212,0x12001e,0x2cc0ad4,0x1390003,0x6b20359,0x9d0089
.4byte 0xadf0ade,0xae10ae0,0xae20ad9,0xae40ae3,0x99f083f,0x9a109a0,0x8909a2,0x2600364
.4byte 0x2d03a4,0x1d40000,0x2a10645,0x59033d,0x6460080,0x4ce031d,0x4a,0x2bd03a8
.4byte 0x8903a9,0x8b008a,0x2200bc,0x0,0x870086,0x890088,0x3aa011b,0x2cd
.4byte 0x2130053,0x633060e,0x63b031d,0x290640,0x1c30641,0x2d0149,0x2e0000,0x3890348
.4byte 0x890172,0x9950096,0x82e0996,0xad60ad5,0xad80ad7,0xada0ad9,0xadc0adb,0x890add
.4byte 0x10100ce,0x3002a,0x1910ad3,0x212,0x12001e,0x2cc0ad4,0x4690003,0xd200d1
.4byte 0x9d0089,0xadf0ade,0xae10ae0,0xae20ad9,0xae40ae3,0x99f083f,0x9a109a0,0x8909a2
.4byte 0x1140378,0x3c,0x4360642,0x1ab0643,0x3b00054,0x63e0041,0x60e0630,0x21b
.4byte 0x3ba03b9,0x8903bb,0x8b008a,0x2200bc,0x0,0x870086,0x890088,0x3bd03bc
.4byte 0x3be,0x5a80053,0x633063a,0x63b031d,0x2903bc,0x24e044c,0x3f063c,0x1e0000
.4byte 0x3c4021e,0x890304,0x9950096,0x82e0996,0xad60ad5,0xad80ad7,0xada0ad9,0xadc0adb
.4byte 0x890add,0x1c600a5,0x300e7,0x1910ad3,0x212,0x12001e,0x2cc0ad4,0xe80003
.4byte 0xae70252,0x9d0089,0xadf0ade,0xae10ae0,0xae20ad9,0xae40ae3,0x99f083f,0x9a109a0
.4byte 0x8909a2,0x36b03c7,0x85,0x6360053,0x26603b8,0x1d2021e,0x41063d,0x630063e
.4byte 0x1a9063f,0x3430000,0x3cb03ca,0x8900a4,0x8b008a,0x2200bc,0x0,0x870086
.4byte 0x890088,0x3cd03cc,0x59,0x5fc0053,0x6300635,0x62602cd,0x5010142,0x2d30636
.4byte 0x43c0637,0x27,0x3d503d4,0x8903d6,0x9950096,0x82e0996,0xad60ad5,0xad80ad7
.4byte 0xada0ad9,0xadc0adb,0x890add,0x153009d,0x30ae8,0x1910ad3,0x212,0x12001e
.4byte 0x2cc0ad4,0x3110003,0x10c0ae9,0x9d0089,0xadf0ade,0xae10ae0,0xae20ad9,0xae40ae3
.4byte 0x99f083f,0x9a109a0,0x8909a2,0x3da008e,0x2203db,0x4d0000,0x17f030a,0x3ce02e2
.4byte 0x638033d,0x62004fb,0x6390630,0x1a9,0x2300053,0x17203de,0x8a0089,0xbc008b
.4byte 0x22,0x860000,0x880087,0x3df0089,0x3e00386,0x530000,0x62f01e3,0x2cd0630
.4byte 0xdb0626,0x2200521,0x6e,0x3e503e4,0x890363,0x9950096,0x82e0996,0xad60ad5
.4byte 0xad80ad7,0xada0ad9,0xadc0adb,0x890add,0x15001b6,0x30030,0x1910ad3,0x212
.4byte 0x12001e,0x2cc0ad4,0x1510003,0xb50152,0x9d0089,0xadf0ade,0xae10ae0,0xae20ad9
.4byte 0xae40ae3,0x99f083f,0x9a109a0,0x8909a2,0x39600a5,0x2d03e6,0x60000,0x6310226
.4byte 0x63201c4,0x62004fb,0x6340633,0x1a9,0x3eb001e,0x30403ec,0x8a0089,0xbc008b
.4byte 0x22,0x860000,0x880087,0x8e0089,0x3ee03ed,0x27,0x4e30028,0x625061f
.4byte 0x62605f2,0x720627,0x1fa049d,0x5f6002e,0x2ca05f7,0x5f80003,0x22,0x3a103f4
.4byte 0x890332,0x9950096,0x82e0996,0xad60ad5,0xad80ad7,0xada0ad9,0xadc0adb,0x890add
.4byte 0x5a9011b,0x30119,0x1910ad3,0x212,0x12001e,0x2cc0ad4,0x11a0003,0x890aea
.4byte 0xade009d,0xae00adf,0xad90ae1,0xae30ae2,0x83f0ae4,0x9a0099f,0x9a209a1,0x3f50089
.4byte 0x3a4025f,0x60000,0x5fa05f9,0x30388,0x4a05fb,0x62c03b2,0x62d0392,0x2c04fb
.4byte 0x62e0231,0x340,0x3d503f8,0x8903f9,0x8b008a,0x2200bc,0x0,0x870086
.4byte 0x890088,0x3fa00eb,0x3fb,0x1dc0028,0x620061f,0x62105f2,0x62200cd,0x1fa049d
.4byte 0x2a03d4,0x6050600,0x5f80003,0x22,0x400002e,0xd2023d,0x960089,0x9960995
.4byte 0xad5082e,0xad70ad6,0xad90ad8,0xadb0ada,0xadd0adc,0x1320089,0x2630133,0xad30003
.4byte 0x2120191,0x1e0000,0xad40012,0x302cc,0x1350025,0x890136,0xade009d,0xae00adf
.4byte 0xad90ae1,0xae30ae2,0x83f0ae4,0x9a0099f,0x9a209a1,0x4020089,0x730403,0x3210000
.4byte 0x60002b0,0x3039c,0x4a05fb,0x7403b2,0x50b0623,0x2c0067,0x6240231,0x340
.4byte 0x40803b9,0x89031c,0x8b008a,0x2200bc,0x0,0x870086,0x890088,0x409008a
.4byte 0x40a,0x1dc0057,0x2cd061c,0x61d05f2,0x51100e4,0x4a01b1,0x4800000,0x6050604
.4byte 0x2d016d,0x280000,0x40f040e,0x890095,0x9950096,0x82e0996,0xad60ad5,0xad80ad7
.4byte 0xada0ad9,0xadc0adb,0x890add,0x408034c,0x30030,0x1910ad3,0x212,0x12001e
.4byte 0x2cc0ad4,0x1390003,0x8d0359,0x9d0089,0xadf0ade,0xae10ae0,0xae20ad9,0xae40ae3
.4byte 0x99f083f,0x9a109a0,0x8909a2,0x41202af,0x413,0x6070480,0x608039c,0x2e002d
.4byte 0x33d0016,0x50b03a0,0x5f20225,0x56e061e,0x2b8,0x41703f4,0x8902ba,0x8b008a
.4byte 0x2200bc,0x0,0x870086,0x890088,0x418022b,0x1d1,0x1dc001e,0x5f20614
.4byte 0x235060a,0x1000304,0x4a01b1,0x4800000,0x6050604,0x2d016d,0x1cc0000,0xaf0250
.4byte 0x960089,0x9960995,0xad5082e,0xad70ad6,0xad90ad8,0xadb0ada,0xadd0adc,0xa10089
.4byte 0x588022d,0xad30003,0x2120191,0x1e0000,0xad40012,0x302cc,0x56c00e8,0xb5029a
.4byte 0x9d0089,0xadf0ade,0xae10ae0,0xae20ad9,0xae40ae3,0x99f083f,0x9a109a0,0x8909a2
.4byte 0x33c041e,0x83,0x6070480,0x608039c,0x2e002d,0x3190016,0x2c700d2,0x60a0225
.4byte 0x3220445,0x61a,0x61b002e,0x8903cb,0x8b008a,0x2200bc,0x0,0x870086
.4byte 0x890088,0x4240056,0x59,0x4a001e,0x5f2060e,0x23c006d,0x60f012c,0x21b0442
.4byte 0x4950000,0x6070036,0x3000003,0x4280000,0x42a0429,0x960089,0x9960995,0xad5082e
.4byte 0xad70ad6,0xad90ad8,0xadb0ada,0xadd0adc,0xa10089,0x588022d,0xad30003,0x2120191
.4byte 0x1e0000,0xad40012,0x302cc,0x56c00e8,0xb5029a,0x9d0089,0xadf0ade,0xae10ae0
.4byte 0xae20ad9,0xae40ae3,0x99f083f,0x9a109a0,0x8909a2,0x42e008e,0x27042f,0x2790000
.4byte 0x1f00475,0x60d02dd,0x450053,0x5750613,0x23c02c7,0x2c0330,0x27c01d1,0x530000
.4byte 0x3890230,0x89009c,0x8b008a,0x2200bc,0x0,0x870086,0x890088,0x34600b0
.4byte 0x265,0x609004a,0x1bb060a,0x254023c,0x51c00af,0x21b,0x360495,0x1190610
.4byte 0x2205f8,0x3e40000,0x3a900f9,0x960089,0x9960995,0xad5082e,0xad70ad6,0xad90ad8
.4byte 0xadb0ada,0xadd0adc,0xa10089,0x588022d,0xad30003,0x2120191,0x1e0000,0xad40012
.4byte 0x302cc,0xaeb01f4,0xb5009b,0x9d0089,0xadf0ade,0xae10ae0,0xae20ad9,0xae40ae3
.4byte 0x99f083f,0x9a109a0,0x8909a2,0x43a009d,0x2d043b,0x2790000,0x32d0475,0x5fb0020
.4byte 0x45021b,0x2d803ef,0x23c0361,0x3650041,0x220009,0x1e0000,0x36b01ab,0x89008d
.4byte 0x8b008a,0x2200bc,0x0,0x870086,0x890088,0x43f038a,0x1d,0x54a004a
.4byte 0x1450041,0x488023c,0x1a8012c,0x21b,0x6040480,0x41902a9,0x220615,0x4430000
.4byte 0x3630432,0x960089,0x9960995,0xad5082e,0xad70ad6,0xad90ad8,0xadb0ada,0xadd0adc
.4byte 0xa10089,0x2e5022d,0x302cc,0x1910ad3,0x212,0x12001e,0x2cc0ad4,0x2150003
.4byte 0x9b0127,0x8900b5,0xade009d,0xae00adf,0xad90ae1,0xae30ae2,0x83f0ae4,0x9a0099f
.4byte 0x9a209a1,0xa50089,0x4450396,0x4800000,0x61801f0,0x6190329,0x213021b,0x3520567
.4byte 0x23c0361,0x5a104fb,0x220073,0x4490000,0x30403c5,0x8a0089,0xbc008b,0x22
.4byte 0x860000,0x880087,0x8e0089,0x15b02de,0x27,0x51c01fa,0x23c0235,0x3610603
.4byte 0x21b01a8,0x4800000,0x2a90604,0x6150419,0x22,0x44e0343,0x890308,0x9950096
.4byte 0x82e0996,0xad60ad5,0xad80ad7,0xada0ad9,0xadc0adb,0x890add,0xa200a1,0x14d0586
.4byte 0xad30003,0x2120191,0x1e0000,0xad40012,0x302cc,0x42400e8,0x9b00a2,0x8900b5
.4byte 0xade009d,0xae00adf,0xad90ae1,0xae30ae2,0x83f0ae4,0x9a0099f,0x9a209a1,0x8a0089
.4byte 0x3470129,0x4800000,0x61801f0,0x6190329,0x213021b,0x3610489,0x23c0603,0x3c0067
.4byte 0x27,0x45403b2,0x89042a,0x8b008a,0x2200bc,0x0,0x870086,0x890088
.4byte 0x43a009d,0x43b,0x51c01fa,0x5fd0272,0x5fe04d5,0x41c0145,0x3d4021b,0x600002a
.4byte 0x30605,0x2205f8,0x2e0000,0x45b045a,0x960089,0x9960995,0xad5082e,0xad70ad6
.4byte 0xad90ad8,0xadb0ada,0xadd0adc,0xa10089,0x50f00a2,0x304b1,0x1910ad3,0x212
.4byte 0x12001e,0x2cc0ad4,0x2dd0003,0x314050f,0xb5009b,0x9d0089,0xadf0ade,0xae10ae0
.4byte 0xae20ad9,0xae40ae3,0x99f083f,0x9a109a0,0x8909a2,0x107045d,0x9,0x2b00321
.4byte 0x39c0600,0x5fb0003,0x601021b,0x380055a,0x16504d5,0x2b20602,0x27003c,0x3b90000
.4byte 0x3a90462,0x8a0089,0xbc008b,0x22,0x860000,0x880087,0xa50089,0x4450396
.4byte 0x1d40000,0x5f401b1,0x32f0107,0x5f50221,0x1a9031f,0x5f6002e,0x33805f7,0x62800cf
.4byte 0x530000,0x4680230,0x8900d2,0x9950096,0x82e0996,0xad60ad5,0xad80ad7,0xada0ad9
.4byte 0xadc0adb,0x890add,0xa200a1,0x15001a4,0x30030,0x1910ad3,0x212,0x12001e
.4byte 0x2cc0ad4,0x1510003,0x5ee00e3,0xb5009b,0x9d0089,0xadf0ade,0xae10ae0,0xae20ad9
.4byte 0xae40ae3,0x99f083f,0x9a109a0,0x8909a2,0x46d046c,0x59,0x5f90006,0x398062a
.4byte 0x62b026f,0x5fc0053,0xe20089,0xfc047a,0x6d01ce,0x2702d0,0x4430000,0x36303fa
.4byte 0x8a0089,0xbc008b,0x22,0x860000,0x880087,0x8a0089,0x4710470,0x1d40000
.4byte 0x58f026c,0x2bd0475,0x5f3014d,0x3400365,0x1e0000,0x40f0477,0x890172,0x9950096
.4byte 0x82e0996,0xad60ad5,0xad80ad7,0xada0ad9,0xadc0adb,0x890add,0xa200a1,0x1980289
.4byte 0x30479,0x1910ad3,0x212,0x12001e,0x2cc0ad4,0xe80003,0x7240221,0x9b009a
.4byte 0x8900b5,0xade009d,0xae00adf,0xad90ae1,0xae30ae2,0x83f0ae4,0x9a0099f,0x9a209a1
.4byte 0x3cc0089,0x15047c,0x280000,0x11801c3,0x1550110,0x56c047e,0x253020f,0x27
.4byte 0x48203f4,0x890483,0x8b008a,0x2200bc,0x0,0x870086,0x890088,0x5ee03f5
.4byte 0x1490308,0x27,0x5ef046f,0x4880487,0x48a0489,0x5f0025f,0x306,0x5f101cc
.4byte 0x89008d,0x9950096,0x82e0996,0xad60ad5,0xad80ad7,0xada0ad9,0xadc0adb,0x890add
.4byte 0xa200a1,0x4f10aec,0x30275,0x1910ad3,0x212,0x12001e,0x2cc0ad4,0x1f40003
.4byte 0xaed0156,0x9b009a,0x8900b5,0xade009d,0xae00adf,0xad90ae1,0xae30ae2,0x83f0ae4
.4byte 0x9a0099f,0x9a209a1,0xb00089,0x83033c,0x570000,0x4cb0421,0x45e048d,0x48f048e
.4byte 0x5f20588,0x203,0x3190080,0x493009a,0x8a0089,0xbc008b,0x22,0x860000
.4byte 0x880087,0x22b0089,0x3c501e6,0x18d0494,0x33,0x495001e,0x4300496,0x1f2
.4byte 0x49701d4,0x24905e9,0x1e0000,0x45605ea,0x22,0x4520053,0xaf0412,0x960089
.4byte 0x9960995,0xad5082e,0xad70ad6,0xad90ad8,0xadb0ada,0xadd0adc,0xa10089,0xa300a2
.4byte 0x15006a4,0x30030,0x1910ad3,0x212,0x12001e,0x2cc0ad4,0x1510003,0x1760216
.4byte 0x9b009a,0x8900b5,0xade009d,0xae00adf,0xad90ae1,0xae30ae2,0x83f0ae4,0x9a0099f
.4byte 0x9a209a1,0x3c80089,0x50033c,0x860000,0x5eb0128,0x60000,0x49b05ec,0x2702d0
.4byte 0x2130057,0x5ed049c,0x85,0x49d0248,0x14d044f,0x8903cb,0x8b008a,0x2200bc
.4byte 0x0,0x870086,0x890088,0x49f049e,0x4a00122,0x1870103,0x1f2,0x4a10343
.4byte 0x3400350,0x44201c3,0x4a2019f,0x2c604a3,0x27,0x38905e8,0x44b,0x3b6002e
.4byte 0x4a403cc,0xa8000c,0x960089,0x9960995,0xad5082e,0xad70ad6,0xad90ad8,0xadb0ada
.4byte 0xadd0adc,0xa10089,0xa300a2,0x1980104,0x3052b,0x1910ad3,0x212,0x12001e
.4byte 0x2cc0ad4,0x2210003,0x9904f4,0x9b009a,0x8900b5,0xade009d,0xae00adf,0xad90ae1
.4byte 0xae30ae2,0x83f0ae4,0x9a0099f,0x9a209a1,0x8e0089,0x1f40204,0x4a601a4,0x447
.4byte 0x5060452,0x44b,0x4a703b2,0x4a904a8,0x43604aa,0x24e0340,0x34701d8,0x570000
.4byte 0x3190201,0x4790101,0x34204ab,0x8900a4,0x8b008a,0x2200bc,0x0,0x870086
.4byte 0x890088,0x4650043,0x26300dd,0x38c00f1,0x29604a6,0x33,0xfd04ac,0x24e02a9
.4byte 0x4ae04ad,0xd0186,0xe90266,0x4af,0x4b001d4,0x4b10218,0xf201a3,0x42a0465
.4byte 0x960089,0x9960995,0xad5082e,0xad70ad6,0xad90ad8,0xadb0ada,0xadd0adc,0xa10089
.4byte 0xa300a2,0x1840aee,0x30275,0x1910ad3,0x212,0x12001e,0x2cc0ad4,0x1f40003
.4byte 0xbb0284,0x9a0099,0xb5009b,0x9d0089,0xadf0ade,0xae10ae0,0xae20ad9,0xae40ae3
.4byte 0x99f083f,0x9a109a0,0x8909a2,0x2de008e,0x4b404b3,0x25701a3,0x18d02c7,0x27
.4byte 0x40e0057,0x5e04b5,0x22a01a2,0x4b704b6,0x4b801a9,0x3302c6,0x4a90000,0x3cc019a
.4byte 0xe0034d,0xc20460,0xb504b9,0x8a0089,0xbc008b,0x22,0x860000,0x880087
.4byte 0x4ba0089,0x2d2040f,0x10e0392,0x475014d,0x3d3038c,0x27018d,0x4bb0000,0x4bd04bc
.4byte 0x4bf04be,0x4c0013a,0x1f904c1,0x4c304c2,0x4c40000,0x1c404c5,0xe70394,0x2c10215
.4byte 0x4b002c7,0x4c704c6,0x960089,0x9960995,0xad5082e,0xad70ad6,0xad90ad8,0xadb0ada
.4byte 0xadd0adc,0xa10089,0xa300a2,0x14200a4,0x300150,0xad30003,0x2120191,0x1e0000
.4byte 0xad40012,0x302cc,0x2160151,0x9900b5,0x9b009a,0x8900b5,0xade009d,0xae00adf
.4byte 0xad90ae1,0xae30ae2,0x83f0ae4,0x9a0099f,0x9a209a1,0x9d0089,0x35004c9,0x15304b0
.4byte 0xfb0462,0xd104ca,0x20c01a8,0x2d,0x4720006,0x1bf03c2,0x1da0013,0x21a04cb
.4byte 0x7e04cc,0x380252,0x20b0000,0x5e60256,0x14d05e7,0xcb0097,0x290446,0x950223
.4byte 0x8a0089,0xbc008b,0x22,0x860000,0x880087,0x4cf0089,0x1a904d0,0x4d204d1
.4byte 0x8704d3,0x4d40110,0x4ce04d5,0x270296,0x530000,0x37204d6,0x4d70233,0x3e10427
.4byte 0x35d0096,0x4d80073,0x147,0x1e50028,0x1370302,0xfb04d9,0x4da04a0,0x18d0450
.4byte 0x46f0027,0x4f0310,0x960089,0x9960995,0xad5082e,0xad70ad6,0xad90ad8,0xadb0ada
.4byte 0xadd0adc,0xa10089,0xa300a2,0xe500a4,0x2b00198,0xad30003,0x2120191,0x1e0000
.4byte 0xad40012,0x302cc,0xaef03c5,0x990089,0x9b009a,0x8900b5,0xade009d,0xae00adf
.4byte 0xad90ae1,0xae30ae2,0x83f0ae4,0x9a0099f,0x9a209a1,0x1320089,0x4db039a,0x1d40203
.4byte 0x4dd04dc,0x47904de,0x1a40478,0x3710254,0x4df,0x4e003b9,0x4e1000d,0x25404e2
.4byte 0x3560315,0x4e30227,0x38f012d,0x570000,0x4b004e4,0x13801b9,0x17300cf,0x3d304e5
.4byte 0x21204e6,0x4e70329,0x89028a,0x8b008a,0x2200bc,0x0,0x870086,0x890088
.4byte 0x33c03c8,0x212018d,0x4c504e8,0x25104e9,0x2a04ea,0x38c0173,0x30b0254,0x35a020c
.4byte 0xd04eb,0x4ed04ec,0x4ee019f,0x4ef0045,0x1e103fb,0x4f001e2,0x38d04f1,0x4f20024
.4byte 0x4f404f3,0x44701a8,0x1fa0027,0x39203b6,0x4f50198,0x8904f6,0x9950096,0x82e0996
.4byte 0xad60ad5,0xad80ad7,0xada0ad9,0xadc0adb,0x890add,0xa200a1,0xa400a3,0x153008e
.4byte 0x309ab,0x1910ad3,0x212,0x12001e,0x2cc0ad4,0x3110003,0x1b50af0,0x990089
.4byte 0x9b009a,0x8900b5,0xade009d,0xae00adf,0xad90ae1,0xae30ae2,0x83f0ae4,0x9a0099f
.4byte 0x9a209a1,0xeb0089,0x8c024f,0x187012c,0x5701a9,0x4dc01f9,0x10604f7,0x1f4049f
.4byte 0x4d504f8,0x4fa04f9,0x4501cd,0x4fb0408,0x4a904df,0x4fd04fc,0x2300009,0x1fa021d
.4byte 0x4fe03b6,0x3bd04ff,0x4650110,0x3d30500,0x1a90371,0x4bd0053,0x4120501,0x8900af
.4byte 0x8b008a,0x2200bc,0x0,0x870086,0x890088,0xd70502,0x1a8042a,0x2120503
.4byte 0x4d104c4,0x34c01b1,0x5040126,0x4650110,0x5050130,0x15c0506,0x3220507,0x2d20075
.4byte 0x2e401a9,0x17c04b9,0x250508,0x50a0509,0x187050b,0x3301a9,0x25801fa,0x13704d2
.4byte 0x14d011d,0x4c00025,0x89050c,0x9950096,0x82e0996,0xad60ad5,0xad80ad7,0xada0ad9
.4byte 0xadc0adb,0x890add,0xa200a1,0xa400a3,0x1420089,0x2cc01a6,0xad30003,0x2120191
.4byte 0x1e0000,0xad40012,0x302cc,0x1650401,0x8900b5,0x9a0099,0xb5009b,0x9d0089
.4byte 0xadf0ade,0xae10ae0,0xae20ad9,0xae40ae3,0x99f083f,0x9a109a0,0x8909a2,0x50d00e5
.4byte 0xfb0237,0x50f050e,0x5100194,0x1f201cf,0x1f90053,0x51104dc,0x870512,0x51302cc
.4byte 0x51401cc,0x1c30066,0x1d40515,0x3fb0516,0x389036f,0x38d011c,0x2b90479,0x244011f
.4byte 0x187015e,0x51701a9,0x51801fa,0x51a0519,0x304045c,0x8a0089,0xbc008b,0x22
.4byte 0x860000,0x880087,0x8e0089,0x2b0214,0x1300114,0x51c051b,0x21b01cf,0x1fa001e
.4byte 0x1b1051d,0x2bf0176,0x1b300df,0x51f051e,0x2710520,0xf30521,0x522024d,0x3c01a6
.4byte 0x6a0523,0x4c40212,0x4dc01f9,0x4e0524,0xf0038d,0x52500e8,0x6b0526,0x5280527
.4byte 0x890529,0x9950096,0x82e0996,0xad60ad5,0xad80ad7,0xada0ad9,0xadc0adb,0x890add
.4byte 0xa200a1,0xa400a3,0xa50089,0xe7086d,0xad30003,0x2120191,0x1e0000,0xad40012
.4byte 0x302cc,0x42c00e8,0x890af1,0x9a0099,0xb5009b,0x9d0089,0xadf0ade,0xae10ae0
.4byte 0xae20ad9,0xae40ae3,0x99f083f,0x9a109a0,0x8909a2,0x34f00ac,0x318052d,0x52f052e
.4byte 0x250024,0x1300114,0x510042d,0x21b04e6,0x1d40530,0x531045a,0x5320373,0x1c60012
.4byte 0x2530533,0x43f001f,0x5340016,0x2820535,0x4ce0194,0x1a902aa,0x1fa0033,0x1b104d1
.4byte 0x536022b,0x1220537,0xa80008,0x8a0089,0xbc008b,0x22,0x860000,0x880087
.4byte 0x8e0089,0x4f20538,0xe80287,0xfd050e,0xbb00fe,0x539051c,0x20301a9,0x1f904c4
.4byte 0x3700299,0x53b053a,0x1e10268,0x4ab053c,0xd053d,0x1df01fc,0x3630373,0x53f053e
.4byte 0x1780418,0x5350025,0xc40540,0x4360541,0x21b0542,0x3ca020b,0x8902ba,0x9950096
.4byte 0x82e0996,0xad60ad5,0xad80ad7,0xada0ad9,0xadc0adb,0x890add,0xa200a1,0xa400a3
.4byte 0x8e0089,0x18503d7,0xad30003,0x2120191,0x1e0000,0xad40012,0x302cc,0x3d902dd
.4byte 0x8901b5,0x9a0099,0xb5009b,0x9d0089,0xadf0ade,0xae10ae0,0xae20ad9,0xae40ae3
.4byte 0x99f083f,0x9a109a0,0x8909a2,0xd6008a,0x570249,0x54301fa,0x3f501b1,0x5440251
.4byte 0x300534,0x11f0545,0x5470546,0x1f70150,0x7300b9,0x47f0455,0x5480122,0x5490213
.4byte 0x1210210,0x54b054a,0x2d021b,0x47d054c,0x51904dc,0x1060060,0x1220418,0x54d0025
.4byte 0x54e0164,0x8a0089,0xbc008b,0x22,0x860000,0x880087,0x8e0089,0x29d02de
.4byte 0xdd054f,0xfa0121,0xe00030,0x5500155,0x20200fe,0x4360551,0x21c01c1,0x5530552
.4byte 0x2300481,0x55401e2,0x532008b,0x55503eb,0x1740477,0x580259,0x51c0262,0x2710556
.4byte 0x21b,0x6e0557,0x1b10518,0x1304fe,0x890308,0x9950096,0x82e0996,0xad60ad5
.4byte 0xad80ad7,0xada0ad9,0xadc0adb,0x890add,0xa200a1,0xa400a3,0x2170089,0x2a00c2
.4byte 0xad30003,0x2120191,0x1e0000,0xad40012,0x302cc,0xd100c3,0x89009c,0x9a0099
.4byte 0xb5009b,0x9d0089,0xadf0ade,0xae10ae0,0xae20ad9,0xae40ae3,0x99f083f,0x9a109a0
.4byte 0x8909a2,0x25f008a,0x55a0559,0x2830436,0x33021b,0x6e0053,0x4dc017c,0x54f0519
.4byte 0xf900dd,0x19a055b,0x55c01a4,0x880396,0x4d400a9,0x29c000d,0x55d003c,0x55e000d
.4byte 0x3ef04dc,0xf800f7,0x55f0121,0x25002a,0x5610560,0x5630562,0x42a0564,0x8a0089
.4byte 0xbc008b,0x22,0x860000,0x880087,0x9d0089,0x5660565,0x442023e,0x5680567
.4byte 0x53f0569,0x56b056a,0xe8056c,0x10a0111,0x56d0550,0x538056e,0x56f0149,0x1fa035f
.4byte 0x57002ad,0x5710226,0x2680329,0x570033,0x4e30320,0x4420299,0x5720567,0x53f0166
.4byte 0x56b052f,0xe8056c,0x890493,0x9950096,0x82e0996,0xad60ad5,0xad80ad7,0xada0ad9
.4byte 0xadc0adb,0x890add,0xa200a1,0xa400a3,0xeb0089,0x8e103e9,0xad30003,0x2120191
.4byte 0x1e0000,0xad40012,0x302cc,0x41100e8,0x89036d,0x9a0099,0xb5009b,0x9d0089
.4byte 0xadf0ade,0xae10ae0,0xae20ad9,0xae40ae3,0x99f083f,0x9a109a0,0x8909a2,0x2a503f5
.4byte 0x11100e8,0x573010a,0x1810574,0x51c0575,0x54b0436,0x57601a9,0x3ab0000,0x3d0289
.4byte 0x860577,0x16b0399,0x5780042,0x21c01df,0x3440300,0x15d0573,0x56c056b,0x11100e8
.4byte 0x5730579,0x57b057a,0x51c0575,0x57c030b,0xa0015d,0x8a0089,0xbc008b,0x22
.4byte 0x860000,0x880087,0x9d0089,0x43b057d,0x57e0000,0x6e0320,0x2c0055e,0x5670442
.4byte 0x57f008a,0xee0084,0x1550121,0x5800383,0x25703b6,0x85,0x228046f,0x4840256
.4byte 0x46e0321,0x59d00ed,0x4fd05db,0x56c05dc,0x5dd0003,0x5df05de,0x5e105e0,0x5e200f4
.4byte 0x890351,0x9950096,0x82e0996,0xad60ad5,0xad80ad7,0xada0ad9,0xadc0adb,0x890add
.4byte 0xa200a1,0xa400a3,0x34c0089,0x3001ea,0xad30003,0x2120191,0x1e0000,0xad40012
.4byte 0x302cc,0x35900f1,0x89008d,0x9a0099,0xb5009b,0x9d0089,0xadf0ade,0xae10ae0
.4byte 0xae20ad9,0xae40ae3,0x99f083f,0x9a109a0,0x8909a2,0x4b103f5,0x840587,0x56a00ee
.4byte 0x588047e,0x300fb,0x32f00e0,0x5730454,0x58900e3,0x51f058a,0x27702b4,0x2030232
.4byte 0x21e001e,0x2a10147,0x3730415,0x58b0535,0x3b058c,0x9500f5,0x442055a,0x54b0556
.4byte 0x320005e,0x3b90033,0x58d00f9,0x8a0089,0xbc008b,0x22,0x860000,0x880087
.4byte 0x9d0089,0x59004c9,0x19b0591,0x203005e,0x59204ee,0x1e0000,0x32004ee,0x4e3004a
.4byte 0x38104c5,0x34e0436,0x593030c,0x27,0x5940006,0x38c0556,0x17302d3,0x57400f3
.4byte 0x5950422,0x3b00596,0x442055a,0x5560436,0x271054b,0x4ec006e,0x890351,0x9950096
.4byte 0x82e0996,0xad60ad5,0xad80ad7,0xada0ad9,0xadc0adb,0x890add,0xa200a1,0xa400a3
.4byte 0x1950089,0x11900c9,0xad30003,0x2120191,0x1e0000,0xad40012,0x302cc,0x7f0a34
.4byte 0x8900a4,0x9a0099,0xb5009b,0x9d0089,0xadf0ade,0xae10ae0,0xae20ad9,0xae40ae3
.4byte 0x99f083f,0x9a109a0,0x8909a2,0x59903f5,0x6e006a,0x229059a,0x44202d2,0x15701b1
.4byte 0x59b00ac,0x84059c,0x507059d,0x290059e,0x38e0513,0x59f,0x59305a0,0x268029f
.4byte 0x5a1032b,0x1dc054b,0x320004a,0x1f8,0x2d05a2,0x4e304e8,0x5a3055e,0x4c705a4
.4byte 0x8a0089,0xbc008b,0x22,0x860000,0x880087,0x9d0089,0x1c001d0,0xd905a5
.4byte 0x5a603bf,0x4890256,0x371051c,0x5a805a7,0x2100556,0x5a9055c,0x5aa04dc,0x1680449
.4byte 0x530000,0x1f705ab,0x31605ac,0x2d0593,0x1e0000,0x1e002d,0x4a0320,0x20b01f2
.4byte 0x5ad055e,0x49a02c0,0x8903a2,0x9950096,0x82e0996,0xad60ad5,0xad80ad7,0xada0ad9
.4byte 0xadc0adb,0x890add,0xa200a1,0xa400a3,0x9d0089,0xa20184,0xad30003,0x2120191
.4byte 0x1e0000,0xad40012,0x302cc,0x2840025,0x890262,0x9a0099,0xb5009b,0x9d0089
.4byte 0xadf0ade,0xae10ae0,0xae20ad9,0xae40ae3,0x99f083f,0x9a109a0,0x8909a2,0x5ae045d
.4byte 0x591043c,0x7105af,0x4a05b0,0x2120320,0x2d0000,0x5b10000,0x3e205b2,0x37305b3
.4byte 0x5b4,0x3cb03b9,0x2320349,0x5b5024a,0x22905b6,0x3400591,0x4420042,0x51c0489
.4byte 0x31605b7,0x59b05b8,0x2e5011c,0x8904c7,0x8b008a,0x2200bc,0x0,0x20001
.4byte 0x1a30003,0x5ba05b9,0x4703a3,0x2bd05bb,0x7105bc,0x4ae05bd,0xe905be,0x5bf04aa
.4byte 0x5c00329,0x530000,0x2240373,0x256053f,0x5c104f8,0x5f05c2,0xb20042,0x5c405c3
.4byte 0x18b05c5,0x4ae035c,0x49f05c6,0x302cc,0x99609a6,0xad5082e,0xad70ad6,0xad90ad8
.4byte 0xadb0ada,0xaf30af2,0x6660003,0xaf406f4,0xaf60af5,0x6ce06cd,0xaf80af7,0x6e20af9
.4byte 0xafb0afa,0xafd0afc,0x6cf06ce,0xafe06cd,0xb000aff,0x306f4,0xb010af3,0xae10ae0
.4byte 0xae20ad9,0xae40ae3,0x99f083f,0x9b709a0,0x30666,0x46d00e8,0x5d104ae,0x8005ca
.4byte 0x5c305d2,0x27b00f3,0x133004d,0x10605c1,0x5d405d3,0x1fc0391,0x2a9,0x5d50443
.4byte 0x168027a,0x4d402c9,0x4ae05d6,0x3c050f,0x50705d7,0x29a02bd,0x2ad0047,0x5b9047e
.4byte 0x3005d8,0x360003,0x380037,0x0,0x20001,0x1a30003,0x5ba05b9,0x4703a3
.4byte 0x2bd05bb,0x7105bc,0x4ae05bd,0xe905be,0x5bf04aa,0x5c00329,0x530000,0x2240373
.4byte 0x256053f,0x5c104f8,0x5f05c2,0xb20042,0x5c405c3,0x18b05c5,0x4ae035c,0x49f05c6
.4byte 0x302cc,0x99609a6,0xad5082e,0xad70ad6,0xad90ad8,0xadb0ada,0xaf30af2,0x6f40003
.4byte 0xb030b02,0x6cd0b04,0xaf706ce,0xaf90af8,0xafa06e2,0xafc0afb,0x6ce0afd,0xb060b05
.4byte 0x6f40b07,0xaf30003,0xae00b01,0xad90ae1,0xae30ae2,0x83f0ae4,0x9a0099f,0x66609b7
.4byte 0xe80003,0x4ae046d,0x5ca05d1,0x5d20080,0xf305c3,0x4d027b,0x5c10133,0x5d30106
.4byte 0x39105d4,0x2a901fc,0x4430000,0x27a05d5,0x2c90168,0x5d604d4,0x50f04ae,0x5d7003c
.4byte 0x2bd0507,0x47029a,0x47e02ad,0x5d805b9,0x30030,0x370036,0x38,0x10000
.4byte 0x30002,0x8802dd,0x9d0089,0x1c001d0,0xd905a5,0x5a603bf,0x4890256,0x371051c
.4byte 0x5a805a7,0x2100556,0x5a9055c,0x5aa04dc,0x1680449,0x530000,0x1f705ab,0x31605ac
.4byte 0x2d0593,0x1e0000,0x1e002d,0x4a0320,0x20b01f2,0x5ad055e,0x49a02c0,0x8903a2
.4byte 0x9950096,0x82e0996,0xad60ad5,0xad80ad7,0xada0ad9,0xadc0adb,0x890add,0xa200a1
.4byte 0xa400a3,0x81b0089,0xb090b08,0x6ce06f0,0xaf80af7,0x6e20af9,0xafb0afa,0xafd0afc
.4byte 0xb0a06ce,0xb0c0b0b,0x990089,0x9b009a,0x8900b5,0xade009d,0xae00adf,0xad90ae1
.4byte 0xae30ae2,0x83f0ae4,0x9a0099f,0x9a209a1,0x45d0089,0x43c05ae,0x5af0591,0x5b00071
.4byte 0x320004a,0x212,0x2d,0x5b205b1,0x5b303e2,0x5b40373,0x3b90000,0x34903cb
.4byte 0x24a0232,0x5b605b5,0x5910229,0x420340,0x4890442,0x5b7051c,0x5b80316,0x11c059b
.4byte 0x4c702e5,0x8a0089,0x3008b,0x370036,0x38,0x10000,0x30002,0x8802dd
.4byte 0x9d0089,0x59004c9,0x19b0591,0x203005e,0x59204ee,0x1e0000,0x32004ee,0x4e3004a
.4byte 0x38104c5,0x34e0436,0x593030c,0x27,0x5940006,0x38c0556,0x17302d3,0x57400f3
.4byte 0x5950422,0x3b00596,0x442055a,0x5560436,0x271054b,0x4ec006e,0x890351,0x9950096
.4byte 0x82e0996,0xad60ad5,0xad80ad7,0xada0ad9,0xadc0adb,0x890add,0xa200a1,0xa400a3
.4byte 0x8b60089,0xb0d07a9,0xaf706ce,0xaf90af8,0xafa06e2,0xafc0afb,0x6ce0afd,0xb0e06cf
.4byte 0xb100b0f,0x990089,0x9b009a,0x8900b5,0xade009d,0xae00adf,0xad90ae1,0xae30ae2
.4byte 0x83f0ae4,0x9a0099f,0x9a209a1,0x3f50089,0x6a0599,0x59a006e,0x2d20229,0x1b10442
.4byte 0xac0157,0x59c059b,0x59d0084,0x59e0507,0x5130290,0x59f038e,0x5a00000,0x29f0593
.4byte 0x32b0268,0x54b05a1,0x4a01dc,0x1f80320,0x5a20000,0x4e8002d,0x55e04e3,0x5a405a3
.4byte 0x8904c7,0x8b008a,0x360003,0x380037,0x0,0x20001,0x2dd0003,0x890088
.4byte 0x57d009d,0x43b,0x320057e,0x55e006e,0x44202c0,0x8a0567,0x84057f,0x12100ee
.4byte 0x3830155,0x3b60580,0x850257,0x46f0000,0x2560228,0x3210484,0xd502ae,0x5820581
.4byte 0x583015d,0x300584,0x11100e8,0x5860585,0x5740259,0x3510409,0x960089,0x9960995
.4byte 0xad5082e,0xad70ad6,0xad90ad8,0xadb0ada,0xadd0adc,0xa10089,0xa300a2,0x8900a4
.4byte 0xb11081b,0x91c0835,0xaf706ce,0xaf90af8,0xafa06e2,0xafc0afb,0x6ce0afd,0xb130b12
.4byte 0x890b14,0x9a0099,0xb5009b,0x9d0089,0xadf0ade,0xae10ae0,0xae20ad9,0xae40ae3
.4byte 0x99f083f,0x9a109a0,0x8909a2,0x4b103f5,0x840587,0x56a00ee,0x588047e,0x300fb
.4byte 0x32f00e0,0x5730454,0x58900e3,0x51f058a,0x27702b4,0x2030232,0x21e001e,0x2a10147
.4byte 0x3730415,0x58b0535,0x3b058c,0x9500f5,0x442055a,0x54b0556,0x320005e,0x3b90033
.4byte 0x58d00f9,0x8a0089,0x3008b,0x370036,0x38,0x10000,0x30002,0x8802dd
.4byte 0x9d0089,0x5660565,0x442023e,0x5680567,0x53f0569,0x56b056a,0xe8056c,0x10a0111
.4byte 0x56d0550,0x538056e,0x56f0149,0x1fa035f,0x57002ad,0x5710226,0x2680329,0x570033
.4byte 0x4e30320,0x4420299,0x5720567,0x53f0166,0x56b052f,0xe8056c,0x890493,0x9950096
.4byte 0x82e0996,0xad60ad5,0xad80ad7,0xada0ad9,0xadc0adb,0x890add,0xa200a1,0xa400a3
.4byte 0x76a0089,0xb150735,0xb1608c0,0x6ce06cd,0xaf80af7,0x6e20af9,0xafb0afa,0xafd0afc
.4byte 0x6cf06ce,0xb1706cd,0xb190b18,0x890735,0x9a0099,0xb5009b,0x9d0089,0xadf0ade
.4byte 0xae10ae0,0xae20ad9,0xae40ae3,0x99f083f,0x9a109a0,0x8909a2,0x2a503f5,0x11100e8
.4byte 0x573010a,0x1810574,0x51c0575,0x54b0436,0x57601a9,0x3ab0000,0x3d0289,0x860577
.4byte 0x16b0399,0x5780042,0x21c01df,0x3440300,0x15d0573,0x56c056b,0x11100e8,0x5730579
.4byte 0x57b057a,0x51c0575,0x57c030b,0xa0015d,0x8a0089,0x3008b,0x370036,0x38
.4byte 0x10000,0x30002,0x8802dd,0x8e0089,0x29d02de,0xdd054f,0xfa0121,0xe00030
.4byte 0x5500155,0x20200fe,0x4360551,0x21c01c1,0x5530552,0x2300481,0x55401e2,0x532008b
.4byte 0x55503eb,0x1740477,0x580259,0x51c0262,0x2710556,0x21b,0x6e0557,0x1b10518
.4byte 0x1304fe,0x890308,0x9950096,0x82e0996,0xad60ad5,0xad80ad7,0xada0ad9,0xadc0adb
.4byte 0x890add,0xa200a1,0xa400a3,0x7350089,0xb1a0969,0x6ce0b1b,0xaf80af7,0x6e20af9
.4byte 0xafb0afa,0xafd0afc,0xb1c06ce,0xb1e0b1d,0x7350b1f,0x990089,0x9b009a,0x8900b5
.4byte 0xade009d,0xae00adf,0xad90ae1,0xae30ae2,0x83f0ae4,0x9a0099f,0x9a209a1,0x8a0089
.4byte 0x559025f,0x436055a,0x21b0283,0x530033,0x17c006e,0x51904dc,0xdd054f,0x55b00f9
.4byte 0x1a4019a,0x396055c,0xa90088,0xd04d4,0x3c029c,0xd055d,0x4dc055e,0xf703ef
.4byte 0x12100f8,0x2a055f,0x5600025,0x5620561,0x5640563,0x89042a,0x8b008a,0x360003
.4byte 0x380037,0x0,0x20001,0x2dd0003,0x890088,0x538008e,0x28704f2,0x50e00e8
.4byte 0xfe00fd,0x51c00bb,0x1a90539,0x4c40203,0x29901f9,0x53a0370,0x268053b,0x53c01e1
.4byte 0x53d04ab,0x1fc000d,0x37301df,0x53e0363,0x418053f,0x250178,0x5400535,0x54100c4
.4byte 0x5420436,0x20b021b,0x2ba03ca,0x960089,0x9960995,0xad5082e,0xad70ad6,0xad90ad8
.4byte 0xadb0ada,0xadd0adc,0xa10089,0xa300a2,0x8900a4,0x7c30b20,0x917088e,0xaf706ce
.4byte 0xaf90af8,0xafa06e2,0xafc0afb,0x6ce0afd,0xb210b0a,0x890b22,0x9a0099,0xb5009b
.4byte 0x9d0089,0xadf0ade,0xae10ae0,0xae20ad9,0xae40ae3,0x99f083f,0x9a109a0,0x8909a2
.4byte 0xd6008a,0x570249,0x54301fa,0x3f501b1,0x5440251,0x300534,0x11f0545,0x5470546
.4byte 0x1f70150,0x7300b9,0x47f0455,0x5480122,0x5490213,0x1210210,0x54b054a,0x2d021b
.4byte 0x47d054c,0x51904dc,0x1060060,0x1220418,0x54d0025,0x54e0164,0x8a0089,0x3008b
.4byte 0x370036,0x38,0x10000,0x30002,0x8802dd,0x8e0089,0x2b0214,0x1300114
.4byte 0x51c051b,0x21b01cf,0x1fa001e,0x1b1051d,0x2bf0176,0x1b300df,0x51f051e,0x2710520
.4byte 0xf30521,0x522024d,0x3c01a6,0x6a0523,0x4c40212,0x4dc01f9,0x4e0524,0xf0038d
.4byte 0x52500e8,0x6b0526,0x5280527,0x890529,0x9950096,0x82e0996,0xad60ad5,0xad80ad7
.4byte 0xada0ad9,0xadc0adb,0x890add,0xa200a1,0xa400a3,0x7fb0089,0x8fb0b23,0xaf706ce
.4byte 0xaf90af8,0xafa06e2,0xafc0afb,0x6ce0afd,0xb2406cf,0xb260b25,0x990089,0x9b009a
.4byte 0x8900b5,0xade009d,0xae00adf,0xad90ae1,0xae30ae2,0x83f0ae4,0x9a0099f,0x9a209a1
.4byte 0xac0089,0x52d034f,0x52e0318,0x24052f,0x1140025,0x42d0130,0x4e60510,0x530021b
.4byte 0x45a01d4,0x3730531,0x120532,0x53301c6,0x1f0253,0x16043f,0x5350534,0x1940282
.4byte 0x2aa04ce,0x3301a9,0x4d101fa,0x22b01b1,0x5370536,0x80122,0x8900a8,0x8b008a
.4byte 0x360003,0x380037,0x0,0x20001,0x2dd0003,0x890088,0xd70502,0x1a8042a
.4byte 0x2120503,0x4d104c4,0x34c01b1,0x5040126,0x4650110,0x5050130,0x15c0506,0x3220507
.4byte 0x2d20075,0x2e401a9,0x17c04b9,0x250508,0x50a0509,0x187050b,0x3301a9,0x25801fa
.4byte 0x13704d2,0x14d011d,0x4c00025,0x89050c,0x9950096,0x82e0996,0xad60ad5,0xad80ad7
.4byte 0xada0ad9,0xadc0adb,0x890add,0xa200a1,0xa400a3,0xb270089,0x917091b,0xaf706ce
.4byte 0xaf90af8,0xafa06e2,0xafc0afb,0x6ce0afd,0xb280b0a,0x7350b29,0x990089,0x9b009a
.4byte 0x8900b5,0xade009d,0xae00adf,0xad90ae1,0xae30ae2,0x83f0ae4,0x9a0099f,0x9a209a1
.4byte 0xe50089,0x237050d,0x50e00fb,0x194050f,0x1cf0510,0x5301f2,0x4dc01f9,0x5120511
.4byte 0x2cc0087,0x1cc0513,0x660514,0x51501c3,0x51601d4,0x36f03fb,0x11c0389,0x479038d
.4byte 0x11f02b9,0x15e0244,0x1a90187,0x1fa0517,0x5190518,0x45c051a,0x890304,0x8b008a
.4byte 0x360003,0x380037,0x0,0x20001,0x2dd0003,0x890088,0x33c03c8,0x212018d
.4byte 0x4c504e8,0x25104e9,0x2a04ea,0x38c0173,0x30b0254,0x35a020c,0xd04eb,0x4ed04ec
.4byte 0x4ee019f,0x4ef0045,0x1e103fb,0x4f001e2,0x38d04f1,0x4f20024,0x4f404f3,0x44701a8
.4byte 0x1fa0027,0x39203b6,0x4f50198,0x8904f6,0x9950096,0x82e0996,0xad60ad5,0xad80ad7
.4byte 0xada0ad9,0xadc0adb,0x890add,0xa200a1,0xa400a3,0x7350089,0xb2b0b2a,0x6cd087a
.4byte 0xaf706ce,0xaf90af8,0xafa06e2,0xafc0afb,0x6ce0afd,0xb2d0b2c,0x7350b2e,0x990089
.4byte 0x9b009a,0x8900b5,0xade009d,0xae00adf,0xad90ae1,0xae30ae2,0x83f0ae4,0x9a0099f
.4byte 0x9a209a1,0xeb0089,0x8c024f,0x187012c,0x5701a9,0x4dc01f9,0x10604f7,0x1f4049f
.4byte 0x4d504f8,0x4fa04f9,0x4501cd,0x4fb0408,0x4a904df,0x4fd04fc,0x2300009,0x1fa021d
.4byte 0x4fe03b6,0x3bd04ff,0x4650110,0x3d30500,0x1a90371,0x4bd0053,0x4120501,0x8900af
.4byte 0x8b008a,0x360003,0x380037,0x0,0x20001,0x2dd0003,0x890088,0x4d004cf
.4byte 0x4d101a9,0x4d304d2,0x1100087,0x4d504d4,0x29604ce,0x27,0x4d60053,0x2330372
.4byte 0x42704d7,0x9603e1,0x73035d,0x14704d8,0x280000,0x30201e5,0x4d90137,0x4a000fb
.4byte 0x45004da,0x27018d,0x310046f,0x89004f,0x9950096,0x82e0996,0xad60ad5,0xad80ad7
.4byte 0xada0ad9,0xadc0adb,0x890add,0xa200a1,0xa400a3,0xb2f0089,0x8350923,0x6ce06cf
.4byte 0xaf80af7,0x6e20af9,0xafb0afa,0xafd0afc,0xb3006ce,0xb320b31,0x89076a,0x9a0099
.4byte 0xb5009b,0x9d0089,0xadf0ade,0xae10ae0,0xae20ad9,0xae40ae3,0x99f083f,0x9a109a0
.4byte 0x8909a2,0x39a0132,0x20304db,0x4dc01d4,0x4de04dd,0x4780479,0x25401a4,0x4df0371
.4byte 0x3b90000,0xd04e0,0x4e204e1,0x3150254,0x2270356,0x12d04e3,0x38f,0x4e40057
.4byte 0x1b904b0,0xcf0138,0x4e50173,0x4e603d3,0x3290212,0x28a04e7,0x8a0089,0x3008b
.4byte 0x370036,0x38,0x10000,0x30002,0x8802dd,0x4ba0089,0x2d2040f,0x10e0392
.4byte 0x475014d,0x3d3038c,0x27018d,0x4bb0000,0x4bd04bc,0x4bf04be,0x4c0013a,0x1f904c1
.4byte 0x4c304c2,0x4c40000,0x1c404c5,0xe70394,0x2c10215,0x4b002c7,0x4c704c6,0x960089
.4byte 0x9960995,0xad5082e,0xad70ad6,0xad90ad8,0xadb0ada,0xadd0adc,0xa10089,0xa300a2
.4byte 0x8900a4,0xb340b33,0x6ce07b8,0xaf80af7,0x6e20af9,0xafb0afa,0xafd0afc,0xb3506ce
.4byte 0xb370b36,0x990089,0x9b009a,0x8900b5,0xade009d,0xae00adf,0xad90ae1,0xae30ae2
.4byte 0x83f0ae4,0x9a0099f,0x9a209a1,0x9d0089,0x35004c9,0x15304b0,0xfb0462,0xd104ca
.4byte 0x20c01a8,0x2d,0x4720006,0x1bf03c2,0x1da0013,0x21a04cb,0x7e04cc,0x380252
.4byte 0x1d40000,0x4cd019a,0x1220154,0x1650496,0x2904ce,0x950223,0x8a0089,0x3008b
.4byte 0x370036,0x38,0x10000,0x30002,0x8802dd,0x430089,0xdd0465,0xf10263
.4byte 0x4a6038c,0x330296,0x4ac0000,0x2a900fd,0x4ad024e,0x18604ae,0x266000d,0x4af00e9
.4byte 0x1d40000,0x21804b0,0x1a304b1,0x46500f2,0x89042a,0x9950096,0x82e0996,0xad60ad5
.4byte 0xad80ad7,0xada0ad9,0xadc0adb,0x890add,0xa200a1,0xa400a3,0x92e0089,0x78e0b38
.4byte 0x6ce06cf,0xaf80af7,0x6e20af9,0xafb0afa,0xafd0afc,0xb3906ce,0xb3b0b3a,0x89081b
.4byte 0x9a0099,0xb5009b,0x9d0089,0xadf0ade,0xae10ae0,0xae20ad9,0xae40ae3,0x99f083f
.4byte 0x9a109a0,0x8909a2,0x2de008e,0x4b404b3,0x25701a3,0x18d02c7,0x27,0x40e0057
.4byte 0x5e04b5,0x22a01a2,0x4b704b6,0x4b801a9,0x3302c6,0x4a90000,0x3cc019a,0xe0034d
.4byte 0xc20460,0xb504b9,0x8a0089,0x3008b,0x370036,0x38,0x10000,0x30002
.4byte 0x8802dd,0x49e0089,0x122049f,0x10304a0,0x1f20187,0x3430000,0x35004a1,0x1c30340
.4byte 0x19f0442,0x4a304a2,0x2702c6,0x2e0000,0x3cc03b6,0xc04a4,0x8900a8,0x9950096
.4byte 0x82e0996,0xad60ad5,0xad80ad7,0xada0ad9,0xadc0adb,0x890add,0xa200a1,0xa400a3
.4byte 0x7350089,0xb3c0887,0x6cd0af6,0xaf706ce,0xaf90af8,0xafa06e2,0xafc0afb,0x6ce0afd
.4byte 0xb3e0b3d,0x7350b3f,0x990089,0x9b009a,0x8900b5,0xade009d,0xae00adf,0xad90ae1
.4byte 0xae30ae2,0x83f0ae4,0x9a0099f,0x9a209a1,0x8e0089,0x1f40204,0x4a601a4,0x447
.4byte 0x4a703b2,0x4a904a8,0x43604aa,0x24e0340,0x34701d8,0x570000,0x3190201,0x4790101
.4byte 0x34204ab,0x8900a4,0x8b008a,0x360003,0x380037,0x0,0x20001,0x2dd0003
.4byte 0x890088,0x1e6022b,0x49403c5,0x33018d,0x1e0000,0x4960495,0x1f20430,0x1d40000
.4byte 0x4980497,0x249,0x4520053,0xaf0412,0x960089,0x9960995,0xad5082e,0xad70ad6
.4byte 0xad90ad8,0xadb0ada,0xadd0adc,0xa10089,0xa300a2,0x8900a4,0x9690735,0x8680b40
.4byte 0xaf706ce,0xaf90af8,0xafa06e2,0xafc0afb,0x6ce0afd,0xb4106cf,0xb1f0b1e,0x890735
.4byte 0x9a0099,0xb5009b,0x9d0089,0xadf0ade,0xae10ae0,0xae20ad9,0xae40ae3,0x99f083f
.4byte 0x9a109a0,0x8909a2,0x33c03c8,0x50,0x49a0006,0x2d0049b,0x570027,0x49c0213
.4byte 0x265040f,0x2480000,0x44f049d,0x3cb014d,0x8a0089,0x3008b,0x370036,0x38
.4byte 0x10000,0x30002,0x8802dd,0xa50089,0x48403ba,0x270149,0x3fa0485,0x249
.4byte 0x4860012,0x4880487,0x48a0489,0x48b009a,0x48c,0x1670053,0xd2009b,0x960089
.4byte 0x9960995,0xad5082e,0xad70ad6,0xad90ad8,0xadb0ada,0xadd0adc,0xa10089,0xa300a2
.4byte 0x8900a4,0xb430b42,0xb450b44,0x6cf0b46,0xaf706ce,0xaf90af8,0xafa06e2,0xafc0afb
.4byte 0x6ce0afd,0xb4606cf,0xb480b47,0x81b0b49,0x990089,0x9b009a,0x8900b5,0xade009d
.4byte 0xae00adf,0xad90ae1,0xae30ae2,0x83f0ae4,0x9a0099f,0x9a209a1,0xb00089,0x83033c
.4byte 0x280000,0x2630421,0x45e048d,0x48f048e,0x410490,0x27,0x4910006,0x492
.4byte 0x3190080,0x493009a,0x8a0089,0x3008b,0x370036,0x38,0x10000,0x30002
.4byte 0x8802dd,0x8a0089,0x4710470,0x2e0000,0x4730472,0x2d,0x47401d4,0x47500a2
.4byte 0x14d02bd,0x4760465,0x340,0x477001e,0x172040f,0x960089,0x9960995,0xad5082e
.4byte 0xad70ad6,0xad90ad8,0xadb0ada,0xadd0adc,0xa10089,0xa300a2,0x8900a4,0xa60b4a
.4byte 0xb4c0b4b,0x6ce06cd,0xaf80af7,0x6e20af9,0xafb0afa,0xafd0afc,0xb4d06ce,0xb40b4e
.4byte 0x89076a,0x9a0099,0xb5009b,0x9d0089,0xadf0ade,0xae10ae0,0xae20ad9,0xae40ae3
.4byte 0x99f083f,0x9a109a0,0x8909a2,0x47c03cc,0x15,0x47d0028,0x47902de,0x47e0155
.4byte 0x1ce047f,0x27018d,0x4800000,0x481012d,0x3f40000,0x4830482,0x8a0089,0x3008b
.4byte 0x370036,0x38,0x10000,0x30002,0x8802dd,0xa50089,0x4450396,0x530000
.4byte 0x3fb0370,0x203,0x46301d4,0x4650464,0xdf0466,0x90467,0x1a9,0x2300053
.4byte 0xd20468,0x960089,0x9960995,0xad5082e,0xad70ad6,0xad90ad8,0xadb0ada,0xadd0adc
.4byte 0xa10089,0xa300a2,0x8900a4,0xb4f00a5,0xb510b50,0x6ce06cc,0xaf80af7,0x6e20af9
.4byte 0xafb0afa,0xafd0afc,0xb5206ce,0xb540b53,0x890b55,0x9a0099,0xb5009b,0x9d0089
.4byte 0xadf0ade,0xae10ae0,0xae20ad9,0xae40ae3,0x99f083f,0x9a109a0,0x8909a2,0x46d046c
.4byte 0x59,0x5e0053,0xb0318,0xd000df,0x142046e,0x27006e,0x46f0000,0x2cf038d
.4byte 0x4430000,0x36303fa,0x8a0089,0x3008b,0x370036,0x38,0x10000,0x30002
.4byte 0x8802dd,0x9d0089,0x43b043a,0x4550000,0x220456,0x1d40000,0x4570398,0x2c10458
.4byte 0x1b10459,0x1a90009,0x2e0000,0x45b045a,0x960089,0x9960995,0xad5082e,0xad70ad6
.4byte 0xad90ad8,0xadb0ada,0xadd0adc,0xa10089,0xa300a2,0x8900a4,0xa600a5,0xb5602fd
.4byte 0x6ce0930,0xaf80af7,0x6e20af9,0xafb0afa,0xafd0afc,0x6cf06ce,0xb580b57,0xb40b59
.4byte 0x990089,0x9b009a,0x8900b5,0xade009d,0xae00adf,0xad90ae1,0xae30ae2,0x83f0ae4
.4byte 0x9a0099f,0x9a209a1,0x45d0089,0x90107,0x530000,0x45e005e,0x6f0230,0x22e0458
.4byte 0x1dc045f,0x27,0x4600086,0x461,0x46203b9,0x8903a9,0x8b008a,0x360003
.4byte 0x380037,0x0,0x20001,0x2dd0003,0x890088,0x2de008e,0x27015b,0x44a0000
.4byte 0x44b0389,0x1e0000,0x309004a,0x21d044c,0x24a044d,0x1be01b1,0x64c,0x44e0343
.4byte 0x890308,0x9950096,0x82e0996,0xad60ad5,0xad80ad7,0xada0ad9,0xadc0adb,0x890add
.4byte 0xa200a1,0xa400a3,0xa50089,0xa700a6,0xb5b0b5a,0x6cd0897,0xaf706ce,0xaf90af8
.4byte 0xafa06e2,0xafc0afb,0x6ce0afd,0xb5c06cd,0xb5e0b5d,0xb40b59,0x990089,0x9b009a
.4byte 0x8900b5,0xade009d,0xae00adf,0xad90ae1,0xae30ae2,0x83f0ae4,0x9a0099f,0x9a209a1
.4byte 0x8a0089,0x3470129,0x530000,0x450005e,0x451002f,0x393021d,0x710421,0x27c
.4byte 0x3820452,0x453,0x45403b2,0x89042a,0x8b008a,0x360003,0x380037,0x0
.4byte 0x20001,0x2dd0003,0x890088,0x43f038a,0x1d,0x440007e,0x59,0x4a001e
.4byte 0x44101ca,0x427021d,0x4420435,0x1a901aa,0x4430000,0x3630432,0x960089,0x9960995
.4byte 0xad5082e,0xad70ad6,0xad90ad8,0xadb0ada,0xadd0adc,0xa10089,0xa300a2,0x8900a4
.4byte 0xa600a5,0xb5f00a7,0xb6007f1,0xaf706ce,0xaf90af8,0xafa06e2,0xafc0afb,0x6ce0afd
.4byte 0xb620b61,0xb30b63,0x8900b4,0x9a0099,0xb5009b,0x9d0089,0xadf0ade,0xae10ae0
.4byte 0xae20ad9,0xae40ae3,0x99f083f,0x9a109a0,0x8909a2,0x39600a5,0x445,0x1dc0053
.4byte 0x2f0446,0x21d0048,0x1ca0427,0x27c0447,0x530000,0x448002f,0x22,0x3c50449
.4byte 0x890304,0x8b008a,0x360003,0x380037,0x0,0x20001,0x2dd0003,0x890088
.4byte 0x34600b0,0x265,0x408004d,0x433,0x4a0057,0x4340421,0x4270426,0x4360435
.4byte 0x5e0249,0x3e40000,0x3a900f9,0x960089,0x9960995,0xad5082e,0xad70ad6,0xad90ad8
.4byte 0xadb0ada,0xadd0adc,0xa10089,0xa300a2,0x8900a4,0xa600a5,0xa800a7,0xb650b64
.4byte 0x6ce06cc,0xaf80af7,0x6e20af9,0xafb0afa,0xafd0afc,0xb6606ce,0xb680b67,0xb30096
.4byte 0x8900b4,0x9a0099,0xb5009b,0x9d0089,0xadf0ade,0xae10ae0,0xae20ad9,0xae40ae3
.4byte 0x99f083f,0x9a109a0,0x8909a2,0x43a009d,0x2d043b,0x2e0000,0x43c01dc,0x48002f
.4byte 0x162021d,0x2960324,0x1f2,0x43d002e,0x27043e,0x1e0000,0x36b01ab,0x89008d
.4byte 0x8b008a,0x360003,0x380037,0x0,0x20001,0x2dd0003,0x890088,0x4240056
.4byte 0x59,0x4250343,0x33002c,0x570000,0x7a005e,0x426037f,0x41b0427,0x34701a8
.4byte 0x4a,0x4290428,0x89042a,0x9950096,0x82e0996,0xad60ad5,0xad80ad7,0xada0ad9
.4byte 0xadc0adb,0x890add,0xa200a1,0xa400a3,0xa50089,0xa700a6,0x9690b69,0x92b0b6a
.4byte 0xaf706ce,0xaf90af8,0xafa06e2,0xafc0afb,0x6ce0afd,0xb1d06f0,0x77b0b6b,0xb30b6c
.4byte 0x8900b4,0x9a0099,0xb5009b,0x9d0089,0xadf0ade,0xae10ae0,0xae20ad9,0xae40ae3
.4byte 0x99f083f,0x9a109a0,0x8909a2,0x42e008e,0x27042f,0x2e0000,0x43001f9,0x820431
.4byte 0xc4021d,0x16b0309,0x2b8,0x43203ab,0x3c2,0x2300053,0x9c0389,0x8a0089
.4byte 0x3008b,0x370036,0x38,0x10000,0x30002,0x8802dd,0x22b0089,0x1d10418
.4byte 0x280000,0x31901a9,0x41a0419,0x41b01d6,0x2a8041c,0x4a,0x25001cc,0x8900af
.4byte 0x9950096,0x82e0996,0xad60ad5,0xad80ad7,0xada0ad9,0xadc0adb,0x890add,0xa200a1
.4byte 0xa400a3,0xa50089,0xa700a6,0x8900a8,0x8140b6d,0x6cd0b6e,0xaf706ce,0xaf90af8
.4byte 0xafa06e2,0xafc0afb,0x6ce0afd,0xb6f06cd,0xb710b70,0x960b72,0xb400b3,0x990089
.4byte 0x9b009a,0x8900b5,0xade009d,0xae00adf,0xad90ae1,0xae30ae2,0x83f0ae4,0x9a0099f
.4byte 0x9a209a1,0x41e0089,0x83033c,0x2e0000,0x41f01e5,0x4210420,0x4220415,0x59030d
.4byte 0x340,0x423002e,0x8903cb,0x8b008a,0x360003,0x380037,0x0,0x20001
.4byte 0x2dd0003,0x890088,0x409008a,0x40a,0x1a90053,0x2c8040b,0x1d6040c,0x2cb040d
.4byte 0x6e02c3,0x2d,0x40e0028,0x95040f,0x960089,0x9960995,0xad5082e,0xad70ad6
.4byte 0xad90ad8,0xadb0ada,0xadd0adc,0xa10089,0xa300a2,0x8900a4,0xa600a5,0xa800a7
.4byte 0x92e0089,0x78e07e4,0xaf706ce,0xaf90af8,0xafa06e2,0xafc0afb,0x6ce0afd,0xb730b1c
.4byte 0x81b0b74,0x96008e,0xb400b3,0x990089,0x9b009a,0x8900b5,0xade009d,0xae00adf
.4byte 0xad90ae1,0xae30ae2,0x83f0ae4,0x9a0099f,0x9a209a1,0x2af0089,0x4130412,0x26b0000
.4byte 0x2c30201,0x1ca0414,0x4160415,0x590266,0x1a9,0x41703f4,0x8902ba,0x8b008a
.4byte 0x360003,0x380037,0x0,0x20001,0x2dd0003,0x890088,0x3fa00eb,0x3fb
.4byte 0x151021e,0x36601f7,0x220367,0x530000,0x3fd01a9,0x3fe0290,0x2670186,0x5f03ff
.4byte 0x3301d4,0x2e0000,0x23d0400,0x8900d2,0x9950096,0x82e0996,0xad60ad5,0xad80ad7
.4byte 0xada0ad9,0xadc0adb,0x890add,0xa200a1,0xa400a3,0xa50089,0xa700a6,0x8900a8
.4byte 0xb760b75,0x6cd0945,0xaf706ce,0xaf90af8,0xafa06e2,0xafc0afb,0x6ce0afd,0xb780b77
.4byte 0x7350b37,0x96008e,0xb400b3,0x990089,0x9b009a,0x8900b5,0xade009d,0xae00adf
.4byte 0xad90ae1,0xae30ae2,0x83f0ae4,0x9a0099f,0x9a209a1,0x4020089,0x730403,0x2480000
.4byte 0x35f004d,0x1ca0404,0x16603e8,0x2a90405,0x1a9,0x2b00226,0x3730372,0x3750374
.4byte 0x3b90000,0x31c0408,0x8a0089,0x3008b,0x370036,0x38,0x10000,0x30002
.4byte 0x8802dd,0x8e0089,0x3ee03ed,0x27,0x3790343,0x1a40003,0x2d70119,0x37a
.4byte 0x1a90053,0x3f003ef,0x18603f1,0x3f303f2,0x1d402b7,0x203,0x3a103f4,0x890332
.4byte 0x9950096,0x82e0996,0xad60ad5,0xad80ad7,0xada0ad9,0xadc0adb,0x890add,0xa200a1
.4byte 0xa400a3,0xa50089,0xa700a6,0x8900a8,0xb7a0b79,0x6cf0835,0xaf706ce,0xaf90af8
.4byte 0xafa06e2,0xafc0afb,0x6ce0afd,0xb130b7b,0x76a0b7c,0x8e0089,0xb30096,0x8900b4
.4byte 0x9a0099,0xb5009b,0x9d0089,0xadf0ade,0xae10ae0,0xae20ad9,0xae40ae3,0x99f083f
.4byte 0x9a109a0,0x8909a2,0x25f03f5,0x3a4,0x1201eb,0x3f601cb,0x3e80324,0x30c03f7
.4byte 0x1a902a9,0x570000,0x30348,0x3870386,0x1fd0003,0x3f80000,0x3f9011f,0x8a0089
.4byte 0x3008b,0x370036,0x38,0x10000,0x30002,0x8802dd,0x3df0089,0x3e00386
.4byte 0x1e0000,0x38c0230,0x38d008c,0x37a,0x5e002e,0x3e203e1,0x21603e3,0x34703e2
.4byte 0x1d402b7,0x27,0x3e503e4,0x890363,0x9950096,0x82e0996,0xad60ad5,0xad80ad7
.4byte 0xada0ad9,0xadc0adb,0x890add,0xa200a1,0xa400a3,0xa50089,0xa700a6,0x8900a8
.4byte 0x8790b7d,0x6cd07aa,0xaf706ce,0xaf90af8,0xafa06e2,0xafc0afb,0x6ce0afd,0x6cd06cf
.4byte 0xb7e0b0e,0x7350734,0x8e0089,0xb30096,0x8900b4,0x9a0099,0xb5009b,0x9d0089
.4byte 0xadf0ade,0xae10ae0,0xae20ad9,0xae40ae3,0x99f083f,0x9a109a0,0x8909a2,0x39600a5
.4byte 0x2d03e6,0x1d40000,0x3470012,0x1f03e7,0x3e903e8,0x903ea,0x5e,0x399036a
.4byte 0x39a0121,0x1fd,0x3eb001e,0x30403ec,0x8a0089,0x3008b,0x370036,0x38
.4byte 0x10000,0x30002,0x8802dd,0x3cc0089,0x5903cd,0x1e0000,0x38c0230,0x38d008c
.4byte 0x37a,0x5e002e,0x3d003cf,0x21603d1,0x3d20277,0x1d403d3,0x27,0x3d503d4
.4byte 0x8903d6,0x9950096,0x82e0996,0xad60ad5,0xad80ad7,0xada0ad9,0xadc0adb,0x890add
.4byte 0xa200a1,0xa400a3,0xa50089,0xa700a6,0x8900a8,0xb7f076a,0x89707d2,0xaf706ce
.4byte 0xaf90af8,0xafa06e2,0xafc0afb,0x6ce0afd,0xb800b0a,0x890b81,0x96008e,0xb400b3
.4byte 0x990089,0x9b009a,0x8900b5,0xade009d,0xae00adf,0xad90ae1,0xae30ae2,0x83f0ae4
.4byte 0x9a0099f,0x9a209a1,0x8e0089,0x3db03da,0x22,0x18b01d4,0x36c03be,0x3b4001f
.4byte 0x31603c7,0x5e03dc,0x36a0000,0x1210399,0x1fd039a,0x530000,0x3de0230,0x890172
.4byte 0x8b008a,0x360003,0x380037,0x0,0x20001,0x2dd0003,0x890088,0x3bd03bc
.4byte 0x3be,0x38d03ab,0x8c03ac,0x37a038d,0x2e0000,0x3bf006e,0x27b03c0,0x27903c1
.4byte 0x3c303c2,0x2701d4,0x1e0000,0x3c4021e,0x890304,0x9950096,0x82e0996,0xad60ad5
.4byte 0xad80ad7,0xada0ad9,0xadc0adb,0x890add,0xa200a1,0xa400a3,0xa50089,0xa700a6
.4byte 0x8900a8,0xb820735,0xb83079b,0xaf706ce,0xaf90af8,0xafa06e2,0xafc0afb,0x6ce0afd
.4byte 0xb8406cf,0xb860b85,0x890735,0x96008e,0xb400b3,0x990089,0x9b009a,0x8900b5
.4byte 0xade009d,0xae00adf,0xad90ae1,0xae30ae2,0x83f0ae4,0x9a0099f,0x9a209a1,0x3c70089
.4byte 0x85036b,0x1d40000,0x3350169,0x1f0166,0x3c803b4,0x33703c9,0x4a,0x3b7002e
.4byte 0x38d03b8,0x1fd039a,0x3430000,0x3cb03ca,0x8900a4,0x8b008a,0x360003,0x380037
.4byte 0x0,0x20001,0x2dd0003,0x890088,0x3aa011b,0x2cd,0x38d03ab,0x8c03ac
.4byte 0x37a038d,0x26b0000,0x2b701f9,0x3ae03ad,0x27903af,0x3b00372,0x27c01d4,0x2e0000
.4byte 0x3890348,0x890172,0x9950096,0x82e0996,0xad60ad5,0xad80ad7,0xada0ad9,0xadc0adb
.4byte 0x890add,0xa200a1,0xa400a3,0xa50089,0xa700a6,0x8900a8,0xb870735,0x7b80814
.4byte 0x6ce06cd,0xaf80af7,0x6e20af9,0xafb0afa,0xafd0afc,0x6cd06ce,0xb880b35,0x7350b89
.4byte 0x8e0089,0xb30096,0x8900b4,0x9a0099,0xb5009b,0x9d0089,0xadf0ade,0xae10ae0
.4byte 0xae20ad9,0xae40ae3,0x99f083f,0x9a109a0,0x8909a2,0x1140378,0x3c,0x6e001e
.4byte 0x4403b2,0x3b30084,0x3b503b4,0x34703b6,0x2d006e,0x2e0000,0x3b803b7,0x39a038d
.4byte 0x1fd,0x3ba03b9,0x8903bb,0x8b008a,0x360003,0x380037,0x0,0x20001
.4byte 0x2dd0003,0x890088,0x39c009d,0x22039d,0x3ce0000,0x309015b,0x38d008c,0x37a
.4byte 0x1e501eb,0x39e02b7,0x32002be,0x1fd039f,0x4a03a0,0x1f2,0x3a1035a,0xa403a2
.4byte 0x960089,0x9960995,0xad5082e,0xad70ad6,0xad90ad8,0xadb0ada,0xadd0adc,0xa10089
.4byte 0xa300a2,0x8900a4,0xa600a5,0xa800a7,0x77b0089,0xb8b0b8a,0xaf706ce,0xaf90af8
.4byte 0xafa06e2,0xafc0afb,0x6ce0afd,0xb8c0b1c,0x76a0b8d,0x8e0089,0xb30096,0x8900b4
.4byte 0x9a0099,0xb5009b,0x9d0089,0xadf0ade,0xae10ae0,0xae20ad9,0xae40ae3,0x99f083f
.4byte 0x9a109a0,0x8909a2,0x2600364,0x2d03a4,0x570000,0x3a5006e,0x3a601d3,0x320021b
.4byte 0x19a03a7,0x6e02a8,0x203,0x3dd01e1,0x38d0299,0x1fd039a,0x3a80000,0x3a902bd
.4byte 0x8a0089,0x3008b,0x370036,0x38,0x10000,0x30002,0x8802dd,0x38a0089
.4byte 0x38b0346,0x3ce0000,0x309015b,0x38d008c,0x37a,0x4d01d4,0x38e007d,0x1fa038f
.4byte 0x3910390,0x5e0392,0x2b8,0xd6018b,0x890393,0x9950096,0x82e0996,0xad60ad5
.4byte 0xad80ad7,0xada0ad9,0xadc0adb,0x890add,0xa200a1,0xa400a3,0xa50089,0xa700a6
.4byte 0x8900a8,0x8790b8e,0x6ce087a,0xaf80af7,0x6e20af9,0xafb0afa,0xafd0afc,0xb8f06ce
.4byte 0xb100b90,0x8e0089,0xb30096,0x8900b4,0x9a0099,0xb5009b,0x9d0089,0xadf0ade
.4byte 0xae10ae0,0xae20ad9,0xae40ae3,0x99f083f,0x9a109a0,0x8909a2,0x39600e5,0x270397
.4byte 0x570000,0x398005e,0x24401f7,0x320004a,0x2d20034,0x1d4005f,0x27,0x3dd01e1
.4byte 0x38d0299,0x1fd039a,0x21e0057,0x304039b,0x8a0089,0x3008b,0x370036,0x38
.4byte 0x10000,0x30002,0x8802dd,0x3780089,0x90155,0x3790343,0x1a40003,0x2d70119
.4byte 0x37a,0x4d01d4,0x32b037b,0x37d037c,0x37e029f,0x7101c4,0x340,0x26e037f
.4byte 0x890380,0x9950096,0x82e0996,0xad60ad5,0xad80ad7,0xada0ad9,0xadc0adb,0x890add
.4byte 0xa200a1,0xa400a3,0xa50089,0xa700a6,0x8900a8,0xb920b91,0x6cd06cc,0xaf706ce
.4byte 0xaf90af8,0xafa06e2,0xafc0afb,0x6ce0afd,0x6cd06cf,0xb210b66,0x7350b93,0x8e0089
.4byte 0xb30096,0x8900b4,0x9a0099,0xb5009b,0x9d0089,0xadf0ade,0xae10ae0,0xae20ad9
.4byte 0xae40ae3,0x99f083f,0x9a109a0,0x8909a2,0x3820381,0x83,0x5e0028,0x3830309
.4byte 0x36f0384,0x2d60385,0x2b20187,0x2701d4,0x570000,0x30348,0x3870386,0x1fd0003
.4byte 0x388002e,0x1720389,0x8a0089,0x3008b,0x370036,0x38,0x10000,0x30002
.4byte 0x8802dd,0x3640089,0x3650314,0x3790642,0x3970003,0x36703fc,0x22,0x1201d4
.4byte 0x21c0032,0x3690368,0x33f036a,0x66033d,0x1a9,0x2f0053,0xaf036b,0x960089
.4byte 0x9960995,0xad5082e,0xad70ad6,0xad90ad8,0xadb0ada,0xadd0adc,0xa10089,0xa300a2
.4byte 0x8900a4,0xa600a5,0xa800a7,0xb2f0089,0xb950b94,0xaf706ce,0xaf90af8,0xafa06e2
.4byte 0xafc0afb,0x6ce0afd,0xb970b96,0x81b0b98,0x8e0089,0xb30096,0x8900b4,0x9a0099
.4byte 0xb5009b,0x9d0089,0xadf0ade,0xae10ae0,0xae20ad9,0xae40ae3,0x99f083f,0x9a109a0
.4byte 0x8909a2,0x36e0239,0x59,0x1a90053,0x18702e0,0x36f0238,0x370033f,0x2b20371
.4byte 0x2701d4,0x570000,0x30348,0x1fc0406,0x3750374,0x376000e,0xa40377,0x8a0089
.4byte 0x3008b,0x370036,0x38,0x10000,0x30002,0x8802dd,0xa50089,0x3570356
.4byte 0x22,0x6e001e,0x358018b,0x1a10348,0x2330359,0x33d032a,0x1a90047,0x35a0000
.4byte 0x29a035b,0x89009c,0x9950096,0x82e0996,0xad60ad5,0xad80ad7,0xada0ad9,0xadc0adb
.4byte 0x890add,0xa200a1,0xa400a3,0xa50089,0xa700a6,0x8900a8,0xb9908f9,0x6ce0b9a
.4byte 0xaf80af7,0x6e20af9,0xafb0afa,0xafd0afc,0xb9b06ce,0x7340b9c,0x8e0089,0xb30096
.4byte 0x8900b4,0x9a0099,0xb5009b,0x9d0089,0xadf0ade,0xae10ae0,0xae20ad9,0xae40ae3
.4byte 0x99f083f,0x9a109a0,0x8909a2,0x35e00b8,0x2d035f,0x530000,0x6c01a9,0x360030b
.4byte 0x33f029f,0x1f70348,0x1d40361,0x27c,0x1070362,0x890363,0x8b008a,0x360003
.4byte 0x380037,0x0,0x20001,0x2dd0003,0x890088,0x3460345,0x47,0x6e0057
.4byte 0x3470169,0x1a10348,0x34900cb,0x6c0278,0x5e0059,0x18b0000,0x34b034a,0x960089
.4byte 0x9960995,0xad5082e,0xad70ad6,0xad90ad8,0xadb0ada,0xadd0adc,0xa10089,0xa300a2
.4byte 0x8900a4,0xa600a5,0xa800a7,0xb910089,0x9130b9d,0x6ce06cd,0xaf80af7,0x6e20af9
.4byte 0xafb0afa,0xafd0afc,0x6cf06ce,0xb9e06cd,0xb9f0b21,0x890735,0x96008e,0xb400b3
.4byte 0x990089,0x9b009a,0x8900b5,0xade009d,0xae00adf,0xad90ae1,0xae30ae2,0x83f0ae4
.4byte 0x9a0099f,0x9a209a1,0x8a0089,0x350034f,0x27,0x1a9002e,0x2d2006c,0x29f0351
.4byte 0x348033f,0x35201f7,0x1f201d4,0x530000,0x3540353,0x890355,0x8b008a,0x360003
.4byte 0x380037,0x0,0x20001,0x2dd0003,0x890088,0x3340333,0x335,0x510053
.4byte 0x23b0336,0x280019,0x1e1005e,0x3250337,0xcb0187,0x1680338,0x5902a3,0x5e
.4byte 0x3390057,0x33a0326,0x960089,0x9960995,0xad5082e,0xad70ad6,0xad90ad8,0xadb0ada
.4byte 0xadd0adc,0xa10089,0xa300a2,0x8900a4,0xa600a5,0xa800a7,0x77b0089,0xb8b0ba0
.4byte 0xaf706ce,0xaf90af8,0xafa06e2,0xafc0afb,0x6ce0afd,0xb8c0b96,0x81b0ba1,0x8e0089
.4byte 0xb30096,0x8900b4,0x9a0099,0xb5009b,0x9d0089,0xadf0ade,0xae10ae0,0xae20ad9
.4byte 0xae40ae3,0x99f083f,0x9a109a0,0x8909a2,0x33b008e,0x306033c,0x2e0000,0x33d01a9
.4byte 0x33e019a,0x33f0329,0x6a021c,0x4a028a,0x1e0340,0x3410316,0x590342,0x3430000
.4byte 0x2ae0344,0x89008d,0x8b008a,0x360003,0x380037,0x0,0x20001,0x2dd0003
.4byte 0x890088,0x9a0092,0x27031d,0x120000,0x223031e,0x320031f,0x321005e,0x3230322
.4byte 0x1d9030b,0x2b402e2,0x3c0324,0x2d01dc,0x60000,0x2230325,0x8900af,0x9950096
.4byte 0x82e0996,0xad60ad5,0xad80ad7,0xada0ad9,0xadc0adb,0x890add,0xa200a1,0xa400a3
.4byte 0xa50089,0xa700a6,0x8900a8,0xba20b82,0x6ce07aa,0xaf80af7,0x6e20af9,0xafb0afa
.4byte 0xafd0afc,0x6cf06ce,0xba40ba3,0x890b26,0x96008e,0xb400b3,0x990089,0x9b009a
.4byte 0x8900b5,0xade009d,0xae00adf,0xad90ae1,0xae30ae2,0x83f0ae4,0x9a0099f,0x9a209a1
.4byte 0x2390089,0x6a0326,0x26b0000,0x1c401a9,0x3280327,0x32a0329,0x32c032b,0x5e032d
.4byte 0x4201a9,0x32f032e,0x270330,0x120000,0x3320331,0x8900a4,0x8b008a,0x360003
.4byte 0x380037,0x0,0x20001,0x2dd0003,0x890088,0x1f000eb,0x3060305,0x2e0000
.4byte 0x1130307,0x2d00308,0x309020c,0x30a006a,0x1d9030b,0x18a030c,0x9030d,0x203006e
.4byte 0x120000,0x30f030e,0x8900d2,0x9950096,0x82e0996,0xad60ad5,0xad80ad7,0xada0ad9
.4byte 0xadc0adb,0x890add,0xa200a1,0xa400a3,0xa50089,0xa700a6,0x8900a8,0xba60ba5
.4byte 0x6cf0ba7,0x6ce06cd,0xaf80af7,0x6e20af9,0xafb0afa,0xafd0afc,0x6cf06ce,0xba806cd
.4byte 0xbaa0ba9,0x890bab,0x96008e,0xb400b3,0x990089,0x9b009a,0x8900b5,0xade009d
.4byte 0xae00adf,0xad90ae1,0xae30ae2,0x83f0ae4,0x9a0099f,0x9a209a1,0x3130089,0x2cd0314
.4byte 0x27,0x4a01eb,0x3160315,0x31702d4,0x2300268,0x3180005,0x271020c,0x9a0319
.4byte 0xd031a,0x570000,0x155031b,0x89031c,0x8b008a,0x360003,0x380037,0x0
.4byte 0x20001,0x2dd0003,0x890088,0x170008f,0x292,0x2de0045,0x2df0164,0x2e002d0
.4byte 0x2e10253,0x2c102d2,0x17f003d,0x2e302e2,0x27006e,0x1e0000,0x2e502e4,0x89017b
.4byte 0x9950096,0x82e0996,0xad60ad5,0xad80ad7,0xada0ad9,0xadc0adb,0x890add,0xa200a1
.4byte 0xa400a3,0xa50089,0xa700a6,0x8900a8,0xbad0bac,0x71e0bae,0x6ce06cd,0xaf80af7
.4byte 0x6e20af9,0xafb0afa,0xafd0afc,0x6cf06ce,0xafe06cd,0xbb00baf,0x890bb1,0x96008e
.4byte 0xb400b3,0x990089,0x9b009a,0x8900b5,0xade009d,0xae00adf,0xad90ae1,0xae30ae2
.4byte 0x83f0ae4,0x9a0099f,0x9a209a1,0xe50089,0x20000ad,0x265,0x6e01d4,0x3d02fe
.4byte 0x2c8015b,0x2ff0268,0x3010300,0x30201c1,0x16400c2,0x22024d,0x60000,0xae0303
.4byte 0x890304,0x8b008a,0x360003,0x380037,0x0,0x20001,0x2cd0003,0x27
.4byte 0x7a0053,0x2ce02a6,0x22f02cf,0x2d102d0,0x2c102d2,0x2d402d3,0x2d5007e,0x270080
.4byte 0x26b0000,0x3002d6,0xbb20003,0xbb40bb3,0x6ce06cf,0xaf80af7,0x6e20af9,0xafb0afa
.4byte 0xafd0afc,0x91c06ce,0xbb60bb5,0x2d70003,0x2d006a,0x1d40000,0x2d80075,0x18a01e1
.4byte 0x26802c8,0x2d9024a,0x4701d2,0x2db02da,0x4701a7,0x120000,0x302dc,0x370036
.4byte 0x38,0x10000,0x30002,0x5902bb,0x680000,0x2bd02bc,0x1f102be,0x2bf0149
.4byte 0x2c102c0,0x2c2024e,0x2c301bf,0x27c01d4,0x7e0000,0x302c4,0xbb706f4,0xbb90bb8
.4byte 0x6ce06cd,0xaf80af7,0x6e20af9,0xafb0afa,0xafd0afc,0x6cd06ce,0xbbb0bba,0x6f40bbc
.4byte 0x2c60003,0x22,0x6e001e,0x2c70068,0x18a020d,0x26802c8,0x1fd02c9,0x5901f1
.4byte 0x13502ca,0x2702cb,0x530000,0x2cc015a,0x360003,0x380037,0x0,0x870086
.4byte 0x890088,0x2a6008a,0x2a802a7,0x33,0x15c0057,0x2a90184,0x2aa01d2,0x2ac02ab
.4byte 0x25601a4,0x16012a,0x1d4007d,0x1f2,0x2ad0053,0x2ae0196,0x890095,0x970096
.4byte 0x890098,0x9a0099,0x9c009b,0x9d0089,0x9f009e,0x8900a0,0xa200a1,0xa400a3
.4byte 0xa50089,0xa700a6,0x8900a8,0xaa00a9,0x80600ab,0x8080941,0xaf706ce,0xaf90af8
.4byte 0xafa06e2,0xafc0afb,0x6ce0afd,0xb7706cf,0xbbe0bbd,0x940093,0x890095,0x96008e
.4byte 0xb400b3,0x990089,0x9b009a,0x8900b5,0xb6009d,0xb7009f,0xb80089,0xa300a2
.4byte 0x8900a4,0xb900a5,0xba00a7,0x2af0089,0x2b102b0,0x47,0x6e0057,0x2b2004d
.4byte 0x2b402b3,0x2a00279,0x21d02b5,0x59022f,0x2b702b6,0x2b8,0x18e000a,0x2ba01f4
.4byte 0x8a0089,0xbc008b,0x22,0x860000,0x880087,0x8a0089,0x1100294,0x830295
.4byte 0x530000,0x2960192,0x297013d,0x2990298,0x25601a4,0x45029a,0x1d4024d,0x1a9
.4byte 0x29c029b,0x29d0110,0x890095,0x970096,0x890098,0x9a0099,0x9c009b,0x9d0089
.4byte 0x9f009e,0x8900a0,0xa200a1,0xa400a3,0xa50089,0xa700a6,0x8900a8,0xaa00a9
.4byte 0xbc00bbf,0x8880bc1,0x6cd0af6,0xaf706ce,0xaf90af8,0xafa06e2,0xafc0afb,0x6ce0afd
.4byte 0xbc206cd,0xb710bc3,0x930bc4,0x950094,0x8e0089,0xb30096,0x8900b4,0x9a0099
.4byte 0xb5009b,0x9d0089,0x9f00b6,0x8900b7,0xa200b8,0xa400a3,0xa50089,0xa700b9
.4byte 0x8900ba,0x1c700a9,0x29e00bf,0x203,0x1dc0053,0x24d0012,0x168029f,0x2a00279
.4byte 0x2a202a1,0x7302a3,0x3f02a4,0x640000,0x1a302a5,0x890088,0x8b008a,0x2200bc
.4byte 0x0,0x870086,0x890088,0x8b008a,0x280027f,0x2d0281,0x1e0000,0x1d40080
.4byte 0x258008a,0x7b10282,0x4501fa,0x1c30284,0x1fa023c,0x1a9,0x2850057,0x2870286
.4byte 0x950094,0x960089,0x980097,0x990089,0x9b009a,0x89009c,0x9e009d,0xa0009f
.4byte 0xa10089,0xa300a2,0x8900a4,0xa600a5,0xa800a7,0xa90089,0xab00aa,0xb2000a4
.4byte 0xbc60bc5,0x6ce0917,0xaf80af7,0x6e20af9,0xafb0afa,0xafd0afc,0xb0a06ce,0xb930bc7
.4byte 0x920089,0x940093,0x890095,0x96008e,0xb400b3,0x990089,0x9b009a,0x8900b5
.4byte 0xb6009d,0xb7009f,0xb80089,0xa300a2,0x8900a4,0xb900a5,0xba00a7,0xa90089
.4byte 0x28c028b,0x28e028d,0x530000,0x18b005e,0x290028f,0x4a0168,0x72a01fa,0x2910268
.4byte 0x800292,0x212,0x293026b,0x27f00ca,0x890088,0x8b008a,0x2200bc,0x0
.4byte 0x870086,0x890088,0x8b008a,0x26f026e,0x1d023b,0x1e0000,0x42006e,0x15c0270
.4byte 0x7101b4,0x21301fa,0x17c0257,0x4a0272,0x20c,0x2740273,0x2750097,0x950094
.4byte 0x960089,0x980097,0x990089,0x9b009a,0x89009c,0x9e009d,0xa0009f,0xa10089
.4byte 0xa300a2,0x8900a4,0xa600a5,0xa800a7,0xa90089,0xab00aa,0x8900a4,0xbc80b27
.4byte 0x6ce06f0,0xaf80af7,0x6e20af9,0xafb0afa,0xafd0afc,0xb1206ce,0xb290b28,0x890735
.4byte 0x930092,0x950094,0x8e0089,0xb30096,0x8900b4,0x9a0099,0xb5009b,0x9d0089
.4byte 0x9f00b6,0x8900b7,0xa200b8,0xa400a3,0xa50089,0xa700b9,0x8900ba,0xaa00a9
.4byte 0xd7014c,0x330276,0x530000,0x7e0071,0x27701ec,0x4a0278,0x27901fa,0x27a0147
.4byte 0x1d4027b,0x27c,0x27d024e,0x27e00e1,0x890088,0x8b008a,0x2200bc,0x0
.4byte 0x870086,0x890088,0x8b008a,0x1ea0252,0x2530223,0x2d,0x1dc0053,0x254004d
.4byte 0x2550016,0x2570256,0x2590258,0x25b025a,0x7101a9,0x2d,0x25c001e,0x25e025d
.4byte 0x94025f,0x890095,0x970096,0x890098,0x9a0099,0x9c009b,0x9d0089,0x9f009e
.4byte 0x8900a0,0xa200a1,0xa400a3,0xa50089,0xa700a6,0x8900a8,0xaa00a9,0xa400ab
.4byte 0x77b0089,0xbca0bc9,0x6ce06cf,0xaf80af7,0x6e20af9,0xafb0afa,0xafd0afc,0xb3906ce
.4byte 0xbcc0bcb,0x89076a,0x930092,0x950094,0x8e0089,0xb30096,0x8900b4,0x9a0099
.4byte 0xb5009b,0x9d0089,0x9f00b6,0x8900b7,0xa200b8,0xa400a3,0xa50089,0xa700b9
.4byte 0x8900ba,0xaa00a9,0x263010b,0x2650264,0x20b0000,0x266020c,0x26701cb,0x2690268
.4byte 0x26a0147,0x7e019e,0x1d4005f,0x1a9,0x26c026b,0xf3026d,0x8800b1,0x8a0089
.4byte 0xbc008b,0x22,0x860000,0x880087,0x8a0089,0x8c008b,0x23a0163,0x1d023b
.4byte 0x530000,0x12005e,0x1bf023c,0x15c023d,0x23e0228,0x18d023f,0x660240,0x3301dc
.4byte 0x2410000,0x2430242,0x930244,0x950094,0x960089,0x980097,0x990089,0x9b009a
.4byte 0x89009c,0x9e009d,0xa0009f,0xa10089,0xa300a2,0x8900a4,0xa600a5,0xa800a7
.4byte 0xa90089,0xab00aa,0x8900a4,0xb8a07e3,0x6cf0bcd,0xaf706ce,0xaf90af8,0xafa06e2
.4byte 0xafc0afb,0x6ce0afd,0xbce0b30,0xb200b8d,0x920089,0x940093,0x890095,0x96008e
.4byte 0xb400b3,0x990089,0x9b009a,0x8900b5,0xb6009d,0xb7009f,0xb80089,0xa300a2
.4byte 0x8900a4,0xb900a5,0xba00a7,0xa90089,0x24500aa,0xa70246,0x2030247,0x2480000
.4byte 0x1ca01a9,0x24a0249,0x1ab024b,0x24c0232,0x16017f,0x1fa024d,0x1a9,0x24f024e
.4byte 0x2510250,0x8800b1,0x8a0089,0xbc008b,0x22,0x860000,0x880087,0x8a0089
.4byte 0x8c008b,0x1c500f7,0x2240223,0x203,0x710053,0x225018b,0x2270226,0x228015c
.4byte 0x22a0229,0x22b000d,0x1dc0047,0x27,0x22c0053,0x1c0009a,0x9300d9,0x950094
.4byte 0x960089,0x980097,0x990089,0x9b009a,0x89009c,0x9e009d,0xa0009f,0xa10089
.4byte 0xa300a2,0x8900a4,0xa600a5,0xa800a7,0xa90089,0xab00aa,0x8900a4,0xbcf077b
.4byte 0x6cf0bd0,0xaf706ce,0xaf90af8,0xafa06e2,0xafc0afb,0x6ce0afd,0xbd10b39,0x76a0bd2
.4byte 0x920089,0x940093,0x890095,0x96008e,0xb400b3,0x990089,0x9b009a,0x8900b5
.4byte 0xb6009d,0xb7009f,0xb80089,0xa300a2,0x8900a4,0xb900a5,0xba00a7,0xa90089
.4byte 0xab00aa,0x1270133,0x20a022e,0x1d40000,0x22f01a9,0x23001d1,0x1ab0231,0x2330232
.4byte 0x450234,0x1fa0235,0x20c,0x23601b0,0x2380237,0xb10239,0x890088,0x8b008a
.4byte 0x2200bc,0x0,0x870086,0x890088,0x8b008a,0x206008c,0x2080207,0x20a0209
.4byte 0x20b0000,0x7e020c,0x20d0052,0x45020e,0x210020f,0xd0177,0x590211,0x21201f9
.4byte 0x2130000,0x2150214,0x2170216,0x940093,0x890095,0x970096,0x890098,0x9a0099
.4byte 0x9c009b,0x9d0089,0x9f009e,0x8900a0,0xa200a1,0xa400a3,0xa50089,0xa700a6
.4byte 0x8900a8,0xaa00a9,0xa400ab,0x7e30089,0xbcd0bd3,0x6ce06cf,0xaf80af7,0x6e20af9
.4byte 0xafb0afa,0xafd0afc,0xb3906ce,0xbd50bd4,0x890b20,0x930092,0x950094,0x8e0089
.4byte 0xb30096,0x8900b4,0x9a0099,0xb5009b,0x9d0089,0x9f00b6,0x8900b7,0xa200b8
.4byte 0xa400a3,0xa50089,0xa700b9,0x8900ba,0xaa00a9,0x1a500ab,0x21a00be,0x22005f
.4byte 0x80001e,0x1f1021b,0x21c0073,0x21e021d,0x20d0168,0x213020e,0x21b021f,0x2d0071
.4byte 0x2200053,0x2210093,0xb00222,0x8800b1,0x8a0089,0xbc008b,0x22,0x860000
.4byte 0x880087,0x8a0089,0x8c008b,0x1e9008d,0xd701ea,0x1d0191,0x1a901eb,0x1ec016e
.4byte 0x1ee01ed,0x1ce0016,0x1f001ef,0x1f10073,0x80003c,0x1b001f2,0x1e60072,0x1f30135
.4byte 0x930092,0x950094,0x960089,0x980097,0x990089,0x9b009a,0x89009c,0x9e009d
.4byte 0xa0009f,0xa10089,0xa300a2,0x8900a4,0xa600a5,0xa800a7,0xa90089,0xab00aa
.4byte 0x8900a4,0x7d8077b,0x6f00bd6,0xaf706ce,0xaf90af8,0xafa06e2,0xafc0afb,0x6ce0afd
.4byte 0xbd80bd7,0x76a0bcc,0x920089,0x940093,0x890095,0x96008e,0xb400b3,0x990089
.4byte 0x9b009a,0x8900b5,0xb6009d,0xb7009f,0xb80089,0xa300a2,0x8900a4,0xb900a5
.4byte 0xba00a7,0xa90089,0xab00aa,0x13301f5,0x1f601e6,0x1f801f7,0x1fa01f9,0xd01fb
.4byte 0x1fd01fc,0x19e01fe,0x20001ff,0x2020201,0x1dc01a9,0x15c0203,0x1da0204,0xb50205
.4byte 0xb100b0,0x890088,0x8b008a,0x2200bc,0x0,0x870086,0x890088,0x8b008a
.4byte 0x8d008c,0x1c600eb,0x1c801c7,0x6e01c9,0x1ca01a9,0x1cc01cb,0x1601cd,0x1cf01ce
.4byte 0x1d101d0,0x1d301d2,0x5e01d4,0x201d5,0x1d600c3,0x9200d2,0x940093,0x890095
.4byte 0x970096,0x890098,0x9a0099,0x9c009b,0x9d0089,0x9f009e,0x8900a0,0xa200a1
.4byte 0xa400a3,0xa50089,0xa700a6,0x8900a8,0xaa00a9,0xa400ab,0xbd90089,0x89707d2
.4byte 0xaf706ce,0xaf90af8,0xafa06e2,0xafc0afb,0x6ce0afd,0xb800b0a,0x890bda,0x930092
.4byte 0x950094,0x8e0089,0xb30096,0x8900b4,0x9a0099,0xb5009b,0x9d0089,0x9f00b6
.4byte 0x8900b7,0xa200b8,0xa400a3,0xa50089,0xa700b9,0x8900ba,0xaa00a9,0xa400ab
.4byte 0x17700ce,0x1db01da,0x1dc016b,0x1dd0080,0x1de000d,0x1e001df,0x1e1019e,0x1e301e2
.4byte 0x6601e4,0x1e501dc,0x1e60079,0x1e801e7,0xb00089,0x8800b1,0x8a0089,0xbc008b
.4byte 0x22,0x860000,0x880087,0x8a0089,0x8c008b,0x89008d,0x1a601a5,0x1a70111
.4byte 0x1a901a8,0x1aa0074,0x1ac01ab,0x18c0016,0x1ad018d,0x1ae0005,0x1b001af,0x1b201b1
.4byte 0x1b401b3,0x8901b5,0x930092,0x950094,0x960089,0x980097,0x990089,0x9b009a
.4byte 0x89009c,0x9e009d,0xa0009f,0xa10089,0xa300a2,0x8900a4,0xa600a5,0xa800a7
.4byte 0xa90089,0xab00aa,0x8900a4,0xbdc0bdb,0x6cd07b8,0xaf706ce,0xaf90af8,0xafa06e2
.4byte 0xafc0afb,0x6ce0afd,0xb6f06cd,0xb710bdd,0x890735,0x930092,0x950094,0x8e0089
.4byte 0xb30096,0x8900b4,0x9a0099,0xb5009b,0x9d0089,0x9f00b6,0x8900b7,0xa200b8
.4byte 0xa400a3,0xa50089,0xa700b9,0x8900ba,0xaa00a9,0xa400ab,0x1b9008e,0xd701ba
.4byte 0x14901bb,0xc701bc,0x18e01bd,0x19d01be,0x1bf019e,0x1c101c0,0x4701c2,0x1c401c3
.4byte 0x9701c5,0x9c0165,0xb00089,0x8800b1,0x8a0089,0xbc008b,0x22,0x860000
.4byte 0x880087,0x8a0089,0x8c008b,0x89008d,0x184008e,0x1510185,0x1870186,0x90188
.4byte 0x18a0189,0x18c018b,0x18e018d,0x190018f,0x1920191,0x14d0193,0x19400e9,0x8900a4
.4byte 0x930092,0x950094,0x960089,0x980097,0x990089,0x9b009a,0x89009c,0x9e009d
.4byte 0xa0009f,0xa10089,0xa300a2,0x8900a4,0xa600a5,0xa800a7,0xa90089,0xab00aa
.4byte 0x8900a4,0xbdf0bde,0x6cd07aa,0xaf706ce,0xaf90af8,0xafa06e2,0xafc0afb,0x6ce0afd
.4byte 0xbe10be0,0x890be2,0x930092,0x950094,0x8e0089,0xb30096,0x8900b4,0x9a0099
.4byte 0xb5009b,0x9d0089,0x9f00b6,0x8900b7,0xa200b8,0xa400a3,0xa50089,0xa700b9
.4byte 0x8900ba,0xaa00a9,0xa400ab,0x1950089,0xe70198,0x1450199,0xff019a,0x19c019b
.4byte 0x19d0005,0x18b019e,0x19f016a,0x1a101a0,0x15001a2,0x1a401a3,0x8900bb,0xb100b0
.4byte 0x890088,0x8b008a,0x2200bc,0x0,0x870086,0x890088,0x8b008a,0x8d008c
.4byte 0x1170089,0x1340163,0x1650164,0x90166,0x1680167,0x16a0169,0x16c016b,0x16e016d
.4byte 0x16f00c4,0x17000e7,0x1720171,0x920089,0x940093,0x890095,0x970096,0x890098
.4byte 0x9a0099,0x9c009b,0x9d0089,0x9f009e,0x8900a0,0xa200a1,0xa400a3,0xa50089
.4byte 0xa700a6,0x8900a8,0xaa00a9,0xa400ab,0xbe30089,0xbe50be4,0x71f0be6,0xaf706ce
.4byte 0xaf90af8,0xafa06e2,0xafc0afb,0x6ce0afd,0x6cd06cf,0xbe80be7,0x890be9,0x930092
.4byte 0x950094,0x8e0089,0xb30096,0x8900b4,0x9a0099,0xb5009b,0x9d0089,0x9f00b6
.4byte 0x8900b7,0xa200b8,0xa400a3,0xa50089,0xa700b9,0x8900ba,0xaa00a9,0xa400ab
.4byte 0x1760089,0x1780177,0x17a0179,0x17c017b,0x17d00ad,0x17f017e,0xf20012,0x180000d
.4byte 0x1770181,0x16a0182,0xa40183,0xb00089,0x8800b1,0x8a0089,0xbc008b,0x22
.4byte 0x860000,0x880087,0x8a0089,0x8c008b,0x89008d,0x10e0142,0x14300e7,0x1450144
.4byte 0x1470146,0x148003d,0x14a0149,0x79014b,0x14d014c,0x14e012f,0x89010c,0x930092
.4byte 0x950094,0x960089,0x980097,0x990089,0x9b009a,0x89009c,0x9e009d,0xa0009f
.4byte 0xa10089,0xa300a2,0x8900a4,0xa600a5,0xa800a7,0xa90089,0xab00aa,0x8900a4
.4byte 0xad00ac,0xbeb0bea,0x7b80bec,0x6ce06cd,0xaf80af7,0x6e20af9,0xafb0afa,0xafd0afc
.4byte 0x6cd06ce,0xb180bed,0xbef0bee,0x890091,0x930092,0x950094,0x8e0089,0xb30096
.4byte 0x8900b4,0x9a0099,0xb5009b,0x9d0089,0x9f00b6,0x8900b7,0xa200b8,0xa400a3
.4byte 0xa50089,0xa700b9,0x8900ba,0xaa00a9,0xa400ab,0x9d0089,0x1540153,0x1550122
.4byte 0x1570156,0x1590158,0x15b015a,0x15d015c,0x15f015e,0xfb0160,0x1620161,0x8900b5
.4byte 0xb100b0,0x890088,0x8b008a,0x2200bc,0x0,0x870086,0x890088,0x8b008a
.4byte 0x8d008c,0x8e0089,0x1260125,0x2b0127,0x1290128,0x12b012a,0x12c00e1,0xe9012d
.4byte 0x30012e,0x130012f,0x890131,0x930092,0x950094,0x960089,0x980097,0x990089
.4byte 0x9b009a,0x89009c,0x9e009d,0xa0009f,0xa10089,0xa300a2,0x8900a4,0xa600a5
.4byte 0xa800a7,0xa90089,0xab00aa,0x8900a4,0xad00ac,0xaf00ae,0xbf00b79,0x6cf0964
.4byte 0xaf706ce,0xaf90af8,0xafa06e2,0xafc0afb,0x6ce0afd,0xbf10b7b,0x890bf2,0x9000b2
.4byte 0x890091,0x930092,0x950094,0x8e0089,0xb30096,0x8900b4,0x9a0099,0xb5009b
.4byte 0x9d0089,0x9f00b6,0x8900b7,0xa200b8,0xa400a3,0xa50089,0xa700b9,0x8900ba
.4byte 0xaa00a9,0xa400ab,0xe50089,0x1380137,0x13900cf,0x13a00e2,0x13b005c,0x13d013c
.4byte 0x13e010f,0x2b0134,0x140013f,0x890141,0xb100b0,0x890088,0x8b008a,0x2200bc
.4byte 0x0,0x870086,0x890088,0x8b008a,0x8d008c,0x9d0089,0x10e010d,0x30010f
.4byte 0xd00110,0x11100f9,0x1130112,0x2b0110,0x1150114,0x890116,0x930092,0x950094
.4byte 0x960089,0x980097,0x990089,0x9b009a,0x89009c,0x9e009d,0xa0009f,0xa10089
.4byte 0xa300a2,0x8900a4,0xa600a5,0xa800a7,0xa90089,0xab00aa,0x8900a4,0xad00ac
.4byte 0xaf00ae,0x9370089,0x8fb0bf3,0xaf706ce,0xaf90af8,0xafa06e2,0xafc0afb,0x6ce0afd
.4byte 0xbf50bf4,0x890b26,0x9000b2,0x890091,0x930092,0x950094,0x8e0089,0xb30096
.4byte 0x8900b4,0x9a0099,0xb5009b,0x9d0089,0x9f00b6,0x8900b7,0xa200b8,0xa400a3
.4byte 0xa50089,0xa700b9,0x8900ba,0xaa00a9,0xa400ab,0x11b0089,0x11d011c,0xe8011e
.4byte 0x11f0025,0x970120,0x1220121,0x1230030,0x580124,0x89010c,0xb100b0,0x890088
.4byte 0x8b008a,0x2200bc,0x0,0x870086,0x890088,0x8b008a,0x8d008c,0x9d0089
.4byte 0xf800f7,0xfa00f9,0x300fb,0xfc00e0,0xfe00fd,0xa400ff,0x920089,0x940093
.4byte 0x890095,0x970096,0x890098,0x9a0099,0x9c009b,0x9d0089,0x9f009e,0x8900a0
.4byte 0xa200a1,0xa400a3,0xa50089,0xa700a6,0x8900a8,0xaa00a9,0xa400ab,0xac0089
.4byte 0xae00ad,0x8900af,0x93b08bb,0x6ce0b9a,0xaf80af7,0x6e20af9,0xafb0afa,0xafd0afc
.4byte 0xbf606ce,0xbf80bf7,0xb20089,0x910090,0x920089,0x940093,0x890095,0x96008e
.4byte 0xb400b3,0x990089,0x9b009a,0x8900b5,0xb6009d,0xb7009f,0xb80089,0xa300a2
.4byte 0x8900a4,0xb900a5,0xba00a7,0xa90089,0xab00aa,0x8900a4,0x1050104,0x1070106
.4byte 0x300108,0xe80003,0x10a0109,0xd8010b,0x89010c,0xb100b0,0x890088,0x8b008a
.4byte 0x2200bc,0x0,0x870086,0x890088,0x8b008a,0x8d008c,0x8e0089,0xdc00db
.4byte 0xde00dd,0xe000df,0xe200e1,0x4600e3,0x8900e4,0x930092,0x950094,0x960089
.4byte 0x980097,0x990089,0x9b009a,0x89009c,0x9e009d,0xa0009f,0xa10089,0xa300a2
.4byte 0x8900a4,0xa600a5,0xa800a7,0xa90089,0xab00aa,0x8900a4,0xad00ac,0xaf00ae
.4byte 0x7f00089,0xbf9079b,0xaf706ce,0xaf90af8,0xafa06e2,0xafc0afb,0x6ce0afd,0xbfa0b1c
.4byte 0x81b0b85,0xb20089,0x910090,0x920089,0x940093,0x890095,0x96008e,0xb400b3
.4byte 0x990089,0x9b009a,0x8900b5,0xb6009d,0xb7009f,0xb80089,0xa300a2,0x8900a4
.4byte 0xb900a5,0xba00a7,0xa90089,0xab00aa,0x8900a4,0xec00eb,0xee00ed,0xf000ef
.4byte 0xf200f1,0xf400f3,0xf600f5,0xb00089,0x8800b1,0x8a0089,0xbc008b,0x22
.4byte 0x860000,0x880087,0x8a0089,0x8c008b,0x89008d,0xc700c6,0xc900c8,0xcb00ca
.4byte 0xcd00cc,0x89009c,0x930092,0x950094,0x960089,0x980097,0x990089,0x9b009a
.4byte 0x89009c,0x9e009d,0xa0009f,0xa10089,0xa300a2,0x8900a4,0xa600a5,0xa800a7
.4byte 0xa90089,0xab00aa,0x8900a4,0xad00ac,0xaf00ae,0x76a0089,0xb2a0791,0x8080941
.4byte 0xaf80bfb,0x6e20bfc,0xafb0afa,0xbfe0bfd,0xb2e0bff,0x890791,0x9000b2,0x890091
.4byte 0x930092,0x950094,0x8e0089,0xb30096,0x8900b4,0x9a0099,0xb5009b,0x9d0089
.4byte 0x9f00b6,0x8900b7,0xa200b8,0xa400a3,0xa50089,0xa700b9,0x8900ba,0xaa00a9
.4byte 0xa400ab,0xd30089,0xd500d4,0xd700d6,0xd900d8,0xa400da,0xb00089,0x8800b1
.4byte 0x8a0089,0xbc008b,0x22,0x860000,0x880087,0x8a0089,0x8c008b,0x89008d
.4byte 0x8f008e,0x910090,0x920089,0x940093,0x890095,0x970096,0x890098,0x9a0099
.4byte 0x9c009b,0x9d0089,0x9f009e,0x8900a0,0xa200a1,0xa400a3,0xa50089,0xa700a6
.4byte 0x8900a8,0xaa00a9,0xa400ab,0xac0089,0xae00ad,0x8900af,0xc010c00,0xc030c02
.4byte 0xc050c04,0xc0606e2,0xc080c07,0x8d0c09,0xb20089,0x910090,0x920089,0x940093
.4byte 0x890095,0x96008e,0xb400b3,0x990089,0x9b009a,0x8900b5,0xb6009d,0xb7009f
.4byte 0xb80089,0xa300a2,0x8900a4,0xb900a5,0xba00a7,0xa90089,0xab00aa,0x8900a4
.4byte 0xad00ac,0xbb00ae,0xb00089,0x8800b1,0x8a0089,0xbc008b,0x22,0x860000
.4byte 0x880087,0x3f50089,0x3990294,0x97d06b2,0x910711,0x5e2008a,0x554070e,0x484008b
.4byte 0x2d20436,0x3340812,0x890091,0x930092,0x950094,0x960089,0x2e702e6,0x65f02e8
.4byte 0x6790678,0x89009c,0x34d034c,0x80003,0x9,0x290028,0x3002a,0x34e0036
.4byte 0x89008d,0x67c067b,0x6690668,0x2fa066a,0x2fc02fb,0xba02fd,0xa90089,0xab00aa
.4byte 0x8900a4,0xad00ac,0x6605cd,0x2e20320,0x8803bd,0x6b802af,0xac0559,0x990039a
.4byte 0x33301b5,0x186056b,0x8a0089,0xbc008b,0x22,0x860000,0x880087,0x3f50089
.4byte 0x3990294,0x97d06b2,0x910711,0x5e2008a,0x554070e,0x328008b,0x32001a9,0x498060c
.4byte 0x890091,0x930092,0x950094,0x960089,0x9960995,0x997082e,0x9990998,0x9c099a
.4byte 0x34c0089,0x3034d,0x90008,0x280000,0x2a0029,0x360003,0x8d034e,0x99b0089
.4byte 0x99d099c,0x840099e,0x99f083f,0x9a109a0,0x8909a2,0xaa00a9,0xa400ab,0xac0089
.4byte 0x38900ad,0x2d20436,0x95e01d2,0x2af0088,0x55906b8,0x39a00ac,0x1b50990,0x56b0333
.4byte 0x890186,0x8b008a,0x2200bc,0x0,0x870086,0x890088,0x29403f5,0x6b20399
.4byte 0x711097d,0x8a0091,0x70e05e2,0x8b0554,0x4360484,0x81202d2,0x910334,0x920089
.4byte 0x940093,0x890095,0x2e60096,0x2e802e7,0x678065f,0x9c0679,0x34c0089,0x3034d
.4byte 0x34e0036,0x89008d,0x67c067b,0x6690668,0x2fa066a,0x2fc02fb,0xba02fd,0xa90089
.4byte 0xab00aa,0x8900a4,0xad00ac,0x6605cd,0x2e20320,0x8803bd,0x6b802af,0xac0559
.4byte 0x990039a,0x33301b5,0x186056b,0x8a0089,0xbc008b,0x22,0x860000,0x880087
.4byte 0x3f50089,0x3990294,0x97d06b2,0x910711,0x5e2008a,0x554070e,0x328008b,0x32001a9
.4byte 0x498060c,0x890091,0x930092,0x950094,0x960089,0x9960995,0x997082e,0x9990998
.4byte 0x9c099a,0x34c0089,0x3034d,0x34e0036,0x89008d,0x99c099b,0x99e099d,0x83f0840
.4byte 0x9a0099f,0x9a209a1,0xa90089,0xab00aa,0x8900a4,0xad00ac,0x4360389,0x1d202d2
.4byte 0x88095e,0x6b802af,0xac0559,0x990039a,0x33301b5,0x186056b,0x8a0089,0xbc008b
.4byte 0x22,0x860000,0x880087,0x8a0089,0x484008b,0x2d20436,0x8320644,0x51003c8
.4byte 0x833032a,0x1b103ad,0x6930385,0x302024a,0x17b021d,0x45102ff,0x370415,0x7250167
.4byte 0x3970739,0x6570431,0x43b037b,0x3eb073d,0x25e0707,0x2e706fa,0x65f02e8,0x6790678
.4byte 0x89009c,0x834077b,0x6ce0835,0x6ce06cf,0x6d106d0,0x6d306d2,0x6d506d4,0x6d706d6
.4byte 0x6d906d8,0x6db06da,0x6dd06dc,0x6df06de,0x6e106e0,0x6e306e2,0x6e506e4,0x6e706e6
.4byte 0x6e906e8,0x836077e,0x7910837,0x67b0089,0x668067c,0x66a0669,0x2fb02fa,0x8380705
.4byte 0x5b50497,0x796043b,0x4300750,0x729043b,0x83a0839,0x2180278,0x51004bb,0x83b024b
.4byte 0x489041b,0x1810385,0x4d2039e,0x6800742,0x75c024a,0x9e0620,0xe20143,0xf905c3
.4byte 0x8805de,0x8a0089,0xbc008b,0x22,0x860000,0x880087,0x8a0089,0x4e7008b
.4byte 0x1e40467,0x584042b,0x2680145,0x2670184,0x53a051c,0x53b0851,0x3b401b1,0x24a06f9
.4byte 0x41504d2,0x2ff05fe,0x690007a,0x15a067d,0x7950852,0x7960397,0x41f0750,0x8530555
.4byte 0x2e706fa,0x65f02e8,0x6790678,0x89009c,0x8550854,0x6ce0856,0x6ce06cf,0x6d106d0
.4byte 0x6d306d2,0x6d506d4,0x6d706d6,0x6d906d8,0x6db06da,0x6dd06dc,0x6df06de,0x6e106e0
.4byte 0x6e306e2,0x6e506e4,0x6e706e6,0x6e906e8,0x8570700,0x80007e7,0x89076a,0x67c067b
.4byte 0x6690668,0x2fa066a,0x70502fb,0x8580736,0x75d0750,0x784043b,0x66b0495,0x4ba0555
.4byte 0x609072a,0x1370708,0x51c040d,0x859033f,0x4f0053b,0x7f085a,0x613085b,0x5fe03e8
.4byte 0x7a024a,0x18080f,0x85c0050,0x70d0405,0x890088,0x8b008a,0x2200bc,0x0
.4byte 0x870086,0x890088,0x8b008a,0x8630475,0xfd0864,0x2b40090,0x74d01b9,0x32a0510
.4byte 0x40d00dc,0x38501b1,0x24a0865,0x7370302,0x2ff0091,0x3910718,0x2f072c,0x739072d
.4byte 0x15a0397,0x1ec0866,0x420043b,0x6fa0307,0x2e802e7,0x678065f,0x9c0679,0x78c0089
.4byte 0x8680867,0x6ce06cd,0x6ce06cf,0x6d106d0,0x6d306d2,0x6d506d4,0x6d706d6,0x6d906d8
.4byte 0x6db06da,0x6dd06dc,0x6df06de,0x6e106e0,0x6e306e2,0x6e506e4,0x6e706e6,0x6e906e8
.4byte 0x8690700,0x800086a,0x89076a,0x67c067b,0x6690668,0x2fa066a,0x70502fb,0x168086b
.4byte 0x4950773,0x43b0430,0x3eb032e,0x2a0086c,0x7c20218,0x513051c,0x41b059c,0x6760489
.4byte 0x43506bd,0x5b304d2,0x38e065d,0x21d045f,0x167072c,0x36e0214,0x7a40046,0x27e086d
.4byte 0x890088,0x8b008a,0x2200bc,0x0,0x870086,0x890088,0x8b008a,0x74f0003
.4byte 0x6f70170,0x4f90269,0x18402a0,0x51c06f8,0x700513,0x1b1053b,0x6f903b4,0x4d202ff
.4byte 0x5fe05b3,0x7a038e,0x4c10426,0x654015a,0x39705b5,0x6570431,0x6fa03a6,0x2e802e7
.4byte 0x678065f,0x9c0679,0x7350089,0x86f079a,0x6cd0870,0x6cf06ce,0x6d006ce,0x6d206d1
.4byte 0x6d406d3,0x6d606d5,0x6d806d7,0x6da06d9,0x6dc06db,0x6de06dd,0x6e006df,0x6e206e1
.4byte 0x6e406e3,0x6e606e5,0x6e806e7,0x70006e9,0x87106e8,0x8730872,0x67b0089,0x668067c
.4byte 0x66a0669,0x2fb02fa,0x7060705,0x43b05a1,0x3eb02bc,0x2a00707,0x2690333,0x70804ce
.4byte 0x40d011c,0x385051c,0x4350078,0x3b404f0,0x2ff007f,0x709040b,0x24a070a,0x426006c
.4byte 0x34070b,0x17401a3,0x87402bd,0x880545,0x8a0089,0xbc008b,0x22,0x860000
.4byte 0x880087,0x8a0089,0x6b7008b,0x4ae0877,0x71100fd,0x71200b0,0x71302a0,0x5100714
.4byte 0x5050708,0x489040d,0x7150385,0x3020435,0x610716,0x7180717,0x70a03e8,0x7a002f
.4byte 0x7190473,0x2e4015a,0x71a03a4,0x2e706fa,0x65f02e8,0x6790678,0x89009c,0x735076a
.4byte 0x8790878,0x6cd087a,0x6cf06ce,0x6d006ce,0x6d206d1,0x6d406d3,0x6d606d5,0x6d806d7
.4byte 0x6da06d9,0x6dc06db,0x6de06dd,0x6e006df,0x6e206e1,0x6e406e3,0x6e606e5,0x6e806e7
.4byte 0x70006e9,0x7ab06ea,0x87b07ac,0x89076a,0x67c067b,0x6690668,0x2fa066a,0x70502fb
.4byte 0x5010723,0x5550430,0x269032e,0x26804f9,0x2670184,0x513051c,0x53b0724,0x3b401b1
.4byte 0x24a06f9,0x3e804d2,0x2ff065d,0x415007a,0x2f04c1,0x5a10725,0x2000597,0x4a019f
.4byte 0x3bd0190,0x890088,0x8b008a,0x2200bc,0x0,0x870086,0x890088,0x8b008a
.4byte 0x87d04e7,0x87f087e,0x60a0584,0x729043b,0x60e072a,0x1840278,0x51c04bb,0xd5033f
.4byte 0x489041b,0x6bd0385,0x4d2039e,0x65d072b,0x45f024a,0x72c0426,0x72d002f,0x350040a
.4byte 0x6fa072e,0x2e802e7,0x678065f,0x9c0679,0x7350089,0x8810880,0x6cd0808,0x6cf06ce
.4byte 0x6d006ce,0x6d206d1,0x6d406d3,0x6d606d5,0x6d806d7,0x6da06d9,0x6dc06db,0x6de06dd
.4byte 0x6e006df,0x6e206e1,0x6e406e3,0x6e606e5,0x6e806e7,0x6ea06e9,0x8830882,0x76a07bb
.4byte 0x67b0089,0x668067c,0x66a0669,0x2fb02fa,0x7360705,0x72a036c,0x2a00446,0x2a10333
.4byte 0x32a04ce,0x40d00dc,0x3850442,0x43500d8,0x7370302,0x2ff0738,0x686040b,0x2ff070a
.4byte 0x7390677,0x15a0397,0x73a031b,0x884066f,0x88503e1,0x880583,0x8a0089,0xbc008b
.4byte 0x22,0x860000,0x880087,0x8a0089,0x12a008b,0x5ad0556,0x73b0029,0x73d073c
.4byte 0x70703eb,0x73e0147,0x4ce03e2,0x73f0268,0x51c0740,0x741033f,0x4f0053b,0x610742
.4byte 0x6720743,0x5fe021d,0x45f002f,0x7440739,0x497002f,0x2e706fa,0x65f02e8,0x6790678
.4byte 0x89009c,0x735076a,0x8880887,0x6cd071e,0x6cf06ce,0x6d006ce,0x6d206d1,0x6d406d3
.4byte 0x6d606d5,0x6d806d7,0x6da06d9,0x6dc06db,0x6de06dd,0x6e006df,0x6e206e1,0x6e406e3
.4byte 0x6e606e5,0x6e806e7,0x70006e9,0x88906ea,0x816088a,0x89076a,0x67c067b,0x6690668
.4byte 0x2fa066a,0x70502fb,0x74b074a,0x74d074c,0x26804f9,0x4bb04f1,0x513051c,0x53b0724
.4byte 0x67601b1,0x24a00d1,0x41504d2,0x16705fe,0x690007a,0x2f067d,0x5b5066e,0x4b8043b
.4byte 0xe8030a,0x47f088b,0x1a306a5,0x890088,0x8b008a,0x2200bc,0x0,0x870086
.4byte 0x890088,0x8b008a,0x1d07a5,0x1e0000,0x1700277,0x75002bf,0x555041f,0x2770751
.4byte 0x2a0060e,0x4bb01b9,0x33f04ce,0x41b0752,0x53a0489,0x753057b,0x67604d2,0x24a017b
.4byte 0x4260651,0x2f01db,0x7540421,0x2e706fa,0x65f02e8,0x6790678,0x89009c,0x88d0735
.4byte 0x6cc088e,0x6ce06cd,0x6ce06cf,0x6d106d0,0x6d306d2,0x6d506d4,0x6d706d6,0x6d906d8
.4byte 0x6db06da,0x6dd06dc,0x6df06de,0x6e106e0,0x6e306e2,0x6e506e4,0x6e706e6,0x6e906e8
.4byte 0x88f06ea,0x8910890,0x89076a,0x67c067b,0x6690668,0x2fa066a,0x70502fb,0x2b7075a
.4byte 0x75b02a0,0x4ce04bb,0xd5032a,0x1b1040d,0xc40385,0x3020743,0x910415,0x75c02ff
.4byte 0x70a0690,0x677002f,0x3970426,0x750015a,0x350075d,0x8920459,0x5ad030b,0x95e006c
.4byte 0x890088,0x8b008a,0x2200bc,0x0,0x870086,0x890088,0x8b008a,0x64c09b8
.4byte 0x35301dc,0xa90762,0x43b0763,0x7640414,0x14705ce,0x1ab0765,0x26804f9,0x76604f1
.4byte 0x53a0510,0x7680767,0x769048e,0x435007f,0x21d04d2,0x24a04f6,0x690075c,0x6fa013e
.4byte 0x2e802e7,0x678065f,0x9c0679,0x8950089,0x8970896,0x6ce06cd,0x6ce06cf,0x6d106d0
.4byte 0x6d306d2,0x6d506d4,0x6d706d6,0x6d906d8,0x6db06da,0x6dd06dc,0x6df06de,0x6e106e0
.4byte 0x6e306e2,0x6e506e4,0x6e706e6,0x6e906e8,0x89806ea,0x89a0899,0x67b0089,0x668067c
.4byte 0x66a0669,0x2fb02fa,0x7700705,0x4f904d8,0x60032a,0x4890267,0x771033f,0x1b1053b
.4byte 0x1d606a3,0x65202ff,0x5fe0690,0x7a002f,0x7720426,0x31b002f,0x43b05b5,0x7740773
.4byte 0x35c0430,0x4360389,0x1f102d2,0x88095e,0x8a0089,0xbc008b,0x22,0x860000
.4byte 0x880087,0x8a0089,0x70e008b,0x70f0616,0x89c0157,0x6200777,0x4310397,0x2c30657
.4byte 0x7510147,0x65a03eb,0x7780268,0x4ce02a1,0x53e0513,0x48903ad,0x1810779,0x302053b
.4byte 0x1030676,0x652024a,0x77a021d,0x6fa026c,0x2e802e7,0x678065f,0x9c0679,0x89d0089
.4byte 0x7d9089e,0x6ce06f0,0x6ce06cf,0x6d106d0,0x6d306d2,0x6d506d4,0x6d706d6,0x6d906d8
.4byte 0x6db06da,0x6dd06dc,0x6df06de,0x6e106e0,0x6e306e2,0x6e506e4,0x6e706e6,0x6e906e8
.4byte 0x8a0089f,0x73508a1,0x67b0089,0x668067c,0x66a0669,0x2fb02fa,0x7810705,0x6f80728
.4byte 0x5130510,0x41b0782,0x38501b1,0x743068d,0x686049d,0x1670393,0x4260451,0x2f072c
.4byte 0x4710783,0x15a03fb,0x75d0774,0x784043b,0x4eb03eb,0x1100003,0x8802dd,0x8a0089
.4byte 0xbc008b,0x22,0x860000,0x880087,0x8a0089,0xd0008b,0x8a408a3,0x78500e2
.4byte 0x15a0786,0x3a40725,0x787043b,0x4c01cc,0x788043b,0x45001ab,0x1b90268,0x4ce040d
.4byte 0x78a0789,0x48903ad,0x6f90385,0x3020435,0x78b0737,0x18802ff,0x2e706fa,0x65f02e8
.4byte 0x6790678,0x89009c,0x8a507e3,0x6cf08a6,0x6cf06ce,0x6d006ce,0x6d206d1,0x6d406d3
.4byte 0x6d606d5,0x6d806d7,0x6da06d9,0x6dc06db,0x6de06dd,0x6e006df,0x6e206e1,0x6e406e3
.4byte 0x6e606e5,0x6e806e7,0x8a706e9,0x8a908a8,0x890735,0x67c067b,0x6690668,0x2fa066a
.4byte 0x70502fb,0x7930792,0x40d0794,0x33f0489,0x2c90046,0x3b404f0,0x38e01d6,0x4920652
.4byte 0x2f01db,0x739007a,0x2f067d,0x795031b,0x796043b,0x43003eb,0x72e0555,0x2230797
.4byte 0x489045e,0x583004b,0x890088,0x8b008a,0x2200bc,0x0,0x870086,0x890088
.4byte 0x8b008a,0x300e8,0x300e8,0x30030,0x74f00e8,0x5a90170,0x40a02a3,0x4b80350
.4byte 0x6a60798,0x68e0555,0x7070495,0x4640268,0x4f902a1,0x600698,0x4890799,0x715053a
.4byte 0x4f0041b,0xd103b4,0x1d5024a,0x6fa02c1,0x2e802e7,0x678065f,0x9c0679,0x8ab0089
.4byte 0x86808ac,0x6ce06cf,0x6ce06cf,0x6d106d0,0x6d306d2,0x6d506d4,0x6d706d6,0x6d906d8
.4byte 0x6db06da,0x6dd06dc,0x6df06de,0x6e106e0,0x6e306e2,0x6e506e4,0x6e706e6,0x6e906e8
.4byte 0x8ad077e,0x73508ae,0x67b0089,0x668067c,0x66a0669,0x2fb02fa,0x7a00705,0x51307a1
.4byte 0x41b0741,0x67604f0,0x24a00d1,0x391049d,0x23007a2,0x7390048,0x2f04c1,0x7950783
.4byte 0x43103fb,0x37b0774,0x2bc0555,0x4460269,0x797043b,0x19f0200,0x8af004a,0x8803bd
.4byte 0x8a0089,0xbc008b,0x22,0x860000,0x880087,0x8a0089,0x475008b,0x4a70454
.4byte 0x7a60124,0x73907a7,0x2f0744,0x3f1060c,0x4200021,0x41f0774,0x32e043b,0x63501ab
.4byte 0x2af0268,0x4ce05d4,0x7940698,0x489040d,0x5fd033f,0x4f00435,0xee03e8,0x2e706fa
.4byte 0x65f02e8,0x6790678,0x89009c,0x8b208b1,0x6ce0870,0x6ce06cf,0x6d106d0,0x6d306d2
.4byte 0x6d506d4,0x6d706d6,0x6d906d8,0x6db06da,0x6dd06dc,0x6df06de,0x6e106e0,0x6e306e2
.4byte 0x6e506e4,0x6e706e6,0x6e906e8,0x8b3077e,0x80008b4,0x67b0089,0x668067c,0x66a0669
.4byte 0x2fb02fa,0x7ae0705,0x489002f,0x6b0385,0x3020435,0x4270737,0x7af02ff,0x70b01fd
.4byte 0x72d0167,0x7b0040a,0x31b0431,0x43b0763,0x72a0773,0x2a00430,0x2690081,0x4eb04f9
.4byte 0x45400f1,0x47e04a7,0x880545,0x8a0089,0xbc008b,0x22,0x860000,0x880087
.4byte 0x8a0089,0x4e7008b,0x87e08b5,0x7a6087f,0x1db064a,0x421002f,0x350040c,0x7b204b8
.4byte 0x43b06a6,0x495068e,0x268043c,0x7b3032e,0x7b507b4,0x3c00153,0x513055a,0x41b0741
.4byte 0x67601b1,0x290162,0x2e706fa,0x65f02e8,0x6790678,0x89009c,0x7a908b6,0x6ce07aa
.4byte 0x6ce06cf,0x6d106d0,0x6d306d2,0x6d506d4,0x6d706d6,0x6d906d8,0x6db06da,0x6dd06dc
.4byte 0x6df06de,0x6e106e0,0x6e306e2,0x6e506e4,0x6e706e6,0x6e906e8,0x8b70700,0x8b908b8
.4byte 0x67b0089,0x668067c,0x66a0669,0x2fb02fa,0x7810705,0x53b04d5,0x6760302,0x24a0103
.4byte 0x21d04d2,0x23007bc,0x7bd0082,0x2f07be,0x7bf0725,0x67e03fb,0x5f0495,0x2bc0268
.4byte 0x44603e2,0x75b02a0,0x35c04bb,0x3a600d7,0x7ed0724,0x8804f5,0x8a0089,0xbc008b
.4byte 0x22,0x860000,0x880087,0x8a0089,0x48b008b,0x6f602aa,0x1700029,0x24a039d
.4byte 0x6900451,0x230014b,0x7c0060c,0x4310350,0x41f065e,0x784043b,0x43c01ab,0x7c10278
.4byte 0x4ce07c2,0x752032a,0x4890766,0x7a3033f,0x640053b,0x2e706fa,0x65f02e8,0x6790678
.4byte 0x89009c,0x8bc08bb,0x6ce0808,0x6ce06cf,0x6d106d0,0x6d306d2,0x6d506d4,0x6d706d6
.4byte 0x6d906d8,0x6db06da,0x6dd06dc,0x6df06de,0x6e106e0,0x6e306e2,0x6e506e4,0x6e706e6
.4byte 0x6e906e8,0x8be08bd,0x890873,0x67c067b,0x6690668,0x2fa066a,0x70502fb,0x78907c8
.4byte 0x43506f9,0x73704d2,0x24a0393,0x6900457,0x2300744,0x7c902e0,0x4310397,0x29e031b
.4byte 0x73d03fb,0x43c01ab,0x810278,0x4f907ca,0x184032a,0x180459,0x19,0x70d070c
.4byte 0x890088,0x8b008a,0x2200bc,0x0,0x870086,0x890088,0x8b008a,0x1d07a5
.4byte 0x1e0000,0x7850277,0x7af07cd,0x7ce021d,0x820230,0x397040c,0x66e04b8,0x3fb0763
.4byte 0x4950796,0x2a00430,0x7ca02bc,0x2a007cf,0x4bb0153,0x32a0510,0x41b07d0,0x28401b1
.4byte 0x2e706fa,0x65f02e8,0x6790678,0x89009c,0x8c008bf,0x6ce07b8,0x6ce06cf,0x6d106d0
.4byte 0x6d306d2,0x6d506d4,0x6d706d6,0x6d906d8,0x6db06da,0x6dd06dc,0x6df06de,0x6e106e0
.4byte 0x6e306e2,0x6e506e4,0x6e706e6,0x6e906e8,0x8c208c1,0x8908c3,0x67c067b,0x6690668
.4byte 0x2fa066a,0x70502fb,0x15707a0,0x910676,0x7d6024a,0x1db021d,0x48002f,0x7d707bd
.4byte 0x68f04b8,0x43b01ec,0x49502da,0x43b0430,0x74d032e,0x5c004a6,0x6f80153,0x2680510
.4byte 0x9f030a,0x8c4003b,0x4f50118,0x890088,0x8b008a,0x2200bc,0x0,0x870086
.4byte 0x890088,0x8b008a,0x2aa06f5,0x2906f6,0x59602db,0x78b0737,0x65102ff,0x14b01fd
.4byte 0x2a3002f,0x39707c9,0x65e0431,0x43b037b,0x72a0673,0x278043c,0x74d07c1,0x26804f9
.4byte 0x267073f,0x513051c,0x6fa02bf,0x2e802e7,0x678065f,0x9c0679,0x8c70089,0x6cc08c8
.4byte 0x6cf06ce,0x6d006ce,0x6d206d1,0x6d406d3,0x6d606d5,0x6d806d7,0x6da06d9,0x6dc06db
.4byte 0x6de06dd,0x6e006df,0x6e206e1,0x6e406e3,0x6e606e5,0x6e806e7,0x8c906e9,0x8ca088a
.4byte 0x890735,0x67c067b,0x6690668,0x2fa066a,0x70502fb,0x7de07dd,0x737066d,0x24a07df
.4byte 0x426045f,0x2f07e0,0x3fe02e0,0x4310350,0x41f0750,0x784043b,0x70701ab,0x7c10268
.4byte 0x4f905d4,0x7520698,0x489040d,0xf1073a,0x4a70454,0x545047e,0x890088,0x8b008a
.4byte 0x2200bc,0x0,0x870086,0x890088,0x8b008a,0x8b504e7,0x87f087e,0x2a0027f
.4byte 0x24a00d1,0x39101d5,0x16707e1,0x7390048,0x2f068b,0x7e20023,0x43103fb,0x5f0495
.4byte 0x2bc02a0,0x4a6072a,0x1b902a0,0x51002a1,0xdc032a,0x6fa0501,0x2e802e7,0x678065f
.4byte 0x9c0679,0x76a0089,0x88e07c3,0x6ce0897,0x6ce06cf,0x6d106d0,0x6d306d2,0x6d506d4
.4byte 0x6d706d6,0x6d906d8,0x6db06da,0x6dd06dc,0x6df06de,0x6e106e0,0x6e306e2,0x6e506e4
.4byte 0x6e706e6,0x6e906e8,0x8cc08cb,0x73507c7,0x67b0089,0x668067c,0x66a0669,0x2fb02fa
.4byte 0x7e80705,0x24a07e9,0x21d075c,0x2f072c,0x47101ae,0x4b80397,0x35f07ea,0x68e043b
.4byte 0x43c0495,0x7eb0268,0x45002a1,0x1530698,0x55a07ec,0x7410513,0x597053b,0x1bd0382
.4byte 0x44101dc,0x8803bd,0x8a0089,0xbc008b,0x22,0x860000,0x880087,0x8a0089
.4byte 0x4f2008b,0x12402bd,0x7ee0170,0x3020435,0x42703e8,0x7d6038e,0x6820492,0x6c002f
.4byte 0x67d0471,0x65e015a,0x43b07bf,0x72a0773,0x2a0043c,0x1ab074c,0x26804f9,0x2670184
.4byte 0x6fa07ef,0x2e802e7,0x678065f,0x9c0679,0x8c70089,0x6cc08c8,0x6cf06ce,0x6d006ce
.4byte 0x6d206d1,0x6d406d3,0x6d606d5,0x6d806d7,0x6da06d9,0x6dc06db,0x6de06dd,0x6e006df
.4byte 0x6e206e1,0x6e406e3,0x6e606e5,0x6e806e7,0x8c906e9,0x8ca088a,0x890735,0x67c067b
.4byte 0x6690668,0x2fa066a,0x70502fb,0x71607f5,0x2f05fe,0x426007a,0x2f068b,0x7f60654
.4byte 0x7870350,0x4c0764,0x729043b,0x65a01ab,0x3330268,0x4ce0267,0x79407f7,0x48903ad
.4byte 0x7f80385,0x46e0034,0x4890551,0x48901b1,0x48901b1,0x48901b1,0x8cf08ce,0x890088
.4byte 0x8b008a,0x2200bc,0x0,0x870086,0x890088,0x8b008a,0x18200e8,0x78505f3
.4byte 0x1b10502,0x1620676,0x49d02ff,0x7bc0391,0x45f0167,0x370739,0x783002f,0x3fb040a
.4byte 0x4950431,0x555007d,0x3eb02bc,0x2a00635,0x74d0778,0x1350510,0x2e706fa,0x65f02e8
.4byte 0x6790678,0x89009c,0x8d0081b,0x6f0081d,0x6cf06ce,0x6d006ce,0x6d206d1,0x6d406d3
.4byte 0x6d606d5,0x6d806d7,0x6da06d9,0x6dc06db,0x6de06dd,0x6e006df,0x6e206e1,0x6e406e3
.4byte 0x6e606e5,0x6e806e7,0x8d106e9,0x81f08d2,0x890735,0x67c067b,0x6690668,0x2fa066a
.4byte 0x70502fb,0x3920801,0x682021d,0x72d015a,0x39705b5,0x7b20431,0x147035f,0x3eb0802
.4byte 0x2680712,0x2a104ba,0x32a04f9,0x3ad04f1,0x789055a,0x53b0803,0x6ab0302,0x30214
.4byte 0x8802dd,0x8a0089,0xbc008b,0x22,0x10000,0x30002,0x8802dd,0x8a0089
.4byte 0x328008b,0x32001a9,0x17001ab,0x2670533,0x513051c,0x53b07f8,0x37e01b1,0x24a00d1
.4byte 0x415066d,0x2f05fe,0x690007a,0x2f07b0,0x795031b,0x773043b,0x4300774,0x729043b
.4byte 0x81a072a,0x2e706fa,0x65f02e8,0x6790678,0x89009c,0x8ea0854,0x6ce07e5,0x6ce06cf
.4byte 0x6d106d0,0x6d306d2,0x6d506d4,0x6d706d6,0x6d906d8,0x8d708d6,0x8d8,0x24f046f
.4byte 0x20302cd,0x8d90000,0x8db08da,0x6de08dc,0x6e006df,0x6e206e1,0x6e406e3,0x6e606e5
.4byte 0x6e806e7,0x8eb06e9,0x8000790,0x89076a,0x67c067b,0x6690668,0x2fa066a,0x70502fb
.4byte 0x4260820,0x15a0397,0x75d066e,0x2da043b,0x4c0774,0x8210147,0x6090277,0x1840268
.4byte 0x5100267,0x7f9033f,0x48e053b,0x7f0822,0x65b039e,0x4270737,0xf10034,0x8640863
.4byte 0xca0418,0x890088,0x8b008a,0x360003,0x380037,0x0,0x20001,0x2dd0003
.4byte 0x890088,0x8b008a,0x1c1033e,0x8ee01dc,0x3c80832,0x32a0510,0x3ad0833,0x38501b1
.4byte 0x24a0693,0x21d0302,0x2ff017b,0x4150451,0x1670037,0x7390725,0x4310397,0x37b0657
.4byte 0x73d043b,0x70703eb,0x6fa025e,0x2e802e7,0x678065f,0x9c0679,0x78c0089,0x86808ef
.4byte 0x6cf06ce,0x6d006ce,0x6d206d1,0x6d406d3,0x6d606d5,0x6d806d7,0x8d606d9,0x8d808d7
.4byte 0x46f0000,0x2cd024f,0x203,0x8da08d9,0x8dc08db,0x6df06de,0x6e106e0,0x6e306e2
.4byte 0x6e506e4,0x6e706e6,0x6e906e8,0x86a0869,0x76a08b9,0x67b0089,0x668067c,0x66a0669
.4byte 0x2fb02fa,0x8380705,0x5b50497,0x796043b,0x4300750,0x729043b,0x83a0839,0x2180278
.4byte 0x51004bb,0x83b024b,0x489041b,0x1810385,0x4d2039e,0x6800742,0x75c024a,0x9e0620
.4byte 0x57400c3,0x126003a,0x880237,0x8a0089,0x3008b,0x370036,0x38,0x10000
.4byte 0x30002,0x8802dd,0x8a0089,0x399008b,0x3e108f2,0x58400b2,0x2680145,0x2670184
.4byte 0x53a051c,0x53b0851,0x3b401b1,0x24a06f9,0x41504d2,0x2ff05fe,0x690007a,0x15a067d
.4byte 0x7950852,0x7960397,0x41f0750,0x8530555,0x2e706fa,0x65f02e8,0x6790678,0x89009c
.4byte 0x8f30735,0x79c08f4,0x6ce06cd,0x6ce06cf,0x6d106d0,0x6d306d2,0x6d506d4,0x6d706d6
.4byte 0x6d906d8,0x8d708d6,0x8d8,0x24f046f,0x20302cd,0x8d90000,0x8db08da,0x6de08dc
.4byte 0x6e006df,0x6e206e1,0x6e406e3,0x6e606e5,0x6e806e7,0x8f506e9,0x8b9079e,0x89076a
.4byte 0x67c067b,0x6690668,0x2fa066a,0x70502fb,0x8580736,0x75d0750,0x784043b,0x66b0495
.4byte 0x4ba0555,0x609072a,0x1370708,0x51c040d,0x859033f,0x4f0053b,0x7f085a,0x613085b
.4byte 0x5fe03e8,0x7a024a,0x18080f,0x5a208f6,0x70d0405,0x890088,0x8b008a,0x360003
.4byte 0x380037,0x0,0x20001,0x2dd0003,0x890088,0x8b008a,0x87706b7,0xfd04ae
.4byte 0x2b40090,0x74d01b9,0x32a0510,0x40d00dc,0x38501b1,0x24a0865,0x7370302,0x2ff0091
.4byte 0x3910718,0x2f072c,0x739072d,0x15a0397,0x1ec0866,0x420043b,0x6fa0307,0x2e802e7
.4byte 0x678065f,0x9c0679,0x7350089,0x8fa08f9,0x6cd08fb,0x6cf06ce,0x6d006ce,0x6d206d1
.4byte 0x6d406d3,0x6d606d5,0x6d806d7,0x8d606d9,0x8d808d7,0x46f0000,0x2cd024f,0x203
.4byte 0x8da08d9,0x8dc08db,0x6df06de,0x6e106e0,0x6e306e2,0x6e506e4,0x6e706e6,0x6e906e8
.4byte 0x6e80700,0x8fd08fc,0x89080b,0x67c067b,0x6690668,0x2fa066a,0x70502fb,0x168086b
.4byte 0x4950773,0x43b0430,0x3eb032e,0x2a0086c,0x7c20218,0x513051c,0x41b059c,0x6760489
.4byte 0x43506bd,0x5b304d2,0x38e065d,0x21d045f,0x167072c,0x8fe0214,0x90008ff,0xb10218
.4byte 0x890088,0x8b008a,0x360003,0x380037,0x0,0x20001,0x2dd0003,0x890088
.4byte 0x8b008a,0x1100003,0x17005f3,0x26906f7,0x2a004f9,0x6f80184,0x513051c,0x53b0070
.4byte 0x3b401b1,0x2ff06f9,0x5b304d2,0x38e05fe,0x426007a,0x15a04c1,0x5b50654,0x4310397
.4byte 0x3a60657,0x2e706fa,0x65f02e8,0x6790678,0x89009c,0x735076a,0x9010878,0x6cd087a
.4byte 0x6cf06ce,0x6d006ce,0x6d206d1,0x6d406d3,0x6d606d5,0x6d806d7,0x8d606d9,0x8d808d7
.4byte 0x46f0000,0x2cd024f,0x203,0x8da08d9,0x8dc08db,0x6df06de,0x6e106e0,0x6e306e2
.4byte 0x6e506e4,0x6e706e6,0x6e906e8,0x7580700,0x7ac0902,0x76a087b,0x67b0089,0x668067c
.4byte 0x66a0669,0x2fb02fa,0x7060705,0x43b05a1,0x3eb02bc,0x2a00707,0x2690333,0x70804ce
.4byte 0x40d011c,0x385051c,0x4350078,0x3b404f0,0x2ff007f,0x709040b,0x24a070a,0x426006c
.4byte 0x34070b,0x4c000e8,0x6a504ab,0x8801a3,0x8a0089,0x3008b,0x370036,0x38
.4byte 0x10000,0x30002,0x8802dd,0x8a0089,0x598008b,0xee05c1,0xb00711,0x2a00712
.4byte 0x7140713,0x7080510,0x40d0505,0x3850489,0x4350715,0x7160302,0x7170061,0x3e80718
.4byte 0x2f070a,0x473007a,0x15a0719,0x3a402e4,0x6fa071a,0x2e802e7,0x678065f,0x9c0679
.4byte 0x76a0089,0x9040735,0x8080905,0x6ce06cd,0x6ce06cf,0x6d106d0,0x6d306d2,0x6d506d4
.4byte 0x6d706d6,0x6d906d8,0x8d708d6,0x8d8,0x24f046f,0x20302cd,0x8d90000,0x8db08da
.4byte 0x6de08dc,0x6e006df,0x6e206e1,0x6e406e3,0x6e606e5,0x6e806e7,0x70006e9,0x88206ea
.4byte 0x7bb0906,0x89076a,0x67c067b,0x6690668,0x2fa066a,0x70502fb,0x5010723,0x5550430
.4byte 0x269032e,0x26804f9,0x2670184,0x513051c,0x53b0724,0x3b401b1,0x24a06f9,0x3e804d2
.4byte 0x2ff065d,0x415007a,0x2f04c1,0x5a10725,0x4b90597,0x2d201a8,0x95e01f1,0x890088
.4byte 0x8b008a,0x360003,0x380037,0x0,0x20001,0x2dd0003,0x890088,0x8b008a
.4byte 0x442029a,0x58405bd,0x43b060a,0x72a0729,0x278060e,0x4bb0184,0x33f051c,0x41b00d5
.4byte 0x3850489,0x39e06bd,0x72b04d2,0x24a065d,0x426045f,0x2f072c,0x40a072d,0x72e0350
.4byte 0x2e706fa,0x65f02e8,0x6790678,0x89009c,0x9090908,0x6cd071e,0x6cf06ce,0x6d006ce
.4byte 0x6d206d1,0x6d406d3,0x6d606d5,0x6d806d7,0x8d606d9,0x8d808d7,0x46f0000,0x2cd024f
.4byte 0x203,0x8da08d9,0x8dc08db,0x6df06de,0x6e106e0,0x6e306e2,0x6e506e4,0x6e706e6
.4byte 0x6e906e8,0x90a06ea,0x90c090b,0x89076a,0x67c067b,0x6690668,0x2fa066a,0x70502fb
.4byte 0x36c0736,0x446072a,0x33302a0,0x4ce02a1,0xdc032a,0x442040d,0xd80385,0x3020435
.4byte 0x7380737,0x40b02ff,0x70a0686,0x67702ff,0x3970739,0x31b015a,0x90d073a,0x59a04e6
.4byte 0x3bd01ae,0x890088,0x8b008a,0x360003,0x380037,0x0,0x20001,0x2dd0003
.4byte 0x890088,0x8b008a,0x2b80819,0x4ee05a2,0x73b072a,0x73d073c,0x70703eb,0x73e0147
.4byte 0x4ce03e2,0x73f0268,0x51c0740,0x741033f,0x4f0053b,0x610742,0x6720743,0x5fe021d
.4byte 0x45f002f,0x7440739,0x497002f,0x2e706fa,0x65f02e8,0x6790678,0x89009c,0x7c30735
.4byte 0x71e08c8,0x6ce06cd,0x6ce06cf,0x6d106d0,0x6d306d2,0x6d506d4,0x6d706d6,0x6d906d8
.4byte 0x8d708d6,0x8d8,0x24f046f,0x20302cd,0x8d90000,0x8db08da,0x6de08dc,0x6e006df
.4byte 0x6e206e1,0x6e406e3,0x6e606e5,0x6e806e7,0x70006e9,0x90f06ea,0x7c70910,0x89076a
.4byte 0x67c067b,0x6690668,0x2fa066a,0x70502fb,0x74b074a,0x74d074c,0x26804f9,0x4bb04f1
.4byte 0x513051c,0x53b0724,0x67601b1,0x24a00d1,0x41504d2,0x16705fe,0x690007a,0x2f067d
.4byte 0x5b5066e,0x4b8043b,0x1a3030a,0x2bd0911,0x54508cf,0x890088,0x8b008a,0x360003
.4byte 0x380037,0x0,0x20001,0x2dd0003,0x890088,0x8b008a,0x1cf06f5,0x353059a
.4byte 0x2bf0170,0x41f0750,0x7510555,0x60e0277,0x1b902a0,0x4ce04bb,0x752033f,0x489041b
.4byte 0x57b053a,0x4d20753,0x17b0676,0x651024a,0x1db0426,0x421002f,0x6fa0754,0x2e802e7
.4byte 0x678065f,0x9c0679,0x81c0089,0x913088e,0x6ce06cd,0x6ce06cf,0x6d106d0,0x6d306d2
.4byte 0x6d506d4,0x6d706d6,0x6d906d8,0x8d708d6,0x8d8,0x24f046f,0x20302cd,0x8d90000
.4byte 0x8db08da,0x6de08dc,0x6e006df,0x6e206e1,0x6e406e3,0x6e606e5,0x6e806e7,0x70006e9
.4byte 0x8c906ea,0x81f0914,0x67b0089,0x668067c,0x66a0669,0x2fb02fa,0x75a0705,0x2a002b7
.4byte 0x4bb075b,0x32a04ce,0x40d00d5,0x38501b1,0x74300c4,0x4150302,0x2ff0091,0x690075c
.4byte 0x2f070a,0x4260677,0x15a0397,0x75d0750,0x4590350,0x57a009f,0x10e0728,0x880237
.4byte 0x8a0089,0x3008b,0x370036,0x38,0x10000,0x30002,0x8802dd,0x8a0089
.4byte 0x4e7008b,0x1e40467,0x762042b,0x76300a9,0x414043b,0x5ce0764,0x7650147,0x4f901ab
.4byte 0x4f10268,0x5100766,0x767053a,0x48e0768,0x7f0769,0x4d20435,0x4f6021d,0x75c024a
.4byte 0x13e0690,0x2e706fa,0x65f02e8,0x6790678,0x89009c,0x91607d1,0x6cd0917,0x6cf06ce
.4byte 0x6d006ce,0x6d206d1,0x6d406d3,0x6d606d5,0x6d806d7,0x8d606d9,0x8d808d7,0x46f0000
.4byte 0x2cd024f,0x203,0x8da08d9,0x8dc08db,0x6df06de,0x6e106e0,0x6e306e2,0x6e506e4
.4byte 0x6e706e6,0x6e906e8,0x91806ea,0x7d508d2,0x89076a,0x67c067b,0x6690668,0x2fa066a
.4byte 0x70502fb,0x4d80770,0x32a04f9,0x2670060,0x33f0489,0x53b0771,0x6a301b1,0x2ff01d6
.4byte 0x6900652,0x2f05fe,0x426007a,0x2f0772,0x5b5031b,0x773043b,0x4300774,0x18035c
.4byte 0x5a208f6,0x70d001a,0x890088,0x8b008a,0x360003,0x380037,0x0,0x20001
.4byte 0x2dd0003,0x890088,0x8b008a,0x5ba0123,0x6a9091a,0x6200777,0x4310397,0x2c30657
.4byte 0x7510147,0x65a03eb,0x7780268,0x4ce02a1,0x53e0513,0x48903ad,0x1810779,0x302053b
.4byte 0x1030676,0x652024a,0x77a021d,0x6fa026c,0x2e802e7,0x678065f,0x9c0679,0x7d80089
.4byte 0x91c091b,0x6ce06cd,0x6ce06cf,0x6d106d0,0x6d306d2,0x6d506d4,0x6d706d6,0x6d906d8
.4byte 0x8d708d6,0x8d8,0x24f046f,0x20302cd,0x8d90000,0x8db08da,0x6de08dc,0x6e006df
.4byte 0x6e206e1,0x6e406e3,0x6e606e5,0x6e806e7,0x6ea06e9,0x91d089f,0x890837,0x67c067b
.4byte 0x6690668,0x2fa066a,0x70502fb,0x7280781,0x51006f8,0x7820513,0x1b1041b,0x68d0385
.4byte 0x49d0743,0x3930686,0x4510167,0x72c0426,0x783002f,0x3fb0471,0x774015a,0x43b075d
.4byte 0x3eb0784,0x2ce04eb,0x91e0684,0x920091f,0x91f091e,0xb10239,0x890088,0x8b008a
.4byte 0x360003,0x380037,0x0,0x20001,0x2dd0003,0x890088,0x8b008a,0x5b902b9
.4byte 0x78506a9,0x15a0786,0x3a40725,0x787043b,0x4c01cc,0x788043b,0x45001ab,0x1b90268
.4byte 0x4ce040d,0x78a0789,0x48903ad,0x6f90385,0x3020435,0x78b0737,0x18802ff,0x2e706fa
.4byte 0x65f02e8,0x6790678,0x89009c,0x923089d,0x6cf0924,0x6cf06ce,0x6d006ce,0x6d206d1
.4byte 0x6d406d3,0x6d606d5,0x6d806d7,0x8d606d9,0x8d808d7,0x46f0000,0x2cd024f,0x203
.4byte 0x8da08d9,0x8dc08db,0x6df06de,0x6e106e0,0x6e306e2,0x6e506e4,0x6e706e6,0x6e906e8
.4byte 0x89f06ea,0x9260925,0x890735,0x67c067b,0x6690668,0x2fa066a,0x70502fb,0x7930792
.4byte 0x40d0794,0x33f0489,0x2c90046,0x3b404f0,0x38e01d6,0x4920652,0x2f01db,0x739007a
.4byte 0x2f067d,0x795031b,0x796043b,0x43003eb,0x72e0555,0xe80797,0x2dd0110,0x890088
.4byte 0x8b008a,0x360003,0x380037,0x0,0x20001,0x2dd0003,0x890088,0x8b008a
.4byte 0x46704e7,0x42b01e4,0x5a90170,0x40a02a3,0x4b80350,0x6a60798,0x68e0555,0x7070495
.4byte 0x4640268,0x4f902a1,0x600698,0x4890799,0x715053a,0x4f0041b,0xd103b4,0x1d5024a
.4byte 0x6fa02c1,0x2e802e7,0x678065f,0x9c0679,0x77b0089,0x9280927,0x6ce06cf,0x6ce06cf
.4byte 0x6d106d0,0x6d306d2,0x6d506d4,0x6d706d6,0x6d906d8,0x8d708d6,0x8d8,0x24f046f
.4byte 0x20302cd,0x8d90000,0x8db08da,0x6de08dc,0x6e006df,0x6e206e1,0x6e406e3,0x6e606e5
.4byte 0x6e806e7,0x8a706e9,0x8a90929,0x890735,0x67c067b,0x6690668,0x2fa066a,0x70502fb
.4byte 0x7a107a0,0x7410513,0x4f0041b,0xd10676,0x49d024a,0x7a20391,0x480230,0x4c10739
.4byte 0x783002f,0x3fb0795,0x7740431,0x555037b,0x26902bc,0x43b0446,0x3de0797,0x4420510
.4byte 0x8cf0072,0x890088,0x8b008a,0x360003,0x380037,0x0,0x20001,0x2dd0003
.4byte 0x890088,0x8b008a,0x54209b8,0x353059a,0x7a707a6,0x7440739,0x60c002f,0x2103f1
.4byte 0x7740420,0x43b041f,0x1ab032e,0x2680635,0x5d402af,0x69804ce,0x40d0794,0x33f0489
.4byte 0x43505fd,0x3e804f0,0x6fa00ee,0x2e802e7,0x678065f,0x9c0679,0x77b0089,0x92b092a
.4byte 0x6cf06ce,0x6d006ce,0x6d206d1,0x6d406d3,0x6d606d5,0x6d806d7,0x8d606d9,0x8d808d7
.4byte 0x46f0000,0x2cd024f,0x203,0x8da08d9,0x8dc08db,0x6df06de,0x6e106e0,0x6e306e2
.4byte 0x6e506e4,0x6e706e6,0x6e906e8,0x92c08a7,0x7910790,0x67b0089,0x668067c,0x66a0669
.4byte 0x2fb02fa,0x7ae0705,0x489002f,0x6b0385,0x3020435,0x4270737,0x7af02ff,0x70b01fd
.4byte 0x72d0167,0x7b0040a,0x31b0431,0x43b0763,0x72a0773,0x2a00430,0x2690081,0x4eb04f9
.4byte 0x19f0200,0x190004a,0x8803bd,0x8a0089,0x3008b,0x370036,0x38,0x10000
.4byte 0x30002,0x8802dd,0x8a0089,0x328008b,0x32001a9,0x7a601ab,0x1db064a,0x421002f
.4byte 0x350040c,0x7b204b8,0x43b06a6,0x495068e,0x268043c,0x7b3032e,0x7b507b4,0x3c00153
.4byte 0x513055a,0x41b0741,0x67601b1,0x290162,0x2e706fa,0x65f02e8,0x6790678,0x89009c
.4byte 0x92f092e,0x6cf0930,0x6cf06ce,0x6d006ce,0x6d206d1,0x6d406d3,0x6d606d5,0x6d806d7
.4byte 0x8d606d9,0x8d808d7,0x46f0000,0x2cd024f,0x203,0x8da08d9,0x8dc08db,0x6df06de
.4byte 0x6e106e0,0x6e306e2,0x6e506e4,0x6e706e6,0x6e906e8,0x8f5077e,0x791086a,0x67b0089
.4byte 0x668067c,0x66a0669,0x2fb02fa,0x7810705,0x53b04d5,0x6760302,0x24a0103,0x21d04d2
.4byte 0x23007bc,0x7bd0082,0x2f07be,0x7bf0725,0x67e03fb,0x5f0495,0x2bc0268,0x44603e2
.4byte 0x75b02a0,0x35c04bb,0x75e00bf,0xe2023f,0x23f0549,0x23f00e2,0x54900e2,0xf9023f
.4byte 0x8805de,0x8a0089,0x3008b,0x370036,0x38,0x10000,0x30002,0x8802dd
.4byte 0x8a0089,0x31a008b,0x1b1055a,0x489051c,0x489051c,0x489051c,0x4890442,0x1700784
.4byte 0x24a039d,0x6900451,0x230014b,0x7c0060c,0x4310350,0x41f065e,0x784043b,0x43c01ab
.4byte 0x7c10278,0x4ce07c2,0x752032a,0x4890766,0x7a3033f,0x640053b,0x2e706fa,0x65f02e8
.4byte 0x6790678,0x89009c,0x8f408b1,0x6ce079c,0x6ce06cf,0x6d106d0,0x6d306d2,0x6d506d4
.4byte 0x6d706d6,0x6d906d8,0x8d708d6,0x8d8,0x24f046f,0x20302cd,0x8d90000,0x8db08da
.4byte 0x6de08dc,0x6e006df,0x6e206e1,0x6e406e3,0x6e606e5,0x6e806e7,0x77e06e9,0x93208b3
.4byte 0x890800,0x67c067b,0x6690668,0x2fa066a,0x70502fb,0x78907c8,0x43506f9,0x73704d2
.4byte 0x24a0393,0x6900457,0x2300744,0x7c902e0,0x4310397,0x29e031b,0x73d03fb,0x43c01ab
.4byte 0x810278,0x4f907ca,0x184032a,0xbf0459,0x23f075e,0x54900e2,0xe2023f,0xe2023f
.4byte 0x23f0549,0x5de00f9,0x890088,0x8b008a,0x360003,0x380037,0x0,0x20001
.4byte 0x2dd0003,0x890088,0x8b008a,0x5490173,0x549023f,0x23f00e2,0x54905c3,0x7850573
.4byte 0x7af07cd,0x7ce021d,0x820230,0x397040c,0x66e04b8,0x3fb0763,0x4950796,0x2a00430
.4byte 0x7ca02bc,0x2a007cf,0x4bb0153,0x32a0510,0x41b07d0,0x28401b1,0x2e706fa,0x65f02e8
.4byte 0x6790678,0x89009c,0x9350934,0x6ce08fb,0x6ce06cf,0x6d106d0,0x6d306d2,0x6d506d4
.4byte 0x6d706d6,0x6d906d8,0x8d708d6,0x8d8,0x24f046f,0x20302cd,0x8d90000,0x8db08da
.4byte 0x6de08dc,0x6e006df,0x6e206e1,0x6e406e3,0x6e606e5,0x6e806e7,0x70006e9,0x7ff0936
.4byte 0x8908b9,0x67c067b,0x6690668,0x2fa066a,0x70502fb,0x15707a0,0x910676,0x7d6024a
.4byte 0x1db021d,0x48002f,0x7d707bd,0x68f04b8,0x43b01ec,0x49502da,0x43b0430,0x74d032e
.4byte 0x5c004a6,0x6f80153,0x2680510,0x200030a,0x4a019f,0x3bd08af,0x890088,0x8b008a
.4byte 0x360003,0x380037,0x0,0x20001,0x2dd0003,0x890088,0x8b008a,0x1100003
.4byte 0x2db05f3,0x7370596,0x2ff078b,0x1fd0651,0x2f014b,0x7c902a3,0x4310397,0x37b065e
.4byte 0x673043b,0x43c072a,0x7c10278,0x4f9074d,0x73f0268,0x51c0267,0x2bf0513,0x2e706fa
.4byte 0x65f02e8,0x6790678,0x89009c,0x8fa0937,0x6ce07aa,0x6ce06cf,0x6d106d0,0x6d306d2
.4byte 0x6d506d4,0x6d706d6,0x6d906d8,0x8d708d6,0x8d8,0x24f046f,0x20302cd,0x8d90000
.4byte 0x8db08da,0x6de08dc,0x6e006df,0x6e206e1,0x6e406e3,0x6e606e5,0x6e806e7,0x70006e9
.4byte 0x8b808b7,0x8908b9,0x67c067b,0x6690668,0x2fa066a,0x70502fb,0x7de07dd,0x737066d
.4byte 0x24a07df,0x426045f,0x2f07e0,0x3fe02e0,0x4310350,0x41f0750,0x784043b,0x70701ab
.4byte 0x7c10268,0x4f905d4,0x7520698,0x489040d,0x3de073a,0x442051c,0x95e0938,0x890088
.4byte 0x8b008a,0x360003,0x380037,0x0,0x20001,0x2dd0003,0x890088,0x8b008a
.4byte 0x3a011a,0x3a0084,0x3a0084,0x3a00f4,0x3a0084,0x3a0084,0x27f053f,0xd102a0
.4byte 0x1d5024a,0x7e10391,0x480167,0x68b0739,0x23002f,0x3fb07e2,0x4950431,0x2a0005f
.4byte 0x72a02bc,0x2a004a6,0x2a101b9,0x32a0510,0x50100dc,0x2e706fa,0x65f02e8,0x6790678
.4byte 0x89009c,0x93b093a,0x6ce0808,0x6ce06cf,0x6d106d0,0x6d306d2,0x6d506d4,0x6d706d6
.4byte 0x6d906d8,0x8d708d6,0x8d8,0x24f046f,0x20302cd,0x8d90000,0x8db08da,0x6de08dc
.4byte 0x6e006df,0x6e206e1,0x6e406e3,0x6e606e5,0x6e806e7,0x93c06e9,0x79f07ac,0x67b0089
.4byte 0x668067c,0x66a0669,0x2fb02fa,0x7e80705,0x24a07e9,0x21d075c,0x2f072c,0x47101ae
.4byte 0x4b80397,0x35f07ea,0x68e043b,0x43c0495,0x7eb0268,0x45002a1,0x1530698,0x55a07ec
.4byte 0x7410513,0x597053b,0x4c000e8,0x6a504ab,0x8801a3,0x8a0089,0x3008b,0x370036
.4byte 0x38,0x10000,0x30002,0x8802dd,0x8a0089,0x484008b,0x93f030b,0x1700644
.4byte 0x43507ee,0x3e80302,0x38e0427,0x49207d6,0x2f0682,0x471006c,0x15a067d,0x7bf065e
.4byte 0x773043b,0x43c072a,0x74c02a0,0x4f901ab,0x1840268,0x7ef0267,0x2e706fa,0x65f02e8
.4byte 0x6790678,0x89009c,0x9410940,0x6ce0808,0x6ce06cf,0x6d106d0,0x6d306d2,0x6d506d4
.4byte 0x6d706d6,0x6d906d8,0x8d708d6,0x8d8,0x24f046f,0x20302cd,0x8d90000,0x8db08da
.4byte 0x6de08dc,0x6e006df,0x6e206e1,0x6e406e3,0x6e606e5,0x6e806e7,0x70006e9,0x9420882
.4byte 0x89080b,0x67c067b,0x6690668,0x2fa066a,0x70502fb,0x71607f5,0x2f05fe,0x426007a
.4byte 0x2f068b,0x7f60654,0x7870350,0x4c0764,0x729043b,0x65a01ab,0x3330268,0x4ce0267
.4byte 0x79407f7,0x48903ad,0x7f80385,0x36e0034,0x1e40181,0x1e400d9,0x27e01c6,0x890088
.4byte 0x8b008a,0x360003,0x380037,0x0,0x20001,0x2dd0003,0x890088,0x8b008a
.4byte 0x1d07a5,0x1e0000,0x7850277,0x1b10502,0x1620676,0x49d02ff,0x7bc0391,0x45f0167
.4byte 0x370739,0x783002f,0x3fb040a,0x4950431,0x555007d,0x3eb02bc,0x2a00635,0x74d0778
.4byte 0x1350510,0x2e706fa,0x65f02e8,0x6790678,0x89009c,0x9440904,0x6ce0945,0x6ce06cf
.4byte 0x6d106d0,0x6d306d2,0x6d506d4,0x6d706d6,0x6d906d8,0x8d708d6,0x8d8,0x24f046f
.4byte 0x20302cd,0x8d90000,0x8db08da,0x6de08dc,0x6e006df,0x6e206e1,0x6e406e3,0x6e606e5
.4byte 0x6e806e7,0x94606e9,0x7bb0947,0x67b0089,0x668067c,0x66a0669,0x2fb02fa,0x8010705
.4byte 0x21d0392,0x15a0682,0x5b5072d,0x4310397,0x35f07b2,0x8020147,0x71203eb,0x4ba0268
.4byte 0x4f902a1,0x4f1032a,0x55a03ad,0x8030789,0x302053b,0x21406ab,0x190018,0x70c0000
.4byte 0x88070d,0x8a0089,0x3008b,0x370036,0x38,0x10000,0x30002,0x8802dd
.4byte 0x8a0089,0x29a008b,0x5bd0442,0x25402db,0x7a3033f,0x4f0053b,0x4270804,0x80502ff
.4byte 0x5fe0690,0x6c002f,0x67d0739,0x750002f,0x43b0795,0x4950773,0x43b0430,0x26907eb
.4byte 0x2a0060e,0x6fa044f,0x2e802e7,0x678065f,0x9c0679,0x9480089,0x71e0814,0x6cf06ce
.4byte 0x6d006ce,0x6d206d1,0x6d406d3,0x6d606d5,0x6d806d7,0x8d606d9,0x8d808d7,0x46f0000
.4byte 0x2cd024f,0x203,0x8da08d9,0x8dc08db,0x6df06de,0x6e106e0,0x6e306e2,0x6e506e4
.4byte 0x6e706e6,0x6e906e8,0x94a0949,0x89090c,0x67c067b,0x6690668,0x2fa066a,0x70502fb
.4byte 0x6af080c,0x426006c,0x15a07b0,0x7630725,0x420043b,0x6700764,0x80d0147,0x4f901ab
.4byte 0x1b90268,0x4ce0267,0x80e0513,0x48903ad,0x6b053a,0x4d20435,0x39b080f,0x87e06c5
.4byte 0x27e03e7,0x890088,0x8b008a,0x360003,0x380037,0x0,0x20001,0x2dd0003
.4byte 0x890088,0x8b008a,0xf300d0,0x5c3094d,0x8110711,0x41b07d0,0x38501b1,0x2ff068d
.4byte 0x4150302,0x2f0363,0x426045f,0x2f0037,0x7390783,0x431043b,0x7d0774,0x784043b
.4byte 0x7070495,0x71302a0,0x6fa0812,0x2e802e7,0x678065f,0x9c0679,0x94e0089,0x6cc08c8
.4byte 0x6cf06ce,0x6d006ce,0x6d206d1,0x6d406d3,0x6d606d5,0x6d806d7,0x8d606d9,0x8d808d7
.4byte 0x46f0000,0x2cd024f,0x203,0x8da08d9,0x8dc08db,0x6df06de,0x6e106e0,0x6e306e2
.4byte 0x6e506e4,0x6e706e6,0x6e906e8,0x950094f,0x7350816,0x67b0089,0x668067c,0x66a0669
.4byte 0x2fb02fa,0x8170705,0x2f0566,0x5b50725,0x67e0397,0x29e0657,0x8180555,0x63a0279
.4byte 0x23902a0,0x4ce02a1,0x60032a,0x489040d,0x181053a,0x3020768,0x7380676,0xb602ff
.4byte 0x11000e8,0x8802dd,0x8a0089,0x3008b,0x370036,0x38,0x10000,0x30002
.4byte 0x8802dd,0x8a0089,0x3008b,0x300e8,0x5f30030,0x5330170,0x51c0267,0x7f80513
.4byte 0x1b1053b,0xd1037e,0x66d024a,0x5fe0415,0x7a002f,0x7b00690,0x31b002f,0x43b0795
.4byte 0x7740773,0x43b0430,0x72a0729,0x6fa081a,0x2e802e7,0x678065f,0x9c0679,0x81b0089
.4byte 0x95107c3,0x6ce06cc,0x6ce06cf,0x6d106d0,0x6d306d2,0x6d506d4,0x6d706d6,0x6d906d8
.4byte 0x8d708d6,0x8d8,0x24f046f,0x20302cd,0x8d90000,0x8db08da,0x6de08dc,0x6e006df
.4byte 0x6e206e1,0x6e406e3,0x6e606e5,0x6e806e7,0x91806e9,0x81607c6,0x890735,0x67c067b
.4byte 0x6690668,0x2fa066a,0x70502fb,0x4260820,0x15a0397,0x75d066e,0x2da043b,0x4c0774
.4byte 0x8210147,0x6090277,0x1840268,0x5100267,0x7f9033f,0x48e053b,0x7f0822,0x65b039e
.4byte 0x4270737,0x2230034,0x4890551,0x8cf0079,0x890088,0x8b008a,0x360003,0x380037
.4byte 0x0,0x20001,0x2dd0003,0x890088,0x8b008a,0x3a011a,0x3a0084,0x3a0084
.4byte 0x3a00f4,0x3a0084,0x3a0084,0x832053f,0x51003c8,0x833032a,0x1b103ad,0x6930385
.4byte 0x302024a,0x17b021d,0x45102ff,0x370415,0x7250167,0x3970739,0x6570431,0x43b037b
.4byte 0x3eb073d,0x25e0707,0x2e706fa,0x65f02e8,0x6790678,0x89009c,0x9540953,0x6ce091c
.4byte 0x6ce06cf,0x6d106d0,0x6d306d2,0x6d506d4,0x6d706d6,0x6d906d8,0x8d708d6,0x8d8
.4byte 0x24f046f,0x20302cd,0x8d90000,0x8db08da,0x6de08dc,0x6e006df,0x6e206e1,0x6e406e3
.4byte 0x6e606e5,0x6e806e7,0x8cb06e9,0x9560955,0x890735,0x67c067b,0x6690668,0x2fa066a
.4byte 0x70502fb,0x4970838,0x43b05b5,0x7500796,0x43b0430,0x8390729,0x278083a,0x4bb0218
.4byte 0x24b0510,0x41b083b,0x3850489,0x39e0181,0x74204d2,0x24a0680,0x620075c,0x5cd009e
.4byte 0x3200066,0x3bd02e2,0x890088,0x8b008a,0x360003,0x380037,0x0,0x20001
.4byte 0x2dd0003,0x890088,0x8b008a,0x556012a,0x2905ad,0x1450584,0x1840268,0x51c0267
.4byte 0x851053a,0x1b1053b,0x6f903b4,0x4d2024a,0x5fe0415,0x7a02ff,0x67d0690,0x852015a
.4byte 0x3970795,0x7500796,0x555041f,0x6fa0853,0x2e802e7,0x678065f,0x9c0679,0x76a0089
.4byte 0x95808d0,0x6ce06f0,0x6ce06cf,0x6d106d0,0x6d306d2,0x6d506d4,0x6d706d6,0x6d906d8
.4byte 0x8d708d6,0x8d8,0x24f046f,0x20302cd,0x8d90000,0x8db08da,0x6de08dc,0x6e006df
.4byte 0x6e206e1,0x6e406e3,0x6e606e5,0x6e806e7,0x95906e9,0x891081e,0x890735,0x67c067b
.4byte 0x6690668,0x2fa066a,0x70502fb,0x8580736,0x75d0750,0x784043b,0x66b0495,0x4ba0555
.4byte 0x609072a,0x1370708,0x51c040d,0x859033f,0x4f0053b,0x7f085a,0x613085b,0x5fe03e8
.4byte 0x7a024a,0x469080f,0x3a0574,0x2370126,0x890088,0x8b008a,0x360003,0x380037
.4byte 0x0,0x20001,0x2dd0003,0x890088,0x8b008a,0x2b80357,0x4ee05a2,0x90072a
.4byte 0x1b902b4,0x510074d,0xdc032a,0x1b1040d,0x8650385,0x302024a,0x910737,0x71802ff
.4byte 0x72c0391,0x72d002f,0x3970739,0x866015a,0x43b01ec,0x3070420,0x2e706fa,0x65f02e8
.4byte 0x6790678,0x89009c,0x95b081b,0x6f00896,0x6cf06ce,0x6d006ce,0x6d206d1,0x6d406d3
.4byte 0x6d606d5,0x6d806d7,0x8d606d9,0x8d808d7,0x46f0000,0x2cd024f,0x203,0x8da08d9
.4byte 0x8dc08db,0x6df06de,0x6e106e0,0x6e306e2,0x6e506e4,0x6e706e6,0x6e906e8,0x95c08a7
.4byte 0x735095d,0x67b0089,0x668067c,0x66a0669,0x2fb02fa,0x86b0705,0x7730168,0x4300495
.4byte 0x32e043b,0x86c03eb,0x21802a0,0x51c07c2,0x59c0513,0x489041b,0x6bd0676,0x4d20435
.4byte 0x65d05b3,0x45f038e,0x72c021d,0x2140167,0x5ba01f4,0xfa091a,0x8801a3,0x8a0089
.4byte 0x3008b,0x370036,0x38,0x10000,0x30002,0x8802dd,0x8a0089,0x31a008b
.4byte 0x1b1055a,0x489051c,0x489051c,0x489051c,0x4890442,0x1700784,0x26906f7,0x2a004f9
.4byte 0x6f80184,0x513051c,0x53b0070,0x3b401b1,0x2ff06f9,0x5b304d2,0x38e05fe,0x426007a
.4byte 0x15a04c1,0x5b50654,0x4310397,0x3a60657,0x2e706fa,0x65f02e8,0x6790678,0x89009c
.4byte 0x95b081b,0x6f00896,0x6cf06ce,0x6d006ce,0x6d206d1,0x6d406d3,0x6d606d5,0x6d806d7
.4byte 0x8d606d9,0x8d808d7,0x46f0000,0x2cd024f,0x203,0x8da08d9,0x8dc08db,0x6df06de
.4byte 0x6e106e0,0x6e306e2,0x6e506e4,0x6e706e6,0x6e906e8,0x95c08a7,0x735095d,0x67b0089
.4byte 0x668067c,0x66a0669,0x2fb02fa,0x7060705,0x43b05a1,0x3eb02bc,0x2a00707,0x2690333
.4byte 0x70804ce,0x40d011c,0x385051c,0x4350078,0x3b404f0,0x2ff007f,0x709040b,0x24a070a
.4byte 0x426006c,0x34070b,0x4360389,0x1d202d2,0x88095e,0x8a0089,0x3008b,0x370036
.4byte 0x38,0x10000,0x30002,0x8802dd,0x8a0089,0x6b7008b,0x5e004ae,0xb00711
.4byte 0x2a00712,0x7140713,0x7080510,0x40d0505,0x3850489,0x4350715,0x7160302,0x7170061
.4byte 0x3e80718,0x2f070a,0x473007a,0x15a0719,0x3a402e4,0x6fa071a,0x2e802e7,0x678065f
.4byte 0x9c0679,0x77b0089,0x8350834,0x6cf06ce,0x6d006ce,0x6d206d1,0x6d406d3,0x6d606d5
.4byte 0x6d806d7,0x8d606d9,0x8d808d7,0x46f0000,0x2cd024f,0x203,0x8da08d9,0x8dc08db
.4byte 0x6df06de,0x6e106e0,0x6e306e2,0x6e506e4,0x6e706e6,0x6e906e8,0x95f08d1,0x7910960
.4byte 0x67b0089,0x668067c,0x66a0669,0x2fb02fa,0x7230705,0x4300501,0x32e0555,0x4f90269
.4byte 0x1840268,0x51c0267,0x7240513,0x1b1053b,0x6f903b4,0x4d2024a,0x65d03e8,0x7a02ff
.4byte 0x4c10415,0x725002f,0x59705a1,0x18d0506,0x44101dc,0x8803bd,0x8a0089,0x3008b
.4byte 0x370036,0x38,0x10000,0x30002,0x8802dd,0x8a0089,0x5dd008b,0x7770962
.4byte 0x584036e,0x43b060a,0x72a0729,0x278060e,0x4bb0184,0x33f051c,0x41b00d5,0x3850489
.4byte 0x39e06bd,0x72b04d2,0x24a065d,0x426045f,0x2f072c,0x40a072d,0x72e0350,0x2e706fa
.4byte 0x65f02e8,0x6790678,0x89009c,0x834077b,0x6ce0835,0x6ce06cf,0x6d106d0,0x6d306d2
.4byte 0x6d506d4,0x6d706d6,0x6d906d8,0x8d708d6,0x8d8,0x24f046f,0x20302cd,0x8d90000
.4byte 0x8db08da,0x6de08dc,0x6e006df,0x6e206e1,0x6e406e3,0x6e606e5,0x6e806e7,0x8d106e9
.4byte 0x960095f,0x890791,0x67c067b,0x6690668,0x2fa066a,0x70502fb,0x36c0736,0x446072a
.4byte 0x33302a0,0x4ce02a1,0xdc032a,0x442040d,0xd80385,0x3020435,0x7380737,0x40b02ff
.4byte 0x70a0686,0x67702ff,0x3970739,0x31b015a,0x143073a,0x5c300e2,0x5de00f9,0x890088
.4byte 0x8b008a,0x360003,0x380037,0x0,0x20001,0x2dd0003,0x890088,0x8b008a
.4byte 0x46704e7,0x42b01e4,0x73c073b,0x3eb073d,0x1470707,0x3e2073e,0x26804ce,0x740073f
.4byte 0x33f051c,0x53b0741,0x74204f0,0x7430061,0x21d0672,0x2f05fe,0x739045f,0x2f0744
.4byte 0x6fa0497,0x2e802e7,0x678065f,0x9c0679,0x77b0089,0x9640963,0x6cf06ce,0x6d006ce
.4byte 0x6d206d1,0x6d406d3,0x6d606d5,0x6d806d7,0x8d606d9,0x8d808d7,0x46f0000,0x2cd024f
.4byte 0x203,0x8da08d9,0x8dc08db,0x6df06de,0x6e106e0,0x6e306e2,0x6e506e4,0x6e706e6
.4byte 0x6e906e8,0x9650700,0x7910966,0x67b0089,0x668067c,0x66a0669,0x2fb02fa,0x74a0705
.4byte 0x74c074b,0x4f9074d,0x4f10268,0x51c04bb,0x7240513,0x1b1053b,0xd10676,0x4d2024a
.4byte 0x5fe0415,0x7a0167,0x67d0690,0x66e002f,0x43b05b5,0x30a04b8,0x86300f1,0x4180864
.4byte 0x8800ca,0x8a0089,0x3008b,0x370036,0x38,0x10000,0x30002,0x8802dd
.4byte 0x8a0089,0x33e008b,0x4a0447,0x8ee006e,0x2bf0170,0x41f0750,0x7510555,0x60e0277
.4byte 0x1b902a0,0x4ce04bb,0x752033f,0x489041b,0x57b053a,0x4d20753,0x17b0676,0x651024a
.4byte 0x1db0426,0x421002f,0x6fa0754,0x2e802e7,0x678065f,0x9c0679,0x77b0089,0x9640963
.4byte 0x6cf06ce,0x6d006ce,0x6d206d1,0x6d406d3,0x6d606d5,0x6d806d7,0x8d606d9,0x8d808d7
.4byte 0x46f0000,0x2cd024f,0x203,0x8da08d9,0x8dc08db,0x6df06de,0x6e106e0,0x6e306e2
.4byte 0x6e506e4,0x6e706e6,0x6e906e8,0x9650700,0x7910966,0x67b0089,0x668067c,0x66a0669
.4byte 0x2fb02fa,0x75a0705,0x2a002b7,0x4bb075b,0x32a04ce,0x40d00d5,0x38501b1,0x74300c4
.4byte 0x4150302,0x2ff0091,0x690075c,0x2f070a,0x4260677,0x15a0397,0x75d0750,0x4590350
.4byte 0x3710305,0x7a06f6,0x8803bd,0x8a0089,0x3008b,0x370036,0x38,0x10000
.4byte 0x30002,0x8802dd,0x8a0089,0x33e008b,0x4a0503,0x76208ee,0x76300a9,0x414043b
.4byte 0x5ce0764,0x7650147,0x4f901ab,0x4f10268,0x5100766,0x767053a,0x48e0768,0x7f0769
.4byte 0x4d20435,0x4f6021d,0x75c024a,0x13e0690,0x2e706fa,0x65f02e8,0x6790678,0x89009c
.4byte 0x78d0969,0x6ce07e5,0x6ce06cf,0x6d106d0,0x6d306d2,0x6d506d4,0x6d706d6,0x6d906d8
.4byte 0x8d708d6,0x8d8,0x24f046f,0x20302cd,0x8d90000,0x8db08da,0x6de08dc,0x6e006df
.4byte 0x6e206e1,0x6e406e3,0x6e606e5,0x6e806e7,0x96a06e9,0x800096b,0x89076a,0x67c067b
.4byte 0x6690668,0x2fa066a,0x70502fb,0x4d80770,0x32a04f9,0x2670060,0x33f0489,0x53b0771
.4byte 0x6a301b1,0x2ff01d6,0x6900652,0x2f05fe,0x426007a,0x2f0772,0x5b5031b,0x773043b
.4byte 0x4300774,0x90d035c,0x59a0515,0x3bd01ae,0x890088,0x8b008a,0x360003,0x380037
.4byte 0x0,0x20001,0x2dd0003,0x890088,0x8b008a,0x46704e7,0x42b01e4,0x6200777
.4byte 0x4310397,0x2c30657,0x7510147,0x65a03eb,0x7780268,0x4ce02a1,0x53e0513,0x48903ad
.4byte 0x1810779,0x302053b,0x1030676,0x652024a,0x77a021d,0x6fa026c,0x2e802e7,0x678065f
.4byte 0x9c0679,0x9690089,0x7e5078d,0x6cf06ce,0x6d006ce,0x6d206d1,0x6d406d3,0x6d606d5
.4byte 0x6d806d7,0x8d606d9,0x8d808d7,0x46f0000,0x2cd024f,0x203,0x8da08d9,0x8dc08db
.4byte 0x6df06de,0x6e106e0,0x6e306e2,0x6e506e4,0x6e706e6,0x6e906e8,0x96b096a,0x76a0800
.4byte 0x67b0089,0x668067c,0x66a0669,0x2fb02fa,0x7810705,0x6f80728,0x5130510,0x41b0782
.4byte 0x38501b1,0x743068d,0x686049d,0x1670393,0x4260451,0x2f072c,0x4710783,0x15a03fb
.4byte 0x75d0774,0x784043b,0x4eb03eb,0x1120139,0x5a405d6,0x8800ca,0x8a0089,0x3008b
.4byte 0x370036,0x38,0x10000,0x30002,0x8802dd,0x8a0089,0x5dd008b,0x4c0047f
.4byte 0x4c0047f,0x4c0047f,0x4c0047f,0x45c047f,0x7860785,0x725015a,0x43b03a4,0x1cc0787
.4byte 0x43b004c,0x1ab0788,0x2680450,0x40d01b9,0x78904ce,0x3ad078a,0x3850489,0x43506f9
.4byte 0x7370302,0x2ff078b,0x6fa0188,0x2e802e7,0x678065f,0x9c0679,0x96c0089,0x86808ef
.4byte 0x6ce06cd,0x6ce06cf,0x6d106d0,0x6d306d2,0x6d506d4,0x6d706d6,0x6d906d8,0x8d708d6
.4byte 0x8d8,0x24f046f,0x20302cd,0x8d90000,0x8db08da,0x6de08dc,0x6e006df,0x6e206e1
.4byte 0x6e406e3,0x6e606e5,0x6e806e7,0x96d06e9,0x800086a,0x89076a,0x67c067b,0x6690668
.4byte 0x2fa066a,0x70502fb,0x7930792,0x40d0794,0x33f0489,0x2c90046,0x3b404f0,0x38e01d6
.4byte 0x4920652,0x2f01db,0x739007a,0x2f067d,0x795031b,0x796043b,0x43003eb,0x72e0555
.4byte 0x1390797,0x5d60112,0xca05a4,0x890088,0x8b008a,0x360003,0x380037,0x0
.4byte 0x20001,0x2dd0003,0x890088,0x8b008a,0x5490173,0x170075e,0x2a305a9,0x350040a
.4byte 0x79804b8,0x55506a6,0x495068e,0x2680707,0x2a10464,0x69804f9,0x7990060,0x53a0489
.4byte 0x41b0715,0x3b404f0,0x24a00d1,0x2c101d5,0x2e706fa,0x65f02e8,0x6790678,0x89009c
.4byte 0x8ef096c,0x6cd0868,0x6cf06ce,0x6d006ce,0x6d206d1,0x6d406d3,0x6d606d5,0x6d806d7
.4byte 0x8d606d9,0x8d808d7,0x46f0000,0x2cd024f,0x203,0x8da08d9,0x8dc08db,0x6df06de
.4byte 0x6e106e0,0x6e306e2,0x6e506e4,0x6e706e6,0x6e906e8,0x86a096d,0x76a0800,0x67b0089
.4byte 0x668067c,0x66a0669,0x2fb02fa,0x7a00705,0x51307a1,0x41b0741,0x67604f0,0x24a00d1
.4byte 0x391049d,0x23007a2,0x7390048,0x2f04c1,0x7950783,0x43103fb,0x37b0774,0x2bc0555
.4byte 0x4460269,0x797043b,0x539090d,0x7a096e,0x8803bd,0x8a0089,0x3008b,0x370036
.4byte 0x38,0x10000,0x30002,0x8802dd,0x8a0089,0x29a008b,0x5bd0442,0x7a707a6
.4byte 0x7440739,0x60c002f,0x2103f1,0x7740420,0x43b041f,0x1ab032e,0x2680635,0x5d402af
.4byte 0x69804ce,0x40d0794,0x33f0489,0x43505fd,0x3e804f0,0x6fa00ee,0x2e802e7,0x678065f
.4byte 0x9c0679,0x79a0089,0x97008f4,0x6ce06cd,0x6ce06cf,0x6d106d0,0x6d306d2,0x6d506d4
.4byte 0x6d706d6,0x6d906d8,0x8d708d6,0x8d8,0x24f046f,0x20302cd,0x8d90000,0x8db08da
.4byte 0x6de08dc,0x6e006df,0x6e206e1,0x6e406e3,0x6e606e5,0x6e806e7,0x97106e9,0x8b90872
.4byte 0x89076a,0x67c067b,0x6690668,0x2fa066a,0x70502fb,0x2f07ae,0x3850489,0x435006b
.4byte 0x7370302,0x2ff0427,0x1fd07af,0x167070b,0x40a072d,0x43107b0,0x763031b,0x773043b
.4byte 0x430072a,0x8102a0,0x4f90269,0x90d04eb,0x96e0539,0x3bd007a,0x890088,0x8b008a
.4byte 0x360003,0x380037,0x0,0x20001,0x2dd0003,0x890088,0x8b008a,0x1d07a5
.4byte 0x1e0000,0x7a60277,0x1db064a,0x421002f,0x350040c,0x7b204b8,0x43b06a6,0x495068e
.4byte 0x268043c,0x7b3032e,0x7b507b4,0x3c00153,0x513055a,0x41b0741,0x67601b1,0x290162
.4byte 0x2e706fa,0x65f02e8,0x6790678,0x89009c,0x8f4079a,0x6cd0970,0x6cf06ce,0x6d006ce
.4byte 0x6d206d1,0x6d406d3,0x6d606d5,0x6d806d7,0x8d606d9,0x8d808d7,0x46f0000,0x2cd024f
.4byte 0x203,0x8da08d9,0x8dc08db,0x6df06de,0x6e106e0,0x6e306e2,0x6e506e4,0x6e706e6
.4byte 0x6e906e8,0x8720971,0x76a08b9,0x67b0089,0x668067c,0x66a0669,0x2fb02fa,0x7810705
.4byte 0x53b04d5,0x6760302,0x24a0103,0x21d04d2,0x23007bc,0x7bd0082,0x2f07be,0x7bf0725
.4byte 0x67e03fb,0x5f0495,0x2bc0268,0x44603e2,0x75b02a0,0x35c04bb,0x5d10139,0x9720549
.4byte 0x75e0549,0x9720549,0x5a40549,0x8800ca,0x8a0089,0x3008b,0x370036,0x38
.4byte 0x10000,0x30002,0x8802dd,0x8a0089,0x992008b,0x442051c,0x1700673,0x24a039d
.4byte 0x6900451,0x230014b,0x7c0060c,0x4310350,0x41f065e,0x784043b,0x43c01ab,0x7c10278
.4byte 0x4ce07c2,0x752032a,0x4890766,0x7a3033f,0x640053b,0x2e706fa,0x65f02e8,0x6790678
.4byte 0x89009c,0x8f30735,0x8fb0974,0x6ce06cd,0x6ce06cf,0x6d106d0,0x6d306d2,0x6d506d4
.4byte 0x6d706d6,0x6d906d8,0x8d708d6,0x8d8,0x24f046f,0x20302cd,0x8d90000,0x8db08da
.4byte 0x6de08dc,0x6e006df,0x6e206e1,0x6e406e3,0x6e606e5,0x6e806e7,0x70006e9,0x8fc06e8
.4byte 0x80b0975,0x67b0089,0x668067c,0x66a0669,0x2fb02fa,0x7c80705,0x6f90789,0x4d20435
.4byte 0x3930737,0x457024a,0x7440690,0x2e00230,0x39707c9,0x31b0431,0x3fb029e,0x1ab073d
.4byte 0x278043c,0x7ca0081,0x32a04f9,0x4590184,0x5860139,0x6b104ae,0x8800ca,0x8a0089
.4byte 0x3008b,0x370036,0x38,0x10000,0x30002,0x8802dd,0x8a0089,0x6b7008b
.4byte 0x4ae0877,0x78500fd,0x7af07cd,0x7ce021d,0x820230,0x397040c,0x66e04b8,0x3fb0763
.4byte 0x4950796,0x2a00430,0x7ca02bc,0x2a007cf,0x4bb0153,0x32a0510,0x41b07d0,0x28401b1
.4byte 0x2e706fa,0x65f02e8,0x6790678,0x89009c,0x8f30735,0x8fb0974,0x6ce06cd,0x6ce06cf
.4byte 0x6d106d0,0x6d306d2,0x6d506d4,0x6d706d6,0x6d906d8,0x8d708d6,0x8d8,0x24f046f
.4byte 0x20302cd,0x8d90000,0x8db08da,0x6de08dc,0x6e006df,0x6e206e1,0x6e406e3,0x6e606e5
.4byte 0x6e806e7,0x70006e9,0x8fc06e8,0x80b0975,0x67b0089,0x668067c,0x66a0669,0x2fb02fa
.4byte 0x7a00705,0x6760157,0x24a0091,0x21d07d6,0x2f01db,0x7bd0048,0x4b807d7,0x1ec068f
.4byte 0x2da043b,0x4300495,0x32e043b,0x4a6074d,0x15305c0,0x51006f8,0x30a0268,0x3710305
.4byte 0x7a06f6,0x88095e,0x8a0089,0x3008b,0x370036,0x38
