// GENERATED -- do not edit by hand.
// One .4byte per four bytes of the table, little endian.
.4byte 0x10000,0x30002,0x50004,0x70006,0x80000,0xa0009,0xb0004,0xd000c
.4byte 0xe0000,0x10000f,0x110004,0x130012,0x140000,0x160015,0x170004,0x190018
.4byte 0x0,0x1b001a,0x4001c,0x1d0005,0x7,0x1e000e,0x4001f,0x210020
.4byte 0x22,0x240023,0x4001c,0x260025,0x27,0x290028,0x4002a,0x2c002b
.4byte 0x2d,0x2f002e,0x40030,0x320031,0x33,0x350034,0x40036,0x380037
.4byte 0x39,0x20001,0x40003,0x60005,0x7,0x90008,0x4000a,0xc000b
.4byte 0xd,0x3b003a,0x110004,0x130012,0x140000,0x160015,0x170004,0x190018
.4byte 0x0,0x1b001a,0x4001c,0x170004,0x190018,0x0,0x3d003c,0x3f003e
.4byte 0x410040,0x3f0042,0x440043,0x3f0045,0x470046,0x490048,0x4a003f,0x4c004b
.4byte 0x4d003f,0x4f004e,0x50003f,0x520051,0x53003f,0x550054,0x3f0056,0x580057
.4byte 0x5a0059,0x5b003f,0x5d005c,0x5e003f,0x60005f,0x61003f,0x630062,0x3f0064
.4byte 0x660065,0x680067,0x69003f,0x6b006a,0x6c003f,0x6e006d,0x6f003f,0x710070
.4byte 0x72003f,0x740073,0x3f0075,0x770076,0x790078,0x0,0x7b007a,0x7d007c
.4byte 0x7f007e,0x810080,0x410082,0x3f0083,0x440043,0x3f0045,0x470046,0x490048
.4byte 0x4a003f,0x4c004b,0x4d003f,0x4f004e,0x50003f,0x520051,0x53003f,0x550054
.4byte 0x3f0056,0x580057,0x840059,0x860085,0x870004,0x5b0088,0x5d005c,0x5e003f
.4byte 0x60005f,0x61003f,0x630062,0x3f0064,0x660065,0x680067,0x69003f,0x6b006a
.4byte 0x6c003f,0x6e006d,0x6f003f,0x710070,0x89003f,0x8b008a,0x8d008c,0x8f008e
.4byte 0x910090,0x930092,0x0,0x950094,0x970096,0x990098,0x9b009a,0x41009c
.4byte 0x3f009d,0x440043,0x3f0045,0x470046,0x490048,0x4a003f,0x4c004b,0x4d003f
.4byte 0x4f004e,0x50003f,0x520051,0x53003f,0x550054,0x3f0056,0x9f009e,0x40030
.4byte 0xa100a0,0x3f0056,0x5f005e,0x3f0060,0x620061,0x640063,0x65003f,0x670066
.4byte 0x3f0068,0x6a0069,0x3f006b,0x6d006c,0x3f006e,0x70006f,0x3f0071,0xa300a2
.4byte 0xa500a4,0xa700a6,0xa900a8,0xab00aa,0xac,0x940000,0x960095,0x980097
.4byte 0x9a0099,0x9c009b,0x9d0041,0x43003f,0x450044,0x46003f,0x480047,0x3f0049
.4byte 0x4b004a,0x3f004c,0x4e004d,0x3f004f,0x510050,0x3f0052,0x540053,0x560055
.4byte 0xad003f,0xaf00ae,0x250004,0xb100b0,0x5e003f,0x60005f,0x61003f,0x630062
.4byte 0x3f0064,0x660065,0x680067,0x69003f,0x6b006a,0x6c003f,0x6e006d,0x6f003f
.4byte 0x710070,0xa2003f,0xa400a3,0xa600a5,0xa800a7,0xaa00a9,0xac00ab,0x0
.4byte 0x7b007a,0x7d007c,0x7f007e,0x810080,0x410082,0x3f0083,0x440043,0x3f0045
.4byte 0x470046,0x490048,0x4a003f,0x4c004b,0x4d003f,0x4f004e,0x50003f,0x520051
.4byte 0x53003f,0x550054,0x3f0056,0xb20065,0x400b3,0xb40025,0x3f00b5,0x5f005e
.4byte 0x3f0060,0x620061,0x640063,0x65003f,0x670066,0x3f0068,0x6a0069,0x3f006b
.4byte 0x6d006c,0x3f006e,0x70006f,0x3f0071,0x8a0089,0x8c008b,0x8e008d,0x90008f
.4byte 0x920091,0x93,0x7a0000,0x7c007b,0x7e007d,0x80007f,0x820081,0x830041
.4byte 0x43003f,0x450044,0x46003f,0x480047,0x3f0049,0x4b004a,0x3f004c,0x4e004d
.4byte 0x3f004f,0x510050,0x3f0052,0x540053,0x560055,0xb6003f,0x300b7,0xb80004
.4byte 0xba00b9,0x5e003f,0x60005f,0x61003f,0x630062,0x3f0064,0x660065,0x680067
.4byte 0x69003f,0x6b006a,0x6c003f,0x6e006d,0x6f003f,0x710070,0x89003f,0x8b008a
.4byte 0x8d008c,0x8f008e,0x910090,0x930092,0x0,0x950094,0x970096,0x990098
.4byte 0x9b009a,0x41009c,0x3f009d,0x440043,0x3f0045,0x470046,0x490048,0x4a003f
.4byte 0x4c004b,0x4d003f,0x4f004e,0x50003f,0x520051,0x53003f,0x550054,0x3f0056
.4byte 0xbb0076,0x400bc,0xbd0005,0x3f00be,0x5f005e,0x3f0060,0x620061,0x640063
.4byte 0x65003f,0x670066,0x3f0068,0x6a0069,0x3f006b,0x6d006c,0x3f006e,0x70006f
.4byte 0x3f0071,0xa300a2,0xa500a4,0xa700a6,0xa900a8,0xab00aa,0xac,0x940000
.4byte 0x960095,0x980097,0x9a0099,0x9c009b,0x9d0041,0x43003f,0x450044,0x46003f
.4byte 0x480047,0x3f0049,0x4b004a,0x3f004c,0x4e004d,0x3f004f,0x510050,0x3f0052
.4byte 0x540053,0xbf0055,0xc100c0,0x310004,0xc300c2,0x5f005e,0x3f0060,0x620061
.4byte 0x640063,0x65003f,0x670066,0x3f0068,0x6a0069,0x3f006b,0x6d006c,0x3f006e
.4byte 0x70006f,0x3f0071,0xa300a2,0xa500a4,0xa700a6,0xa900a8,0xab00aa,0xac
.4byte 0x7a0000,0x7c007b,0x7e007d,0x80007f,0x820081,0x830041,0x43003f,0x450044
.4byte 0x46003f,0x480047,0x3f0049,0x4b004a,0x3f004c,0x4e004d,0x3f004f,0x510050
.4byte 0x3f0052,0x540053,0xc500c4,0xc60004,0x5f00c7,0x3f0060,0x620061,0x640063
.4byte 0x65003f,0x670066,0x3f0068,0x6a0069,0x3f006b,0x6d006c,0x3f006e,0x70006f
.4byte 0x3f0071,0x8a0089,0x8c008b,0x8e008d,0x90008f,0x920091,0x93,0x7a0000
.4byte 0x7c007b,0x7e007d,0x80007f,0x820081,0x830041,0x43003f,0x450044,0x46003f
.4byte 0x480047,0x3f0049,0x4b004a,0x3f004c,0x4e004d,0x3f004f,0x510050,0x3f0052
.4byte 0xc900c8,0x40003,0xcb00ca,0x3f00ba,0x620061,0x640063,0x65003f,0x670066
.4byte 0x3f0068,0x6a0069,0x3f006b,0x6d006c,0x3f006e,0x70006f,0x3f0071,0x8a0089
.4byte 0x8c008b,0x8e008d,0x90008f,0x920091,0x93,0x940000,0x960095,0x980097
.4byte 0x9a0099,0x9c009b,0x9d0041,0x43003f,0x450044,0x46003f,0x480047,0x3f0049
.4byte 0x4b004a,0x3f004c,0x4e004d,0x3f004f,0x510050,0x3f0052,0xcd00cc,0x400ce
.4byte 0xd000cf,0x3f0064,0x620061,0x640063,0x65003f,0x670066,0x3f0068,0x6a0069
.4byte 0x3f006b,0x6d006c,0x3f006e,0x70006f,0x3f0071,0xa300a2,0xa500a4,0xa700a6
.4byte 0xa900a8,0xab00aa,0xac,0x940000,0x960095,0x980097,0x9a0099,0x9c009b
.4byte 0x9d0041,0x43003f,0x450044,0x46003f,0x480047,0x3f0049,0x4b004a,0x3f004c
.4byte 0x4e004d,0x3f004f,0x510050,0x3f0052,0xd10076,0x400d2,0xd30005,0x3f00d4
.4byte 0x620061,0x640063,0x65003f,0x670066,0x3f0068,0x6a0069,0x3f006b,0x6d006c
.4byte 0x3f006e,0x70006f,0x3f0071,0xa300a2,0xa500a4,0xa700a6,0xa900a8,0xab00aa
.4byte 0xac,0x7a0000,0x7c007b,0x7e007d,0x80007f,0x820081,0x830041,0x43003f
.4byte 0x450044,0x46003f,0x480047,0x3f0049,0x4b004a,0x3f004c,0x4e004d,0x3f004f
.4byte 0x510050,0x3f0052,0xd600d5,0x40016,0xd800d7,0x3f0064,0x620061,0x640063
.4byte 0x65003f,0x670066,0x3f0068,0x6a0069,0x3f006b,0x6d006c,0x3f006e,0x70006f
.4byte 0x3f0071,0x8a0089,0x8c008b,0x8e008d,0x90008f,0x920091,0x93,0x7a0000
.4byte 0x7c007b,0x7e007d,0x80007f,0x820081,0x830041,0x43003f,0x450044,0x46003f
.4byte 0x480047,0x3f0049,0x4b004a,0x3f004c,0x4e004d,0x3f004f,0x510050,0x3f0052
.4byte 0xd90076,0x400da,0xdb0011,0x3f00dc,0x620061,0x640063,0x65003f,0x670066
.4byte 0x3f0068,0x6a0069,0x3f006b,0x6d006c,0x3f006e,0x70006f,0x3f0071,0x8a0089
.4byte 0x8c008b,0x8e008d,0x90008f,0x920091,0x93,0x940000,0x960095,0x980097
.4byte 0x9a0099,0x9c009b,0x9d0041,0x43003f,0x450044,0x46003f,0x480047,0x3f0049
.4byte 0x4b004a,0x3f004c,0x4e004d,0x3f004f,0x510050,0x3f0052,0xde00dd,0x400df
.4byte 0xe100e0,0x61003f,0x630062,0x3f0064,0x660065,0x680067,0x69003f,0x6b006a
.4byte 0x6c003f,0x6e006d,0x6f003f,0x710070,0xa2003f,0xa400a3,0xa600a5,0xa800a7
.4byte 0xaa00a9,0xac00ab,0x0,0x950094,0x970096,0x990098,0x9b009a,0x41009c
.4byte 0x3f009d,0x440043,0x3f0045,0x470046,0x490048,0x4a003f,0x4c004b,0x4d003f
.4byte 0x4f004e,0x50003f,0x520051,0x9e003f,0x30009f,0xa00004,0x5600a1,0x61003f
.4byte 0x630062,0x3f0064,0x660065,0x680067,0x69003f,0x6b006a,0x6c003f,0x6e006d
.4byte 0x6f003f,0x710070,0xa2003f,0xa400a3,0xa600a5,0xa800a7,0xaa00a9,0xac00ab
.4byte 0x0,0x7b007a,0x7d007c,0x7f007e,0x810080,0x410082,0x3f0083,0x440043
.4byte 0x3f0045,0x470046,0x490048,0x4a003f,0x4c004b,0x4d003f,0x4f004e,0x50003f
.4byte 0x520051,0xe2003f,0x400e3,0xe500e4,0x3f0068,0x620061,0x640063,0x65003f
.4byte 0x670066,0x3f0068,0x6a0069,0x3f006b,0x6d006c,0x3f006e,0x70006f,0x3f0071
.4byte 0x8a0089,0x8c008b,0x8e008d,0x90008f,0x920091,0x93,0x7a0000,0x7c007b
.4byte 0x7e007d,0x80007f,0x820081,0x830041,0x43003f,0x450044,0x46003f,0x480047
.4byte 0x3f0049,0x4b004a,0x3f004c,0x4e004d,0x3f004f,0x510050,0x3f0052,0xe700e6
.4byte 0x400e8,0xe90031,0x3f00ea,0x620061,0x640063,0x65003f,0x670066,0x3f0068
.4byte 0x6a0069,0x3f006b,0x6d006c,0x3f006e,0x70006f,0x3f0071,0x8a0089,0x8c008b
.4byte 0x8e008d,0x90008f,0x920091,0x93,0x940000,0x960095,0x980097,0x9a0099
.4byte 0x9c009b,0x9d0041,0x43003f,0x450044,0x46003f,0x480047,0x3f0049,0x4b004a
.4byte 0x3f004c,0x4e004d,0x3f004f,0x510050,0x3f0052,0xeb00dd,0x400df,0xe100ec
.4byte 0x61003f,0x630062,0x3f0064,0x660065,0x680067,0x69003f,0x6b006a,0x6c003f
.4byte 0x6e006d,0x6f003f,0x710070,0xa2003f,0xa400a3,0xa600a5,0xa800a7,0xaa00a9
.4byte 0xac00ab,0x0,0x950094,0x970096,0x990098,0x9b009a,0x41009c,0x3f009d
.4byte 0x440043,0x3f0045,0x470046,0x490048,0x4a003f,0x4c004b,0x4d003f,0x4f004e
.4byte 0x50003f,0x520051,0xcc003f,0xce00ed,0xcf0004,0x6400ee,0x61003f,0x630062
.4byte 0x3f0064,0x660065,0x680067,0x69003f,0x6b006a,0x6c003f,0x6e006d,0x6f003f
.4byte 0x710070,0xa2003f,0xa400a3,0xa600a5,0xa800a7,0xaa00a9,0xac00ab,0x0
.4byte 0x7b007a,0x7d007c,0x7f007e,0x810080,0x410082,0x3f0083,0x440043,0x3f0045
.4byte 0x470046,0x490048,0x4a003f,0x4c004b,0x4d003f,0x4f004e,0x50003f,0x520051
.4byte 0xef003f,0x3000f0,0xf10004,0xf300f2,0x620061,0x640063,0x65003f,0x670066
.4byte 0x3f0068,0x6a0069,0x3f006b,0x6d006c,0x3f006e,0x70006f,0x3f0071,0x8a0089
.4byte 0x8c008b,0x8e008d,0x90008f,0x920091,0x93,0x1a0000,0x1c001b,0xf40004
.4byte 0xd00f5,0xf60000,0x3000f7,0x170004,0x190018,0x0,0x1b001a,0x4001c
.4byte 0xf900f8,0xfb00fa,0x9a0098,0xfc009b,0xfe00fd,0x99009b,0xff009a,0x1010100
.4byte 0x1030102,0x1050104,0x1070106,0x1090108,0x4a003f,0x4c004b,0x4d003f,0x4f004e
.4byte 0x50003f,0x10a0051,0x40003,0xf500f4,0xd,0xf700f6,0x40030,0x62010b
.4byte 0x640063,0x65003f,0x670066,0x3f0068,0x6a0069,0x3f006b,0x10d010c,0x105010e
.4byte 0x104010f,0x1110110,0x1130112,0xa600a8,0x11400a7,0x1160115,0x11700a4,0xa700a6
.4byte 0x11800a8,0x11a0119,0x4011b,0x180017,0x19,0x1a0000,0x1c001b,0x11c0004
.4byte 0x11e011d,0x7e011f,0x810080,0x1210120,0x9b0122,0x9a0099,0x10000ff,0x1020101
.4byte 0x1040103,0x1060105,0x1080107,0x3f0109,0x4b004a,0x3f004c,0x4e004d,0x3f004f
.4byte 0x1240123,0xf40004,0xd00f5,0xf60000,0x3000f7,0x310004,0x1260125,0x65003f
.4byte 0x670066,0x3f0068,0x6a0069,0x3f006b,0x10d010c,0x105010e,0x104010f,0x1110110
.4byte 0x1130112,0xa600a8,0x11400a7,0x1280127,0x12a0129,0x8e008d,0x12b008f,0x12d012c
.4byte 0x4012e,0x180017,0x19,0x1a0000,0x1c001b,0x11c0004,0x11e011d,0x7e011f
.4byte 0x810080,0x1210120,0x9b0122,0x9a0099,0x10000ff,0x1020101,0x1040103,0x1060105
.4byte 0x1080107,0x3f0109,0x4b004a,0x3f004c,0x4e004d,0x3f004f,0x130012f,0x40003
.4byte 0xf500f4,0xd,0xf700f6,0x40030,0x1320131,0x3f0133,0x660065,0x680067
.4byte 0x69003f,0x6b006a,0x10c003f,0x10e010d,0x10f0105,0x1100104,0x1120111,0xa80113
.4byte 0xa700a6,0x1270114,0x1290128,0x8d012a,0x8f008e,0x12c012b,0x12e012d,0x170004
.4byte 0x190018,0x0,0x1b001a,0x4001c,0xf900f8,0xfb00fa,0x9a0098,0xfc009b
.4byte 0xfe00fd,0x99009b,0xff009a,0x1010100,0x1030102,0x1050104,0x1070106,0x1090108
.4byte 0x4a003f,0x4c004b,0x4d003f,0x4f004e,0x9e003f,0x30009f,0xf40004,0xd00f5
.4byte 0xf60000,0x3000f7,0xa00004,0x5600a1,0x65003f,0x670066,0x3f0068,0x6a0069
.4byte 0x3f006b,0x10d010c,0x105010e,0x104010f,0x1110110,0x1130112,0xa600a8,0x11400a7
.4byte 0x1160115,0x11700a4,0xa700a6,0x11800a8,0x11a0119,0x4011b,0x180017,0x19
.4byte 0x1a0000,0x1c001b,0xf80004,0xfa00f9,0x9800fb,0x9b009a,0xfd00fc,0x9b00fe
.4byte 0x9a0099,0x10000ff,0x1020101,0x1040103,0x1060105,0x1080107,0x3f0109,0x4b004a
.4byte 0x3f004c,0x4e004d,0x3f004f,0xf000ef,0x40030,0xf500f4,0xd,0xf700f6
.4byte 0x40030,0xf200f1,0x3f00f3,0x660065,0x680067,0x69003f,0x6b006a,0x10c003f
.4byte 0x10e010d,0x10f0105,0x1100104,0x1120111,0xa80113,0xa700a6,0x1150114,0xa40116
.4byte 0xa60117,0xa800a7,0x1190118,0x11b011a,0x170004,0x190018,0x0,0x1b001a
.4byte 0x4001c,0x11d011c,0x11f011e,0x80007e,0x1200081,0x1220121,0x99009b,0xff009a
.4byte 0x1010100,0x1030102,0x1050104,0x1070106,0x1090108,0x4a003f,0x4c004b,0x4d003f
.4byte 0x4f004e,0x134003f,0x1c0135,0xf40004,0xd00f5,0xf60000,0x3000f7,0x1360004
.4byte 0x640137,0x65003f,0x670066,0x3f0068,0x6a0069,0x3f006b,0x10d010c,0x105010e
.4byte 0x104010f,0x1110110,0x1130112,0xa600a8,0x11400a7,0x1280127,0x12a0129,0x8e008d
.4byte 0x12b008f,0x12d012c,0x4012e,0x180017,0x19,0x1a0000,0x1c001b,0x11c0004
.4byte 0x11e011d,0x7e011f,0x810080,0x1210120,0x9b0122,0x9a0099,0x10000ff,0x1020101
.4byte 0x1040103,0x1060105,0x1080107,0x3f0109,0x4b004a,0x3f004c,0x4e004d,0x3f004f
.4byte 0x1390138,0x4013a,0xf500f4,0xd,0xf700f6,0x40030,0x13c013b,0x65003f
.4byte 0x670066,0x3f0068,0x6a0069,0x3f006b,0x10d010c,0x105010e,0x104010f,0x1110110
.4byte 0x1130112,0xa600a8,0x11400a7,0x1280127,0x12a0129,0x8e008d,0x12b008f,0x12d012c
.4byte 0x4012e,0x180017,0x19,0x1a0000,0x1c001b,0xf80004,0xfa00f9,0x9800fb
.4byte 0x9b009a,0xfd00fc,0x9b00fe,0x9a0099,0x10000ff,0x1020101,0x1040103,0x1060105
.4byte 0x1080107,0x3f0109,0x4b004a,0x3f004c,0x4e004d,0x3f004f,0x13d0065,0x400b3
.4byte 0xf500f4,0xd,0xf700f6,0x40030,0xb40025,0x3f013e,0x660065,0x680067
.4byte 0x69003f,0x6b006a,0x10c003f,0x10e010d,0x10f0105,0x1100104,0x1120111,0xa80113
.4byte 0xa700a6,0x1150114,0xa40116,0xa60117,0xa800a7,0x1190118,0x11b011a,0x170004
.4byte 0x190018,0x0,0x1b001a,0x4001c,0xf900f8,0xfb00fa,0x9a0098,0xfc009b
.4byte 0xfe00fd,0x99009b,0xff009a,0x1010100,0x1030102,0x1050104,0x1070106,0x1090108
.4byte 0x4a003f,0x4c004b,0x4d003f,0x4f004e,0x57003f,0x140013f,0xf40004,0xd00f5
.4byte 0xf60000,0x3000f7,0x310004,0x1420141,0x65003f,0x670066,0x3f0068,0x6a0069
.4byte 0x3f006b,0x10d010c,0x105010e,0x104010f,0x1110110,0x1130112,0xa600a8,0x11400a7
.4byte 0x1160115,0x11700a4,0xa700a6,0x11800a8,0x11a0119,0x4011b,0x180017,0x19
.4byte 0x1a0000,0x1c001b,0x11c0004,0x11e011d,0x7e011f,0x810080,0x1210120,0x9b0122
.4byte 0x9a0099,0x10000ff,0x1020101,0x1040103,0x1060105,0x1080107,0x3f0109,0x4b004a
.4byte 0x3f004c,0x4e004d,0x3f004f,0x1440143,0xf40004,0xd00f5,0xf60000,0x3000f7
.4byte 0x110004,0x680145,0x65003f,0x670066,0x3f0068,0x6a0069,0x3f006b,0x10d010c
.4byte 0x105010e,0x104010f,0x1110110,0x1130112,0xa600a8,0x11400a7,0x1280127,0x12a0129
.4byte 0x8e008d,0x12b008f,0x12d012c,0x4012e,0x180017,0x19,0x1a0000,0x1c001b
.4byte 0x11c0004,0x11e011d,0x7e011f,0x810080,0x1210120,0x9b0122,0x9a0099,0x10000ff
.4byte 0x1020101,0x1040103,0x1060105,0x1080107,0x3f0109,0x4b004a,0x3f004c,0x4e004d
.4byte 0x3f004f,0x1470146,0x40003,0xf500f4,0xd,0xf700f6,0x40030,0x1490148
.4byte 0x3f0075,0x660065,0x680067,0x69003f,0x6b006a,0x10c003f,0x10e010d,0x10f0105
.4byte 0x1100104,0x1120111,0xa80113,0xa700a6,0x1270114,0x1290128,0x8d012a,0x8f008e
.4byte 0x12c012b,0x12e012d,0x170004,0x190018,0x0,0x1b001a,0x4001c,0xf900f8
.4byte 0xfb00fa,0x9a0098,0xfc009b,0xfe00fd,0x99009b,0xff009a,0x1010100,0x1030102
.4byte 0x1050104,0x1070106,0x1090108,0x4a003f,0x4c004b,0x4d003f,0x4f004e,0x14a003f
.4byte 0x16014b,0xf40004,0xd00f5,0xf60000,0x3000f7,0x14c0004,0x64014d,0x65003f
.4byte 0x670066,0x3f0068,0x6a0069,0x3f006b,0x10d010c,0x105010e,0x104010f,0x1110110
.4byte 0x1130112,0xa600a8,0x11400a7,0x1160115,0x11700a4,0xa700a6,0x11800a8,0x11a0119
.4byte 0x4011b,0x180017,0x19,0x1a0000,0x1c001b,0xf80004,0xfa00f9,0x9800fb
.4byte 0x9b009a,0xfd00fc,0x9b00fe,0x9a0099,0x10000ff,0x1020101,0x1040103,0x1060105
.4byte 0x1080107,0x3f0109,0x4b004a,0x3f004c,0x4e004d,0x3f004f,0x850046,0x40086
.4byte 0xf500f4,0xd,0xf700f6,0x40030,0x880087,0x65003f,0x670066,0x3f0068
.4byte 0x6a0069,0x3f006b,0x10d010c,0x105010e,0x104010f,0x1110110,0x1130112,0xa600a8
.4byte 0x11400a7,0x1160115,0x11700a4,0xa700a6,0x11800a8,0x11a0119,0x4011b,0x180017
.4byte 0x19,0x1a0000,0x1c001b,0x11c0004,0x11e011d,0x7e011f,0x810080,0x1210120
.4byte 0x9b0122,0x9a0099,0x10000ff,0x1020101,0x1040103,0x1060105,0x1080107,0x3f0109
.4byte 0x4b004a,0x3f004c,0x4e004d,0x3f004f,0x14e00e6,0x4014f,0xf500f4,0xd
.4byte 0xf700f6,0x40030,0x1500031,0x3f0151,0x660065,0x680067,0x69003f,0x6b006a
.4byte 0x10c003f,0x10e010d,0x10f0105,0x1100104,0x1120111,0xa80113,0xa700a6,0x1270114
.4byte 0x1290128,0x8d012a,0x8f008e,0x12c012b,0x12e012d,0x170004,0x190018,0x0
.4byte 0x1b001a,0x4001c,0x11d011c,0x11f011e,0x80007e,0x1200081,0x1220121,0x99009b
.4byte 0xff009a,0x1010100,0x1030102,0x1050104,0x1070106,0x1090108,0x4a003f,0x4c004b
.4byte 0x4d003f,0x4f004e,0x152003f,0x40153,0xf500f4,0xd,0xf700f6,0x40030
.4byte 0x1550154,0x3f0156,0x660065,0x680067,0x69003f,0x6b006a,0x10c003f,0x10e010d
.4byte 0x10f0105,0x1100104,0x1120111,0xa80113,0xa700a6,0x1270114,0x1290128,0x8d012a
.4byte 0x8f008e,0x12c012b,0x12e012d,0x170004,0x190018,0x0,0x1b001a,0x4001c
.4byte 0xf900f8,0xfb00fa,0x9a0098,0xfc009b,0xfe00fd,0x99009b,0xff009a,0x1010100
.4byte 0x1030102,0x1050104,0x1070106,0x1090108,0x4a003f,0x4c004b,0x4d003f,0x4f004e
.4byte 0x157003f,0x300158,0xf40004,0xd00f5,0xf60000,0x3000f7,0x5c0004,0x560159
.4byte 0x65003f,0x670066,0x3f0068,0x6a0069,0x3f006b,0x10d010c,0x105010e,0x104010f
.4byte 0x1110110,0x1130112,0xa600a8,0x11400a7,0x1160115,0x11700a4,0xa700a6,0x11800a8
.4byte 0x11a0119,0x4011b,0x180017,0x19,0x1a0000,0x1c001b,0xf80004,0xfa00f9
.4byte 0x9800fb,0x9b009a,0xfd00fc,0x9b00fe,0x9a0099,0x10000ff,0x1020101,0x1040103
.4byte 0x1060105,0x1080107,0x3f0109,0x4b004a,0x3f004c,0x4e004d,0x3f004f,0x1390138
.4byte 0x4013a,0xf500f4,0xd,0xf700f6,0x40030,0x13c013b,0x65003f,0x670066
.4byte 0x3f0068,0x6a0069,0x3f006b,0x10d010c,0x105010e,0x104010f,0x1110110,0x1130112
.4byte 0xa600a8,0x11400a7,0x1160115,0x11700a4,0xa700a6,0x11800a8,0x11a0119,0x4011b
.4byte 0x180017,0x19,0x1a0000,0x1c001b,0x11c0004,0x11e011d,0x7e011f,0x810080
.4byte 0x1210120,0x9b0122,0x9a0099,0x10000ff,0x1020101,0x1040103,0x1060105,0x1080107
.4byte 0x3f0109,0x4b004a,0x3f004c,0x4e004d,0x3f004f,0x13f0057,0x40140,0xf500f4
.4byte 0xd,0xf700f6,0x40030,0x1410031,0x3f0142,0x660065,0x680067,0x69003f
.4byte 0x6b006a,0x10c003f,0x10e010d,0x10f0105,0x1100104,0x1120111,0xa80113,0xa700a6
.4byte 0x1270114,0x1290128,0x8d012a,0x8f008e,0x12c012b,0x12e012d,0x170004,0x190018
.4byte 0x0,0x1b001a,0x4001c,0x11d011c,0x11f011e,0x80007e,0x1200081,0x1220121
.4byte 0x99009b,0xff009a,0x1010100,0x1030102,0x1050104,0x1070106,0x1090108,0x4a003f
.4byte 0x4c004b,0x4d003f,0x4f004e,0x15a003f,0x4015b,0xf500f4,0xd,0xf700f6
.4byte 0x40030,0x15d015c,0x3f00ba,0x660065,0x680067,0x69003f,0x6b006a,0x10c003f
.4byte 0x10e010d,0x10f0105,0x1100104,0x1120111,0xa80113,0xa700a6,0x1270114,0x1290128
.4byte 0x8d012a,0x8f008e,0x12c012b,0x12e012d,0x170004,0x190018,0x0,0x1b001a
.4byte 0x4001c,0xf900f8,0xfb00fa,0x9a0098,0xfc009b,0xfe00fd,0x99009b,0xff009a
.4byte 0x1010100,0x1030102,0x1050104,0x1070106,0x1090108,0x4a003f,0x4c004b,0x4d003f
.4byte 0x4f004e,0x15e003f,0x1c015f,0xf40004,0xd00f5,0xf60000,0x3000f7,0x1600004
.4byte 0x640161,0x660065,0x680067,0x69003f,0x6b006a,0x10c003f,0x10e010d,0x10f0105
.4byte 0x1100104,0x1120111,0xa80113,0xa700a6,0x1150114,0xa40116,0xa60117,0xa800a7
.4byte 0x1190118,0x11b011a,0x170004,0x190018,0x0,0x1b001a,0x4001c,0xf900f8
.4byte 0xfb00fa,0x9a0098,0xfc009b,0xfe00fd,0x99009b,0xff009a,0x1010100,0x1030102
.4byte 0x1050104,0x1070106,0x1090108,0x4a003f,0x4c004b,0x4d003f,0x4f004e,0x1630162
.4byte 0x40164,0xf500f4,0xd,0xf700f6,0x40030,0x1650025,0x650166,0x670066
.4byte 0x3f0068,0x6a0069,0x3f006b,0x10d010c,0x105010e,0x104010f,0x1110110,0x1130112
.4byte 0xa600a8,0x11400a7,0x1160115,0x11700a4,0xa700a6,0x11800a8,0x11a0119,0x4011b
.4byte 0x180017,0x19,0x1a0000,0x1c001b,0x11c0004,0x11e011d,0x7e011f,0x810080
.4byte 0x1210120,0x9b0122,0x9a0099,0x10000ff,0x1020101,0x1040103,0x1060105,0x1080107
.4byte 0x3f0109,0x4b004a,0x3f004c,0x4e004d,0x167004f,0x40153,0xf500f4,0xd
.4byte 0xf700f6,0x40030,0x1680154,0x660169,0x680067,0x69003f,0x6b006a,0x10c003f
.4byte 0x10e010d,0x10f0105,0x1100104,0x1120111,0xa80113,0xa700a6,0x1270114,0x1290128
.4byte 0x8d012a,0x8f008e,0x12c012b,0x12e012d,0x170004,0x190018,0x0,0x1b001a
.4byte 0x4001c,0x11d011c,0x11f011e,0x80007e,0x1200081,0x1220121,0x99009b,0xff009a
.4byte 0x1010100,0x1030102,0x1050104,0x1070106,0x1090108,0x4a003f,0x4c004b,0x4d003f
.4byte 0x16a004e,0x16016b,0xf40004,0xd00f5,0xf60000,0x3000f7,0xd70004,0x66016c
.4byte 0x680067,0x69003f,0x6b006a,0x10c003f,0x10e010d,0x10f0105,0x1100104,0x1120111
.4byte 0xa80113,0xa700a6,0x1270114,0x1290128,0x8d012a,0x8f008e,0x12c012b,0x12e012d
.4byte 0x170004,0x190018,0x0,0x1b001a,0x4001c,0xf900f8,0xfb00fa,0x9a0098
.4byte 0xfc009b,0xfe00fd,0x99009b,0xff009a,0x1010100,0x1030102,0x1050104,0x1070106
.4byte 0x1090108,0x4a003f,0x4c004b,0x4d003f,0x16d004e,0x40164,0xf500f4,0xd
.4byte 0xf700f6,0x40030,0x16e0025,0x670066,0x3f0068,0x6a0069,0x3f006b,0x10d010c
.4byte 0x105010e,0x104010f,0x1110110,0x1130112,0xa600a8,0x11400a7,0x1160115,0x11700a4
.4byte 0xa700a6,0x11800a8,0x11a0119,0x4011b,0x180017,0x19,0x1a0000,0x1c001b
.4byte 0xf80004,0xfa00f9,0x9800fb,0x9b009a,0xfd00fc,0x9b00fe,0x9a0099,0x10000ff
.4byte 0x1020101,0x1040103,0x1060105,0x1080107,0x3f0109,0x4b004a,0x3f004c,0x4e004d
.4byte 0x4016f,0xf500f4,0xd,0xf700f6,0x40030,0x1710170,0x680067,0x69003f
.4byte 0x6b006a,0x10c003f,0x10e010d,0x10f0105,0x1100104,0x1120111,0xa80113,0xa700a6
.4byte 0x1150114,0xa40116,0xa60117,0xa800a7,0x1190118,0x11b011a,0x170004,0x190018
.4byte 0x0,0x1b001a,0x4001c,0x11d011c,0x11f011e,0x80007e,0x1200081,0x1220121
.4byte 0x99009b,0xff009a,0x1010100,0x1030102,0x1050104,0x1070106,0x1090108,0x4a003f
.4byte 0x4c004b,0x4d003f,0x400ce,0xf500f4,0xd,0xf700f6,0x40030,0x680067
.4byte 0x69003f,0x6b006a,0x10c003f,0x10e010d,0x10f0105,0x1100104,0x1120111,0xa80113
.4byte 0xa700a6,0x1270114,0x1290128,0x8d012a,0x8f008e,0x12c012b,0x12e012d,0x170004
.4byte 0x190018,0x0,0x1b001a,0x4001c,0x11d011c,0x11f011e,0x80007e,0x1200081
.4byte 0x1220121,0x99009b,0xff009a,0x1010100,0x1030102,0x1050104,0x1070106,0x1090108
.4byte 0x4a003f,0x4c004b,0x4d003f,0x400ce,0xf500f4,0xd,0xf700f6,0x40030
.4byte 0x680172,0x69003f,0x6b006a,0x10c003f,0x10e010d,0x10f0105,0x1100104,0x1120111
.4byte 0xa80113,0xa700a6,0x1270114,0x1290128,0x8d012a,0x8f008e,0x12c012b,0x12e012d
.4byte 0x170004,0x190018,0x0,0x1b001a,0x4001c,0xf900f8,0xfb00fa,0x9a0098
.4byte 0xfc009b,0xfe00fd,0x99009b,0xff009a,0x1010100,0x1030102,0x1050104,0x1070106
.4byte 0x1090108,0x4a003f,0x4c004b,0x173003f,0x30174,0xf40004,0xd00f5,0xf60000
.4byte 0x3000f7,0x1480004,0x750175,0x69003f,0x6b006a,0x10c003f,0x10e010d,0x10f0105
.4byte 0x1100104,0x1120111,0xa80113,0xa700a6,0x1150114,0xa40116,0xa60117,0xa800a7
.4byte 0x1190118,0x11b011a,0x170004,0x190018,0x0,0x1b001a,0x4001c,0xf900f8
.4byte 0xfb00fa,0x9a0098,0xfc009b,0xfe00fd,0x99009b,0xff009a,0x1010100,0x1030102
.4byte 0x1050104,0x1070106,0x1090108,0x4a003f,0x4c004b,0x138003f,0x860176,0xf40004
.4byte 0xd00f5,0xf60000,0x3000f7,0x1770004,0x3f0178,0x6a0069,0x3f006b,0x10d010c
.4byte 0x105010e,0x104010f,0x1110110,0x1130112,0xa600a8,0x11400a7,0x1160115,0x11700a4
.4byte 0xa700a6,0x11800a8,0x11a0119,0x4011b,0x180017,0x19,0x1a0000,0x1c001b
.4byte 0x11c0004,0x11e011d,0x7e011f,0x810080,0x1210120,0x9b0122,0x9a0099,0x10000ff
.4byte 0x1020101,0x1040103,0x1060105,0x1080107,0x3f0109,0x4b004a,0x3f004c,0xd90076
.4byte 0x400da,0xf500f4,0xd,0xf700f6,0x40030,0xdb0011,0x3f00dc,0x6a0069
.4byte 0x3f006b,0x10d010c,0x105010e,0x104010f,0x1110110,0x1130112,0xa600a8,0x11400a7
.4byte 0x1280127,0x12a0129,0x8e008d,0x12b008f,0x12d012c,0x4012e,0x180017,0x19
.4byte 0x1a0000,0x1c001b,0x11c0004,0x11e011d,0x7e011f,0x810080,0x1210120,0x9b0122
.4byte 0x9a0099,0x10000ff,0x1020101,0x1040103,0x1060105,0x1080107,0x3f0109,0x4b004a
.4byte 0x3f004c,0x17a0179,0x40016,0xf500f4,0xd,0xf700f6,0x40030,0x17c017b
.4byte 0x3f00f3,0x6a0069,0x3f006b,0x10d010c,0x105010e,0x104010f,0x1110110,0x1130112
.4byte 0xa600a8,0x11400a7,0x1280127,0x12a0129,0x8e008d,0x12b008f,0x12d012c,0x4012e
.4byte 0x180017,0x19,0x1a0000,0x1c001b,0xf80004,0xfa00f9,0x9800fb,0x9b009a
.4byte 0xfd00fc,0x9b00fe,0x9a0099,0x10000ff,0x1020101,0x1040103,0x1060105,0x1080107
.4byte 0x3f0109,0x4b004a,0x3f004c,0x17d00e6,0x4017e,0xf500f4,0xd,0xf700f6
.4byte 0x40030,0x17f0031,0x3f0180,0x6a0069,0x3f006b,0x10d010c,0x105010e,0x104010f
.4byte 0x1110110,0x1130112,0xa600a8,0x11400a7,0x1160115,0x11700a4,0xa700a6,0x11800a8
.4byte 0x11a0119,0x4011b,0x180017,0x19,0x1a0000,0x1c001b,0xf80004,0xfa00f9
.4byte 0x9800fb,0x9b009a,0xfd00fc,0x9b00fe,0x9a0099,0x10000ff,0x1020101,0x1040103
.4byte 0x1060105,0x1080107,0x3f0109,0x4b004a,0x3f004c,0x1820181,0x40003,0xf500f4
.4byte 0xd,0xf700f6,0x40030,0x1830148,0x3f0184,0x6a0069,0x3f006b,0x10d010c
.4byte 0x105010e,0x104010f,0x1110110,0x1130112,0xa600a8,0x11400a7,0x1160115,0x11700a4
.4byte 0xa700a6,0x11800a8,0x11a0119,0x4011b,0x180017,0x19,0x1a0000,0x1c001b
.4byte 0x11c0004,0x11e011d,0x7e011f,0x810080,0x1210120,0x9b0122,0x9a0099,0x10000ff
.4byte 0x1020101,0x1040103,0x1060105,0x1080107,0x3f0109,0x4b004a,0x3f004c,0x18500dd
.4byte 0x400df,0xf500f4,0xd,0xf700f6,0x40030,0x1870186,0x69003f,0x6b006a
.4byte 0x10c003f,0x10e010d,0x10f0105,0x1100104,0x1120111,0xa80113,0xa700a6,0x1270114
.4byte 0x1290128,0x8d012a,0x8f008e,0x12c012b,0x12e012d,0x170004,0x190018,0x0
.4byte 0x1b001a,0x4001c,0x11d011c,0x11f011e,0x80007e,0x1200081,0x1220121,0x99009b
.4byte 0xff009a,0x1010100,0x1030102,0x1050104,0x1070106,0x1090108,0x4a003f,0x4c004b
.4byte 0x167003f,0x40153,0xf500f4,0xd,0xf700f6,0x40030,0x1680154,0x3f0156
.4byte 0x6a0069,0x3f006b,0x10d010c,0x105010e,0x104010f,0x1110110,0x1130112,0xa600a8
.4byte 0x11400a7,0x1280127,0x12a0129,0x8e008d,0x12b008f,0x12d012c,0x4012e,0x180017
.4byte 0x19,0x1a0000,0x1c001b,0xf80004,0xfa00f9,0x9800fb,0x9b009a,0xfd00fc
.4byte 0x9b00fe,0x9a0099,0x10000ff,0x1020101,0x1040103,0x1060105,0x1080107,0x3f0109
.4byte 0x4b004a,0x3f004c,0x1890188,0x400ce,0xf500f4,0xd,0xf700f6,0x40030
.4byte 0x18b018a,0x69003f,0x6b006a,0x10c003f,0x10e010d,0x10f0105,0x1100104,0x1120111
.4byte 0xa80113,0xa700a6,0x1150114,0xa40116,0xa60117,0xa800a7,0x1190118,0x11b011a
.4byte 0x170004,0x190018,0x0,0x1b001a,0x4001c,0xf900f8,0xfb00fa,0x9a0098
.4byte 0xfc009b,0xfe00fd,0x99009b,0xff009a,0x1010100,0x1030102,0x1050104,0x1070106
.4byte 0x1090108,0x4a003f,0x4c004b,0x76003f,0x18d018c,0xf40004,0xd00f5,0xf60000
.4byte 0x3000f7,0xc60004,0x18f018e,0x69003f,0x6b006a,0x10c003f,0x10e010d,0x10f0105
.4byte 0x1100104,0x1120111,0xa80113,0xa700a6,0x1150114,0xa40116,0xa60117,0xa800a7
.4byte 0x1190118,0x11b011a,0x170004,0x190018,0x0,0x1b001a,0x4001c,0x11d011c
.4byte 0x11f011e,0x80007e,0x1200081,0x1220121,0x99009b,0xff009a,0x1010100,0x1030102
.4byte 0x1050104,0x1070106,0x1090108,0x4a003f,0x4c004b,0xd5003f,0x1600d6,0xf40004
.4byte 0xd00f5,0xf60000,0x3000f7,0xd70004,0x6400d8,0x69003f,0x6b006a,0x10c003f
.4byte 0x10e010d,0x10f0105,0x1100104,0x1120111,0xa80113,0xa700a6,0x1270114,0x1290128
.4byte 0x8d012a,0x8f008e,0x12c012b,0x12e012d,0x170004,0x190018,0x0,0x1b001a
.4byte 0x4001c,0x11d011c,0x11f011e,0x80007e,0x1200081,0x1220121,0x99009b,0xff009a
.4byte 0x1010100,0x1030102,0x1050104,0x1070106,0x1090108,0x4a003f,0x4c004b,0x57003f
.4byte 0x1910190,0xf40004,0xd00f5,0xf60000,0x3000f7,0x50004,0x1260192,0x69003f
.4byte 0x6b006a,0x10c003f,0x10e010d,0x10f0105,0x1100104,0x1120111,0xa80113,0xa700a6
.4byte 0x1270114,0x1290128,0x8d012a,0x8f008e,0x12c012b,0x12e012d,0x170004,0x190018
.4byte 0x0,0x1b001a,0x4001c,0xf900f8,0xfb00fa,0x9a0098,0xfc009b,0xfe00fd
.4byte 0x99009b,0xff009a,0x1010100,0x1030102,0x1050104,0x1070106,0x1090108,0x4a003f
.4byte 0x4c004b,0x193003f,0x300194,0xf40004,0xd00f5,0xf60000,0x3000f7,0x1950004
.4byte 0xf30196,0x69003f,0x6b006a,0x10c003f,0x10e010d,0x10f0105,0x1100104,0x1120111
.4byte 0xa80113,0xa700a6,0x1150114,0xa40116,0xa60117,0xa800a7,0x1190118,0x11b011a
.4byte 0x170004,0x190018,0x0,0x1b001a,0x4001c,0x1980197,0x9a0199,0x10000ff
.4byte 0x1020101,0x1040103,0x1060105,0x19a0107,0x4011b,0x19b00e4,0x19c,0x19e019d
.4byte 0x40003,0x19f0154,0x1a0,0x1a201a1,0x401a3,0x10e01a4,0x10f0105,0x1100104
.4byte 0x1120111,0xa80113,0xa700a6,0x1a601a5,0x401a7,0x180017,0x19,0x1a80000
.4byte 0x1aa01a9,0x1ac01ab,0x1ad01aa,0x1af01ae,0x7e01b0,0x810080,0x1210120,0x9b0122
.4byte 0x9a0099,0x10000ff,0x1020101,0x1040103,0x1060105,0x1080107,0x3f0109,0x4b004a
.4byte 0x3f004c,0x1b201b1,0x1b3,0x19e019d,0x40003,0x1b501b4,0x401b6,0x19f0154
.4byte 0x1a0,0x1b801b7,0x3f01b9,0x6a0069,0x3f006b,0x10d010c,0x105010e,0x104010f
.4byte 0x1110110,0x1130112,0xa600a8,0x11400a7,0x1280127,0x12a0129,0x8e008d,0x90008f
.4byte 0x920091,0x93,0x1ba0000,0x1bc01bb,0x1be01bd,0x1c001bf,0x9a0098,0xfc009b
.4byte 0xfe00fd,0x99009b,0xff009a,0x1010100,0x1030102,0x1050104,0x1070106,0x1090108
.4byte 0x4a003f,0x4c004b,0x1c1003f,0x1c2,0x19e019d,0x40003,0x1b501b4,0x401b6
.4byte 0x19f0154,0x1a0,0x1c30008,0x3f01c4,0x6a0069,0x3f006b,0x10d010c,0x105010e
.4byte 0x104010f,0x1110110,0x1130112,0xa600a8,0x11400a7,0x1160115,0x11700a4,0xa700a6
.4byte 0xa900a8,0xab00aa,0xac,0x1ba0000,0x1bc01bb,0x1be01bd,0x1c001bf,0x9a0098
.4byte 0xfc009b,0xfe00fd,0x99009b,0xff009a,0x1010100,0x1030102,0x1050104,0x1070106
.4byte 0x1090108,0x4a003f,0x4c004b,0x1b1003f,0x1c601c5,0x19d0000,0x3019e,0x1b40004
.4byte 0x1b601b5,0x1540004,0x1a0019f,0x1c70000,0x3f01b9,0x6a0069,0x3f006b,0x10d010c
.4byte 0x105010e,0x104010f,0x1110110,0x1130112,0xa600a8,0x11400a7,0x1160115,0x11700a4
.4byte 0xa700a6,0xa900a8,0xab00aa,0xac,0x1a80000,0x1aa01a9,0x1ac01ab,0x1ad01aa
.4byte 0x1af01ae,0x7e01b0,0x810080,0x1210120,0x9b0122,0x9a0099,0x10000ff,0x1020101
.4byte 0x1040103,0x1060105,0x1080107,0x3f0109,0x4b004a,0x3f004c,0x1c801c1,0x19d0000
.4byte 0x3019e,0x1b40004,0x1b601b5,0x1540004,0x1a0019f,0x80000,0x1c401c9,0x69003f
.4byte 0x6b006a,0x10c003f,0x10e010d,0x10f0105,0x1100104,0x1120111,0xa80113,0xa700a6
.4byte 0x1270114,0x1290128,0x8d012a,0x8f008e,0x910090,0x930092,0x0,0x1a901a8
.4byte 0x1ab01aa,0x1aa01ac,0x1ae01ad,0x1b001af,0x80007e,0x1200081,0x1220121,0x99009b
.4byte 0xff009a,0x1010100,0x1030102,0x1050104,0x1070106,0x1090108,0x4a003f,0x4c004b
.4byte 0x1ca003f,0x1b301cb,0x19d0000,0x3019e,0x1b40004,0x1b601b5,0x1540004,0x1a0019f
.4byte 0x1b70000,0x1cd01cc,0x69003f,0x6b006a,0x10c003f,0x10e010d,0x10f0105,0x1100104
.4byte 0x1120111,0xa80113,0xa700a6,0x1270114,0x1290128,0x8d012a,0x8f008e,0x910090
.4byte 0x930092,0x0,0x1bb01ba,0x1bd01bc,0x1bf01be,0x9801c0,0x9b009a,0xfd00fc
.4byte 0x9b00fe,0x9a0099,0x10000ff,0x1020101,0x1040103,0x1060105,0x1080107,0x3f0109
.4byte 0x4b004a,0x3f004c,0x1cf01ce,0x1d0,0x19e019d,0x40003,0x1b501b4,0x401b6
.4byte 0x19f0154,0x1a0,0x1d201d1,0x3f01d3,0x6a0069,0x3f006b,0x10d010c,0x105010e
.4byte 0x104010f,0x1110110,0x1130112,0xa600a8,0x11400a7,0x1160115,0x11700a4,0xa700a6
.4byte 0xa900a8,0xab00aa,0xac,0x1ba0000,0x1bc01bb,0x1be01bd,0x1c001bf,0x9a0098
.4byte 0xfc009b,0xfe00fd,0x99009b,0xff009a,0x1010100,0x1030102,0x1050104,0x1070106
.4byte 0x1090108,0x4a003f,0x4c004b,0x1ca003f,0x1d501d4,0x19d0000,0x3019e,0x1b40004
.4byte 0x1b601b5,0x1540004,0x1a0019f,0x1b70000,0x1d701d6,0x69003f,0x6b006a,0x10c003f
.4byte 0x10e010d,0x10f0105,0x1100104,0x1120111,0xa80113,0xa700a6,0x1150114,0xa40116
.4byte 0xa60117,0xa800a7,0xaa00a9,0xac00ab,0x0,0x1a901a8,0x1ab01aa,0x1aa01ac
.4byte 0x1ae01ad,0x1b001af,0x80007e,0x1200081,0x1220121,0x99009b,0xff009a,0x1010100
.4byte 0x1030102,0x1050104,0x1070106,0x1090108,0x4a003f,0x4c004b,0x1d8003f,0x1da01d9
.4byte 0x19d0000,0x3019e,0x1b40004,0x1b601b5,0x1540004,0x1a0019f,0x1db0000,0x1d301dc
.4byte 0x69003f,0x6b006a,0x10c003f,0x10e010d,0x10f0105,0x1100104,0x1120111,0xa80113
.4byte 0xa700a6,0x1270114,0x1290128,0x8d012a,0x8f008e,0x910090,0x930092,0x0
.4byte 0x1a901a8,0x1ab01aa,0x1aa01ac,0x1ae01ad,0x1b001af,0x80007e,0x1200081,0x1220121
.4byte 0x99009b,0xff009a,0x1010100,0x1030102,0x1050104,0x1070106,0x1090108,0x4a003f
.4byte 0x4c004b,0x1dd003f,0x1df01de,0x19d0000,0x3019e,0x1b40004,0x1b601b5,0x1540004
.4byte 0x1a0019f,0x1e00000,0x1e201e1,0x69003f,0x6b006a,0x10c003f,0x10e010d,0x10f0105
.4byte 0x1100104,0x1120111,0xa80113,0xa700a6,0x1270114,0x1290128,0x8d012a,0x8f008e
.4byte 0x910090,0x930092,0x0,0x1bb01ba,0x1bd01bc,0x1bf01be,0x9801c0,0x9b009a
.4byte 0xfd00fc,0x9b00fe,0x9a0099,0x10000ff,0x1020101,0x1040103,0x1060105,0x1080107
.4byte 0x3f0109,0x4b004a,0x3f004c,0x1e401e3,0x1e5,0x19e019d,0x40003,0x1b501b4
.4byte 0x401b6,0x19f0154,0x1a0,0x1e701e6,0x3f01e8,0x6a0069,0x3f006b,0x10d010c
.4byte 0x105010e,0x104010f,0x1110110,0x1130112,0xa600a8,0x11400a7,0x1160115,0x11700a4
.4byte 0xa700a6,0xa900a8,0xab00aa,0xac,0x1ba0000,0x1bc01bb,0x1be01bd,0x1c001bf
.4byte 0x9a0098,0xfc009b,0xfe00fd,0x99009b,0xff009a,0x1010100,0x1030102,0x1050104
.4byte 0x1070106,0x1090108,0x4a003f,0x4c004b,0x1e9003f,0x1eb01ea,0x19d0000,0x3019e
.4byte 0x1b40004,0x1b601b5,0x1540004,0x1a0019f,0xe0000,0x1ed01ec,0x69003f,0x6b006a
.4byte 0x10c003f,0x10e010d,0x10f0105,0x1100104,0x1120111,0xa80113,0xa700a6,0x1150114
.4byte 0xa40116,0xa60117,0xa800a7,0xaa00a9,0xac00ab,0x0,0x1a901a8,0x1ab01aa
.4byte 0x1aa01ac,0x1ae01ad,0x1b001af,0x80007e,0x1200081,0x1220121,0x99009b,0xff009a
.4byte 0x1010100,0x1030102,0x1050104,0x1070106,0x1090108,0x4a003f,0x4c004b,0x1ee003f
.4byte 0xd01ef,0x19d0000,0x3019e,0x1b40004,0x1b601b5,0x1540004,0x1a0019f,0x1f00000
.4byte 0x1e801f1,0x69003f,0x6b006a,0x10c003f,0x10e010d,0x10f0105,0x1100104,0x1120111
.4byte 0xa80113,0xa700a6,0x1270114,0x1290128,0x8d012a,0x8f008e,0x910090,0x930092
.4byte 0x0,0x1a901a8,0x1ab01aa,0x1aa01ac,0x1ae01ad,0x1b001af,0x80007e,0x1200081
.4byte 0x1220121,0x99009b,0xff009a,0x1010100,0x1030102,0x1050104,0x1070106,0x1090108
.4byte 0x4a003f,0x4c004b,0x1f201e9,0x1f3,0x19e019d,0x40003,0x1b501b4,0x401b6
.4byte 0x19f0154,0x1a0,0x1f501f4,0x3f01f6,0x6a0069,0x3f006b,0x10d010c,0x105010e
.4byte 0x104010f,0x1110110,0x1130112,0xa600a8,0x11400a7,0x1280127,0x12a0129,0x8e008d
.4byte 0x90008f,0x920091,0x93,0x1ba0000,0x1bc01bb,0x1be01bd,0x1c001bf,0x9a0098
.4byte 0xfc009b,0xfe00fd,0x99009b,0xff009a,0x1010100,0x1030102,0x1050104,0x1070106
.4byte 0x1090108,0x4a003f,0x4c004b,0x1f801f7,0x1f9,0x19e019d,0x40003,0x1b501b4
.4byte 0x401b6,0x19f0154,0x1a0,0x1fb01fa,0x69003f,0x6b006a,0x10c003f,0x10e010d
.4byte 0x10f0105,0x1100104,0x1120111,0xa80113,0xa700a6,0x1150114,0xa40116,0xa60117
.4byte 0xa800a7,0xaa00a9,0xac00ab,0x0,0x1bb01ba,0x1bd01bc,0x1bf01be,0x9801c0
.4byte 0x9b009a,0xfd00fc,0x9b00fe,0x9a0099,0x10000ff,0x1020101,0x1040103,0x1060105
.4byte 0x1080107,0x3f0109,0x4b004a,0x1fc004c,0x1fd,0x19e019d,0x40003,0x1b501b4
.4byte 0x401b6,0x19f0154,0x1a0,0x1ff01fe,0x690200,0x6b006a,0x10c003f,0x10e010d
.4byte 0x10f0105,0x1100104,0x1120111,0xa80113,0xa700a6,0x1150114,0xa40116,0xa60117
.4byte 0xa800a7,0xaa00a9,0xac00ab,0x0,0x1a901a8,0x1ab01aa,0x1aa01ac,0x1ae01ad
.4byte 0x1b001af,0x80007e,0x1200081,0x1220121,0x99009b,0xff009a,0x1010100,0x1030102
.4byte 0x1050104,0x1070106,0x1090108,0x4a003f,0x4c004b,0x2020201,0x19d0000,0x3019e
.4byte 0x1b40004,0x1b601b5,0x1540004,0x1a0019f,0x2030000,0x690204,0x6b006a,0x10c003f
.4byte 0x10e010d,0x10f0105,0x1100104,0x1120111,0xa80113,0xa700a6,0x1270114,0x1290128
.4byte 0x8d012a,0x8f008e,0x910090,0x930092,0x0,0x1a901a8,0x1ab01aa,0x1aa01ac
.4byte 0x1ae01ad,0x1b001af,0x80007e,0x1200081,0x1220121,0x99009b,0xff009a,0x1010100
.4byte 0x1030102,0x1050104,0x1070106,0x1090108,0x4a003f,0x205004b,0x1d00206,0x19d0000
.4byte 0x3019e,0x1b40004,0x1b601b5,0x1540004,0x1a0019f,0x2070000,0x2090208,0x6b006a
.4byte 0x10c003f,0x10e010d,0x10f0105,0x1100104,0x1120111,0xa80113,0xa700a6,0x1270114
.4byte 0x1290128,0x8d012a,0x8f008e,0x910090,0x930092,0x0,0x1bb01ba,0x1bd01bc
.4byte 0x1bf01be,0x9801c0,0x9b009a,0xfd00fc,0x9b00fe,0x9a0099,0x10000ff,0x1020101
.4byte 0x1040103,0x1060105,0x1080107,0x3f0109,0x20a004a,0x20c020b,0x19d0000,0x3019e
.4byte 0x1b40004,0x1b601b5,0x1540004,0x1a0019f,0x1e00000,0x20e020d,0x6b006a,0x10c003f
.4byte 0x10e010d,0x10f0105,0x1100104,0x1120111,0xa80113,0xa700a6,0x1150114,0xa40116
.4byte 0xa60117,0xa800a7,0xaa00a9,0xac00ab,0x0,0x1bb01ba,0x1bd01bc,0x1bf01be
.4byte 0x9801c0,0x9b009a,0xfd00fc,0x9b00fe,0x9a0099,0x10000ff,0x1020101,0x1040103
.4byte 0x1060105,0x1080107,0x3f0109,0x20f004a,0x210,0x19e019d,0x40003,0x1b501b4
.4byte 0x401b6,0x19f0154,0x1a0,0x2120211,0x6b006a,0x10c003f,0x10e010d,0x10f0105
.4byte 0x1100104,0x1120111,0xa80113,0xa700a6,0x1150114,0xa40116,0xa60117,0xa800a7
.4byte 0xaa00a9,0xac00ab,0x0,0x1a901a8,0x1ab01aa,0x1aa01ac,0x1ae01ad,0x1b001af
.4byte 0x80007e,0x1200081,0x1220121,0x99009b,0xff009a,0x1010100,0x1030102,0x1050104
.4byte 0x1070106,0x1090108,0x4a003f,0x2140213,0x19d0000,0x3019e,0x1b40004,0x1b601b5
.4byte 0x1540004,0x1a0019f,0x2150000,0x6b0216,0x10c003f,0x10e010d,0x10f0105,0x1100104
.4byte 0x1120111,0xa80113,0xa700a6,0x1270114,0x1290128,0x8d012a,0x8f008e,0x910090
.4byte 0x930092,0x0,0x1a901a8,0x1ab01aa,0x1aa01ac,0x1ae01ad,0x1b001af,0x80007e
.4byte 0x1200081,0x1220121,0x99009b,0xff009a,0x1010100,0x1030102,0x1050104,0x1070106
.4byte 0x1090108,0x4a003f,0x217,0x19e019d,0x40003,0x1b501b4,0x401b6,0x19f0154
.4byte 0x1a0,0x2190218,0x3f006b,0x10d010c,0x105010e,0x104010f,0x1110110,0x1130112
.4byte 0xa600a8,0x11400a7,0x1280127,0x12a0129,0x8e008d,0x90008f,0x920091,0x93
.4byte 0x1ba0000,0x1bc01bb,0x1be01bd,0x1c001bf,0x9a0098,0xfc009b,0xfe00fd,0x99009b
.4byte 0xff009a,0x1010100,0x1030102,0x1050104,0x1070106,0x1090108,0x21a003f,0x21b
.4byte 0x19e019d,0x40003,0x1b501b4,0x401b6,0x19f0154,0x1a0,0x21d021c,0x3f021e
.4byte 0x10d010c,0x105010e,0x104010f,0x1110110,0x1130112,0xa600a8,0x11400a7,0x1160115
.4byte 0x11700a4,0xa700a6,0xa900a8,0xab00aa,0xac,0x1ba0000,0x1bc01bb,0x1be01bd
.4byte 0x1c001bf,0x9a0098,0xfc009b,0xfe00fd,0x99009b,0xff009a,0x1010100,0x1030102
.4byte 0x1050104,0x1070106,0x1090108,0x1dd003f,0x220021f,0x19d0000,0x3019e,0x1b40004
.4byte 0x1b601b5,0x1540004,0x1a0019f,0x1e00000,0x2220221,0x10c003f,0x10e010d,0x10f0105
.4byte 0x1100104,0x1120111,0xa80113,0xa700a6,0x1150114,0xa40116,0xa60117,0xa800a7
.4byte 0xaa00a9,0xac00ab,0x0,0x1a901a8,0x1ab01aa,0x1aa01ac,0x1ae01ad,0x1b001af
.4byte 0x80007e,0x1200081,0x1220121,0x99009b,0xff009a,0x1010100,0x1030102,0x1050104
.4byte 0x1070106,0x1090108,0x223003f,0x1e50224,0x19d0000,0x3019e,0x1b40004,0x1b601b5
.4byte 0x1540004,0x1a0019f,0x2250000,0x1e80226,0x10c003f,0x10e010d,0x10f0105,0x1100104
.4byte 0x1120111,0xa80113,0xa700a6,0x1270114,0x1290128,0x8d012a,0x8f008e,0x910090
.4byte 0x930092,0x0,0x1a901a8,0x1ab01aa,0x1aa01ac,0x1ae01ad,0x1b001af,0x80007e
.4byte 0x1200081,0x1220121,0x99009b,0xff009a,0x1010100,0x1030102,0x1050104,0x1070106
.4byte 0x1090108,0x1e9003f,0x1f30227,0x19d0000,0x3019e,0x1b40004,0x1b601b5,0x1540004
.4byte 0x1a0019f,0x1f40000,0x1f60228,0x10c003f,0x10e010d,0x10f0105,0x1100104,0x1120111
.4byte 0xa80113,0xa700a6,0x1270114,0x1290128,0x8d012a,0x8f008e,0x910090,0x930092
.4byte 0x0,0x1bb01ba,0x1bd01bc,0x1bf01be,0x9801c0,0x9b009a,0xfd00fc,0x9b00fe
.4byte 0x9a0099,0x10000ff,0x1020101,0x1040103,0x1060105,0x1080107,0x3f0109,0x22a0229
.4byte 0x22b,0x19e019d,0x40003,0x1b501b4,0x401b6,0x19f0154,0x1a0,0x22d022c
.4byte 0x10c003f,0x10e010d,0x10f0105,0x1100104,0x1120111,0xa80113,0xa700a6,0x1150114
.4byte 0xa40116,0xa60117,0xa800a7,0xaa00a9,0xac00ab,0x0,0x1bb01ba,0x1bd01bc
.4byte 0x1bf01be,0x9801c0,0x9b009a,0xfd00fc,0x9b00fe,0x9a0099,0x10000ff,0x1020101
.4byte 0x1040103,0x1060105,0x1080107,0x3f0109,0x22e01ce,0x1d0,0x19e019d,0x40003
.4byte 0x1b501b4,0x401b6,0x19f0154,0x1a0,0x22f01d1,0x3f01d3,0x10d010c,0x105010e
.4byte 0x104010f,0x1110110,0x1130112,0xa600a8,0x11400a7,0x1160115,0x11700a4,0xa700a6
.4byte 0xa900a8,0xab00aa,0xac,0x1a80000,0x1aa01a9,0x1ac01ab,0x1ad01aa,0x1af01ae
.4byte 0x7e01b0,0x810080,0x1210120,0x9b0122,0x9a0099,0x10000ff,0x1020101,0x1040103
.4byte 0x1060105,0x1080107,0x3f0109,0x23001e9,0x231,0x19e019d,0x40003,0x1b501b4
.4byte 0x401b6,0x19f0154,0x1a0,0x23201e0,0x3f0233,0x10d010c,0x105010e,0x104010f
.4byte 0x1110110,0x1130112,0xa600a8,0x11400a7,0x1280127,0x12a0129,0x8e008d,0x90008f
.4byte 0x920091,0x93,0x1a80000,0x1aa01a9,0x1ac01ab,0x1ad01aa,0x1af01ae,0x7e01b0
.4byte 0x810080,0x1210120,0x9b0122,0x9a0099,0x10000ff,0x1020101,0x1040103,0x1060105
.4byte 0x1080107,0x3f0109,0x2350234,0xd,0x19e019d,0x40003,0x1b501b4,0x401b6
.4byte 0x19f0154,0x1a0,0x2370236,0x3f01e8,0x10d010c,0x105010e,0x104010f,0x1110110
.4byte 0x1130112,0xa600a8,0x11400a7,0x1280127,0x12a0129,0x8e008d,0x90008f,0x920091
.4byte 0x93,0x1ba0000,0x1bc01bb,0x1be01bd,0x1c001bf,0x9a0098,0xfc009b,0xfe00fd
.4byte 0x99009b,0xff009a,0x1010100,0x1030102,0x1050104,0x1070106,0x1090108,0x238003f
.4byte 0x239,0x19e019d,0x40003,0x1b501b4,0x401b6,0x19f0154,0x1a0,0x23a0034
.4byte 0x3f0200,0x10d010c,0x105010e,0x104010f,0x1110110,0x1130112,0xa600a8,0x11400a7
.4byte 0x1160115,0x11700a4,0xa700a6,0xa900a8,0xab00aa,0xac,0x1ba0000,0x1bc01bb
.4byte 0x1be01bd,0x1c001bf,0x9a0098,0xfc009b,0xfe00fd,0x99009b,0xff009a,0x1010100
.4byte 0x1030102,0x1050104,0x1070106,0x1090108,0x1ca003f,0x23c023b,0x19d0000,0x3019e
.4byte 0x1b40004,0x1b601b5,0x1540004,0x1a0019f,0x1b70000,0x23e023d,0x10c003f,0x10e010d
.4byte 0x10f0105,0x1100104,0x1120111,0xa80113,0xa700a6,0x1150114,0xa40116,0xa60117
.4byte 0xa800a7,0xaa00a9,0xac00ab,0x0,0x1a901a8,0x1ab01aa,0x1aa01ac,0x1ae01ad
.4byte 0x1b001af,0x80007e,0x1200081,0x1220121,0x99009b,0xff009a,0x1010100,0x1030102
.4byte 0x1050104,0x1070106,0x1090108,0x23f003f,0x1e50240,0x19d0000,0x3019e,0x1b40004
.4byte 0x1b601b5,0x1540004,0x1a0019f,0x1e60000,0x1e80241,0x10c003f,0x10e010d,0x10f0105
.4byte 0x1100104,0x1120111,0xa80113,0xa700a6,0x1270114,0x1290128,0x8d012a,0x8f008e
.4byte 0x910090,0x930092,0x0,0x1a901a8,0x1ab01aa,0x1aa01ac,0x1ae01ad,0x1b001af
.4byte 0x80007e,0x1200081,0x1220121,0x99009b,0xff009a,0x1010100,0x1030102,0x1050104
.4byte 0x1070106,0x1090108,0x1e9003f,0x1f30242,0x19d0000,0x3019e,0x1b40004,0x1b601b5
.4byte 0x1540004,0x1a0019f,0x1f40000,0x2430228,0x10c003f,0x10e010d,0x10f0105,0x1100104
.4byte 0x1120111,0xa80113,0xa700a6,0x1270114,0x1290128,0x8d012a,0x8f008e,0x910090
.4byte 0x930092,0x0,0x1bb01ba,0x1bd01bc,0x1bf01be,0x9801c0,0x9b009a,0xfd00fc
.4byte 0x9b00fe,0x9a0099,0x10000ff,0x1020101,0x1040103,0x1060105,0x1080107,0x3f0109
.4byte 0x2450244,0x2d,0x19e019d,0x40003,0x1b501b4,0x401b6,0x19f0154,0x1a0
.4byte 0x2470246,0x10c003f,0x10e010d,0x10f0105,0x1100104,0x1120111,0xa80113,0xa700a6
.4byte 0x1150114,0xa40116,0xa60117,0xa800a7,0xaa00a9,0xac00ab,0x0,0x1bb01ba
.4byte 0x1bd01bc,0x1bf01be,0x9801c0,0x9b009a,0xfd00fc,0x9b00fe,0x9a0099,0x10000ff
.4byte 0x1020101,0x1040103,0x1060105,0x1080107,0x3f0109,0x1d90248,0x1da,0x19e019d
.4byte 0x40003,0x1b501b4,0x401b6,0x19f0154,0x1a0,0x1dc01db,0x3f0249,0x10d010c
.4byte 0x105010e,0x104010f,0x1110110,0x1130112,0xa600a8,0x11400a7,0x1160115,0x11700a4
.4byte 0xa700a6,0xa900a8,0xab00aa,0xac,0x1a80000,0x1aa01a9,0x1ac01ab,0x1ad01aa
.4byte 0x1af01ae,0x7e01b0,0x810080,0x1210120,0x9b0122,0x9a0099,0x10000ff,0x1020101
.4byte 0x1040103,0x1060105,0x1080107,0x3f0109,0x24a01e9,0x24b,0x19e019d,0x40003
.4byte 0x1b501b4,0x401b6,0x19f0154,0x1a0,0x24c0028,0x3f024d,0x10d010c,0x105010e
.4byte 0x104010f,0x1110110,0x1130112,0xa600a8,0x11400a7,0x1280127,0x12a0129,0x8e008d
.4byte 0x90008f,0x920091,0x93,0x1a80000,0x1aa01a9,0x1ac01ab,0x1ad01aa,0x1af01ae
.4byte 0x7e01b0,0x810080,0x1210120,0x9b0122,0x9a0099,0x10000ff,0x1020101,0x1040103
.4byte 0x1060105,0x1080107,0x3f0109,0x24e0229,0x24f,0x19e019d,0x40003,0x1b501b4
.4byte 0x401b6,0x19f0154,0x1a0,0x2510250,0x10c003f,0x10e010d,0x10f0105,0x1100104
.4byte 0x1120111,0xa80113,0xa700a6,0x1270114,0x1290128,0x8d012a,0x8f008e,0x910090
.4byte 0x930092,0x0,0x1bb01ba,0x1bd01bc,0x1bf01be,0x9801c0,0x9b009a,0xfd00fc
.4byte 0x9b00fe,0x9a0099,0x10000ff,0x1020101,0x1040103,0x1060105,0x1080107,0x3f0109
.4byte 0x2530252,0x1d0,0x19e019d,0x40003,0x1b501b4,0x401b6,0x19f0154,0x1a0
.4byte 0x2540207,0x3f01d3,0x10d010c,0x105010e,0x104010f,0x1110110,0x1130112,0xa600a8
.4byte 0x11400a7,0x1160115,0x11700a4,0xa700a6,0xa900a8,0xab00aa,0xac,0x1ba0000
.4byte 0x1bc01bb,0x1be01bd,0x1c001bf,0x9a0098,0xfc009b,0xfe00fd,0x99009b,0xff009a
.4byte 0x1010100,0x1030102,0x1050104,0x1070106,0x1090108,0x1e9003f,0x2560255,0x19d0000
.4byte 0x3019e,0x1b40004,0x1b601b5,0x1540004,0x1a0019f,0xe0000,0x2580257,0x10c003f
.4byte 0x10e010d,0x10f0105,0x1100104,0x1120111,0xa80113,0xa700a6,0x1150114,0xa40116
.4byte 0xa60117,0xa800a7,0xaa00a9,0xac00ab,0x0,0x1a901a8,0x1ab01aa,0x1aa01ac
.4byte 0x1ae01ad,0x1b001af,0x80007e,0x1200081,0x1220121,0x99009b,0xff009a,0x1010100
.4byte 0x1030102,0x1050104,0x1070106,0x1090108,0x259003f,0x24f025a,0x19d0000,0x3019e
.4byte 0x1b40004,0x1b601b5,0x1540004,0x1a0019f,0x25b0000,0x3f025c,0x10d010c,0x105010e
.4byte 0x104010f,0x1110110,0x1130112,0xa600a8,0x11400a7,0x1280127,0x12a0129,0x8e008d
.4byte 0x90008f,0x920091,0x93,0x1a0000,0x1c001b,0x1970004,0x1990198,0x25d009a
.4byte 0x3025e,0x25f0004,0x2610260,0x2630262,0x2650264,0x2660000,0x2680267,0x2630262
.4byte 0x2650264,0x2660000,0x2680267,0x2630262,0x2650264,0x2660000,0x2680267,0x2630262
.4byte 0x2650264,0x2660000,0x2680267,0x2630262,0x2650264,0x2660000,0x2680267,0x2630262
.4byte 0x2650264,0x2660000,0x2680267,0x2630262,0x2650264,0x2690000,0x1a3026a,0x11b0004
.4byte 0x26c026b,0xa7026d,0x26f026e,0x401a7,0x180017,0x19,0x1a0000,0x1c001b
.4byte 0x1970004,0x1990198,0x25d009a,0x3025e,0x250004,0x2710270,0x2630262,0x2650264
.4byte 0x2660000,0x2680267,0x2630262,0x2650264,0x2660000,0x2680267,0x2630262,0x2650264
.4byte 0x2660000,0x2680267,0x2630262,0x2650264,0x2660000,0x2680267,0x2630262,0x2650264
.4byte 0x2660000,0x2680267,0x2630262,0x2650264,0x2660000,0x2680267,0x2630262,0x2650264
.4byte 0x340000,0x2730272,0x11b0004,0x26c026b,0xa7026d,0x26f026e,0x401a7,0x180017
.4byte 0x19,0x1a0000,0x1c001b,0xf80004,0xfa00f9,0x9800fb,0x9b009a,0xfd00fc
.4byte 0x9b00fe,0x9a0099,0x274009b,0x2760275,0x46003f,0x480047,0x3f0049,0x27700e6
.4byte 0x2620278,0x2640263,0x265,0x2670266,0x2620268,0x2640263,0x265,0x2670266
.4byte 0x2620268,0x2640263,0x265,0x2670266,0x2620268,0x2640263,0x265,0x2670266
.4byte 0x2620268,0x2640263,0x265,0x2670266,0x2620268,0x2640263,0x265,0x2670266
.4byte 0x2620268,0x2640263,0x265,0x2510250,0x6c003f,0x6e006d,0x279003f,0x27b027a
.4byte 0xa6027c,0x11400a7,0x1160115,0x11700a4,0xa700a6,0x11800a8,0x11a0119,0x4011b
.4byte 0x180017,0x19,0x1a0000,0x1c001b,0x11c0004,0x11e011d,0x7e011f,0x810080
.4byte 0x1210120,0x9b0122,0x9a0099,0x274009b,0x2760275,0x46003f,0x480047,0x3f0049
.4byte 0x27d01e9,0x268027e,0x2630262,0x2650264,0x2660000,0x2680267,0x2630262,0x2650264
.4byte 0x2660000,0x2680267,0x2630262,0x2650264,0x2660000,0x2680267,0x2630262,0x2650264
.4byte 0x2660000,0x2680267,0x2630262,0x2650264,0x2660000,0x2680267,0x2630262,0x2650264
.4byte 0x2660000,0x2680267,0x2630262,0x2650264,0x2660000,0x64027f,0x6c003f,0x6e006d
.4byte 0x279003f,0x27b027a,0xa6027c,0x11400a7,0x1280127,0x12a0129,0x8e008d,0x12b008f
.4byte 0x12d012c,0x4012e,0x180017,0x19,0x1a0000,0x1c001b,0x11c0004,0x11e011d
.4byte 0x7e011f,0x810080,0x1210120,0x9b0122,0x9a0099,0x274009b,0x2760275,0x46003f
.4byte 0x480047,0x3f0049,0x28001e9,0x2680267,0x2630262,0x2650264,0x2660000,0x2680267
.4byte 0x2630262,0x2650264,0x2660000,0x2680267,0x2630262,0x2650264,0x2660000,0x2680267
.4byte 0x2630262,0x2650264,0x2660000,0x2680267,0x2630262,0x2650264,0x2660000,0x2680267
.4byte 0x2630262,0x2650264,0x2660000,0x2680267,0x2630262,0x2650264,0x2660000,0x750281
.4byte 0x6c003f,0x6e006d,0x279003f,0x27b027a,0xa6027c,0x11400a7,0x1280127,0x12a0129
.4byte 0x8e008d,0x12b008f,0x12d012c,0x4012e,0x180017,0x19,0x1a0000,0x1c001b
.4byte 0xf80004,0xfa00f9,0x9800fb,0x9b009a,0xfd00fc,0x9b00fe,0x9a0099,0x274009b
.4byte 0x2760275,0x46003f,0x480047,0x3f0049,0x2820244,0x2680267,0x2630262,0x2650264
.4byte 0x2660000,0x2680267,0x2630262,0x2650264,0x2660000,0x2680267,0x2630262,0x2650264
.4byte 0x2660000,0x2680267,0x2630262,0x2650264,0x2660000,0x2680267,0x2630262,0x2650264
.4byte 0x2660000,0x2680267,0x2630262,0x2650264,0x2660000,0x2680267,0x2630262,0x2650264
.4byte 0x2660000,0x2840283,0x6c003f,0x6e006d,0x279003f,0x27b027a,0xa6027c,0x11400a7
.4byte 0x1160115,0x11700a4,0xa700a6,0x11800a8,0x11a0119,0x4011b,0x180017,0x19
.4byte 0x1a0000,0x1c001b,0xf80004,0xfa00f9,0x9800fb,0x9b009a,0xfd00fc,0x9b00fe
.4byte 0x9a0099,0x274009b,0x2760275,0x46003f,0x480047,0x3f0049,0x2860285,0x2680267
.4byte 0x2630262,0x2650264,0x2660000,0x2680267,0x2630262,0x2650264,0x2660000,0x2680267
.4byte 0x2630262,0x2650264,0x2660000,0x2680267,0x2630262,0x2650264,0x2660000,0x2680267
.4byte 0x2630262,0x2650264,0x2660000,0x2680267,0x2630262,0x2650264,0x2660000,0x2680267
.4byte 0x2630262,0x2650264,0x2660000,0x2870267,0x3f0064,0x6d006c,0x3f006e,0x27a0279
.4byte 0x27c027b,0xa700a6,0x1150114,0xa40116,0xa60117,0xa800a7,0x1190118,0x11b011a
.4byte 0x170004,0x190018,0x0,0x1b001a,0x4001c,0x11d011c,0x11f011e,0x80007e
.4byte 0x1200081,0x1220121,0x99009b,0x9b009a,0x2750274,0x3f0276,0x470046,0x490048
.4byte 0x1e9003f,0x2890288,0x2680267,0x2630262,0x2650264,0x2660000,0x2680267,0x2630262
.4byte 0x2650264,0x2660000,0x2680267,0x2630262,0x2650264,0x2660000,0x2680267,0x2630262
.4byte 0x2650264,0x2660000,0x2680267,0x2630262,0x2650264,0x2660000,0x2680267,0x2630262
.4byte 0x2650264,0x2660000,0x2680267,0x2630262,0x2650264,0x2660000,0x28a0267,0x3f0184
.4byte 0x6d006c,0x3f006e,0x27a0279,0x27c027b,0xa700a6,0x1270114,0x1290128,0x8d012a
.4byte 0x8f008e,0x12c012b,0x12e012d,0x170004,0x190018,0x0,0x1b001a,0x4001c
.4byte 0x11d011c,0x11f011e,0x80007e,0x1200081,0x1220121,0x99009b,0x9b009a,0x2750274
.4byte 0x3f0276,0x470046,0x490048,0x1b1003f,0x26601b2,0x2680267,0x2630262,0x2650264
.4byte 0x2660000,0x2680267,0x2630262,0x2650264,0x2660000,0x2680267,0x2630262,0x2650264
.4byte 0x2660000,0x2680267,0x2630262,0x2650264,0x2660000,0x2680267,0x2630262,0x2650264
.4byte 0x2660000,0x2680267,0x2630262,0x2650264,0x2660000,0x2680267,0x2630262,0x2650264
.4byte 0x2660000,0x28b0267,0x3f028c,0x6d006c,0x3f006e,0x27a0279,0x27c027b,0xa700a6
.4byte 0x1270114,0x1290128,0x8d012a,0x8f008e,0x12c012b,0x12e012d,0x170004,0x190018
.4byte 0x0,0x1b001a,0x4001c,0xf900f8,0xfb00fa,0x9a0098,0xfc009b,0xfe00fd
.4byte 0x99009b,0x9b009a,0x2750274,0x3f0276,0x470046,0x490048,0x28d003f,0x266028e
.4byte 0x2680267,0x2630262,0x2650264,0x2660000,0x2680267,0x2630262,0x2650264,0x2660000
.4byte 0x2680267,0x2630262,0x2650264,0x2660000,0x2680267,0x2630262,0x2650264,0x2660000
.4byte 0x2680267,0x2630262,0x2650264,0x2660000,0x2680267,0x2630262,0x2650264,0x2660000
.4byte 0x2680267,0x2630262,0x2650264,0x2660000,0x28f0267,0x3f0290,0x6d006c,0x3f006e
.4byte 0x27a0279,0x27c027b,0xa700a6,0x1150114,0xa40116,0xa60117,0xa800a7,0x1190118
.4byte 0x11b011a,0x170004,0x190018,0x0,0x1b001a,0x4001c,0xf900f8,0xfb00fa
.4byte 0x9a0098,0xfc009b,0xfe00fd,0x99009b,0x9b009a,0x2750274,0x3f0276,0x470046
.4byte 0x490048,0x1fc003f,0x2660291,0x2680267,0x2630262,0x2650264,0x2660000,0x2680267
.4byte 0x2630262,0x2650264,0x2660000,0x2680267,0x2630262,0x2650264,0x2660000,0x2680267
.4byte 0x2630262,0x2650264,0x2660000,0x2680267,0x2630262,0x2650264,0x2660000,0x2680267
.4byte 0x2630262,0x2650264,0x2660000,0x2680267,0x2630262,0x2650264,0x2660000,0x2920267
.4byte 0x560293,0x6c003f,0x6e006d,0x279003f,0x27b027a,0xa6027c,0x11400a7,0x1160115
.4byte 0x11700a4,0xa700a6,0x11800a8,0x11a0119,0x4011b,0x180017,0x19,0x1a0000
.4byte 0x1c001b,0x11c0004,0x11e011d,0x7e011f,0x810080,0x1210120,0x9b0122,0x9a0099
.4byte 0x274009b,0x2760275,0x46003f,0x480047,0x3f0049,0x1de01dd,0x26601df,0x2680267
.4byte 0x2630262,0x2650264,0x2660000,0x2680267,0x2630262,0x2650264,0x2660000,0x2680267
.4byte 0x2630262,0x2650264,0x2660000,0x2680267,0x2630262,0x2650264,0x2660000,0x2680267
.4byte 0x2630262,0x2650264,0x2660000,0x2680267,0x2630262,0x2650264,0x2660000,0x2680267
.4byte 0x2630262,0x2650264,0x2660000,0x2940267,0x2960295,0x6c003f,0x6e006d,0x279003f
.4byte 0x27b027a,0xa6027c,0x11400a7,0x1280127,0x12a0129,0x8e008d,0x12b008f,0x12d012c
.4byte 0x4012e,0x180017,0x19,0x1a0000,0x1c001b,0x11c0004,0x11e011d,0x7e011f
.4byte 0x810080,0x1210120,0x9b0122,0x9a0099,0x274009b,0x2760275,0x46003f,0x480047
.4byte 0x3f0049,0x2980297,0x2660039,0x2680267,0x2630262,0x2650264,0x2660000,0x2680267
.4byte 0x2630262,0x2650264,0x2660000,0x2680267,0x2630262,0x2650264,0x2660000,0x2680267
.4byte 0x2630262,0x2650264,0x2660000,0x2680267,0x2630262,0x2650264,0x2660000,0x2680267
.4byte 0x2630262,0x2650264,0x2660000,0x2680267,0x2630262,0x2650264,0x2660000,0x2680267
.4byte 0x29a0299,0x6c003f,0x6e006d,0x279003f,0x27b027a,0xa6027c,0x11400a7,0x1280127
.4byte 0x12a0129,0x8e008d,0x12b008f,0x12d012c,0x4012e,0x180017,0x19,0x1a0000
.4byte 0x1c001b,0xf80004,0xfa00f9,0x9800fb,0x9b009a,0xfd00fc,0x9b00fe,0x9a0099
.4byte 0x274009b,0x2760275,0x46003f,0x480047,0x3f0049,0x22e01ce,0x26601d0,0x2680267
.4byte 0x2630262,0x2650264,0x2660000,0x2680267,0x2630262,0x2650264,0x2660000,0x2680267
.4byte 0x2630262,0x2650264,0x2660000,0x2680267,0x2630262,0x2650264,0x2660000,0x2680267
.4byte 0x2630262,0x2650264,0x2660000,0x2680267,0x2630262,0x2650264,0x2660000,0x2680267
.4byte 0x2630262,0x2650264,0x2660000,0x2680267,0x29c029b,0x3f0064,0x6d006c,0x3f006e
.4byte 0x27a0279,0x27c027b,0xa700a6,0x1150114,0xa40116,0xa60117,0xa800a7,0x1190118
.4byte 0x11b011a,0x170004,0x190018,0x0,0x1b001a,0x4001c,0xf900f8,0xfb00fa
.4byte 0x9a0098,0xfc009b,0xfe00fd,0x99009b,0x9b009a,0x2750274,0x3f0276,0x470046
.4byte 0x490048,0x1e9003f,0x29d024a,0x2660000,0x2680267,0x2630262,0x2650264,0x2660000
.4byte 0x2680267,0x2630262,0x2650264,0x2660000,0x2680267,0x2630262,0x2650264,0x2660000
.4byte 0x2680267,0x2630262,0x2650264,0x2660000,0x2680267,0x2630262,0x2650264,0x2660000
.4byte 0x2680267,0x2630262,0x2650264,0x2660000,0x2680267,0x2630262,0x2650264,0x2660000
.4byte 0x2680267,0x29e0263,0x3f0075,0x6d006c,0x3f006e,0x27a0279,0x27c027b,0xa700a6
.4byte 0x1150114,0xa40116,0xa60117,0xa800a7,0x1190118,0x11b011a,0x170004,0x190018
.4byte 0x0,0x1b001a,0x4001c,0x11d011c,0x11f011e,0x80007e,0x1200081,0x1220121
.4byte 0x99009b,0x9b009a,0x2750274,0x3f0276,0x470046,0x490048,0x244003f,0x2a0029f
.4byte 0x2660000,0x2680267,0x2630262,0x2650264,0x2660000,0x2680267,0x2630262,0x2650264
.4byte 0x2660000,0x2680267,0x2630262,0x2650264,0x2660000,0x2680267,0x2630262,0x2650264
.4byte 0x2660000,0x2680267,0x2630262,0x2650264,0x2660000,0x2680267,0x2630262,0x2650264
.4byte 0x2660000,0x2680267,0x2630262,0x2650264,0x2660000,0x2680267,0x2a202a1,0x3f02a3
.4byte 0x6d006c,0x3f006e,0x27a0279,0x27c027b,0xa700a6,0x1270114,0x1290128,0x8d012a
.4byte 0x8f008e,0x12c012b,0x12e012d,0x170004,0x190018,0x0,0x1b001a,0x4001c
.4byte 0x11d011c,0x11f011e,0x80007e,0x1200081,0x1220121,0x99009b,0x9b009a,0x2750274
.4byte 0x3f0276,0x470046,0x490048,0x23f003f,0x1e502a4,0x2660000,0x2680267,0x2630262
.4byte 0x2650264,0x2660000,0x2680267,0x2630262,0x2650264,0x2660000,0x2680267,0x2630262
.4byte 0x2650264,0x2660000,0x2680267,0x2630262,0x2650264,0x2660000,0x2680267,0x2630262
.4byte 0x2650264,0x2660000,0x2680267,0x2630262,0x2650264,0x2660000,0x2680267,0x2630262
.4byte 0x2650264,0x2660000,0x2680267,0x2a50262,0x3f02a6,0x6d006c,0x3f006e,0x27a0279
.4byte 0x27c027b,0xa700a6,0x1270114,0x1290128,0x8d012a,0x8f008e,0x12c012b,0x12e012d
.4byte 0x170004,0x190018,0x0,0x1b001a,0x4001c,0xf900f8,0xfb00fa,0x9a0098
.4byte 0xfc009b,0xfe00fd,0x99009b,0x9b009a,0x2750274,0x3f0276,0x470046,0x490048
.4byte 0x238003f,0x239,0x2670266,0x2620268,0x2640263,0x265,0x2670266,0x2620268
.4byte 0x2640263,0x265,0x2670266,0x2620268,0x2640263,0x265,0x2670266,0x2620268
.4byte 0x2640263,0x265,0x2670266,0x2620268,0x2640263,0x265,0x2670266,0x2620268
.4byte 0x2640263,0x265,0x2670266,0x2620268,0x2640263,0x265,0x2670266,0x2620268
.4byte 0x2930292,0x3f0056,0x6d006c,0x3f006e,0x27a0279,0x27c027b,0xa700a6,0x1150114
.4byte 0xa40116,0xa60117,0xa800a7,0x1190118,0x11b011a,0x170004,0x190018,0x0
.4byte 0x1b001a,0x4001c,0xf900f8,0xfb00fa,0x9a0098,0xfc009b,0xfe00fd,0x99009b
.4byte 0x9b009a,0x2750274,0x3f0276,0x470046,0x490048,0x1dd003f,0x1df02a7,0x2660000
.4byte 0x2680267,0x2630262,0x2650264,0x2660000,0x2680267,0x2630262,0x2650264,0x2660000
.4byte 0x2680267,0x2630262,0x2650264,0x2660000,0x2680267,0x2630262,0x2650264,0x2660000
.4byte 0x2680267,0x2630262,0x2650264,0x2660000,0x2680267,0x2630262,0x2650264,0x2660000
.4byte 0x2680267,0x2630262,0x2650264,0x2660000,0x2680267,0x2a10262,0x2960295,0x6c003f
.4byte 0x6e006d,0x279003f,0x27b027a,0xa6027c,0x11400a7,0x1160115,0x11700a4,0xa700a6
.4byte 0x11800a8,0x11a0119,0x4011b,0x180017,0x19,0x1a0000,0x1c001b,0x11c0004
.4byte 0x11e011d,0x7e011f,0x810080,0x1210120,0x9b0122,0x9a0099,0x274009b,0x2760275
.4byte 0x46003f,0x480047,0x3f0049,0x2a801f7,0x39,0x2670266,0x2620268,0x2640263
.4byte 0x265,0x2670266,0x2620268,0x2640263,0x265,0x2670266,0x2620268,0x2640263
.4byte 0x265,0x2670266,0x2620268,0x2640263,0x265,0x2670266,0x2620268,0x2640263
.4byte 0x265,0x2670266,0x2620268,0x2640263,0x265,0x2670266,0x2620268,0x2640263
.4byte 0x265,0x2670266,0x2620268,0x2aa02a9,0x6c003f,0x6e006d,0x279003f,0x27b027a
.4byte 0xa6027c,0x11400a7,0x1280127,0x12a0129,0x8e008d,0x12b008f,0x12d012c,0x4012e
.4byte 0x180017,0x19,0x1a0000,0x1c001b,0x11c0004,0x11e011d,0x7e011f,0x810080
.4byte 0x1210120,0x9b0122,0x9a0099,0x274009b,0x2760275,0x46003f,0x480047,0x3f0049
.4byte 0x2ac02ab,0x1d0,0x2670266,0x2620268,0x2640263,0x265,0x2670266,0x2620268
.4byte 0x2640263,0x265,0x2670266,0x2620268,0x2640263,0x265,0x2670266,0x2620268
.4byte 0x2640263,0x265,0x2670266,0x2620268,0x2640263,0x265,0x2670266,0x2620268
.4byte 0x2640263,0x265,0x2670266,0x2620268,0x2640263,0x265,0x2670266,0x2620268
.4byte 0x2ae02ad,0x3f0064,0x6d006c,0x3f006e,0x27a0279,0x27c027b,0xa700a6,0x1270114
.4byte 0x1290128,0x8d012a,0x8f008e,0x12c012b,0x12e012d,0x170004,0x190018,0x0
.4byte 0x1b001a,0x4001c,0xf900f8,0xfb00fa,0x9a0098,0xfc009b,0xfe00fd,0x99009b
.4byte 0x9b009a,0x2750274,0x3f0276,0x470046,0x490048,0x1e9003f,0x2af0242,0x2660000
.4byte 0x2680267,0x2630262,0x2650264,0x2660000,0x2680267,0x2630262,0x2650264,0x2660000
.4byte 0x2680267,0x2630262,0x2650264,0x2660000,0x2680267,0x2630262,0x2650264,0x2660000
.4byte 0x2680267,0x2630262,0x2650264,0x2660000,0x2680267,0x2630262,0x2650264,0x2660000
.4byte 0x2680267,0x2630262,0x2650264,0x2660000,0x2680267,0x2b00262,0x18402b1,0x6c003f
.4byte 0x6e006d,0x279003f,0x27b027a,0xa6027c,0x11400a7,0x1160115,0x11700a4,0xa700a6
.4byte 0x11800a8,0x11a0119,0x4011b,0x180017,0x19,0x1a0000,0x1c001b,0xf80004
.4byte 0xfa00f9,0x9800fb,0x9b009a,0xfd00fc,0x9b00fe,0x9a0099,0x274009b,0x2760275
.4byte 0x46003f,0x480047,0x3f0049,0x2b201ca,0x1d5,0x2670266,0x2620268,0x2640263
.4byte 0x265,0x2670266,0x2620268,0x2640263,0x265,0x2670266,0x2620268,0x2640263
.4byte 0x265,0x2670266,0x2620268,0x2640263,0x265,0x2670266,0x2620268,0x2640263
.4byte 0x265,0x2670266,0x2620268,0x2640263,0x265,0x2670266,0x2620268,0x2640263
.4byte 0x265,0x2670266,0x2620268,0x2b302a1,0x3f02b4,0x6d006c,0x3f006e,0x27a0279
.4byte 0x27c027b,0xa700a6,0x1150114,0xa40116,0xa60117,0xa800a7,0x1190118,0x11b011a
.4byte 0x170004,0x190018,0x0,0x1b001a,0x4001c,0x11d011c,0x11f011e,0x80007e
.4byte 0x1200081,0x1220121,0x99009b,0x9b009a,0x2750274,0x3f0276,0x470046,0x490048
.4byte 0x2b5003f,0xd02b6,0x2660000,0x2680267,0x2630262,0x2650264,0x2660000,0x2680267
.4byte 0x2630262,0x2650264,0x2660000,0x2680267,0x2630262,0x2650264,0x2660000,0x2680267
.4byte 0x2630262,0x2650264,0x2660000,0x2680267,0x2630262,0x2650264,0x2660000,0x2680267
.4byte 0x2630262,0x2650264,0x2660000,0x2680267,0x2630262,0x2650264,0x2660000,0x2680267
.4byte 0x2b70262,0x3f02b8,0x6d006c,0x3f006e,0x27a0279,0x27c027b,0xa700a6,0x1270114
.4byte 0x1290128,0x8d012a,0x8f008e,0x12c012b,0x12e012d,0x170004,0x190018,0x0
.4byte 0x1b001a,0x4001c,0x11d011c,0x11f011e,0x80007e,0x1200081,0x1220121,0x99009b
.4byte 0x9b009a,0x2750274,0x3f0276,0x470046,0x490048,0x2b9003f,0x1d0022e,0x2660000
.4byte 0x2680267,0x2630262,0x2650264,0x2660000,0x2680267,0x2630262,0x2650264,0x2660000
.4byte 0x2680267,0x2630262,0x2650264,0x2660000,0x2680267,0x2630262,0x2650264,0x2660000
.4byte 0x2680267,0x2630262,0x2650264,0x2660000,0x2680267,0x2630262,0x2650264,0x2660000
.4byte 0x2680267,0x2630262,0x2650264,0x2660000,0x2680267,0x29b0262,0x64029c,0x6c003f
.4byte 0x6e006d,0x279003f,0x27b027a,0xa6027c,0x11400a7,0x1280127,0x12a0129,0x8e008d
.4byte 0x12b008f,0x12d012c,0x4012e,0x180017,0x19,0x1a0000,0x1c001b,0xf80004
.4byte 0xfa00f9,0x9800fb,0x9b009a,0xfd00fc,0x9b00fe,0x9a0099,0x274009b,0x2760275
.4byte 0x46003f,0x480047,0x3f0049,0x2ba01e9,0x2bb,0x2670266,0x2620268,0x2640263
.4byte 0x265,0x2670266,0x2620268,0x2640263,0x265,0x2670266,0x2620268,0x2640263
.4byte 0x265,0x2670266,0x2620268,0x2640263,0x265,0x2670266,0x2620268,0x2640263
.4byte 0x265,0x2670266,0x2620268,0x2640263,0x265,0x2670266,0x2620268,0x2640263
.4byte 0x265,0x2670266,0x2620268,0x2bc0263,0x3f0075,0x6d006c,0x3f006e,0x27a0279
.4byte 0x27c027b,0xa700a6,0x1150114,0xa40116,0xa60117,0xa800a7,0x1190118,0x11b011a
.4byte 0x170004,0x190018,0x0,0x1b001a,0x4001c,0xf900f8,0xfb00fa,0x9a0098
.4byte 0xfc009b,0xfe00fd,0x99009b,0x9b009a,0x2750274,0x3f0276,0x470046,0x490048
.4byte 0x1ca003f,0x1b301cb,0x2660000,0x2680267,0x2630262,0x2650264,0x2660000,0x2680267
.4byte 0x2630262,0x2650264,0x2660000,0x2680267,0x2630262,0x2650264,0x2660000,0x2680267
.4byte 0x2630262,0x2650264,0x2660000,0x2680267,0x2630262,0x2650264,0x2660000,0x2680267
.4byte 0x2630262,0x2650264,0x2660000,0x2680267,0x2630262,0x2650264,0x2660000,0x2680267
.4byte 0x2a10262,0x2bd028b,0x6c003f,0x6e006d,0x279003f,0x27b027a,0xa6027c,0x11400a7
.4byte 0x1160115,0x11700a4,0xa700a6,0x11800a8,0x11a0119,0x4011b,0x180017,0x19
.4byte 0x1a0000,0x1c001b,0x11c0004,0x11e011d,0x7e011f,0x810080,0x1210120,0x9b0122
.4byte 0x9a0099,0x274009b,0x2760275,0x46003f,0x480047,0x3f0049,0x2350234,0xd
.4byte 0x2670266,0x2620268,0x2640263,0x265,0x2670266,0x2620268,0x2640263,0x265
.4byte 0x2670266,0x2620268,0x2640263,0x265,0x2670266,0x2620268,0x2640263,0x265
.4byte 0x2670266,0x2620268,0x2640263,0x265,0x2670266,0x2620268,0x2640263,0x265
.4byte 0x2670266,0x2620268,0x2640263,0x265,0x2670266,0x2620268,0x2bf02be,0x6c003f
.4byte 0x6e006d,0x279003f,0x27b027a,0xa6027c,0x11400a7,0x1280127,0x12a0129,0x8e008d
.4byte 0x12b008f,0x12d012c,0x4012e,0x180017,0x19,0x1a0000,0x1c001b,0x11c0004
.4byte 0x11e011d,0x7e011f,0x810080,0x1210120,0x9b0122,0x9a0099,0x274009b,0x2760275
.4byte 0x46003f,0x480047,0x3f0049,0x2c002b9,0x1d0,0x2670266,0x2620268,0x2640263
.4byte 0x265,0x2670266,0x2620268,0x2640263,0x265,0x2670266,0x2620268,0x2640263
.4byte 0x265,0x2670266,0x2620268,0x2640263,0x265,0x2670266,0x2620268,0x2640263
.4byte 0x265,0x2670266,0x2620268,0x2640263,0x265,0x2670266,0x2620268,0x2640263
.4byte 0x265,0x2670266,0x2620268,0x2c202c1,0x3f0064,0x6d006c,0x3f006e,0x27a0279
.4byte 0x27c027b,0xa700a6,0x1270114,0x1290128,0x8d012a,0x8f008e,0x12c012b,0x12e012d
.4byte 0x170004,0x190018,0x0,0x1b001a,0x4001c,0xf900f8,0xfb00fa,0x9a0098
.4byte 0xfc009b,0xfe00fd,0x99009b,0x9b009a,0x2750274,0x3f0276,0x470046,0x490048
.4byte 0x2ba01e9,0x2bb,0x2670266,0x2620268,0x2640263,0x265,0x2670266,0x2620268
.4byte 0x2640263,0x265,0x2670266,0x2620268,0x2640263,0x265,0x2670266,0x2620268
.4byte 0x2640263,0x265,0x2670266,0x2620268,0x2640263,0x265,0x2670266,0x2620268
.4byte 0x2640263,0x265,0x2670266,0x2620268,0x2640263,0x265,0x2670266,0x2620268
.4byte 0x2bc0263,0x3f0075,0x6d006c,0x3f006e,0x27a0279,0x27c027b,0xa700a6,0x1150114
.4byte 0xa40116,0xa60117,0xa800a7,0x1190118,0x11b011a,0x170004,0x190018,0x0
.4byte 0x1b001a,0x4001c,0xf900f8,0xfb00fa,0x9a0098,0xfc009b,0xfe00fd,0x99009b
.4byte 0x9b009a,0x2750274,0x3f0276,0x470046,0x490048,0x23b01ca,0x23c,0x2670266
.4byte 0x2620268,0x2640263,0x265,0x2670266,0x2620268,0x2640263,0x265,0x2670266
.4byte 0x2620268,0x2640263,0x265,0x2670266,0x2620268,0x2640263,0x265,0x2670266
.4byte 0x2620268,0x2640263,0x265,0x2670266,0x2620268,0x2640263,0x265,0x2670266
.4byte 0x2620268,0x2640263,0x265,0x2670266,0x2620268,0x2c302a1,0x3f02b4,0x6d006c
.4byte 0x3f006e,0x27a0279,0x27c027b,0xa700a6,0x1150114,0xa40116,0xa60117,0xa800a7
.4byte 0x1190118,0x11b011a,0x170004,0x190018,0x0,0x1b001a,0x4001c,0x11d011c
.4byte 0x11f011e,0x80007e,0x1200081,0x1220121,0x99009b,0x9b009a,0x2750274,0x3f0276
.4byte 0x470046,0x490048,0x2c402b5,0x2c5,0x2670266,0x2620268,0x2640263,0x265
.4byte 0x2670266,0x2620268,0x2640263,0x265,0x2670266,0x2620268,0x2640263,0x265
.4byte 0x2670266,0x2620268,0x2640263,0x265,0x2670266,0x2620268,0x2640263,0x265
.4byte 0x2670266,0x2620268,0x2640263,0x265,0x2670266,0x2620268,0x2640263,0x265
.4byte 0x2670266,0x2620268,0x2b802b7,0x6c003f,0x6e006d,0x279003f,0x27b027a,0xa6027c
.4byte 0x11400a7,0x1280127,0x12a0129,0x8e008d,0x12b008f,0x12d012c,0x4012e,0x180017
.4byte 0x19,0x1a0000,0x1c001b,0x11c0004,0x11e011d,0x7e011f,0x810080,0x1210120
.4byte 0x9b0122,0x9a0099,0x274009b,0x2760275,0x46003f,0x480047,0x2520049,0x1d00253
.4byte 0x2660000,0x2680267,0x2630262,0x2650264,0x2660000,0x2680267,0x2630262,0x2650264
.4byte 0x2660000,0x2680267,0x2630262,0x2650264,0x2660000,0x2680267,0x2630262,0x2650264
.4byte 0x2660000,0x2680267,0x2630262,0x2650264,0x2660000,0x2680267,0x2630262,0x2650264
.4byte 0x2660000,0x2680267,0x2630262,0x2650264,0x2660000,0x2680267,0x2ad0262,0x6402c6
.4byte 0x6d006c,0x3f006e,0x27a0279,0x27c027b,0xa700a6,0x1270114,0x1290128,0x8d012a
.4byte 0x8f008e,0x12c012b,0x12e012d,0x170004,0x190018,0x0,0x1b001a,0x4001c
.4byte 0xf900f8,0xfb00fa,0x9a0098,0xfc009b,0xfe00fd,0x99009b,0x9b009a,0x2750274
.4byte 0x3f0276,0x470046,0x2c70048,0x2c80288,0x2660000,0x2680267,0x2630262,0x2650264
.4byte 0x2660000,0x2680267,0x2630262,0x2650264,0x2660000,0x2680267,0x2630262,0x2650264
.4byte 0x2660000,0x2680267,0x2630262,0x2650264,0x2660000,0x2680267,0x2630262,0x2650264
.4byte 0x2660000,0x2680267,0x2630262,0x2650264,0x2660000,0x2680267,0x2630262,0x2650264
.4byte 0x2660000,0x2680267,0x2b00262,0x184028a,0x6d006c,0x3f006e,0x27a0279,0x27c027b
.4byte 0xa700a6,0x1150114,0xa40116,0xa60117,0xa800a7,0x1190118,0x11b011a,0x170004
.4byte 0x190018,0x0,0x1b001a,0x4001c,0xf900f8,0xfb00fa,0x9a0098,0xfc009b
.4byte 0xfe00fd,0x99009b,0x9b009a,0x2750274,0x3f0276,0x470046,0x2c90048,0x220021f
.4byte 0x2660000,0x2680267,0x2630262,0x2650264,0x2660000,0x2680267,0x2630262,0x2650264
.4byte 0x2660000,0x2680267,0x2630262,0x2650264,0x2660000,0x2680267,0x2630262,0x2650264
.4byte 0x2660000,0x2680267,0x2630262,0x2650264,0x2660000,0x2680267,0x2630262,0x2650264
.4byte 0x2660000,0x2680267,0x2630262,0x2650264,0x2660000,0x2680267,0x2a10262,0x29602ca
.4byte 0x6d006c,0x3f006e,0x27a0279,0x27c027b,0xa700a6,0x1150114,0xa40116,0xa60117
.4byte 0xa800a7,0x1190118,0x11b011a,0x170004,0x190018,0x0,0x1b001a,0x4001c
.4byte 0x11d011c,0x11f011e,0x80007e,0x1200081,0x1220121,0x99009b,0x9b009a,0x2750274
.4byte 0x3f0276,0x470046,0x2cb0048,0x1f902cc,0x2660000,0x2680267,0x2630262,0x2650264
.4byte 0x2660000,0x2680267,0x2630262,0x2650264,0x2660000,0x2680267,0x2630262,0x2650264
.4byte 0x2660000,0x2680267,0x2630262,0x2650264,0x2660000,0x2680267,0x2630262,0x2650264
.4byte 0x2660000,0x2680267,0x2630262,0x2650264,0x2660000,0x2680267,0x2630262,0x2650264
.4byte 0x2660000,0x2680267,0x2cd0262,0x6c02aa,0x6e006d,0x279003f,0x27b027a,0xa6027c
.4byte 0x11400a7,0x1280127,0x12a0129,0x8e008d,0x12b008f,0x12d012c,0x4012e,0x180017
.4byte 0x19,0x1a0000,0x1c001b,0x11c0004,0x11e011d,0x7e011f,0x810080,0x1210120
.4byte 0x9b0122,0x9a0099,0x274009b,0x2760275,0x46003f,0x480047,0x2cf02ce,0x1da
.4byte 0x2670266,0x2620268,0x2640263,0x265,0x2670266,0x2620268,0x2640263,0x265
.4byte 0x2670266,0x2620268,0x2640263,0x265,0x2670266,0x2620268,0x2640263,0x265
.4byte 0x2670266,0x2620268,0x2640263,0x265,0x2670266,0x2620268,0x2640263,0x265
.4byte 0x2670266,0x2620268,0x2640263,0x265,0x2670266,0x2620268,0x28702d0,0x6d006c
.4byte 0x3f006e,0x27a0279,0x27c027b,0xa700a6,0x1270114,0x1290128,0x8d012a,0x8f008e
.4byte 0x12c012b,0x12e012d,0x170004,0x190018,0x0,0x1b001a,0x4001c,0xf900f8
.4byte 0xfb00fa,0x9a0098,0xfc009b,0xfe00fd,0x99009b,0x9b009a,0x2750274,0x3f0276
.4byte 0x470046,0x2d10048,0x291,0x2670266,0x2620268,0x2640263,0x265,0x2670266
.4byte 0x2620268,0x2640263,0x265,0x2670266,0x2620268,0x2640263,0x265,0x2670266
.4byte 0x2620268,0x2640263,0x265,0x2670266,0x2620268,0x2640263,0x265,0x2670266
.4byte 0x2620268,0x2640263,0x265,0x2670266,0x2620268,0x2640263,0x265,0x2670266
.4byte 0x2620268,0x2930292,0x6d006c,0x3f006e,0x27a0279,0x27c027b,0xa700a6,0x1150114
.4byte 0xa40116,0xa60117,0xa800a7,0x1190118,0x11b011a,0x170004,0x190018,0x0
.4byte 0x1b001a,0x4001c,0xf900f8,0xfb00fa,0x9a0098,0xfc009b,0xfe00fd,0x99009b
.4byte 0x9b009a,0x2750274,0x3f0276,0x470046,0x2d20048,0x2d3,0x2670266,0x2620268
.4byte 0x2640263,0x265,0x2670266,0x2620268,0x2640263,0x265,0x2670266,0x2620268
.4byte 0x2640263,0x265,0x2670266,0x2620268,0x2640263,0x265,0x2670266,0x2620268
.4byte 0x2640263,0x265,0x2670266,0x2620268,0x2640263,0x265,0x2670266,0x2620268
.4byte 0x2640263,0x265,0x2670266,0x2620268,0x2d502d4,0x6d006c,0x3f006e,0x27a0279
.4byte 0x27c027b,0xa700a6,0x1150114,0xa40116,0xa60117,0xa800a7,0x1190118,0x11b011a
.4byte 0x170004,0x190018,0x0,0x1b001a,0x4001c,0x11d011c,0x11f011e,0x80007e
.4byte 0x1200081,0x1220121,0x99009b,0x9b009a,0x2750274,0x3f0276,0x470046,0x2d60048
.4byte 0x2a0,0x2670266,0x2620268,0x2640263,0x265,0x2670266,0x2620268,0x2640263
.4byte 0x265,0x2670266,0x2620268,0x2640263,0x265,0x2670266,0x2620268,0x2640263
.4byte 0x265,0x2670266,0x2620268,0x2640263,0x265,0x2670266,0x2620268,0x2640263
.4byte 0x265,0x2670266,0x2620268,0x2640263,0x265,0x2670266,0x2620268,0x2a202a1
.4byte 0x6d02d7,0x3f006e,0x27a0279,0x27c027b,0xa700a6,0x1270114,0x1290128,0x8d012a
.4byte 0x8f008e,0x12c012b,0x12e012d,0x170004,0x190018,0x0,0x1b001a,0x4001c
.4byte 0x11d011c,0x11f011e,0x80007e,0x1200081,0x1220121,0x99009b,0x9b009a,0x2750274
.4byte 0x3f0276,0x470046,0x2d80048,0xd,0x2670266,0x2620268,0x2640263,0x265
.4byte 0x2670266,0x2620268,0x2640263,0x265,0x2670266,0x2620268,0x2640263,0x265
.4byte 0x2670266,0x2620268,0x2640263,0x265,0x2670266,0x2620268,0x2640263,0x265
.4byte 0x2670266,0x2620268,0x2640263,0x265,0x2670266,0x2620268,0x2640263,0x265
.4byte 0x2670266,0x2620268,0x2da02d9,0x6e006d,0x279003f,0x27b027a,0xa6027c,0x11400a7
.4byte 0x1280127,0x12a0129,0x8e008d,0x12b008f,0x12d012c,0x4012e,0x180017,0x19
.4byte 0x1a0000,0x1c001b,0xf80004,0xfa00f9,0x9800fb,0x9b009a,0xfd00fc,0x9b00fe
.4byte 0x9a0099,0x274009b,0x2760275,0x46003f,0x2db0047,0x1902dc,0x2660000,0x2680267
.4byte 0x2630262,0x2650264,0x2660000,0x2680267,0x2630262,0x2650264,0x2660000,0x2680267
.4byte 0x2630262,0x2650264,0x2660000,0x2680267,0x2630262,0x2650264,0x2660000,0x2680267
.4byte 0x2630262,0x2650264,0x2660000,0x2680267,0x2630262,0x2650264,0x2660000,0x2680267
.4byte 0x2630262,0x2650264,0x2660000,0x2680267,0x29b0262,0x6d02dd,0x3f006e,0x27a0279
.4byte 0x27c027b,0xa700a6,0x1150114,0xa40116,0xa60117,0xa800a7,0x1190118,0x11b011a
.4byte 0x170004,0x190018,0x0,0x1b001a,0x4001c,0x1980197,0x9a0199,0x25e025d
.4byte 0x40003,0x12e011b,0x2df02de,0x2e102e0,0x2e302e2,0x2e502e4,0x2e702e6,0x2e902e8
.4byte 0x2eb02ea,0x2ed02ec,0x2ef02ee,0x2f102f0,0x2f302f2,0x2f502f4,0x2f702f6,0x2f902f8
.4byte 0x2fb02fa,0x2fd02fc,0x2ff02fe,0x3010300,0x3030302,0x11b0004,0x26c026b,0xa7026d
.4byte 0x26f026e,0x401a7,0x180017,0x19,0x1a0000,0x1c001b,0x1970004,0x1990198
.4byte 0x25d009a,0x3025e,0x11b0004,0x3050304,0x2e00306,0x2e202e1,0x2e402e3,0x2e602e5
.4byte 0x2e802e7,0x2ea02e9,0x2ec02eb,0x2ee02ed,0x2f002ef,0x2f202f1,0x2f402f3,0x2f602f5
.4byte 0x2f802f7,0x2fa02f9,0x2fc02fb,0x2fe02fd,0x30702ff,0x3090308,0x11b012e,0x11b0004
.4byte 0x26c026b,0xa7026d,0x26f026e,0x401a7,0x180017,0x19,0x30a0000,0x1b001af
.4byte 0x80007e,0x1200081,0x1220121,0x99009b,0x9b009a,0x2750274,0x3f0276,0x30b0046
.4byte 0x30d030c,0x2e1030e,0x2e302e2,0x2e502e4,0x2e702e6,0x2e902e8,0x2eb02ea,0x2ed02ec
.4byte 0x2ef02ee,0x2f102f0,0x2f302f2,0x2f502f4,0x2f702f6,0x2f902f8,0x2fb02fa,0x2fd02fc
.4byte 0x2ff02fe,0x310030f,0x3120311,0x3f006e,0x27a0279,0x27c027b,0xa700a6,0x1270114
.4byte 0x1290128,0x8d012a,0x8f008e,0x910090,0x930092,0x0,0x31301ae,0x980314
.4byte 0x9b009a,0xfd00fc,0x9b00fe,0x9a0099,0x274009b,0x2760275,0x315003f,0x3170316
.4byte 0x30e0318,0x2e202e1,0x2e402e3,0x2e602e5,0x2e802e7,0x2ea02e9,0x2ec02eb,0x2ee02ed
.4byte 0x2f002ef,0x2f202f1,0x2f402f3,0x2f602f5,0x2f802f7,0x2fa02f9,0x2fc02fb,0x2fe02fd
.4byte 0x30f02ff,0x31a0319,0x31c031b,0x3f031d,0x27a0279,0x27c027b,0xa700a6,0x1150114
.4byte 0xa40116,0xa60117,0xa800a7,0xaa00a9,0xac00ab,0x0,0x31301ae,0x980314
.4byte 0x9b009a,0xfd00fc,0x9b00fe,0x9a0099,0x274009b,0x2760275,0x31e003f,0x320031f
.4byte 0x2e00321,0x2e202e1,0x2e402e3,0x2e602e5,0x2e802e7,0x2ea02e9,0x2ec02eb,0x2ee02ed
.4byte 0x2f002ef,0x2f202f1,0x2f402f3,0x2f602f5,0x2f802f7,0x2fa02f9,0x2fc02fb,0x2fe02fd
.4byte 0x32202ff,0x3240323,0x31d0325,0x279003f,0x27b027a,0xa6027c,0x11400a7,0x1160115
.4byte 0x11700a4,0xa700a6,0xa900a8,0xab00aa,0xac,0x30a0000,0x1b001af,0x80007e
.4byte 0x1200081,0x1220121,0x99009b,0x9b009a,0x2750274,0x3f0276,0x3270326,0x3290328
.4byte 0x2e1030e,0x2e302e2,0x2e502e4,0x2e702e6,0x2e902e8,0x2eb02ea,0x2ed02ec,0x2ef02ee
.4byte 0x2f102f0,0x2f302f2,0x2f502f4,0x2f702f6,0x2f902f8,0x2fb02fa,0x2fd02fc,0x2ff02fe
.4byte 0x32a0300,0x32c032b,0x3f032d,0x27a0279,0x27c027b,0xa700a6,0x1270114,0x1290128
.4byte 0x8d012a,0x8f008e,0x910090,0x930092,0x0,0x1af030a,0x7e01b0,0x810080
.4byte 0x1210120,0x9b0122,0x9a0099,0x274009b,0x2760275,0x32e003f,0x330032f,0x2e00331
.4byte 0x2e202e1,0x2e402e3,0x2e602e5,0x2e802e7,0x2ea02e9,0x2ec02eb,0x2ee02ed,0x2f002ef
.4byte 0x2f202f1,0x2f402f3,0x2f602f5,0x2f802f7,0x2fa02f9,0x2fc02fb,0x2fe02fd,0x30002ff
.4byte 0x332030f,0x3f0333,0x27a0279,0x27c027b,0xa700a6,0x1270114,0x1290128,0x8d012a
.4byte 0x8f008e,0x910090,0x930092,0x0,0x31301ae,0x980314,0x9b009a,0xfd00fc
.4byte 0x9b00fe,0x9a0099,0x274009b,0x2760275,0x334003f,0x3360335,0x2e00337,0x2e202e1
.4byte 0x2e402e3,0x2e602e5,0x2e802e7,0x2ea02e9,0x2ec02eb,0x2ee02ed,0x2f002ef,0x2f202f1
.4byte 0x2f402f3,0x2f602f5,0x2f802f7,0x2fa02f9,0x2fc02fb,0x2fe02fd,0x31902ff,0x3390338
.4byte 0x3f031d,0x27a0279,0x27c027b,0xa700a6,0x1150114,0xa40116,0xa60117,0xa800a7
.4byte 0xaa00a9,0xac00ab,0x0,0x31301ae,0x980314,0x9b009a,0xfd00fc,0x9b00fe
.4byte 0x9a0099,0x274009b,0x2760275,0x31d003f,0x33b033a,0x2e1033c,0x2e302e2,0x2e502e4
.4byte 0x2e702e6,0x2e902e8,0x2eb02ea,0x2ed02ec,0x2ef02ee,0x2f102f0,0x2f302f2,0x2f502f4
.4byte 0x2f702f6,0x2f902f8,0x2fb02fa,0x2fd02fc,0x2ff02fe,0x33e033d,0x3f033f,0x27a0279
.4byte 0x27c027b,0xa700a6,0x1150114,0xa40116,0xa60117,0xa800a7,0xaa00a9,0xac00ab
.4byte 0x0,0x1af030a,0x7e01b0,0x810080,0x1210120,0x9b0122,0x9a0099,0x274009b
.4byte 0x2760275,0x340003f,0x2e00341,0x2e202e1,0x2e402e3,0x2e602e5,0x2e802e7,0x2ea02e9
.4byte 0x2ec02eb,0x2ee02ed,0x2f002ef,0x2f202f1,0x2f402f3,0x2f602f5,0x2f802f7,0x2fa02f9
.4byte 0x2fc02fb,0x2fe02fd,0x30002ff,0x3430342,0x3f0344,0x27a0279,0x27c027b,0xa700a6
.4byte 0x1270114,0x1290128,0x8d012a,0x8f008e,0x910090,0x930092,0x0,0x1af030a
.4byte 0x7e01b0,0x810080,0x1210120,0x9b0122,0x9a0099,0x274009b,0x2760275,0x31d003f
.4byte 0x3460345,0x2e00347,0x2e202e1,0x2e402e3,0x2e602e5,0x2e802e7,0x2ea02e9,0x2ec02eb
.4byte 0x2ee02ed,0x2f002ef,0x2f202f1,0x2f402f3,0x2f602f5,0x2f802f7,0x2fa02f9,0x2fc02fb
.4byte 0x2fe02fd,0x30002ff,0x3490348,0x3f034a,0x27a0279,0x27c027b,0xa700a6,0x1270114
.4byte 0x1290128,0x8d012a,0x8f008e,0x910090,0x930092,0x0,0x31301ae,0x980314
.4byte 0x9b009a,0xfd00fc,0x9b00fe,0x9a0099,0x274009b,0x2760275,0x31d003f,0x34c034b
.4byte 0x2e1034d,0x2e302e2,0x2e502e4,0x2e702e6,0x2e902e8,0x2eb02ea,0x2ed02ec,0x2ef02ee
.4byte 0x2f102f0,0x2f302f2,0x2f502f4,0x2f702f6,0x2f902f8,0x2fb02fa,0x2fd02fc,0x2ff02fe
.4byte 0x34e0300,0x350034f,0x31d0345,0x279003f,0x27b027a,0xa6027c,0x11400a7,0x1160115
.4byte 0x11700a4,0xa700a6,0xa900a8,0xab00aa,0xac,0x1ae0000,0x3140313,0x9a0098
.4byte 0xfc009b,0xfe00fd,0x99009b,0x9b009a,0x2750274,0x3f0276,0x351031d,0x3530352
.4byte 0x2e202e1,0x2e402e3,0x2e602e5,0x2e802e7,0x2ea02e9,0x2ec02eb,0x2ee02ed,0x2f002ef
.4byte 0x2f202f1,0x2f402f3,0x2f602f5,0x2f802f7,0x2fa02f9,0x2fc02fb,0x2fe02fd,0x30002ff
.4byte 0x3550354,0x3f0356,0x3f031d,0x27a0279,0x27c027b,0xa700a6,0x1150114,0xa40116
.4byte 0xa60117,0xa800a7,0xaa00a9,0xac00ab,0x0,0x1af030a,0x7e01b0,0x810080
.4byte 0x1210120,0x9b0122,0x9a0099,0x274009b,0x2760275,0x31d003f,0x3580357,0x2e10359
.4byte 0x2e302e2,0x2e502e4,0x2e702e6,0x2e902e8,0x2eb02ea,0x2ed02ec,0x2ef02ee,0x2f102f0
.4byte 0x2f302f2,0x2f502f4,0x2f702f6,0x2f902f8,0x2fb02fa,0x2fd02fc,0x2ff02fe,0x35b035a
.4byte 0x31d033f,0x279003f,0x27b027a,0xa6027c,0x11400a7,0x1280127,0x12a0129,0x8e008d
.4byte 0x90008f,0x920091,0x93,0x30a0000,0x1b001af,0x80007e,0x1200081,0x1220121
.4byte 0x99009b,0x9b009a,0x2750274,0x3f0276,0x35d035c,0x2e1035e,0x2e302e2,0x2e502e4
.4byte 0x2e702e6,0x2e902e8,0x2eb02ea,0x2ed02ec,0x2ef02ee,0x2f102f0,0x2f302f2,0x2f502f4
.4byte 0x2f702f6,0x2f902f8,0x2fb02fa,0x2fd02fc,0x2ff02fe,0x360035f,0x3f0361,0x27a0279
.4byte 0x27c027b,0xa700a6,0x1270114,0x1290128,0x8d012a,0x8f008e,0x910090,0x930092
.4byte 0x0,0x31301ae,0x980314,0x9b009a,0xfd00fc,0x9b00fe,0x9a0099,0x274009b
.4byte 0x2760275,0x362003f,0x2e00363,0x2e202e1,0x2e402e3,0x2e602e5,0x2e802e7,0x2ea02e9
.4byte 0x2ec02eb,0x2ee02ed,0x2f002ef,0x2f202f1,0x2f402f3,0x2f602f5,0x2f802f7,0x2fa02f9
.4byte 0x2fc02fb,0x2fe02fd,0x30002ff,0x3650364,0x3f0366,0x27a0279,0x27c027b,0xa700a6
.4byte 0x1150114,0xa40116,0xa60117,0xa800a7,0xaa00a9,0xac00ab,0x0,0x31301ae
.4byte 0x980314,0x9b009a,0xfd00fc,0x9b00fe,0x9a0099,0x274009b,0x2760275,0x31d003f
.4byte 0x3670345,0x2e10368,0x2e102e0,0x2e302e2,0x2e502e4,0x2e702e6,0x2e902e8,0x2eb02ea
.4byte 0x2ed02ec,0x2ef02ee,0x2f102f0,0x2f302f2,0x2f502f4,0x2f702f6,0x2f902f8,0x2fb02fa
.4byte 0x2fd02fc,0x2ff02fe,0x3690300,0x36b036a,0x279003f,0x27b027a,0xa6027c,0x11400a7
.4byte 0x1160115,0x11700a4,0xa700a6,0xa900a8,0xab00aa,0xac,0x30a0000,0x1b001af
.4byte 0x80007e,0x1200081,0x1220121,0x99009b,0x9b009a,0x2750274,0x3f0276,0x36c031d
.4byte 0x36e036d,0x2e00337,0x2e202e1,0x2e402e3,0x2e602e5,0x2e802e7,0x2ea02e9,0x2ec02eb
.4byte 0x2ee02ed,0x2f002ef,0x2f202f1,0x2f402f3,0x2f602f5,0x2f802f7,0x2fa02f9,0x2fc02fb
.4byte 0x2fe02fd,0x30002ff,0x370036f,0x3450371,0x3f031d,0x27a0279,0x27c027b,0xa700a6
.4byte 0x1270114,0x1290128,0x8d012a,0x8f008e,0x910090,0x930092,0x0,0x1af030a
.4byte 0x7e01b0,0x810080,0x1210120,0x9b0122,0x9a0099,0x274009b,0x2760275,0x31d003f
.4byte 0x3730372,0x2e10374,0x2e302e2,0x2e502e4,0x2e702e6,0x2e902e8,0x2eb02ea,0x2ed02ec
.4byte 0x2ef02ee,0x2f102f0,0x2f302f2,0x2f502f4,0x2f702f6,0x2f902f8,0x2fb02fa,0x2fd02fc
.4byte 0x2ff02fe,0x30f0300,0x3760375,0x31d003f,0x279003f,0x27b027a,0xa6027c,0x11400a7
.4byte 0x1280127,0x12a0129,0x8e008d,0x90008f,0x920091,0x93,0x1ae0000,0x3140313
.4byte 0x9a0098,0xfc009b,0xfe00fd,0x99009b,0x9b009a,0x2750274,0x3f0276,0x377031d
.4byte 0x3790378,0x2e202e1,0x2e402e3,0x2e602e5,0x2e802e7,0x2ea02e9,0x2ec02eb,0x2ee02ed
.4byte 0x2f002ef,0x2f202f1,0x2f402f3,0x2f602f5,0x2f802f7,0x2fa02f9,0x2fc02fb,0x2fe02fd
.4byte 0x30f02ff,0x37b037a,0x31d01e8,0x279003f,0x27b027a,0xa6027c,0x11400a7,0x1160115
.4byte 0x11700a4,0xa700a6,0xa900a8,0xab00aa,0xac,0x1ae0000,0x3140313,0x9a0098
.4byte 0xfc009b,0xfe00fd,0x99009b,0x9b009a,0x2750274,0x3f0276,0x37c031d,0x37e037d
.4byte 0x2e202e1,0x2e402e3,0x2e602e5,0x2e802e7,0x2ea02e9,0x2ec02eb,0x2ee02ed,0x2f002ef
.4byte 0x2f202f1,0x2f402f3,0x2f602f5,0x2f802f7,0x2fa02f9,0x2fc02fb,0x2fe02fd,0x30002ff
.4byte 0x380037f,0x3f0366,0x27a0279,0x27c027b,0xa700a6,0x1150114,0xa40116,0xa60117
.4byte 0xa800a7,0xaa00a9,0xac00ab,0x0,0x1af030a,0x7e01b0,0x810080,0x1210120
.4byte 0x9b0122,0x9a0099,0x274009b,0x2760275,0x31d003f,0x3670345,0x2e10368,0x2e102e0
.4byte 0x2e302e2,0x2e502e4,0x2e702e6,0x2e902e8,0x2eb02ea,0x2ed02ec,0x2ef02ee,0x2f102f0
.4byte 0x2f302f2,0x2f502f4,0x2f702f6,0x2f902f8,0x2fb02fa,0x2fd02fc,0x2ff02fe,0x3690300
.4byte 0x36b0381,0x279003f,0x27b027a,0xa6027c,0x11400a7,0x1280127,0x12a0129,0x8e008d
.4byte 0x90008f,0x920091,0x93,0x30a0000,0x1b001af,0x80007e,0x1200081,0x1220121
.4byte 0x99009b,0x9b009a,0x2750274,0x3f0276,0x36c031d,0x3830382,0x2e00337,0x2e202e1
.4byte 0x2e402e3,0x2e602e5,0x2e802e7,0x2ea02e9,0x2ec02eb,0x2ee02ed,0x2f002ef,0x2f202f1
.4byte 0x2f402f3,0x2f602f5,0x2f802f7,0x2fa02f9,0x2fc02fb,0x2fe02fd,0x30002ff,0x3850384
.4byte 0x3450386,0x3f031d,0x27a0279,0x27c027b,0xa700a6,0x1270114,0x1290128,0x8d012a
.4byte 0x8f008e,0x910090,0x930092,0x0,0x31301ae,0x980314,0x9b009a,0xfd00fc
.4byte 0x9b00fe,0x9a0099,0x274009b,0x2760275,0x31d003f,0x3870372,0x2e10388,0x2e302e2
.4byte 0x2e502e4,0x2e702e6,0x2e902e8,0x2eb02ea,0x2ed02ec,0x2ef02ee,0x2f102f0,0x2f302f2
.4byte 0x2f502f4,0x2f702f6,0x2f902f8,0x2fb02fa,0x2fd02fc,0x2ff02fe,0x3540300,0x38a0389
.4byte 0x31d003f,0x279003f,0x27b027a,0xa6027c,0x11400a7,0x1160115,0x11700a4,0xa700a6
.4byte 0xa900a8,0xab00aa,0xac,0x1ae0000,0x3140313,0x9a0098,0xfc009b,0xfe00fd
.4byte 0x99009b,0x9b009a,0x2750274,0x3f0276,0x357031d,0x3590358,0x2e202e1,0x2e402e3
.4byte 0x2e602e5,0x2e802e7,0x2ea02e9,0x2ec02eb,0x2ee02ed,0x2f002ef,0x2f202f1,0x2f402f3
.4byte 0x2f602f5,0x2f802f7,0x2fa02f9,0x2fc02fb,0x2fe02fd,0x38b02ff,0x33f038c,0x3f031d
.4byte 0x27a0279,0x27c027b,0xa700a6,0x1150114,0xa40116,0xa60117,0xa800a7,0xaa00a9
.4byte 0xac00ab,0x0,0x1af030a,0x7e01b0,0x810080,0x1210120,0x9b0122,0x9a0099
.4byte 0x274009b,0x2760275,0x38d003f,0x35e038e,0x2e202e1,0x2e402e3,0x2e602e5,0x2e802e7
.4byte 0x2ea02e9,0x2ec02eb,0x2ee02ed,0x2f002ef,0x2f202f1,0x2f402f3,0x2f602f5,0x2f802f7
.4byte 0x2fa02f9,0x2fc02fb,0x2fe02fd,0x30002ff,0x390038f,0x3f0391,0x27a0279,0x27c027b
.4byte 0xa700a6,0x1270114,0x1290128,0x8d012a,0x8f008e,0x910090,0x930092,0x0
.4byte 0x1af030a,0x7e01b0,0x810080,0x1210120,0x9b0122,0x9a0099,0x274009b,0x2760275
.4byte 0x392003f,0x2e00393,0x2e202e1,0x2e402e3,0x2e602e5,0x2e802e7,0x2ea02e9,0x2ec02eb
.4byte 0x2ee02ed,0x2f002ef,0x2f202f1,0x2f402f3,0x2f602f5,0x2f802f7,0x2fa02f9,0x2fc02fb
.4byte 0x2fe02fd,0x30002ff,0x3950394,0x3f0396,0x27a0279,0x27c027b,0xa700a6,0x1270114
.4byte 0x1290128,0x8d012a,0x8f008e,0x910090,0x930092,0x0,0x31301ae,0x980314
.4byte 0x9b009a,0xfd00fc,0x9b00fe,0x9a0099,0x274009b,0x2760275,0x31d003f,0x3970345
.4byte 0x2e10398,0x2e102e0,0x2e302e2,0x2e502e4,0x2e702e6,0x2e902e8,0x2eb02ea,0x2ed02ec
.4byte 0x2ef02ee,0x2f102f0,0x2f302f2,0x2f502f4,0x2f702f6,0x2f902f8,0x2fb02fa,0x2fd02fc
.4byte 0x2ff02fe,0x3990300,0x39b039a,0x279003f,0x27b027a,0xa6027c,0x11400a7,0x1160115
.4byte 0x11700a4,0xa700a6,0xa900a8,0xab00aa,0xac,0x1ae0000,0x3140313,0x9a0098
.4byte 0xfc009b,0xfe00fd,0x99009b,0x9b009a,0x2750274,0x3f0276,0x39c031d,0x39e039d
.4byte 0x2e202e1,0x2e402e3,0x2e602e5,0x2e802e7,0x2ea02e9,0x2ec02eb,0x2ee02ed,0x2f002ef
.4byte 0x2f202f1,0x2f402f3,0x2f602f5,0x2f802f7,0x2fa02f9,0x2fc02fb,0x2fe02fd,0x30002ff
.4byte 0x3a0039f,0x34503a1,0x3f031d,0x27a0279,0x27c027b,0xa700a6,0x1150114,0xa40116
.4byte 0xa60117,0xa800a7,0xaa00a9,0xac00ab,0x0,0x1af030a,0x7e01b0,0x810080
.4byte 0x1210120,0x9b0122,0x9a0099,0x274009b,0x2760275,0x31d003f,0x3a303a2,0x33703a4
.4byte 0x2e102e0,0x2e302e2,0x2e502e4,0x2e702e6,0x2e902e8,0x2eb02ea,0x2ed02ec,0x2ef02ee
.4byte 0x2f102f0,0x2f302f2,0x2f502f4,0x2f702f6,0x2f902f8,0x2fb02fa,0x2fd02fc,0x2ff02fe
.4byte 0x3a50300,0x3a703a6,0x279003f,0x27b027a,0xa6027c,0x11400a7,0x1280127,0x12a0129
.4byte 0x8e008d,0x90008f,0x920091,0x93,0x30a0000,0x1b001af,0x80007e,0x1200081
.4byte 0x1220121,0x99009b,0x9b009a,0x2750274,0x3f0276,0x372031d,0x3740373,0x2e202e1
.4byte 0x2e402e3,0x2e602e5,0x2e802e7,0x2ea02e9,0x2ec02eb,0x2ee02ed,0x2f002ef,0x2f202f1
.4byte 0x2f402f3,0x2f602f5,0x2f802f7,0x2fa02f9,0x2fc02fb,0x2fe02fd,0x30002ff,0x3a8030f
.4byte 0x3f03a9,0x3f031d,0x27a0279,0x27c027b,0xa700a6,0x1270114,0x1290128,0x8d012a
.4byte 0x8f008e,0x910090,0x930092,0x0,0x31301ae,0x980314,0x9b009a,0xfd00fc
.4byte 0x9b00fe,0x9a0099,0x274009b,0x2760275,0x31d003f,0x3ab03aa,0x2e10379,0x2e302e2
.4byte 0x2e502e4,0x2e702e6,0x2e902e8,0x2eb02ea,0x2ed02ec,0x2ef02ee,0x2f102f0,0x2f302f2
.4byte 0x2f502f4,0x2f702f6,0x2f902f8,0x2fb02fa,0x2fd02fc,0x2ff02fe,0x3ac030f,0x3ae03ad
.4byte 0x3f031d,0x27a0279,0x27c027b,0xa700a6,0x1150114,0xa40116,0xa60117,0xa800a7
.4byte 0xaa00a9,0xac00ab,0x0,0x31301ae,0x980314,0x9b009a,0xfd00fc,0x9b00fe
.4byte 0x9a0099,0x274009b,0x2760275,0x35c003f,0x35e035d,0x2e202e1,0x2e402e3,0x2e602e5
.4byte 0x2e802e7,0x2ea02e9,0x2ec02eb,0x2ee02ed,0x2f002ef,0x2f202f1,0x2f402f3,0x2f602f5
.4byte 0x2f802f7,0x2fa02f9,0x2fc02fb,0x2fe02fd,0x35f02ff,0x3610360,0x279003f,0x27b027a
.4byte 0xa6027c,0x11400a7,0x1160115,0x11700a4,0xa700a6,0xa900a8,0xab00aa,0xac
.4byte 0x30a0000,0x1b001af,0x80007e,0x1200081,0x1220121,0x99009b,0x9b009a,0x2750274
.4byte 0x3f0276,0x3930392,0x2e102e0,0x2e302e2,0x2e502e4,0x2e702e6,0x2e902e8,0x2eb02ea
.4byte 0x2ed02ec,0x2ef02ee,0x2f102f0,0x2f302f2,0x2f502f4,0x2f702f6,0x2f902f8,0x2fb02fa
.4byte 0x2fd02fc,0x2ff02fe,0x3940300,0x3960395,0x279003f,0x27b027a,0xa6027c,0x11400a7
.4byte 0x1280127,0x12a0129,0x8e008d,0x90008f,0x920091,0x93,0x30a0000,0x1b001af
.4byte 0x80007e,0x1200081,0x1220121,0x99009b,0x9b009a,0x2750274,0x3f0276,0x345031d
.4byte 0x3470346,0x2e102e0,0x2e302e2,0x2e502e4,0x2e702e6,0x2e902e8,0x2eb02ea,0x2ed02ec
.4byte 0x2ef02ee,0x2f102f0,0x2f302f2,0x2f502f4,0x2f702f6,0x2f902f8,0x2fb02fa,0x2fd02fc
.4byte 0x2ff02fe,0x3480300,0x3b003af,0x279003f,0x27b027a,0xa6027c,0x11400a7,0x1280127
.4byte 0x12a0129,0x8e008d,0x90008f,0x920091,0x93,0x1ae0000,0x3140313,0x9a0098
.4byte 0xfc009b,0xfe00fd,0x99009b,0x9b009a,0x2750274,0x3f0276,0x39c031d,0x3b203b1
.4byte 0x2e002e1,0x2e202e1,0x2e402e3,0x2e602e5,0x2e802e7,0x2ea02e9,0x2ec02eb,0x2ee02ed
.4byte 0x2f002ef,0x2f202f1,0x2f402f3,0x2f602f5,0x2f802f7,0x2fa02f9,0x2fc02fb,0x2fe02fd
.4byte 0x30002ff,0x3b30369,0x34503b4,0x3f031d,0x27a0279,0x27c027b,0xa700a6,0x1150114
.4byte 0xa40116,0xa60117,0xa800a7,0xaa00a9,0xac00ab,0x0,0x31301ae,0x980314
.4byte 0x9b009a,0xfd00fc,0x9b00fe,0x9a0099,0x274009b,0x2760275,0x31d003f,0x36d036c
.4byte 0x337036e,0x2e102e0,0x2e302e2,0x2e502e4,0x2e702e6,0x2e902e8,0x2eb02ea,0x2ed02ec
.4byte 0x2ef02ee,0x2f102f0,0x2f302f2,0x2f502f4,0x2f702f6,0x2f902f8,0x2fb02fa,0x2fd02fc
.4byte 0x2ff02fe,0x36f0300,0x37103b5,0x31d0345,0x279003f,0x27b027a,0xa6027c,0x11400a7
.4byte 0x1160115,0x11700a4,0xa700a6,0xa900a8,0xab00aa,0xac,0x30a0000,0x1b001af
.4byte 0x80007e,0x1200081,0x1220121,0x99009b,0x9b009a,0x2750274,0x3f0276,0x3b6031d
.4byte 0x3880352,0x2e202e1,0x2e402e3,0x2e602e5,0x2e802e7,0x2ea02e9,0x2ec02eb,0x2ee02ed
.4byte 0x2f002ef,0x2f202f1,0x2f402f3,0x2f602f5,0x2f802f7,0x2fa02f9,0x2fc02fb,0x2fe02fd
.4byte 0x30002ff,0x3b70354,0x3f03b8,0x3f031d,0x27a0279,0x27c027b,0xa700a6,0x1270114
.4byte 0x1290128,0x8d012a,0x8f008e,0x910090,0x930092,0x0,0x1af030a,0x7e01b0
.4byte 0x810080,0x1210120,0x9b0122,0x9a0099,0x274009b,0x2760275,0x31d003f,0x3ba03b9
.4byte 0x2e103bb,0x2e302e2,0x2e502e4,0x2e702e6,0x2e902e8,0x2eb02ea,0x2ed02ec,0x2ef02ee
.4byte 0x2f102f0,0x2f302f2,0x2f502f4,0x2f702f6,0x2f902f8,0x2fb02fa,0x2fd02fc,0x2ff02fe
.4byte 0x30f0300,0x3bd03bc,0x3f033f,0x27a0279,0x27c027b,0xa700a6,0x1270114,0x1290128
.4byte 0x8d012a,0x8f008e,0x910090,0x930092,0x0,0x31301ae,0x980314,0x9b009a
.4byte 0xfd00fc,0x9b00fe,0x9a0099,0x274009b,0x2760275,0x31d003f,0x3be033a,0x2e103bf
.4byte 0x2e302e2,0x2e502e4,0x2e702e6,0x2e902e8,0x2eb02ea,0x2ed02ec,0x2ef02ee,0x2f102f0
.4byte 0x2f302f2,0x2f502f4,0x2f702f6,0x2f902f8,0x2fb02fa,0x2fd02fc,0x2ff02fe,0x3c103c0
.4byte 0x3f033f,0x27a0279,0x27c027b,0xa700a6,0x1150114,0xa40116,0xa60117,0xa800a7
.4byte 0xaa00a9,0xac00ab,0x0,0x31301ae,0x980314,0x9b009a,0xfd00fc,0x9b00fe
.4byte 0x9a0099,0x274009b,0x2760275,0x31d003f,0x3ba03b9,0x2e103bb,0x2e302e2,0x2e502e4
.4byte 0x2e702e6,0x2e902e8,0x2eb02ea,0x2ed02ec,0x2ef02ee,0x2f102f0,0x2f302f2,0x2f502f4
.4byte 0x2f702f6,0x2f902f8,0x2fb02fa,0x2fd02fc,0x2ff02fe,0x30f0300,0x3bd03bc,0x3f033f
.4byte 0x27a0279,0x27c027b,0xa700a6,0x1150114,0xa40116,0xa60117,0xa800a7,0xaa00a9
.4byte 0xac00ab,0x0,0x1af030a,0x7e01b0,0x810080,0x1210120,0x9b0122,0x9a0099
.4byte 0x274009b,0x2760275,0x31d003f,0x37d037c,0x2e1037e,0x2e302e2,0x2e502e4,0x2e702e6
.4byte 0x2e902e8,0x2eb02ea,0x2ed02ec,0x2ef02ee,0x2f102f0,0x2f302f2,0x2f502f4,0x2f702f6
.4byte 0x2f902f8,0x2fb02fa,0x2fd02fc,0x2ff02fe,0x3c303c2,0x3f0361,0x27a0279,0x27c027b
.4byte 0xa700a6,0x1270114,0x1290128,0x8d012a,0x8f008e,0x910090,0x930092,0x0
.4byte 0x1b001a,0x4001c,0x1980197,0x9a0199,0x25e025d,0x40003,0x3c4012e,0x2e103c5
.4byte 0x2e102e0,0x2e302e2,0x2e502e4,0x2e702e6,0x2e902e8,0x2eb02ea,0x2ed02ec,0x3c703c6
.4byte 0x3c8,0x3ca03c9,0x3cb,0x3cd03cc,0x3cf03ce,0x3d002f2,0x2f502f4,0x2f702f6
.4byte 0x2f902f8,0x2fb02fa,0x2fd02fc,0x2ff02fe,0x3d10300,0x3d303d2,0x11b0004,0x26c026b
.4byte 0xa7026d,0x26f026e,0x401a7,0x180017,0x19,0x1a0000,0x1c001b,0x1970004
.4byte 0x1990198,0x25d009a,0x3025e,0x11b0004,0x3d4012e,0x2e003d5,0x2e202e1,0x2e402e3
.4byte 0x2e602e5,0x2e802e7,0x2ea02e9,0x2ec02eb,0x3c602ed,0x3c803c7,0x3c90000,0x3cb03ca
.4byte 0x3cc0000,0x3ce03cd,0x2f203cf,0x2f403d0,0x2f602f5,0x2f802f7,0x2fa02f9,0x2fc02fb
.4byte 0x2fe02fd,0x30002ff,0x3d60301,0x403d7,0x26b011b,0x26d026c,0x26e00a7,0x1a7026f
.4byte 0x170004,0x190018,0x0,0x1b001a,0x4001c,0xf900f8,0xfb00fa,0x9a0098
.4byte 0xfc009b,0xfe00fd,0x99009b,0x9b009a,0x2750274,0x3f0276,0x345031d,0x3d903d8
.4byte 0x2e002e1,0x2e202e1,0x2e402e3,0x2e602e5,0x2e802e7,0x2ea02e9,0x2ec02eb,0x3c602ed
.4byte 0x3c803c7,0x3c90000,0x3cb03ca,0x3cc0000,0x3ce03cd,0x2f203cf,0x2f403d0,0x2f602f5
.4byte 0x2f802f7,0x2fa02f9,0x2fc02fb,0x2fe02fd,0x30002ff,0x3da0369,0x3f03db,0x27a0279
.4byte 0x27c027b,0xa700a6,0x1150114,0xa40116,0xa60117,0xa800a7,0x1190118,0x11b011a
.4byte 0x170004,0x190018,0x0,0x1b001a,0x4001c,0x11d011c,0x11f011e,0x80007e
.4byte 0x1200081,0x1220121,0x99009b,0x9b009a,0x2750274,0x3f0276,0x36c031d,0x3dd03dc
.4byte 0x2e102e0,0x2e302e2,0x2e502e4,0x2e702e6,0x2e902e8,0x2eb02ea,0x2ed02ec,0x3c703c6
.4byte 0x3c8,0x3ca03c9,0x3cb,0x3cd03cc,0x3cf03ce,0x3d002f2,0x2f502f4,0x2f702f6
.4byte 0x2f902f8,0x2fb02fa,0x2fd02fc,0x2ff02fe,0x3de0300,0x3e003df,0x31d0345,0x279003f
.4byte 0x27b027a,0xa6027c,0x11400a7,0x1280127,0x12a0129,0x8e008d,0x12b008f,0x12d012c
.4byte 0x4012e,0x180017,0x19,0x1a0000,0x1c001b,0x11c0004,0x11e011d,0x7e011f
.4byte 0x810080,0x1210120,0x9b0122,0x9a0099,0x274009b,0x2760275,0x31d003f,0x3e10351
.4byte 0x33703e2,0x2e102e0,0x2e302e2,0x2e502e4,0x2e702e6,0x2e902e8,0x2eb02ea,0x2ed02ec
.4byte 0x3c703c6,0x3c8,0x3ca03c9,0x3cb,0x3cd03cc,0x3cf03ce,0x3d002f2,0x2f502f4
.4byte 0x2f702f6,0x2f902f8,0x2fb02fa,0x2fd02fc,0x2ff02fe,0x3a50300,0x3e403e3,0x31d003f
.4byte 0x279003f,0x27b027a,0xa6027c,0x11400a7,0x1280127,0x12a0129,0x8e008d,0x12b008f
.4byte 0x12d012c,0x4012e,0x180017,0x19,0x1a0000,0x1c001b,0xf80004,0xfa00f9
.4byte 0x9800fb,0x9b009a,0xfd00fc,0x9b00fe,0x9a0099,0x274009b,0x2760275,0x31d003f
.4byte 0x37303e5,0x2e10374,0x2e302e2,0x2e502e4,0x2e702e6,0x2e902e8,0x2eb02ea,0x2ed02ec
.4byte 0x3c703c6,0x3c8,0x3ca03c9,0x3cb,0x3cd03cc,0x3cf03ce,0x3d002f2,0x2f502f4
.4byte 0x2f702f6,0x2f902f8,0x2fb02fa,0x2fd02fc,0x2ff02fe,0x30f0300,0x3e703e6,0x31d003f
.4byte 0x279003f,0x27b027a,0xa6027c,0x11400a7,0x1160115,0x11700a4,0xa700a6,0x11800a8
.4byte 0x11a0119,0x4011b,0x180017,0x19,0x1a0000,0x1c001b,0xf80004,0xfa00f9
.4byte 0x9800fb,0x9b009a,0xfd00fc,0x9b00fe,0x9a0099,0x274009b,0x2760275,0x31d003f
.4byte 0x3580357,0x2e10359,0x2e302e2,0x2e502e4,0x2e702e6,0x2e902e8,0x2eb02ea,0x2ed02ec
.4byte 0x3c703c6,0x3c8,0x3ca03c9,0x3cb,0x3cd03cc,0x3cf03ce,0x3d002f2,0x2f502f4
.4byte 0x2f702f6,0x2f902f8,0x2fb02fa,0x2fd02fc,0x2ff02fe,0x38c038b,0x31d033f,0x279003f
.4byte 0x27b027a,0xa6027c,0x11400a7,0x1160115,0x11700a4,0xa700a6,0x11800a8,0x11a0119
.4byte 0x4011b,0x180017,0x19,0x1a0000,0x1c001b,0x11c0004,0x11e011d,0x7e011f
.4byte 0x810080,0x1210120,0x9b0122,0x9a0099,0x274009b,0x2760275,0x31d003f,0x3e903e8
.4byte 0x2e103bf,0x2e302e2,0x2e502e4,0x2e702e6,0x2e902e8,0x2eb02ea,0x2ed02ec,0x3c703c6
.4byte 0x3c8,0x3ca03c9,0x3cb,0x3cd03cc,0x3cf03ce,0x3d002f2,0x2f502f4,0x2f702f6
.4byte 0x2f902f8,0x2fb02fa,0x2fd02fc,0x2ff02fe,0x3eb03ea,0x3f033f,0x27a0279,0x27c027b
.4byte 0xa700a6,0x1270114,0x1290128,0x8d012a,0x8f008e,0x12c012b,0x12e012d,0x170004
.4byte 0x190018,0x0,0x1b001a,0x4001c,0x11d011c,0x11f011e,0x80007e,0x1200081
.4byte 0x1220121,0x99009b,0x9b009a,0x2750274,0x3f0276,0x3ec037c,0x2e003ed,0x2e202e1
.4byte 0x2e402e3,0x2e602e5,0x2e802e7,0x2ea02e9,0x2ec02eb,0x3c602ed,0x3c803c7,0x3c90000
.4byte 0x3cb03ca,0x3cc0000,0x3ce03cd,0x2f203cf,0x2f403d0,0x2f602f5,0x2f802f7,0x2fa02f9
.4byte 0x2fc02fb,0x2fe02fd,0x30002ff,0x3ef03ee,0x3f03f0,0x27a0279,0x27c027b,0xa700a6
.4byte 0x1270114,0x1290128,0x8d012a,0x8f008e,0x12c012b,0x12e012d,0x170004,0x190018
.4byte 0x0,0x1b001a,0x4001c,0xf900f8,0xfb00fa,0x9a0098,0xfc009b,0xfe00fd
.4byte 0x99009b,0x9b009a,0x2750274,0x3f0276,0x3f10345,0x2e103f2,0x2e102e0,0x2e302e2
.4byte 0x2e502e4,0x2e702e6,0x2e902e8,0x2eb02ea,0x2ed02ec,0x3c703c6,0x3c8,0x3ca03c9
.4byte 0x3cb,0x3cd03cc,0x3cf03ce,0x3d002f2,0x2f502f4,0x2f702f6,0x2f902f8,0x2fb02fa
.4byte 0x2fd02fc,0x2ff02fe,0x3f30300,0x3f503f4,0x279003f,0x27b027a,0xa6027c,0x11400a7
.4byte 0x1160115,0x11700a4,0xa700a6,0x11800a8,0x11a0119,0x4011b,0x180017,0x19
.4byte 0x1a0000,0x1c001b,0xf80004,0xfa00f9,0x9800fb,0x9b009a,0xfd00fc,0x9b00fe
.4byte 0x9a0099,0x274009b,0x2760275,0x31d003f,0x3f60345,0x2e003f7,0x2e202e1,0x2e402e3
.4byte 0x2e602e5,0x2e802e7,0x2ea02e9,0x2ec02eb,0x3c602ed,0x3c803c7,0x3c90000,0x3cb03ca
.4byte 0x3cc0000,0x3ce03cd,0x2f203cf,0x2f403d0,0x2f602f5,0x2f802f7,0x2fa02f9,0x2fc02fb
.4byte 0x2fe02fd,0x30002ff,0x3f903f8,0x3f03fa,0x27a0279,0x27c027b,0xa700a6,0x1150114
.4byte 0xa40116,0xa60117,0xa800a7,0x1190118,0x11b011a,0x170004,0x190018,0x0
.4byte 0x1b001a,0x4001c,0x11d011c,0x11f011e,0x80007e,0x1200081,0x1220121,0x99009b
.4byte 0x9b009a,0x2750274,0x3f0276,0x345031d,0x3fc03fb,0x2e002e1,0x2e202e1,0x2e402e3
.4byte 0x2e602e5,0x2e802e7,0x2ea02e9,0x2ec02eb,0x3c602ed,0x3c803c7,0x3c90000,0x3cb03ca
.4byte 0x3cc0000,0x3ce03cd,0x2f203cf,0x2f403d0,0x2f602f5,0x2f802f7,0x2fa02f9,0x2fc02fb
.4byte 0x2fe02fd,0x30002ff,0x36a03fd,0x3f036b,0x27a0279,0x27c027b,0xa700a6,0x1270114
.4byte 0x1290128,0x8d012a,0x8f008e,0x12c012b,0x12e012d,0x170004,0x190018,0x0
.4byte 0x1b001a,0x4001c,0x11d011c,0x11f011e,0x80007e,0x1200081,0x1220121,0x99009b
.4byte 0x9b009a,0x2750274,0x3f0276,0x39c031d,0x39e039d,0x2e202e1,0x2e402e3,0x2e602e5
.4byte 0x2e802e7,0x2ea02e9,0x2ec02eb,0x3c602ed,0x3c803c7,0x3c90000,0x3cb03ca,0x3cc0000
.4byte 0x3ce03cd,0x2f203cf,0x2f403d0,0x2f602f5,0x2f802f7,0x2fa02f9,0x2fc02fb,0x2fe02fd
.4byte 0x30002ff,0x3fe034e,0x34503a1,0x3f031d,0x27a0279,0x27c027b,0xa700a6,0x1270114
.4byte 0x1290128,0x8d012a,0x8f008e,0x12c012b,0x12e012d,0x170004,0x190018,0x0
.4byte 0x1b001a,0x4001c,0xf900f8,0xfb00fa,0x9a0098,0xfc009b,0xfe00fd,0x99009b
.4byte 0x9b009a,0x2750274,0x3f0276,0x36c031d,0x3ff036d,0x2e00337,0x2e202e1,0x2e402e3
.4byte 0x2e602e5,0x2e802e7,0x2ea02e9,0x2ec02eb,0x3c602ed,0x3c803c7,0x3c90000,0x3cb03ca
.4byte 0x3cc0000,0x3ce03cd,0x2f203cf,0x2f403d0,0x2f602f5,0x2f802f7,0x2fa02f9,0x2fc02fb
.4byte 0x2fe02fd,0x30002ff,0x400036f,0x3450371,0x3f031d,0x27a0279,0x27c027b,0xa700a6
.4byte 0x1150114,0xa40116,0xa60117,0xa800a7,0x1190118,0x11b011a,0x170004,0x190018
.4byte 0x0,0x1b001a,0x4001c,0xf900f8,0xfb00fa,0x9a0098,0xfc009b,0xfe00fd
.4byte 0x99009b,0x9b009a,0x2750274,0x3f0276,0x351031d,0x3530401,0x2e202e1,0x2e402e3
.4byte 0x2e602e5,0x2e802e7,0x2ea02e9,0x2ec02eb,0x3c602ed,0x3c803c7,0x3c90000,0x3cb03ca
.4byte 0x3cc0000,0x3ce03cd,0x2f203cf,0x2f403d0,0x2f602f5,0x2f802f7,0x2fa02f9,0x2fc02fb
.4byte 0x2fe02fd,0x30002ff,0x4020354,0x3f0403,0x3f031d,0x27a0279,0x27c027b,0xa700a6
.4byte 0x1150114,0xa40116,0xa60117,0xa800a7,0x1190118,0x11b011a,0x170004,0x190018
.4byte 0x0,0x1b001a,0x4001c,0x11d011c,0x11f011e,0x80007e,0x1200081,0x1220121
.4byte 0x99009b,0x9b009a,0x2750274,0x3f0276,0x372031d,0x3740373,0x2e202e1,0x2e402e3
.4byte 0x2e602e5,0x2e802e7,0x2ea02e9,0x2ec02eb,0x3c602ed,0x3c803c7,0x3c90000,0x3cb03ca
.4byte 0x3cc0000,0x3ce03cd,0x2f203cf,0x2f403d0,0x2f602f5,0x2f802f7,0x2fa02f9,0x2fc02fb
.4byte 0x2fe02fd,0x30002ff,0x3a8030f,0x3f03a9,0x3f031d,0x27a0279,0x27c027b,0xa700a6
.4byte 0x1270114,0x1290128,0x8d012a,0x8f008e,0x12c012b,0x12e012d,0x170004,0x190018
.4byte 0x0,0x1b001a,0x4001c,0x11d011c,0x11f011e,0x80007e,0x1200081,0x1220121
.4byte 0x99009b,0x9b009a,0x2750274,0x3f0276,0x3b9031d,0x3590404,0x2e202e1,0x2e402e3
.4byte 0x2e602e5,0x2e802e7,0x2ea02e9,0x2ec02eb,0x3c602ed,0x3c803c7,0x3c90000,0x3cb03ca
.4byte 0x3cc0000,0x3ce03cd,0x2f203cf,0x2f403d0,0x2f602f5,0x2f802f7,0x2fa02f9,0x2fc02fb
.4byte 0x2fe02fd,0x35a02ff,0x33f0405,0x279003f,0x27b027a,0xa6027c,0x11400a7,0x1280127
.4byte 0x12a0129,0x8e008d,0x12b008f,0x12d012c,0x4012e,0x180017,0x19,0x1a0000
.4byte 0x1c001b,0xf80004,0xfa00f9,0x9800fb,0x9b009a,0xfd00fc,0x9b00fe,0x9a0099
.4byte 0x274009b,0x2760275,0x31d003f,0x3be033a,0x2e1033c,0x2e302e2,0x2e502e4,0x2e702e6
.4byte 0x2e902e8,0x2eb02ea,0x2ed02ec,0x3c703c6,0x3c8,0x3ca03c9,0x3cb,0x3cd03cc
.4byte 0x3cf03ce,0x3d002f2,0x2f502f4,0x2f702f6,0x2f902f8,0x2fb02fa,0x2fd02fc,0x2ff02fe
.4byte 0x33e033d,0x3f033f,0x27a0279,0x27c027b,0xa700a6,0x1150114,0xa40116,0xa60117
.4byte 0xa800a7,0x1190118,0x11b011a,0x170004,0x190018,0x0,0x1b001a,0x4001c
.4byte 0xf900f8,0xfb00fa,0x9a0098,0xfc009b,0xfe00fd,0x99009b,0x9b009a,0x2750274
.4byte 0x3f0276,0x406031d,0x35e0407,0x2e202e1,0x2e402e3,0x2e602e5,0x2e802e7,0x2ea02e9
.4byte 0x2ec02eb,0x3c602ed,0x3c803c7,0x3c90000,0x3cb03ca,0x3cc0000,0x3ce03cd,0x2f203cf
.4byte 0x2f403d0,0x2f602f5,0x2f802f7,0x2fa02f9,0x2fc02fb,0x2fe02fd,0x40802ff,0x40a0409
.4byte 0x3f031d,0x27a0279,0x27c027b,0xa700a6,0x1150114,0xa40116,0xa60117,0xa800a7
.4byte 0x1190118,0x11b011a,0x170004,0x190018,0x0,0x1b001a,0x4001c,0x11d011c
.4byte 0x11f011e,0x80007e,0x1200081,0x1220121,0x99009b,0x9b009a,0x2750274,0x3f0276
.4byte 0x40c040b,0x2e102e0,0x2e302e2,0x2e502e4,0x2e702e6,0x2e902e8,0x2eb02ea,0x2ed02ec
.4byte 0x3c703c6,0x3c8,0x3ca03c9,0x3cb,0x3cd03cc,0x3cf03ce,0x3d002f2,0x2f502f4
.4byte 0x2f702f6,0x2f902f8,0x2fb02fa,0x2fd02fc,0x2ff02fe,0x40d0300,0x3f0040e,0x279003f
.4byte 0x27b027a,0xa6027c,0x11400a7,0x1280127,0x12a0129,0x8e008d,0x12b008f,0x12d012c
.4byte 0x4012e,0x180017,0x19,0x1a0000,0x1c001b,0x11c0004,0x11e011d,0x7e011f
.4byte 0x810080,0x1210120,0x9b0122,0x9a0099,0x274009b,0x2760275,0x40f003f,0x2e103f2
.4byte 0x2e102e0,0x2e302e2,0x2e502e4,0x2e702e6,0x2e902e8,0x2eb02ea,0x2ed02ec,0x3c703c6
.4byte 0x3c8,0x3ca03c9,0x3cb,0x3cd03cc,0x3cf03ce,0x3d002f2,0x2f502f4,0x2f702f6
.4byte 0x2f902f8,0x2fb02fa,0x2fd02fc,0x2ff02fe,0x3f30300,0x3960410,0x279003f,0x27b027a
.4byte 0xa6027c,0x11400a7,0x1280127,0x12a0129,0x8e008d,0x12b008f,0x12d012c,0x4012e
.4byte 0x180017,0x19,0x1a0000,0x1c001b,0xf80004,0xfa00f9,0x9800fb,0x9b009a
.4byte 0xfd00fc,0x9b00fe,0x9a0099,0x274009b,0x2760275,0x31d003f,0x4110345,0x2e00412
.4byte 0x2e202e1,0x2e402e3,0x2e602e5,0x2e802e7,0x2ea02e9,0x2ec02eb,0x3c602ed,0x3c803c7
.4byte 0x3c90000,0x3cb03ca,0x3cc0000,0x3ce03cd,0x2f203cf,0x2f403d0,0x2f602f5,0x2f802f7
.4byte 0x2fa02f9,0x2fc02fb,0x2fe02fd,0x30002ff,0x41303f8,0x3f03fa,0x27a0279,0x27c027b
.4byte 0xa700a6,0x1150114,0xa40116,0xa60117,0xa800a7,0x1190118,0x11b011a,0x170004
.4byte 0x190018,0x0,0x1b001a,0x4001c,0xf900f8,0xfb00fa,0x9a0098,0xfc009b
.4byte 0xfe00fd,0x99009b,0x9b009a,0x2750274,0x3f0276,0x345031d,0x3980397,0x2e002e1
.4byte 0x2e202e1,0x2e402e3,0x2e602e5,0x2e802e7,0x2ea02e9,0x2ec02eb,0x3c602ed,0x3c803c7
.4byte 0x3c90000,0x3cb03ca,0x3cc0000,0x3ce03cd,0x2f203cf,0x2f403d0,0x2f602f5,0x2f802f7
.4byte 0x2fa02f9,0x2fc02fb,0x2fe02fd,0x30002ff,0x41403fd,0x3f039b,0x27a0279,0x27c027b
.4byte 0xa700a6,0x1150114,0xa40116,0xa60117,0xa800a7,0x1190118,0x11b011a,0x170004
.4byte 0x190018,0x0,0x1b001a,0x4001c,0x11d011c,0x11f011e,0x80007e,0x1200081
.4byte 0x1220121,0x99009b,0x9b009a,0x2750274,0x3f0276,0x345031d,0x3d90415,0x2e002e1
.4byte 0x2e202e1,0x2e402e3,0x2e602e5,0x2e802e7,0x2ea02e9,0x2ec02eb,0x3c602ed,0x3c803c7
.4byte 0x3c90000,0x3cb03ca,0x3cc0000,0x3ce03cd,0x2f203cf,0x2f403d0,0x2f602f5,0x2f802f7
.4byte 0x2fa02f9,0x2fc02fb,0x2fe02fd,0x30002ff,0x4160369,0x3f036b,0x27a0279,0x27c027b
.4byte 0xa700a6,0x1270114,0x1290128,0x8d012a,0x8f008e,0x12c012b,0x12e012d,0x170004
.4byte 0x190018,0x0,0x1b001a,0x4001c,0x11d011c,0x11f011e,0x80007e,0x1200081
.4byte 0x1220121,0x99009b,0x9b009a,0x2750274,0x3f0276,0x34b031d,0x34d034c,0x2e202e1
.4byte 0x2e402e3,0x2e602e5,0x2e802e7,0x2ea02e9,0x2ec02eb,0x3c602ed,0x3c803c7,0x3c90000
.4byte 0x3cb03ca,0x3cc0000,0x3ce03cd,0x2f203cf,0x2f403d0,0x2f602f5,0x2f802f7,0x2fa02f9
.4byte 0x2fc02fb,0x2fe02fd,0x30002ff,0x34f034e,0x3450350,0x3f031d,0x27a0279,0x27c027b
.4byte 0xa700a6,0x1270114,0x1290128,0x8d012a,0x8f008e,0x12c012b,0x12e012d,0x170004
.4byte 0x190018,0x0,0x1b001a,0x4001c,0xf900f8,0xfb00fa,0x9a0098,0xfc009b
.4byte 0xfe00fd,0x99009b,0x9b009a,0x2750274,0x3f0276,0x36c031d,0x36e0417,0x2e00337
.4byte 0x2e202e1,0x2e402e3,0x2e602e5,0x2e802e7,0x2ea02e9,0x2ec02eb,0x3c602ed,0x3c803c7
.4byte 0x3c90000,0x3cb03ca,0x3cc0000,0x3ce03cd,0x2f203cf,0x2f403d0,0x2f602f5,0x2f802f7
.4byte 0x2fa02f9,0x2fc02fb,0x2fe02fd,0x30002ff,0x418036f,0x3450371,0x3f031d,0x27a0279
.4byte 0x27c027b,0xa700a6,0x1150114,0xa40116,0xa60117,0xa800a7,0x1190118,0x11b011a
.4byte 0x170004,0x190018,0x0,0x1b001a,0x4001c,0xf900f8,0xfb00fa,0x9a0098
.4byte 0xfc009b,0xfe00fd,0x99009b,0x9b009a,0x2750274,0x3f0276,0x3a2031d,0x3a40419
.4byte 0x2e00337,0x2e202e1,0x2e402e3,0x2e602e5,0x2e802e7,0x2ea02e9,0x2ec02eb,0x3c602ed
.4byte 0x3c803c7,0x3c90000,0x3cb03ca,0x3cc0000,0x3ce03cd,0x2f203cf,0x2f403d0,0x2f602f5
.4byte 0x2f802f7,0x2fa02f9,0x2fc02fb,0x2fe02fd,0x30002ff,0x41a03a5,0x3f041b,0x27a0279
.4byte 0x27c027b,0xa700a6,0x1150114,0xa40116,0xa60117,0xa800a7,0x1190118,0x11b011a
.4byte 0x170004,0x190018,0x0,0x1b001a,0x4001c,0x11d011c,0x11f011e,0x80007e
.4byte 0x1200081,0x1220121,0x99009b,0x9b009a,0x2750274,0x3f0276,0x3b6031d,0x3880352
.4byte 0x2e202e1,0x2e402e3,0x2e602e5,0x2e802e7,0x2ea02e9,0x2ec02eb,0x3c602ed,0x3c803c7
.4byte 0x3c90000,0x3cb03ca,0x3cc0000,0x3ce03cd,0x2f203cf,0x2f403d0,0x2f602f5,0x2f802f7
.4byte 0x2fa02f9,0x2fc02fb,0x2fe02fd,0x30002ff,0x3b70354,0x3f03b8,0x3f031d,0x27a0279
.4byte 0x27c027b,0xa700a6,0x1270114,0x1290128,0x8d012a,0x8f008e,0x12c012b,0x12e012d
.4byte 0x170004,0x190018,0x0,0x1b001a,0x4001c,0x11d011c,0x11f011e,0x80007e
.4byte 0x1200081,0x1220121,0x99009b,0x9b009a,0x2750274,0x3f0276,0x3e5031d,0x3740373
.4byte 0x2e202e1,0x2e402e3,0x2e602e5,0x2e802e7,0x2ea02e9,0x2ec02eb,0x3c602ed,0x3c803c7
.4byte 0x3c90000,0x3cb03ca,0x3cc0000,0x3ce03cd,0x2f203cf,0x2f403d0,0x2f602f5,0x2f802f7
.4byte 0x2fa02f9,0x2fc02fb,0x2fe02fd,0x30002ff,0x3e6030f,0x3f03e7,0x3f031d,0x27a0279
.4byte 0x27c027b,0xa700a6,0x1270114,0x1290128,0x8d012a,0x8f008e,0x12c012b,0x12e012d
.4byte 0x170004,0x190018,0x0,0x1b001a,0x4001c,0xf900f8,0xfb00fa,0x9a0098
.4byte 0xfc009b,0xfe00fd,0x99009b,0x9b009a,0x2750274,0x3f0276,0x3e5031d,0x3740373
.4byte 0x2e202e1,0x2e402e3,0x2e602e5,0x2e802e7,0x2ea02e9,0x2ec02eb,0x3c602ed,0x3c803c7
.4byte 0x3c90000,0x3cb03ca,0x3cc0000,0x3ce03cd,0x2f203cf,0x2f403d0,0x2f602f5,0x2f802f7
.4byte 0x2fa02f9,0x2fc02fb,0x2fe02fd,0x30002ff,0x3e6030f,0x3f03e7,0x3f031d,0x27a0279
.4byte 0x27c027b,0xa700a6,0x1150114,0xa40116,0xa60117,0xa800a7,0x1190118,0x11b011a
.4byte 0x170004,0x190018,0x0,0x1b001a,0x4001c,0xf900f8,0xfb00fa,0x9a0098
.4byte 0xfc009b,0xfe00fd,0x99009b,0x9b009a,0x2750274,0x3f0276,0x3aa031d,0x379041c
.4byte 0x2e202e1,0x2e402e3,0x2e602e5,0x2e802e7,0x2ea02e9,0x2ec02eb,0x3c602ed,0x3c803c7
.4byte 0x3c90000,0x3cb03ca,0x3cc0000,0x3ce03cd,0x2f203cf,0x2f403d0,0x2f602f5,0x2f802f7
.4byte 0x2fa02f9,0x2fc02fb,0x2fe02fd,0x41d02ff,0x41f041e,0x3f031d,0x27a0279,0x27c027b
.4byte 0xa700a6,0x1150114,0xa40116,0xa60117,0xa800a7,0x1190118,0x11b011a,0x170004
.4byte 0x190018,0x0,0x1b001a,0x4001c,0x11d011c,0x11f011e,0x80007e,0x1200081
.4byte 0x1220121,0x99009b,0x9b009a,0x2750274,0x3f0276,0x3aa031d,0x379041c,0x2e202e1
.4byte 0x2e402e3,0x2e602e5,0x2e802e7,0x2ea02e9,0x2ec02eb,0x3c602ed,0x3c803c7,0x3c90000
.4byte 0x3cb03ca,0x3cc0000,0x3ce03cd,0x2f203cf,0x2f403d0,0x2f602f5,0x2f802f7,0x2fa02f9
.4byte 0x2fc02fb,0x2fe02fd,0x41d02ff,0x41f041e,0x3f031d,0x27a0279,0x27c027b,0xa700a6
.4byte 0x1270114,0x1290128,0x8d012a,0x8f008e,0x12c012b,0x12e012d,0x170004,0x190018
.4byte 0x0,0x1b001a,0x4001c,0x11d011c,0x11f011e,0x80007e,0x1200081,0x1220121
.4byte 0x99009b,0x9b009a,0x2750274,0x3f0276,0x406031d,0x35e0420,0x2e202e1,0x2e402e3
.4byte 0x2e602e5,0x2e802e7,0x2ea02e9,0x2ec02eb,0x3c602ed,0x3c803c7,0x3c90000,0x3cb03ca
.4byte 0x3cc0000,0x3ce03cd,0x2f203cf,0x2f403d0,0x2f602f5,0x2f802f7,0x2fa02f9,0x2fc02fb
.4byte 0x2fe02fd,0x40802ff,0x33f0421,0x3f031d,0x27a0279,0x27c027b,0xa700a6,0x1270114
.4byte 0x1290128,0x8d012a,0x8f008e,0x12c012b,0x12e012d,0x170004,0x190018,0x0
.4byte 0x1b001a,0x4001c,0xf900f8,0xfb00fa,0x9a0098,0xfc009b,0xfe00fd,0x99009b
.4byte 0x9b009a,0x2750274,0x3f0276,0x406031d,0x35e0420,0x2e202e1,0x2e402e3,0x2e602e5
.4byte 0x2e802e7,0x2ea02e9,0x2ec02eb,0x3c602ed,0x3c803c7,0x3c90000,0x3cb03ca,0x3cc0000
.4byte 0x3ce03cd,0x2f203cf,0x2f403d0,0x2f602f5,0x2f802f7,0x2fa02f9,0x2fc02fb,0x2fe02fd
.4byte 0x40802ff,0x33f0421,0x3f031d,0x27a0279,0x27c027b,0xa700a6,0x1150114,0xa40116
.4byte 0xa60117,0xa800a7,0x1190118,0x11b011a,0x170004,0x190018,0x0,0x1b001a
.4byte 0x4001c,0xf900f8,0xfb00fa,0x9a0098,0xfc009b,0xfe00fd,0x99009b,0x9b009a
.4byte 0x2750274,0x3f0276,0x3410340,0x2e102e0,0x2e302e2,0x2e502e4,0x2e702e6,0x2e902e8
.4byte 0x2eb02ea,0x2ed02ec,0x3c703c6,0x3c8,0x3ca03c9,0x3cb,0x3cd03cc,0x3cf03ce
.4byte 0x3d002f2,0x2f502f4,0x2f702f6,0x2f902f8,0x2fb02fa,0x2fd02fc,0x2ff02fe,0x3420300
.4byte 0x3440343,0x279003f,0x27b027a,0xa6027c,0x11400a7,0x1160115,0x11700a4,0xa700a6
.4byte 0x11800a8,0x11a0119,0x4011b,0x180017,0x19,0x1a0000,0x1c001b,0x11c0004
.4byte 0x11e011d,0x7e011f,0x810080,0x1210120,0x9b0122,0x9a0099,0x274009b,0x2760275
.4byte 0x340003f,0x2e00341,0x2e202e1,0x2e402e3,0x2e602e5,0x2e802e7,0x2ea02e9,0x2ec02eb
.4byte 0x3c602ed,0x3c803c7,0x3c90000,0x3cb03ca,0x3cc0000,0x3ce03cd,0x2f203cf,0x2f403d0
.4byte 0x2f602f5,0x2f802f7,0x2fa02f9,0x2fc02fb,0x2fe02fd,0x30002ff,0x3430342,0x3f0344
.4byte 0x27a0279,0x27c027b,0xa700a6,0x1270114,0x1290128,0x8d012a,0x8f008e,0x12c012b
.4byte 0x12e012d,0x170004,0x190018,0x0,0x1b001a,0x4001c,0x11d011c,0x11f011e
.4byte 0x80007e,0x1200081,0x1220121,0x99009b,0x9b009a,0x2750274,0x3f0276,0x3630362
.4byte 0x2e102e0,0x2e302e2,0x2e502e4,0x2e702e6,0x2e902e8,0x2eb02ea,0x2ed02ec,0x3c703c6
.4byte 0x3c8,0x3ca03c9,0x3cb,0x3cd03cc,0x3cf03ce,0x3d002f2,0x2f502f4,0x2f702f6
.4byte 0x2f902f8,0x2fb02fa,0x2fd02fc,0x2ff02fe,0x3640300,0x3660380,0x279003f,0x27b027a
.4byte 0xa6027c,0x11400a7,0x1280127,0x12a0129,0x8e008d,0x12b008f,0x12d012c,0x4012e
.4byte 0x180017,0x19,0x1a0000,0x1c001b,0xf80004,0xfa00f9,0x9800fb,0x9b009a
.4byte 0xfd00fc,0x9b00fe,0x9a0099,0x274009b,0x2760275,0x362003f,0x2e00363,0x2e202e1
.4byte 0x2e402e3,0x2e602e5,0x2e802e7,0x2ea02e9,0x2ec02eb,0x3c602ed,0x3c803c7,0x3c90000
.4byte 0x3cb03ca,0x3cc0000,0x3ce03cd,0x2f203cf,0x2f403d0,0x2f602f5,0x2f802f7,0x2fa02f9
.4byte 0x2fc02fb,0x2fe02fd,0x30002ff,0x3800364,0x3f0366,0x27a0279,0x27c027b,0xa700a6
.4byte 0x1150114,0xa40116,0xa60117,0xa800a7,0x1190118,0x11b011a,0x170004,0x190018
.4byte 0x0,0x1b001a,0x4001c,0xf900f8,0xfb00fa,0x9a0098,0xfc009b,0xfe00fd
.4byte 0x99009b,0x9b009a,0x2750274,0x3f0276,0x345031d,0x4230422,0x2e00337,0x2e202e1
.4byte 0x2e402e3,0x2e602e5,0x2e802e7,0x2ea02e9,0x2ec02eb,0x3c602ed,0x3c803c7,0x3c90000
.4byte 0x3cb03ca,0x3cc0000,0x3ce03cd,0x2f203cf,0x2f403d0,0x2f602f5,0x2f802f7,0x2fa02f9
.4byte 0x2fc02fb,0x2fe02fd,0x30002ff,0x4250424,0x3f039b,0x27a0279,0x27c027b,0xa700a6
.4byte 0x1150114,0xa40116,0xa60117,0xa800a7,0x1190118,0x11b011a,0x170004,0x190018
.4byte 0x0,0x1b001a,0x4001c,0x11d011c,0x11f011e,0x80007e,0x1200081,0x1220121
.4byte 0x99009b,0x9b009a,0x2750274,0x3f0276,0x345031d,0x4230422,0x2e00337,0x2e202e1
.4byte 0x2e402e3,0x2e602e5,0x2e802e7,0x2ea02e9,0x2ec02eb,0x3c602ed,0x3c803c7,0x3c90000
.4byte 0x3cb03ca,0x3cc0000,0x3ce03cd,0x2f203cf,0x2f403d0,0x2f602f5,0x2f802f7,0x2fa02f9
.4byte 0x2fc02fb,0x2fe02fd,0x30002ff,0x4250424,0x3f039b,0x27a0279,0x27c027b,0xa700a6
.4byte 0x1270114,0x1290128,0x8d012a,0x8f008e,0x12c012b,0x12e012d,0x170004,0x190018
.4byte 0x0,0x1b001a,0x4001c,0x11d011c,0x11f011e,0x80007e,0x1200081,0x1220121
.4byte 0x99009b,0x9b009a,0x2750274,0x3f0276,0x345031d,0x3680415,0x2e002e1,0x2e202e1
.4byte 0x2e402e3,0x2e602e5,0x2e802e7,0x2ea02e9,0x2ec02eb,0x3c602ed,0x3c803c7,0x3c90000
.4byte 0x3cb03ca,0x3cc0000,0x3ce03cd,0x2f203cf,0x2f403d0,0x2f602f5,0x2f802f7,0x2fa02f9
.4byte 0x2fc02fb,0x2fe02fd,0x30002ff,0x4260369,0x3f036b,0x27a0279,0x27c027b,0xa700a6
.4byte 0x1270114,0x1290128,0x8d012a,0x8f008e,0x12c012b,0x12e012d,0x170004,0x190018
.4byte 0x0,0x1b001a,0x4001c,0xf900f8,0xfb00fa,0x9a0098,0xfc009b,0xfe00fd
.4byte 0x99009b,0x9b009a,0x2750274,0x3f0276,0x345031d,0x3680415,0x2e002e1,0x2e202e1
.4byte 0x2e402e3,0x2e602e5,0x2e802e7,0x2ea02e9,0x2ec02eb,0x3c602ed,0x3c803c7,0x3c90000
.4byte 0x3cb03ca,0x3cc0000,0x3ce03cd,0x2f203cf,0x2f403d0,0x2f602f5,0x2f802f7,0x2fa02f9
.4byte 0x2fc02fb,0x2fe02fd,0x30002ff,0x4260369,0x3f036b,0x27a0279,0x27c027b,0xa700a6
.4byte 0x1150114,0xa40116,0xa60117,0xa800a7,0x1190118,0x11b011a,0x170004,0x190018
.4byte 0x0,0x1b001a,0x4001c,0x1980197,0x9a0199,0x25e025d,0x40003,0x427011b
.4byte 0x4290428,0x2e202e1,0x2e402e3,0x2e602e5,0x2e802e7,0x2ea02e9,0x2ec02eb,0x3c602ed
.4byte 0x3c803c7,0x3c90000,0x3cb03ca,0x3cc0000,0x3ce03cd,0x2f203cf,0x2f403d0,0x2f602f5
.4byte 0x2f802f7,0x2fa02f9,0x2fc02fb,0x2fe02fd,0x30002ff,0x42b042a,0x12e042c,0x4011b
.4byte 0x26b011b,0x26d026c,0x26e00a7,0x1a7026f,0x170004,0x190018,0x0,0x1b001a
.4byte 0x4001c,0x1980197,0x9a0199,0x25e025d,0x40003,0x304011b,0x3060305,0x2e102e0
.4byte 0x2e302e2,0x2e502e4,0x2e702e6,0x2e902e8,0x2eb02ea,0x2ed02ec,0x3c703c6,0x3c8
.4byte 0x3ca03c9,0x3cb,0x3cd03cc,0x3cf03ce,0x3d002f2,0x2f502f4,0x2f702f6,0x2f902f8
.4byte 0x2fb02fa,0x2fd02fc,0x2ff02fe,0x42d0307,0x12e042e,0x4011b,0x26b011b,0x26d026c
.4byte 0x26e00a7,0x1a7026f,0x170004,0x190018,0x0,0x1af030a,0x7e01b0,0x810080
.4byte 0x1210120,0x9b0122,0x9a0099,0x274009b,0x2760275,0x1ca003f,0x430042f,0x4310000
.4byte 0x4330432,0x434,0x4360435,0x390437,0xe0000,0x4390438,0x43a,0x3ca03c9
.4byte 0x3cb,0x43c043b,0x43d,0x43f043e,0x440,0x4420441,0x443,0x44401b7
.4byte 0x3f01d7,0x27a0279,0x27c027b,0xa700a6,0x1270114,0x1290128,0x8d012a,0x8f008e
.4byte 0x910090,0x930092,0x0,0x31301ae,0x980314,0x9b009a,0xfd00fc,0x9b00fe
.4byte 0x9a0099,0x274009b,0x2760275,0x1ca003f,0x430042f,0x4310000,0x4330432,0x434
.4byte 0x4360435,0x390437,0xe0000,0x4390438,0x43a,0x3ca03c9,0x3cb,0x43c043b
.4byte 0x43d,0x43f043e,0x440,0x4420441,0x443,0x44401b7,0x3f01d7,0x27a0279
.4byte 0x27c027b,0xa700a6,0x1150114,0xa40116,0xa60117,0xa800a7,0xaa00a9,0xac00ab
.4byte 0x0,0x31301ae,0x980314,0x9b009a,0xfd00fc,0x9b00fe,0x9a0099,0x274009b
.4byte 0x2760275,0x1b1003f,0x1c601c5,0x4310000,0x4330432,0x434,0x4360435,0x390437
.4byte 0xe0000,0x4390438,0x43a,0x3ca03c9,0x3cb,0x43c043b,0x43d,0x43f043e
.4byte 0x440,0x4420441,0x443,0x1b901c7,0x279003f,0x27b027a,0xa6027c,0x11400a7
.4byte 0x1160115,0x11700a4,0xa700a6,0xa900a8,0xab00aa,0xac,0x30a0000,0x1b001af
.4byte 0x80007e,0x1200081,0x1220121,0x99009b,0x9b009a,0x2750274,0x3f0276,0x1c501b1
.4byte 0x1c6,0x4320431,0x4340433,0x4350000,0x4370436,0x39,0x438000e,0x43a0439
.4byte 0x3c90000,0x3cb03ca,0x43b0000,0x43d043c,0x43e0000,0x440043f,0x4410000,0x4430442
.4byte 0x1c70000,0x3f01b9,0x27a0279,0x27c027b,0xa700a6,0x1270114,0x1290128,0x8d012a
.4byte 0x8f008e,0x910090,0x930092,0x0,0x1af030a,0x7e01b0,0x810080,0x1210120
.4byte 0x9b0122,0x9a0099,0x274009b,0x2760275,0x259003f,0x24f0445,0x4310000,0x4330432
.4byte 0x434,0x4360435,0x390437,0xe0000,0x4390438,0x43a,0x3ca03c9,0x3cb
.4byte 0x43c043b,0x43d,0x43f043e,0x440,0x4420441,0x443,0x4470446,0x279003f
.4byte 0x27b027a,0xa6027c,0x11400a7,0x1280127,0x12a0129,0x8e008d,0x90008f,0x920091
.4byte 0x93,0x1ae0000,0x3140313,0x9a0098,0xfc009b,0xfe00fd,0x99009b,0x9b009a
.4byte 0x2750274,0x3f0276,0x4450259,0x24f,0x4320431,0x4340433,0x4350000,0x4370436
.4byte 0x39,0x438000e,0x43a0439,0x3c90000,0x3cb03ca,0x43b0000,0x43d043c,0x43e0000
.4byte 0x440043f,0x4410000,0x4430442,0x4460000,0x3f0447,0x27a0279,0x27c027b,0xa700a6
.4byte 0x1150114,0xa40116,0xa60117,0xa800a7,0xaa00a9,0xac00ab,0x0,0x31301ae
.4byte 0x980314,0x9b009a,0xfd00fc,0x9b00fe,0x9a0099,0x274009b,0x2760275,0x2b5003f
.4byte 0x2c50448,0x4310000,0x4330432,0x434,0x4360435,0x390437,0xe0000,0x4390438
.4byte 0x43a,0x3ca03c9,0x3cb,0x43c043b,0x43d,0x43f043e,0x440,0x4420441
.4byte 0x443,0x44a0449,0x3f01e8,0x27a0279,0x27c027b,0xa700a6,0x1150114,0xa40116
.4byte 0xa60117,0xa800a7,0xaa00a9,0xac00ab,0x0,0x1af030a,0x7e01b0,0x810080
.4byte 0x1210120,0x9b0122,0x9a0099,0x274009b,0x2760275,0x2b5003f,0x2c50448,0x4310000
.4byte 0x4330432,0x434,0x4360435,0x390437,0xe0000,0x4390438,0x43a,0x3ca03c9
.4byte 0x3cb,0x43c043b,0x43d,0x43f043e,0x440,0x4420441,0x443,0x44a0449
.4byte 0x3f01e8,0x27a0279,0x27c027b,0xa700a6,0x1270114,0x1290128,0x8d012a,0x8f008e
.4byte 0x910090,0x930092,0x0,0x1af030a,0x7e01b0,0x810080,0x1210120,0x9b0122
.4byte 0x9a0099,0x274009b,0x2760275,0x1ee003f,0xd044b,0x4310000,0x4330432,0x434
.4byte 0x4360435,0x390437,0xe0000,0x4390438,0x43a,0x3ca03c9,0x3cb,0x43c043b
.4byte 0x43d,0x43f043e,0x440,0x4420441,0x443,0x44c01f0,0x3f01e8,0x27a0279
.4byte 0x27c027b,0xa700a6,0x1270114,0x1290128,0x8d012a,0x8f008e,0x910090,0x930092
.4byte 0x0,0x31301ae,0x980314,0x9b009a,0xfd00fc,0x9b00fe,0x9a0099,0x274009b
.4byte 0x2760275,0x1ee003f,0xd044b,0x4310000,0x4330432,0x434,0x4360435,0x390437
.4byte 0xe0000,0x4390438,0x43a,0x3ca03c9,0x3cb,0x43c043b,0x43d,0x43f043e
.4byte 0x440,0x4420441,0x443,0x44c01f0,0x3f01e8,0x27a0279,0x27c027b,0xa700a6
.4byte 0x1150114,0xa40116,0xa60117,0xa800a7,0xaa00a9,0xac00ab,0x0,0x1af030a
.4byte 0x7e01b0,0x810080,0x1210120,0x9b0122,0x9a0099,0x274009b,0x2760275,0x44d003f
.4byte 0xce044e,0x4330004,0x434,0x4360435,0xe40004,0x440,0x44f0441,0x4500004
.4byte 0x640451,0x279003f,0x27b027a,0xa6027c,0x11400a7,0x1280127,0x12a0129,0x8e008d
.4byte 0x90008f,0x920091,0x93,0x30a0000,0x1b001af,0x80007e,0x4520081,0x4540453
.4byte 0x7f0081,0x810080,0x4560455,0x3f0276,0x44e044d,0x400ce,0x4340433,0x4350000
.4byte 0x40436,0x44000e4,0x4410000,0x4044f,0x4510450,0x3f0064,0x4580457,0x45a0459
.4byte 0x8e008d,0x45c045b,0x8b045d,0x8d045e,0x8f008e,0x910090,0x930092,0x0
.4byte 0x31301ae,0x980314,0x9b009a,0x460045f,0x810461,0x80007f,0x4550081,0x2760456
.4byte 0x1ee003f,0xd044b,0x4310000,0x4330432,0x434,0x4360435,0x390437,0xe0000
.4byte 0x4390438,0x43a,0x3ca03c9,0x3cb,0x43c043b,0x43d,0x43f043e,0x440
.4byte 0x4420441,0x443,0x44c01f0,0x3f01e8,0x4580457,0x45a0459,0x8e008d,0x462045b
.4byte 0x4640463,0xa60465,0xa800a7,0xaa00a9,0xac00ab,0x0,0x1af030a,0x7e01b0
.4byte 0x810080,0x4530452,0x810454,0x80007f,0x4550081,0x2760456,0x1ee003f,0xd044b
.4byte 0x4310000,0x4330432,0x434,0x4360435,0x390437,0xe0000,0x4390438,0x43a
.4byte 0x3ca03c9,0x3cb,0x43c043b,0x43d,0x43f043e,0x440,0x4420441,0x443
.4byte 0x44c01f0,0x3f01e8,0x4580457,0x45a0459,0x8e008d,0x45c045b,0x8b045d,0x8d045e
.4byte 0x8f008e,0x910090,0x930092,0x0,0x1af030a,0x7e01b0,0x810080,0x4530452
.4byte 0x810454,0x80007f,0x4550081,0x2760456,0x2b5003f,0x2c50448,0x4310000,0x4330432
.4byte 0x434,0x4360435,0x390437,0xe0000,0x4390438,0x43a,0x3ca03c9,0x3cb
.4byte 0x43c043b,0x43d,0x43f043e,0x440,0x4420441,0x443,0x44a0449,0x3f01e8
.4byte 0x4580457,0x45a0459,0x8e008d,0x45c045b,0x8b045d,0x8d045e,0x8f008e,0x910090
.4byte 0x930092,0x0,0x31301ae,0x980314,0x9b009a,0x460045f,0x810461,0x80007f
.4byte 0x4550081,0x2760456,0x2b5003f,0x2c50448,0x4310000,0x4330432,0x434,0x4360435
.4byte 0x390437,0xe0000,0x4390438,0x43a,0x3ca03c9,0x3cb,0x43c043b,0x43d
.4byte 0x43f043e,0x440,0x4420441,0x443,0x44a0449,0x3f01e8,0x4580457,0x45a0459
.4byte 0x8e008d,0x462045b,0x4640463,0xa60465,0xa800a7,0xaa00a9,0xac00ab,0x0
.4byte 0x31301ae,0x980314,0x9b009a,0x460045f,0x810461,0x80007f,0x4550081,0x2760456
.4byte 0x259003f,0x24f0445,0x4310000,0x4330432,0x434,0x4360435,0x390437,0xe0000
.4byte 0x4390438,0x43a,0x3ca03c9,0x3cb,0x43c043b,0x43d,0x43f043e,0x440
.4byte 0x4420441,0x443,0x4470446,0x457003f,0x4590458,0x8d045a,0x45b008e,0x4630462
.4byte 0x4650464,0xa700a6,0xa900a8,0xab00aa,0xac,0x30a0000,0x1b001af,0x80007e
.4byte 0x4520081,0x4540453,0x7f0081,0x810080,0x4560455,0x3f0276,0x4450259,0x24f
.4byte 0x4320431,0x4340433,0x4350000,0x4370436,0x39,0x438000e,0x43a0439,0x3c90000
.4byte 0x3cb03ca,0x43b0000,0x43d043c,0x43e0000,0x440043f,0x4410000,0x4430442,0x4460000
.4byte 0x3f0447,0x4580457,0x45a0459,0x8e008d,0x45c045b,0x8b045d,0x8d045e,0x8f008e
.4byte 0x910090,0x930092,0x0,0x1af030a,0x7e01b0,0x810080,0x4530452,0x810454
.4byte 0x80007f,0x4550081,0x2760456,0x1b1003f,0x1c601c5,0x4310000,0x4330432,0x434
.4byte 0x4360435,0x390437,0xe0000,0x4390438,0x43a,0x3ca03c9,0x3cb,0x43c043b
.4byte 0x43d,0x43f043e,0x440,0x4420441,0x443,0x1b901c7,0x457003f,0x4590458
.4byte 0x8d045a,0x45b008e,0x45d045c,0x45e008b,0x8e008d,0x90008f,0x920091,0x93
.4byte 0x1ae0000,0x3140313,0x9a0098,0x45f009b,0x4610460,0x7f0081,0x810080,0x4560455
.4byte 0x3f0276,0x1c501b1,0x1c6,0x4320431,0x4340433,0x4350000,0x4370436,0x39
.4byte 0x438000e,0x43a0439,0x3c90000,0x3cb03ca,0x43b0000,0x43d043c,0x43e0000,0x440043f
.4byte 0x4410000,0x4430442,0x1c70000,0x3f01b9,0x4580457,0x45a0459,0x8e008d,0x462045b
.4byte 0x4640463,0xa60465,0xa800a7,0xaa00a9,0xac00ab,0x0,0x31301ae,0x980314
.4byte 0x9b009a,0x460045f,0x810461,0x80007f,0x4550081,0x2760456,0x1ca003f,0x430042f
.4byte 0x4310000,0x4330432,0x434,0x4360435,0x390437,0xe0000,0x4390438,0x43a
.4byte 0x3ca03c9,0x3cb,0x43c043b,0x43d,0x43f043e,0x440,0x4420441,0x443
.4byte 0x44401b7,0x3f01d7,0x4580457,0x45a0459,0x8e008d,0x462045b,0x4640463,0xa60465
.4byte 0xa800a7,0xaa00a9,0xac00ab,0x0,0x1af030a,0x7e01b0,0x810080,0x4530452
.4byte 0x810454,0x80007f,0x4550081,0x2760456,0x1ca003f,0x430042f,0x4310000,0x4330432
.4byte 0x434,0x4360435,0x390437,0xe0000,0x4390438,0x43a,0x3ca03c9,0x3cb
.4byte 0x43c043b,0x43d,0x43f043e,0x440,0x4420441,0x443,0x44401b7,0x3f01d7
.4byte 0x4580457,0x45a0459,0x8e008d,0x45c045b,0x8b045d,0x8d045e,0x8f008e,0x910090
.4byte 0x930092,0x0,0x1b001a,0x4001c,0x4670466,0x800468,0x46a0469,0x40003
.4byte 0x46b00c6,0x46c,0x46e046d,0x17e046f,0x4710470,0x4730472,0x4740034,0x4760475
.4byte 0x4780477,0x47a0479,0x47b0019,0x47d047c,0x47f047e,0x4810480,0x4830482,0x48401ff
.4byte 0x1540485,0x4870486,0x4890488,0x48b048a,0x13a048c,0x48e048d,0x490048f,0x2310491
.4byte 0x4930492,0x4950494,0x4970496,0x4990498,0x48d049a,0x48f048e,0x4910490,0x4920231
.4byte 0x4940493,0x4960495,0x4980497,0x49a0499,0x48e048d,0x490048f,0x2310491,0x4930492
.4byte 0x49b0494,0x49d049c,0x49f049e,0x4a104a0,0x4a304a2,0x4a4,0x4a604a5,0x4a7
.4byte 0x4a904a8,0x4ab04aa,0x4ad04ac,0x4af04ae,0x4b104b0,0x4b304b2,0x4b504b4,0x4b704b6
.4byte 0x4b904b8,0x4bb04ba,0x4bd04bc,0x4bf04be,0x4c104c0,0x4c304c2,0x4c504c4,0x4c704c6
.4byte 0x4c904c8,0x4cb04ca,0x4cd04cc,0x4cf04ce,0x4d104d0,0x4d304d2,0x43e04d4,0x4d604d5
.4byte 0x4d804d7,0x4da04d9,0x4dc04db,0x4de04dd,0x4e004df,0x4e204e1,0x4e404e3,0x4e604e5
.4byte 0x4e804e7,0x4ea04e9,0x4ec04eb,0x4ee04ed,0x4f004ef,0x4c104f1,0x4f304f2,0x4f504f4
.4byte 0x4f704f6,0x4f904f8,0x4fb04fa,0x4fd04fc,0x22b04fe,0xe0000,0x50004ff,0x12e0004
.4byte 0x5020501,0x8e0503,0x5050504,0x40506,0x180017,0x19,0x1a0000,0x1c001b
.4byte 0x4660004,0x4680467,0x4690080,0x3046a,0x50004,0x5070006,0x46d0000,0x46f046e
.4byte 0x470017e,0x4720471,0x340473,0x4750474,0x4770476,0x4790478,0x19047a,0x47c047b
.4byte 0x47e047d,0x480047f,0x4820481,0x1ff0483,0x4850484,0x4860154,0x4880487,0x48a0489
.4byte 0x48c048b,0x48d013a,0x48f048e,0x4910490,0x4920231,0x4940493,0x4960495,0x4980497
.4byte 0x49a0499,0x48e048d,0x490048f,0x2310491,0x4930492,0x4950494,0x4970496,0x4990498
.4byte 0x48d049a,0x48f048e,0x4910490,0x4920231,0x4940493,0x49c049b,0x49e049d,0x4a0049f
.4byte 0x4a204a1,0x4a404a3,0x4a50000,0x4a704a6,0x4a80000,0x4aa04a9,0x4ac04ab,0x4ae04ad
.4byte 0x4b004af,0x4b204b1,0x4b404b3,0x4b604b5,0x4b804b7,0x4ba04b9,0x4bc04bb,0x4be04bd
.4byte 0x4c004bf,0x4c204c1,0x4c404c3,0x4c604c5,0x4c804c7,0x4ca04c9,0x4cc04cb,0x4ce04cd
.4byte 0x4d004cf,0x4d204d1,0x4d404d3,0x4d5043e,0x4d704d6,0x4d904d8,0x4db04da,0x4dd04dc
.4byte 0x4df04de,0x4e104e0,0x4e304e2,0x4e504e4,0x4e704e6,0x4e904e8,0x4eb04ea,0x4ed04ec
.4byte 0x4ef04ee,0x4f104f0,0x4f204c1,0x4f404f3,0x4f604f5,0x4f804f7,0x4fa04f9,0x4fc04fb
.4byte 0x4fe04fd,0x22b,0x5080028,0x4002a,0x501012e,0x5030502,0x504008e,0x5060505
.4byte 0x170004,0x190018,0x0,0x1b001a,0x4001c,0x50a0509,0x9a0199,0x45f009b
.4byte 0x4610460,0x7f0081,0x810080,0x4560455,0x3f0276,0x50b01e9,0x2d3,0x46e046d
.4byte 0x17e046f,0x4710470,0x4730472,0x4740034,0x4760475,0x4780477,0x47a0479,0x47b0019
.4byte 0x47d047c,0x47f047e,0x4810480,0x4830482,0x48401ff,0x1540485,0x4870486,0x4890488
.4byte 0x48b048a,0x13a048c,0x48e048d,0x490048f,0x2310491,0x4930492,0x4950494,0x4970496
.4byte 0x4990498,0x48d049a,0x48f048e,0x4910490,0x4920231,0x4940493,0x4960495,0x4980497
.4byte 0x49a0499,0x48e048d,0x490048f,0x2310491,0x4930492,0x49b0494,0x49d049c,0x49f049e
.4byte 0x4a104a0,0x4a304a2,0x4a4,0x4a604a5,0x4a7,0x4a904a8,0x4ab04aa,0x4ad04ac
.4byte 0x4af04ae,0x4b104b0,0x4b304b2,0x4b504b4,0x4b704b6,0x4b904b8,0x4bb04ba,0x4bd04bc
.4byte 0x4bf04be,0x4c104c0,0x4c304c2,0x4c504c4,0x4c704c6,0x4c904c8,0x4cb04ca,0x4cd04cc
.4byte 0x4cf04ce,0x4d104d0,0x4d304d2,0x43e04d4,0x4d604d5,0x4d804d7,0x4da04d9,0x4dc04db
.4byte 0x4de04dd,0x4e004df,0x4e204e1,0x4e404e3,0x4e604e5,0x4e804e7,0x4ea04e9,0x4ec04eb
.4byte 0x4ee04ed,0x4f004ef,0x4c104f1,0x4f304f2,0x4f504f4,0x4f704f6,0x4f904f8,0x4fb04fa
.4byte 0x4fd04fc,0x22b04fe,0x50c0000,0x50e050d,0x457003f,0x4590458,0x8d045a,0x45b008e
.4byte 0x4630462,0x4650464,0xa700a6,0x11800a8,0x11a0119,0x4011b,0x180017,0x19
.4byte 0x1a0000,0x1c001b,0x50f0004,0x5110510,0x810080,0x4530452,0x810454,0x80007f
.4byte 0x4550081,0x2760456,0x1e9003f,0x2d3050b,0x46d0000,0x46f046e,0x470017e,0x4720471
.4byte 0x340473,0x4750474,0x4770476,0x4790478,0x19047a,0x47c047b,0x47e047d,0x480047f
.4byte 0x4820481,0x1ff0483,0x4850484,0x4860154,0x4880487,0x48a0489,0x48c048b,0x48d013a
.4byte 0x48f048e,0x4910490,0x4920231,0x4940493,0x4960495,0x4980497,0x49a0499,0x48e048d
.4byte 0x490048f,0x2310491,0x4930492,0x4950494,0x4970496,0x4990498,0x48d049a,0x48f048e
.4byte 0x4910490,0x4920231,0x4940493,0x49c049b,0x49e049d,0x4a0049f,0x4a204a1,0x4a404a3
.4byte 0x4a50000,0x4a704a6,0x4a80000,0x4aa04a9,0x4ac04ab,0x4ae04ad,0x4b004af,0x4b204b1
.4byte 0x4b404b3,0x4b604b5,0x4b804b7,0x4ba04b9,0x4bc04bb,0x4be04bd,0x4c004bf,0x4c204c1
.4byte 0x4c404c3,0x4c604c5,0x4c804c7,0x4ca04c9,0x4cc04cb,0x4ce04cd,0x4d004cf,0x4d204d1
.4byte 0x4d404d3,0x4d5043e,0x4d704d6,0x4d904d8,0x4db04da,0x4dd04dc,0x4df04de,0x4e104e0
.4byte 0x4e304e2,0x4e504e4,0x4e704e6,0x4e904e8,0x4eb04ea,0x4ed04ec,0x4ef04ee,0x4f104f0
.4byte 0x4f204c1,0x4f404f3,0x4f604f5,0x4f804f7,0x4fa04f9,0x4fc04fb,0x4fe04fd,0x22b
.4byte 0x50d050c,0x3f050e,0x4580457,0x45a0459,0x8e008d,0x45c045b,0x8b045d,0x8d045e
.4byte 0x8f008e,0x12c012b,0x12e012d,0x170004,0x190018,0x0,0x1b001a,0x4001c
.4byte 0x510050f,0x800511,0x4520081,0x4540453,0x7f0081,0x810080,0x4560455,0x3f0276
.4byte 0x2ba01e9,0x2bb,0x46e046d,0x17e046f,0x4710470,0x4730472,0x4740034,0x4760475
.4byte 0x4780477,0x47a0479,0x47b0019,0x47d047c,0x47f047e,0x4810480,0x4830482,0x48401ff
.4byte 0x1540485,0x4870486,0x4890488,0x48b048a,0x13a048c,0x48e048d,0x490048f,0x2310491
.4byte 0x4930492,0x4950494,0x4970496,0x4990498,0x48d049a,0x48f048e,0x4910490,0x4920231
.4byte 0x4940493,0x4960495,0x4980497,0x49a0499,0x48e048d,0x490048f,0x2310491,0x4930492
.4byte 0x49b0494,0x49d049c,0x49f049e,0x4a104a0,0x4a304a2,0x4a4,0x4a604a5,0x4a7
.4byte 0x4a904a8,0x4ab04aa,0x4ad04ac,0x4af04ae,0x4b104b0,0x4b304b2,0x4b504b4,0x4b704b6
.4byte 0x4b904b8,0x4bb04ba,0x4bd04bc,0x4bf04be,0x4c104c0,0x4c304c2,0x4c504c4,0x4c704c6
.4byte 0x4c904c8,0x4cb04ca,0x4cd04cc,0x4cf04ce,0x4d104d0,0x4d304d2,0x43e04d4,0x4d604d5
.4byte 0x4d804d7,0x4da04d9,0x4dc04db,0x4de04dd,0x4e004df,0x4e204e1,0x4e404e3,0x4e604e5
.4byte 0x4e804e7,0x4ea04e9,0x4ec04eb,0x4ee04ed,0x4f004ef,0x4c104f1,0x4f304f2,0x4f504f4
.4byte 0x4f704f6,0x4f904f8,0x4fb04fa,0x4fd04fc,0x22b04fe,0x280000,0x5130512,0x457003f
.4byte 0x4590458,0x8d045a,0x45b008e,0x45d045c,0x45e008b,0x8e008d,0x12b008f,0x12d012c
.4byte 0x4012e,0x180017,0x19,0x1a0000,0x1c001b,0x5090004,0x199050a,0x9b009a
.4byte 0x460045f,0x810461,0x80007f,0x4550081,0x2760456,0x1e9003f,0x2bb02ba,0x46d0000
.4byte 0x46f046e,0x470017e,0x4720471,0x340473,0x4750474,0x4770476,0x4790478,0x19047a
.4byte 0x47c047b,0x47e047d,0x480047f,0x4820481,0x1ff0483,0x4850484,0x4860154,0x4880487
.4byte 0x48a0489,0x48c048b,0x48d013a,0x48f048e,0x4910490,0x4920231,0x4940493,0x4960495
.4byte 0x4980497,0x49a0499,0x48e048d,0x490048f,0x2310491,0x4930492,0x4950494,0x4970496
.4byte 0x4990498,0x48d049a,0x48f048e,0x4910490,0x4920231,0x4940493,0x49c049b,0x49e049d
.4byte 0x4a0049f,0x4a204a1,0x4a404a3,0x4a50000,0x4a704a6,0x4a80000,0x4aa04a9,0x4ac04ab
.4byte 0x4ae04ad,0x4b004af,0x4b204b1,0x4b404b3,0x4b604b5,0x4b804b7,0x4ba04b9,0x4bc04bb
.4byte 0x4be04bd,0x4c004bf,0x4c204c1,0x4c404c3,0x4c604c5,0x4c804c7,0x4ca04c9,0x4cc04cb
.4byte 0x4ce04cd,0x4d004cf,0x4d204d1,0x4d404d3,0x4d5043e,0x4d704d6,0x4d904d8,0x4db04da
.4byte 0x4dd04dc,0x4df04de,0x4e104e0,0x4e304e2,0x4e504e4,0x4e704e6,0x4e904e8,0x4eb04ea
.4byte 0x4ed04ec,0x4ef04ee,0x4f104f0,0x4f204c1,0x4f404f3,0x4f604f5,0x4f804f7,0x4fa04f9
.4byte 0x4fc04fb,0x4fe04fd,0x22b,0x5120028,0x3f0513,0x4580457,0x45a0459,0x8e008d
.4byte 0x462045b,0x4640463,0xa60465,0xa800a7,0x1190118,0x11b011a,0x170004,0x190018
.4byte 0x0,0x1b001a,0x4001c,0x50a0509,0x9a0199,0x45f009b,0x4610460,0x7f0081
.4byte 0x810080,0x4560455,0x3f0276,0x5150514,0x46d0000,0x46f046e,0x470017e,0x4720471
.4byte 0x340473,0x4750474,0x4770476,0x4790478,0x19047a,0x47c047b,0x47e047d,0x480047f
.4byte 0x4820481,0x1ff0483,0x4850484,0x4860154,0x4880487,0x48a0489,0x48c048b,0x48d013a
.4byte 0x48f048e,0x4910490,0x4920231,0x4940493,0x4960495,0x4980497,0x49a0499,0x48e048d
.4byte 0x490048f,0x2310491,0x4930492,0x4950494,0x4970496,0x4990498,0x48d049a,0x48f048e
.4byte 0x4910490,0x4920231,0x4940493,0x49c049b,0x49e049d,0x4a0049f,0x4a204a1,0x4a404a3
.4byte 0x4a50000,0x4a704a6,0x4a80000,0x4aa04a9,0x4ac04ab,0x4ae04ad,0x4b004af,0x4b204b1
.4byte 0x4b404b3,0x4b604b5,0x4b804b7,0x4ba04b9,0x4bc04bb,0x4be04bd,0x4c004bf,0x4c204c1
.4byte 0x4c404c3,0x4c604c5,0x4c804c7,0x4ca04c9,0x4cc04cb,0x4ce04cd,0x4d004cf,0x4d204d1
.4byte 0x4d404d3,0x4d5043e,0x4d704d6,0x4d904d8,0x4db04da,0x4dd04dc,0x4df04de,0x4e104e0
.4byte 0x4e304e2,0x4e504e4,0x4e704e6,0x4e904e8,0x4eb04ea,0x4ed04ec,0x4ef04ee,0x4f104f0
.4byte 0x4f204c1,0x4f404f3,0x4f604f5,0x4f804f7,0x4fa04f9,0x4fc04fb,0x4fe04fd,0x22b
.4byte 0x516021c,0x3f0517,0x4580457,0x45a0459,0x8e008d,0x462045b,0x4640463,0xa60465
.4byte 0xa800a7,0x1190118,0x11b011a,0x170004,0x190018,0x0,0x1b001a,0x4001c
.4byte 0x510050f,0x800511,0x4520081,0x4540453,0x7f0081,0x810080,0x4560455,0x3f0276
.4byte 0x5150514,0x46d0000,0x46f046e,0x470017e,0x4720471,0x340473,0x4750474,0x4770476
.4byte 0x4790478,0x19047a,0x47c047b,0x47e047d,0x480047f,0x4820481,0x1ff0483,0x4850484
.4byte 0x4860154,0x4880487,0x48a0489,0x48c048b,0x48d013a,0x48f048e,0x4910490,0x4920231
.4byte 0x4940493,0x4960495,0x4980497,0x49a0499,0x48e048d,0x490048f,0x2310491,0x4930492
.4byte 0x4950494,0x4970496,0x4990498,0x48d049a,0x48f048e,0x4910490,0x4920231,0x4940493
.4byte 0x49c049b,0x49e049d,0x4a0049f,0x4a204a1,0x4a404a3,0x4a50000,0x4a704a6,0x4a80000
.4byte 0x4aa04a9,0x4ac04ab,0x4ae04ad,0x4b004af,0x4b204b1,0x4b404b3,0x4b604b5,0x4b804b7
.4byte 0x4ba04b9,0x4bc04bb,0x4be04bd,0x4c004bf,0x4c204c1,0x4c404c3,0x4c604c5,0x4c804c7
.4byte 0x4ca04c9,0x4cc04cb,0x4ce04cd,0x4d004cf,0x4d204d1,0x4d404d3,0x4d5043e,0x4d704d6
.4byte 0x4d904d8,0x4db04da,0x4dd04dc,0x4df04de,0x4e104e0,0x4e304e2,0x4e504e4,0x4e704e6
.4byte 0x4e904e8,0x4eb04ea,0x4ed04ec,0x4ef04ee,0x4f104f0,0x4f204c1,0x4f404f3,0x4f604f5
.4byte 0x4f804f7,0x4fa04f9,0x4fc04fb,0x4fe04fd,0x22b,0x516021c,0x3f0517,0x4580457
.4byte 0x45a0459,0x8e008d,0x45c045b,0x8b045d,0x8d045e,0x8f008e,0x12c012b,0x12e012d
.4byte 0x170004,0x190018,0x0,0x1b001a,0x4001c,0x510050f,0x800511,0x4520081
.4byte 0x4540453,0x7f0081,0x810080,0x4560455,0x3f0276,0x5190518,0x46d0000,0x46f046e
.4byte 0x470017e,0x4720471,0x340473,0x4750474,0x4770476,0x4790478,0x19047a,0x47c047b
.4byte 0x47e047d,0x480047f,0x4820481,0x1ff0483,0x4850484,0x4860154,0x4880487,0x48a0489
.4byte 0x48c048b,0x48d013a,0x48f048e,0x4910490,0x4920231,0x4940493,0x4960495,0x4980497
.4byte 0x49a0499,0x48e048d,0x490048f,0x2310491,0x4930492,0x4950494,0x4970496,0x4990498
.4byte 0x48d049a,0x48f048e,0x4910490,0x4920231,0x4940493,0x49c049b,0x49e049d,0x4a0049f
.4byte 0x4a204a1,0x4a404a3,0x4a50000,0x4a704a6,0x4a80000,0x4aa04a9,0x4ac04ab,0x4ae04ad
.4byte 0x4b004af,0x4b204b1,0x4b404b3,0x4b604b5,0x4b804b7,0x4ba04b9,0x4bc04bb,0x4be04bd
.4byte 0x4c004bf,0x4c204c1,0x4c404c3,0x4c604c5,0x4c804c7,0x4ca04c9,0x4cc04cb,0x4ce04cd
.4byte 0x4d004cf,0x4d204d1,0x4d404d3,0x4d5043e,0x4d704d6,0x4d904d8,0x4db04da,0x4dd04dc
.4byte 0x4df04de,0x4e104e0,0x4e304e2,0x4e504e4,0x4e704e6,0x4e904e8,0x4eb04ea,0x4ed04ec
.4byte 0x4ef04ee,0x4f104f0,0x4f204c1,0x4f404f3,0x4f604f5,0x4f804f7,0x4fa04f9,0x4fc04fb
.4byte 0x4fe04fd,0x22b,0x51b051a,0x3f051c,0x4580457,0x45a0459,0x8e008d,0x45c045b
.4byte 0x8b045d,0x8d045e,0x8f008e,0x12c012b,0x12e012d,0x170004,0x190018,0x0
.4byte 0x1b001a,0x4001c,0x50a0509,0x9a0199,0x45f009b,0x4610460,0x7f0081,0x810080
.4byte 0x4560455,0x3f0276,0x5190518,0x46d0000,0x46f046e,0x470017e,0x4720471,0x340473
.4byte 0x4750474,0x4770476,0x4790478,0x19047a,0x47c047b,0x47e047d,0x480047f,0x4820481
.4byte 0x1ff0483,0x4850484,0x4860154,0x4880487,0x48a0489,0x48c048b,0x48d013a,0x48f048e
.4byte 0x4910490,0x4920231,0x4940493,0x4960495,0x4980497,0x49a0499,0x48e048d,0x490048f
.4byte 0x2310491,0x4930492,0x4950494,0x4970496,0x4990498,0x48d049a,0x48f048e,0x4910490
.4byte 0x4920231,0x4940493,0x49c049b,0x49e049d,0x4a0049f,0x4a204a1,0x4a404a3,0x4a50000
.4byte 0x4a704a6,0x4a80000,0x4aa04a9,0x4ac04ab,0x4ae04ad,0x4b004af,0x4b204b1,0x4b404b3
.4byte 0x4b604b5,0x4b804b7,0x4ba04b9,0x4bc04bb,0x4be04bd,0x4c004bf,0x4c204c1,0x4c404c3
.4byte 0x4c604c5,0x4c804c7,0x4ca04c9,0x4cc04cb,0x4ce04cd,0x4d004cf,0x4d204d1,0x4d404d3
.4byte 0x4d5043e,0x4d704d6,0x4d904d8,0x4db04da,0x4dd04dc,0x4df04de,0x4e104e0,0x4e304e2
.4byte 0x4e504e4,0x4e704e6,0x4e904e8,0x4eb04ea,0x4ed04ec,0x4ef04ee,0x4f104f0,0x4f204c1
.4byte 0x4f404f3,0x4f604f5,0x4f804f7,0x4fa04f9,0x4fc04fb,0x4fe04fd,0x22b,0x51b051a
.4byte 0x3f051c,0x4580457,0x45a0459,0x8e008d,0x462045b,0x4640463,0xa60465,0xa800a7
.4byte 0x1190118,0x11b011a,0x170004,0x190018,0x0,0x1b001a,0x4001c,0x50a0509
.4byte 0x9a0199,0x45f009b,0x4610460,0x7f0081,0x810080,0x4560455,0x3f0276,0x51d02ab
.4byte 0x1d0,0x46e046d,0x17e046f,0x4710470,0x4730472,0x4740034,0x4760475,0x4780477
.4byte 0x47a0479,0x47b0019,0x47d047c,0x47f047e,0x4810480,0x4830482,0x48401ff,0x1540485
.4byte 0x4870486,0x4890488,0x48b048a,0x13a048c,0x48e048d,0x490048f,0x2310491,0x4930492
.4byte 0x4950494,0x4970496,0x4990498,0x48d049a,0x48f048e,0x4910490,0x4920231,0x4940493
.4byte 0x4960495,0x4980497,0x49a0499,0x48e048d,0x490048f,0x2310491,0x4930492,0x49b0494
.4byte 0x49d049c,0x49f049e,0x4a104a0,0x4a304a2,0x4a4,0x4a604a5,0x4a7,0x4a904a8
.4byte 0x4ab04aa,0x4ad04ac,0x4af04ae,0x4b104b0,0x4b304b2,0x4b504b4,0x4b704b6,0x4b904b8
.4byte 0x4bb04ba,0x4bd04bc,0x4bf04be,0x4c104c0,0x4c304c2,0x4c504c4,0x4c704c6,0x4c904c8
.4byte 0x4cb04ca,0x4cd04cc,0x4cf04ce,0x4d104d0,0x4d304d2,0x43e04d4,0x4d604d5,0x4d804d7
.4byte 0x4da04d9,0x4dc04db,0x4de04dd,0x4e004df,0x4e204e1,0x4e404e3,0x4e604e5,0x4e804e7
.4byte 0x4ea04e9,0x4ec04eb,0x4ee04ed,0x4f004ef,0x4c104f1,0x4f304f2,0x4f504f4,0x4f704f6
.4byte 0x4f904f8,0x4fb04fa,0x4fd04fc,0x22b04fe,0x51e0000,0x1d3051f,0x457003f,0x4590458
.4byte 0x8d045a,0x45b008e,0x4630462,0x4650464,0xa700a6,0x11800a8,0x11a0119,0x4011b
.4byte 0x180017,0x19,0x1a0000,0x1c001b,0x50f0004,0x5110510,0x810080,0x4530452
.4byte 0x810454,0x80007f,0x4550081,0x2760456,0x2ab003f,0x1d0051d,0x46d0000,0x46f046e
.4byte 0x470017e,0x4720471,0x340473,0x4750474,0x4770476,0x4790478,0x19047a,0x47c047b
.4byte 0x47e047d,0x480047f,0x4820481,0x1ff0483,0x4850484,0x4860154,0x4880487,0x48a0489
.4byte 0x48c048b,0x48d013a,0x48f048e,0x4910490,0x4920231,0x4940493,0x4960495,0x4980497
.4byte 0x49a0499,0x48e048d,0x490048f,0x2310491,0x4930492,0x4950494,0x4970496,0x4990498
.4byte 0x48d049a,0x48f048e,0x4910490,0x4920231,0x4940493,0x49c049b,0x49e049d,0x4a0049f
.4byte 0x4a204a1,0x4a404a3,0x4a50000,0x4a704a6,0x4a80000,0x4aa04a9,0x4ac04ab,0x4ae04ad
.4byte 0x4b004af,0x4b204b1,0x4b404b3,0x4b604b5,0x4b804b7,0x4ba04b9,0x4bc04bb,0x4be04bd
.4byte 0x4c004bf,0x4c204c1,0x4c404c3,0x4c604c5,0x4c804c7,0x4ca04c9,0x4cc04cb,0x4ce04cd
.4byte 0x4d004cf,0x4d204d1,0x4d404d3,0x4d5043e,0x4d704d6,0x4d904d8,0x4db04da,0x4dd04dc
.4byte 0x4df04de,0x4e104e0,0x4e304e2,0x4e504e4,0x4e704e6,0x4e904e8,0x4eb04ea,0x4ed04ec
.4byte 0x4ef04ee,0x4f104f0,0x4f204c1,0x4f404f3,0x4f604f5,0x4f804f7,0x4fa04f9,0x4fc04fb
.4byte 0x4fe04fd,0x22b,0x51f051e,0x3f01d3,0x4580457,0x45a0459,0x8e008d,0x45c045b
.4byte 0x8b045d,0x8d045e,0x8f008e,0x12c012b,0x12e012d,0x170004,0x190018,0x0
.4byte 0x1b001a,0x4001c,0x510050f,0x800511,0x4520081,0x4540453,0x7f0081,0x810080
.4byte 0x4560455,0x3f0276,0x5200223,0x1e5,0x46e046d,0x17e046f,0x4710470,0x4730472
.4byte 0x4740034,0x4760475,0x4780477,0x47a0479,0x47b0019,0x47d047c,0x47f047e,0x4810480
.4byte 0x4830482,0x48401ff,0x1540485,0x4870486,0x4890488,0x48b048a,0x13a048c,0x48e048d
.4byte 0x490048f,0x2310491,0x4930492,0x4950494,0x4970496,0x4990498,0x48d049a,0x48f048e
.4byte 0x4910490,0x4920231,0x4940493,0x4960495,0x4980497,0x49a0499,0x48e048d,0x490048f
.4byte 0x2310491,0x4930492,0x49b0494,0x49d049c,0x49f049e,0x4a104a0,0x4a304a2,0x4a4
.4byte 0x4a604a5,0x4a7,0x4a904a8,0x4ab04aa,0x4ad04ac,0x4af04ae,0x4b104b0,0x4b304b2
.4byte 0x4b504b4,0x4b704b6,0x4b904b8,0x4bb04ba,0x4bd04bc,0x4bf04be,0x4c104c0,0x4c304c2
.4byte 0x4c504c4,0x4c704c6,0x4c904c8,0x4cb04ca,0x4cd04cc,0x4cf04ce,0x4d104d0,0x4d304d2
.4byte 0x43e04d4,0x4d604d5,0x4d804d7,0x4da04d9,0x4dc04db,0x4de04dd,0x4e004df,0x4e204e1
.4byte 0x4e404e3,0x4e604e5,0x4e804e7,0x4ea04e9,0x4ec04eb,0x4ee04ed,0x4f004ef,0x4c104f1
.4byte 0x4f304f2,0x4f504f4,0x4f704f6,0x4f904f8,0x4fb04fa,0x4fd04fc,0x22b04fe,0x5210000
.4byte 0x1e80226,0x457003f,0x4590458,0x8d045a,0x45b008e,0x45d045c,0x45e008b,0x8e008d
.4byte 0x12b008f,0x12d012c,0x4012e,0x180017,0x19,0x1a0000,0x1c001b,0x5090004
.4byte 0x199050a,0x9b009a,0x460045f,0x810461,0x80007f,0x4550081,0x2760456,0x223003f
.4byte 0x1e50520,0x46d0000,0x46f046e,0x470017e,0x4720471,0x340473,0x4750474,0x4770476
.4byte 0x4790478,0x19047a,0x47c047b,0x47e047d,0x480047f,0x4820481,0x1ff0483,0x4850484
.4byte 0x4860154,0x4880487,0x48a0489,0x48c048b,0x48d013a,0x48f048e,0x4910490,0x4920231
.4byte 0x4940493,0x4960495,0x4980497,0x49a0499,0x48e048d,0x490048f,0x2310491,0x4930492
.4byte 0x4950494,0x4970496,0x4990498,0x48d049a,0x48f048e,0x4910490,0x4920231,0x4940493
.4byte 0x49c049b,0x49e049d,0x4a0049f,0x4a204a1,0x4a404a3,0x4a50000,0x4a704a6,0x4a80000
.4byte 0x4aa04a9,0x4ac04ab,0x4ae04ad,0x4b004af,0x4b204b1,0x4b404b3,0x4b604b5,0x4b804b7
.4byte 0x4ba04b9,0x4bc04bb,0x4be04bd,0x4c004bf,0x4c204c1,0x4c404c3,0x4c604c5,0x4c804c7
.4byte 0x4ca04c9,0x4cc04cb,0x4ce04cd,0x4d004cf,0x4d204d1,0x4d404d3,0x4d5043e,0x4d704d6
.4byte 0x4d904d8,0x4db04da,0x4dd04dc,0x4df04de,0x4e104e0,0x4e304e2,0x4e504e4,0x4e704e6
.4byte 0x4e904e8,0x4eb04ea,0x4ed04ec,0x4ef04ee,0x4f104f0,0x4f204c1,0x4f404f3,0x4f604f5
.4byte 0x4f804f7,0x4fa04f9,0x4fc04fb,0x4fe04fd,0x22b,0x2260521,0x3f01e8,0x4580457
.4byte 0x45a0459,0x8e008d,0x462045b,0x4640463,0xa60465,0xa800a7,0x1190118,0x11b011a
.4byte 0x170004,0x190018,0x0,0x1b001a,0x4001c,0x50a0509,0x9a0199,0x45f009b
.4byte 0x4610460,0x7f0081,0x810080,0x4560455,0x3f0276,0x4480297,0x2c5,0x46e046d
.4byte 0x17e046f,0x4710470,0x4730472,0x4740034,0x4760475,0x4780477,0x47a0479,0x47b0019
.4byte 0x47d047c,0x47f047e,0x4810480,0x4830482,0x48401ff,0x1540485,0x4870486,0x4890488
.4byte 0x48b048a,0x13a048c,0x48e048d,0x490048f,0x2310491,0x4930492,0x4950494,0x4970496
.4byte 0x4990498,0x48d049a,0x48f048e,0x4910490,0x4920231,0x4940493,0x4960495,0x4980497
.4byte 0x49a0499,0x48e048d,0x490048f,0x2310491,0x4930492,0x49b0494,0x49d049c,0x49f049e
.4byte 0x4a104a0,0x4a304a2,0x4a4,0x4a604a5,0x4a7,0x4a904a8,0x4ab04aa,0x4ad04ac
.4byte 0x4af04ae,0x4b104b0,0x4b304b2,0x4b504b4,0x4b704b6,0x4b904b8,0x4bb04ba,0x4bd04bc
.4byte 0x4bf04be,0x4c104c0,0x4c304c2,0x4c504c4,0x4c704c6,0x4c904c8,0x4cb04ca,0x4cd04cc
.4byte 0x4cf04ce,0x4d104d0,0x4d304d2,0x43e04d4,0x4d604d5,0x4d804d7,0x4da04d9,0x4dc04db
.4byte 0x4de04dd,0x4e004df,0x4e204e1,0x4e404e3,0x4e604e5,0x4e804e7,0x4ea04e9,0x4ec04eb
.4byte 0x4ee04ed,0x4f004ef,0x4c104f1,0x4f304f2,0x4f504f4,0x4f704f6,0x4f904f8,0x4fb04fa
.4byte 0x4fd04fc,0x22b04fe,0x4490000,0x1e80522,0x457003f,0x4590458,0x8d045a,0x45b008e
.4byte 0x4630462,0x4650464,0xa700a6,0x11800a8,0x11a0119,0x4011b,0x180017,0x19
.4byte 0x1a0000,0x1c001b,0x50f0004,0x5110510,0x810080,0x4530452,0x810454,0x80007f
.4byte 0x4550081,0x2760456,0x297003f,0x2c50448,0x46d0000,0x46f046e,0x470017e,0x4720471
.4byte 0x340473,0x4750474,0x4770476,0x4790478,0x19047a,0x47c047b,0x47e047d,0x480047f
.4byte 0x4820481,0x1ff0483,0x4850484,0x4860154,0x4880487,0x48a0489,0x48c048b,0x48d013a
.4byte 0x48f048e,0x4910490,0x4920231,0x4940493,0x4960495,0x4980497,0x49a0499,0x48e048d
.4byte 0x490048f,0x2310491,0x4930492,0x4950494,0x4970496,0x4990498,0x48d049a,0x48f048e
.4byte 0x4910490,0x4920231,0x4940493,0x49c049b,0x49e049d,0x4a0049f,0x4a204a1,0x4a404a3
.4byte 0x4a50000,0x4a704a6,0x4a80000,0x4aa04a9,0x4ac04ab,0x4ae04ad,0x4b004af,0x4b204b1
.4byte 0x4b404b3,0x4b604b5,0x4b804b7,0x4ba04b9,0x4bc04bb,0x4be04bd,0x4c004bf,0x4c204c1
.4byte 0x4c404c3,0x4c604c5,0x4c804c7,0x4ca04c9,0x4cc04cb,0x4ce04cd,0x4d004cf,0x4d204d1
.4byte 0x4d404d3,0x4d5043e,0x4d704d6,0x4d904d8,0x4db04da,0x4dd04dc,0x4df04de,0x4e104e0
.4byte 0x4e304e2,0x4e504e4,0x4e704e6,0x4e904e8,0x4eb04ea,0x4ed04ec,0x4ef04ee,0x4f104f0
.4byte 0x4f204c1,0x4f404f3,0x4f604f5,0x4f804f7,0x4fa04f9,0x4fc04fb,0x4fe04fd,0x22b
.4byte 0x5220449,0x3f01e8,0x4580457,0x45a0459,0x8e008d,0x45c045b,0x8b045d,0x8d045e
.4byte 0x8f008e,0x12c012b,0x12e012d,0x170004,0x190018,0x0,0x1b001a,0x4001c
.4byte 0x510050f,0x800511,0x4520081,0x4540453,0x7f0081,0x810080,0x4560455,0x3f0276
.4byte 0x2450244,0x2d,0x46e046d,0x17e046f,0x4710470,0x4730472,0x4740034,0x4760475
.4byte 0x4780477,0x47a0479,0x47b0019,0x47d047c,0x47f047e,0x4810480,0x4830482,0x48401ff
.4byte 0x1540485,0x4870486,0x4890488,0x48b048a,0x13a048c,0x48e048d,0x490048f,0x2310491
.4byte 0x4930492,0x4950494,0x4970496,0x4990498,0x48d049a,0x48f048e,0x4910490,0x4920231
.4byte 0x4940493,0x4960495,0x4980497,0x49a0499,0x48e048d,0x490048f,0x2310491,0x4930492
.4byte 0x49b0494,0x49d049c,0x49f049e,0x4a104a0,0x4a304a2,0x4a4,0x4a604a5,0x4a7
.4byte 0x4a904a8,0x4ab04aa,0x4ad04ac,0x4af04ae,0x4b104b0,0x4b304b2,0x4b504b4,0x4b704b6
.4byte 0x4b904b8,0x4bb04ba,0x4bd04bc,0x4bf04be,0x4c104c0,0x4c304c2,0x4c504c4,0x4c704c6
.4byte 0x4c904c8,0x4cb04ca,0x4cd04cc,0x4cf04ce,0x4d104d0,0x4d304d2,0x43e04d4,0x4d604d5
.4byte 0x4d804d7,0x4da04d9,0x4dc04db,0x4de04dd,0x4e004df,0x4e204e1,0x4e404e3,0x4e604e5
.4byte 0x4e804e7,0x4ea04e9,0x4ec04eb,0x4ee04ed,0x4f004ef,0x4c104f1,0x4f304f2,0x4f504f4
.4byte 0x4f704f6,0x4f904f8,0x4fb04fa,0x4fd04fc,0x22b04fe,0x2460000,0x3f0247,0x4580457
.4byte 0x45a0459,0x8e008d,0x45c045b,0x8b045d,0x8d045e,0x8f008e,0x12c012b,0x12e012d
.4byte 0x170004,0x190018,0x0,0x1b001a,0x4001c,0x50a0509,0x9a0199,0x45f009b
.4byte 0x4610460,0x7f0081,0x810080,0x4560455,0x3f0276,0x1b201b1,0x1c6,0x46e046d
.4byte 0x17e046f,0x4710470,0x4730472,0x4740034,0x4760475,0x4780477,0x47a0479,0x47b0019
.4byte 0x47d047c,0x47f047e,0x4810480,0x4830482,0x48401ff,0x1540485,0x4870486,0x4890488
.4byte 0x48b048a,0x13a048c,0x48e048d,0x490048f,0x2310491,0x4930492,0x4950494,0x4970496
.4byte 0x4990498,0x48d049a,0x48f048e,0x4910490,0x4920231,0x4940493,0x4960495,0x4980497
.4byte 0x49a0499,0x48e048d,0x490048f,0x2310491,0x4930492,0x49b0494,0x49d049c,0x49f049e
.4byte 0x4a104a0,0x4a304a2,0x4a4,0x4a604a5,0x4a7,0x4a904a8,0x4ab04aa,0x4ad04ac
.4byte 0x4af04ae,0x4b104b0,0x4b304b2,0x4b504b4,0x4b704b6,0x4b904b8,0x4bb04ba,0x4bd04bc
.4byte 0x4bf04be,0x4c104c0,0x4c304c2,0x4c504c4,0x4c704c6,0x4c904c8,0x4cb04ca,0x4cd04cc
.4byte 0x4cf04ce,0x4d104d0,0x4d304d2,0x43e04d4,0x4d604d5,0x4d804d7,0x4da04d9,0x4dc04db
.4byte 0x4de04dd,0x4e004df,0x4e204e1,0x4e404e3,0x4e604e5,0x4e804e7,0x4ea04e9,0x4ec04eb
.4byte 0x4ee04ed,0x4f004ef,0x4c104f1,0x4f304f2,0x4f504f4,0x4f704f6,0x4f904f8,0x4fb04fa
.4byte 0x4fd04fc,0x22b04fe,0x1b80000,0x3f01b9,0x4580457,0x45a0459,0x8e008d,0x462045b
.4byte 0x4640463,0xa60465,0xa800a7,0x1190118,0x11b011a,0x170004,0x190018,0x0
.4byte 0x1b001a,0x4001c,0x50a0509,0x9a0199,0x45f009b,0x4610460,0x7f0081,0x810080
.4byte 0x4560455,0x3f0276,0x52301ca,0x430,0x46e046d,0x17e046f,0x4710470,0x4730472
.4byte 0x4740034,0x4760475,0x4780477,0x47a0479,0x47b0019,0x47d047c,0x47f047e,0x4810480
.4byte 0x4830482,0x48401ff,0x1540485,0x4870486,0x4890488,0x48b048a,0x13a048c,0x48e048d
.4byte 0x490048f,0x2310491,0x4930492,0x4950494,0x4970496,0x4990498,0x48d049a,0x48f048e
.4byte 0x4910490,0x4920231,0x4940493,0x4960495,0x4980497,0x49a0499,0x48e048d,0x490048f
.4byte 0x2310491,0x4930492,0x49b0494,0x49d049c,0x49f049e,0x4a104a0,0x4a304a2,0x4a4
.4byte 0x4a604a5,0x4a7,0x4a904a8,0x4ab04aa,0x4ad04ac,0x4af04ae,0x4b104b0,0x4b304b2
.4byte 0x4b504b4,0x4b704b6,0x4b904b8,0x4bb04ba,0x4bd04bc,0x4bf04be,0x4c104c0,0x4c304c2
.4byte 0x4c504c4,0x4c704c6,0x4c904c8,0x4cb04ca,0x4cd04cc,0x4cf04ce,0x4d104d0,0x4d304d2
.4byte 0x43e04d4,0x4d604d5,0x4d804d7,0x4da04d9,0x4dc04db,0x4de04dd,0x4e004df,0x4e204e1
.4byte 0x4e404e3,0x4e604e5,0x4e804e7,0x4ea04e9,0x4ec04eb,0x4ee04ed,0x4f004ef,0x4c104f1
.4byte 0x4f304f2,0x4f504f4,0x4f704f6,0x4f904f8,0x4fb04fa,0x4fd04fc,0x22b04fe,0x1b70000
.4byte 0x5250524,0x457003f,0x4590458,0x8d045a,0x45b008e,0x4630462,0x4650464,0xa700a6
.4byte 0x11800a8,0x11a0119,0x4011b,0x180017,0x19,0x1a0000,0x1c001b,0x50f0004
.4byte 0x5110510,0x810080,0x4530452,0x810454,0x80007f,0x4550081,0x2760456,0x1e9003f
.4byte 0x2310230,0x46d0000,0x46f046e,0x470017e,0x4720471,0x340473,0x4750474,0x4770476
.4byte 0x4790478,0x19047a,0x47c047b,0x47e047d,0x480047f,0x4820481,0x1ff0483,0x4850484
.4byte 0x4860154,0x4880487,0x48a0489,0x48c048b,0x48d013a,0x48f048e,0x4910490,0x4920231
.4byte 0x4940493,0x4960495,0x4980497,0x49a0499,0x48e048d,0x490048f,0x2310491,0x4930492
.4byte 0x4950494,0x4970496,0x4990498,0x48d049a,0x48f048e,0x4910490,0x4920231,0x4940493
.4byte 0x49c049b,0x49e049d,0x4a0049f,0x4a204a1,0x4a404a3,0x4a50000,0x4a704a6,0x4a80000
.4byte 0x4aa04a9,0x4ac04ab,0x4ae04ad,0x4b004af,0x4b204b1,0x4b404b3,0x4b604b5,0x4b804b7
.4byte 0x4ba04b9,0x4bc04bb,0x4be04bd,0x4c004bf,0x4c204c1,0x4c404c3,0x4c604c5,0x4c804c7
.4byte 0x4ca04c9,0x4cc04cb,0x4ce04cd,0x4d004cf,0x4d204d1,0x4d404d3,0x4d5043e,0x4d704d6
.4byte 0x4d904d8,0x4db04da,0x4dd04dc,0x4df04de,0x4e104e0,0x4e304e2,0x4e504e4,0x4e704e6
.4byte 0x4e904e8,0x4eb04ea,0x4ed04ec,0x4ef04ee,0x4f104f0,0x4f204c1,0x4f404f3,0x4f604f5
.4byte 0x4f804f7,0x4fa04f9,0x4fc04fb,0x4fe04fd,0x22b,0x23201e0,0x3f0233,0x4580457
.4byte 0x45a0459,0x8e008d,0x45c045b,0x8b045d,0x8d045e,0x8f008e,0x12c012b,0x12e012d
.4byte 0x170004,0x190018,0x0,0x1b001a,0x4001c,0x510050f,0x800511,0x4520081
.4byte 0x4540453,0x7f0081,0x810080,0x4560455,0x3f0276,0x52601e9,0x527,0x46e046d
.4byte 0x17e046f,0x4710470,0x4730472,0x4740034,0x4760475,0x4780477,0x47a0479,0x47b0019
.4byte 0x47d047c,0x47f047e,0x4810480,0x4830482,0x48401ff,0x1540485,0x4870486,0x4890488
.4byte 0x48b048a,0x13a048c,0x48e048d,0x490048f,0x2310491,0x4930492,0x4950494,0x4970496
.4byte 0x4990498,0x48d049a,0x48f048e,0x4910490,0x4920231,0x4940493,0x4960495,0x4980497
.4byte 0x49a0499,0x48e048d,0x490048f,0x2310491,0x4930492,0x49b0494,0x49d049c,0x49f049e
.4byte 0x4a104a0,0x4a304a2,0x4a4,0x4a604a5,0x4a7,0x4a904a8,0x4ab04aa,0x4ad04ac
.4byte 0x4af04ae,0x4b104b0,0x4b304b2,0x4b504b4,0x4b704b6,0x4b904b8,0x4bb04ba,0x4bd04bc
.4byte 0x4bf04be,0x4c104c0,0x4c304c2,0x4c504c4,0x4c704c6,0x4c904c8,0x4cb04ca,0x4cd04cc
.4byte 0x4cf04ce,0x4d104d0,0x4d304d2,0x43e04d4,0x4d604d5,0x4d804d7,0x4da04d9,0x4dc04db
.4byte 0x4de04dd,0x4e004df,0x4e204e1,0x4e404e3,0x4e604e5,0x4e804e7,0x4ea04e9,0x4ec04eb
.4byte 0x4ee04ed,0x4f004ef,0x4c104f1,0x4f304f2,0x4f504f4,0x4f704f6,0x4f904f8,0x4fb04fa
.4byte 0x4fd04fc,0x22b04fe,0xe0000,0x2580528,0x457003f,0x4590458,0x8d045a,0x45b008e
.4byte 0x45d045c,0x45e008b,0x8e008d,0x12b008f,0x12d012c,0x4012e,0x180017,0x19
.4byte 0x1a0000,0x1c001b,0x5090004,0x199050a,0x9b009a,0x460045f,0x810461,0x80007f
.4byte 0x4550081,0x2760456,0x1e9003f,0x1f301f2,0x46d0000,0x46f046e,0x470017e,0x4720471
.4byte 0x340473,0x4750474,0x4770476,0x4790478,0x19047a,0x47c047b,0x47e047d,0x480047f
.4byte 0x4820481,0x1ff0483,0x4850484,0x4860154,0x4880487,0x48a0489,0x48c048b,0x48d013a
.4byte 0x48f048e,0x4910490,0x4920231,0x4940493,0x4960495,0x4980497,0x49a0499,0x48e048d
.4byte 0x490048f,0x2310491,0x4930492,0x4950494,0x4970496,0x4990498,0x48d049a,0x48f048e
.4byte 0x4910490,0x4920231,0x4940493,0x49c049b,0x49e049d,0x4a0049f,0x4a204a1,0x4a404a3
.4byte 0x4a50000,0x4a704a6,0x4a80000,0x4aa04a9,0x4ac04ab,0x4ae04ad,0x4b004af,0x4b204b1
.4byte 0x4b404b3,0x4b604b5,0x4b804b7,0x4ba04b9,0x4bc04bb,0x4be04bd,0x4c004bf,0x4c204c1
.4byte 0x4c404c3,0x4c604c5,0x4c804c7,0x4ca04c9,0x4cc04cb,0x4ce04cd,0x4d004cf,0x4d204d1
.4byte 0x4d404d3,0x4d5043e,0x4d704d6,0x4d904d8,0x4db04da,0x4dd04dc,0x4df04de,0x4e104e0
.4byte 0x4e304e2,0x4e504e4,0x4e704e6,0x4e904e8,0x4eb04ea,0x4ed04ec,0x4ef04ee,0x4f104f0
.4byte 0x4f204c1,0x4f404f3,0x4f604f5,0x4f804f7,0x4fa04f9,0x4fc04fb,0x4fe04fd,0x22b
.4byte 0x1f501f4,0x3f01f6,0x4580457,0x45a0459,0x8e008d,0x462045b,0x4640463,0xa60465
.4byte 0xa800a7,0x1190118,0x11b011a,0x170004,0x190018,0x0,0x1b001a,0x4001c
.4byte 0x50a0509,0x9a0199,0x45f009b,0x4610460,0x7f0081,0x810080,0x4560455,0x3f0276
.4byte 0x52a0529,0x46d0000,0x46f046e,0x470017e,0x4720471,0x340473,0x4750474,0x4770476
.4byte 0x4790478,0x19047a,0x47c047b,0x47e047d,0x480047f,0x4820481,0x1ff0483,0x4850484
.4byte 0x4860154,0x4880487,0x48a0489,0x48c048b,0x48d013a,0x48f048e,0x4910490,0x4920231
.4byte 0x4940493,0x4960495,0x4980497,0x49a0499,0x48e048d,0x490048f,0x2310491,0x4930492
.4byte 0x4950494,0x4970496,0x4990498,0x48d049a,0x48f048e,0x4910490,0x4920231,0x4940493
.4byte 0x49c049b,0x49e049d,0x4a0049f,0x4a204a1,0x4a404a3,0x4a50000,0x4a704a6,0x4a80000
.4byte 0x4aa04a9,0x4ac04ab,0x4ae04ad,0x4b004af,0x4b204b1,0x4b404b3,0x4b604b5,0x4b804b7
.4byte 0x4ba04b9,0x4bc04bb,0x4be04bd,0x4c004bf,0x4c204c1,0x4c404c3,0x4c604c5,0x4c804c7
.4byte 0x4ca04c9,0x4cc04cb,0x4ce04cd,0x4d004cf,0x4d204d1,0x4d404d3,0x4d5043e,0x4d704d6
.4byte 0x4d904d8,0x4db04da,0x4dd04dc,0x4df04de,0x4e104e0,0x4e304e2,0x4e504e4,0x4e704e6
.4byte 0x4e904e8,0x4eb04ea,0x4ed04ec,0x4ef04ee,0x4f104f0,0x4f204c1,0x4f404f3,0x4f604f5
.4byte 0x4f804f7,0x4fa04f9,0x4fc04fb,0x4fe04fd,0x22b,0x52b0034,0x3f052c,0x4580457
.4byte 0x45a0459,0x8e008d,0x462045b,0x4640463,0xa60465,0xa800a7,0x1190118,0x11b011a
.4byte 0x170004,0x190018,0x0,0x1b001a,0x4001c,0x510050f,0x800511,0x4520081
.4byte 0x4540453,0x7f0081,0x810080,0x4560455,0x3f0276,0x5190518,0x46d0000,0x46f046e
.4byte 0x470017e,0x4720471,0x340473,0x4750474,0x4770476,0x4790478,0x19047a,0x47c047b
.4byte 0x47e047d,0x480047f,0x4820481,0x1ff0483,0x4850484,0x4860154,0x4880487,0x48a0489
.4byte 0x48c048b,0x48d013a,0x48f048e,0x4910490,0x4920231,0x4940493,0x4960495,0x4980497
.4byte 0x49a0499,0x48e048d,0x490048f,0x2310491,0x4930492,0x4950494,0x4970496,0x4990498
.4byte 0x48d049a,0x48f048e,0x4910490,0x4920231,0x4940493,0x49c049b,0x49e049d,0x4a0049f
.4byte 0x4a204a1,0x4a404a3,0x4a50000,0x4a704a6,0x4a80000,0x4aa04a9,0x4ac04ab,0x4ae04ad
.4byte 0x4b004af,0x4b204b1,0x4b404b3,0x4b604b5,0x4b804b7,0x4ba04b9,0x4bc04bb,0x4be04bd
.4byte 0x4c004bf,0x4c204c1,0x4c404c3,0x4c604c5,0x4c804c7,0x4ca04c9,0x4cc04cb,0x4ce04cd
.4byte 0x4d004cf,0x4d204d1,0x4d404d3,0x4d5043e,0x4d704d6,0x4d904d8,0x4db04da,0x4dd04dc
.4byte 0x4df04de,0x4e104e0,0x4e304e2,0x4e504e4,0x4e704e6,0x4e904e8,0x4eb04ea,0x4ed04ec
.4byte 0x4ef04ee,0x4f104f0,0x4f204c1,0x4f404f3,0x4f604f5,0x4f804f7,0x4fa04f9,0x4fc04fb
.4byte 0x4fe04fd,0x22b,0x51b051a,0x3f051c,0x4580457,0x45a0459,0x8e008d,0x45c045b
.4byte 0x8b045d,0x8d045e,0x8f008e,0x12c012b,0x12e012d,0x170004,0x190018,0x0
.4byte 0x1b001a,0x4001c,0x510050f,0x800511,0x4520081,0x4540453,0x7f0081,0x810080
.4byte 0x4560455,0x3f0276,0x1cf01ce,0x1d0,0x46e046d,0x17e046f,0x4710470,0x4730472
.4byte 0x4740034,0x4760475,0x4780477,0x47a0479,0x47b0019,0x47d047c,0x47f047e,0x4810480
.4byte 0x4830482,0x48401ff,0x1540485,0x4870486,0x4890488,0x48b048a,0x13a048c,0x48e048d
.4byte 0x490048f,0x2310491,0x4930492,0x4950494,0x4970496,0x4990498,0x48d049a,0x48f048e
.4byte 0x4910490,0x4920231,0x4940493,0x4960495,0x4980497,0x49a0499,0x48e048d,0x490048f
.4byte 0x2310491,0x4930492,0x49b0494,0x49d049c,0x49f049e,0x4a104a0,0x4a304a2,0x4a4
.4byte 0x4a604a5,0x4a7,0x4a904a8,0x4ab04aa,0x4ad04ac,0x4af04ae,0x4b104b0,0x4b304b2
.4byte 0x4b504b4,0x4b704b6,0x4b904b8,0x4bb04ba,0x4bd04bc,0x4bf04be,0x4c104c0,0x4c304c2
.4byte 0x4c504c4,0x4c704c6,0x4c904c8,0x4cb04ca,0x4cd04cc,0x4cf04ce,0x4d104d0,0x4d304d2
.4byte 0x43e04d4,0x4d604d5,0x4d804d7,0x4da04d9,0x4dc04db,0x4de04dd,0x4e004df,0x4e204e1
.4byte 0x4e404e3,0x4e604e5,0x4e804e7,0x4ea04e9,0x4ec04eb,0x4ee04ed,0x4f004ef,0x4c104f1
.4byte 0x4f304f2,0x4f504f4,0x4f704f6,0x4f904f8,0x4fb04fa,0x4fd04fc,0x22b04fe,0x1d10000
.4byte 0x1d301d2,0x457003f,0x4590458,0x8d045a,0x45b008e,0x45d045c,0x45e008b,0x8e008d
.4byte 0x12b008f,0x12d012c,0x4012e,0x180017,0x19,0x1a0000,0x1c001b,0x5090004
.4byte 0x199050a,0x9b009a,0x460045f,0x810461,0x80007f,0x4550081,0x2760456,0x52d003f
.4byte 0x1da052e,0x46d0000,0x46f046e,0x470017e,0x4720471,0x340473,0x4750474,0x4770476
.4byte 0x4790478,0x19047a,0x47c047b,0x47e047d,0x480047f,0x4820481,0x1ff0483,0x4850484
.4byte 0x4860154,0x4880487,0x48a0489,0x48c048b,0x48d013a,0x48f048e,0x4910490,0x4920231
.4byte 0x4940493,0x4960495,0x4980497,0x49a0499,0x48e048d,0x490048f,0x2310491,0x4930492
.4byte 0x4950494,0x4970496,0x4990498,0x48d049a,0x48f048e,0x4910490,0x4920231,0x4940493
.4byte 0x49c049b,0x49e049d,0x4a0049f,0x4a204a1,0x4a404a3,0x4a50000,0x4a704a6,0x4a80000
.4byte 0x4aa04a9,0x4ac04ab,0x4ae04ad,0x4b004af,0x4b204b1,0x4b404b3,0x4b604b5,0x4b804b7
.4byte 0x4ba04b9,0x4bc04bb,0x4be04bd,0x4c004bf,0x4c204c1,0x4c404c3,0x4c604c5,0x4c804c7
.4byte 0x4ca04c9,0x4cc04cb,0x4ce04cd,0x4d004cf,0x4d204d1,0x4d404d3,0x4d5043e,0x4d704d6
.4byte 0x4d904d8,0x4db04da,0x4dd04dc,0x4df04de,0x4e104e0,0x4e304e2,0x4e504e4,0x4e704e6
.4byte 0x4e904e8,0x4eb04ea,0x4ed04ec,0x4ef04ee,0x4f104f0,0x4f204c1,0x4f404f3,0x4f604f5
.4byte 0x4f804f7,0x4fa04f9,0x4fc04fb,0x4fe04fd,0x22b,0x530052f,0x3f0249,0x4580457
.4byte 0x45a0459,0x8e008d,0x462045b,0x4640463,0xa60465,0xa800a7,0x1190118,0x11b011a
.4byte 0x170004,0x190018,0x0,0x1b001a,0x4001c,0x50a0509,0x9a0199,0x45f009b
.4byte 0x4610460,0x7f0081,0x810080,0x4560455,0x3f0276,0x531028d,0x19,0x46e046d
.4byte 0x17e046f,0x4710470,0x4730472,0x4740034,0x4760475,0x4780477,0x47a0479,0x47b0019
.4byte 0x47d047c,0x47f047e,0x4810480,0x4830482,0x48401ff,0x1540485,0x4870486,0x4890488
.4byte 0x48b048a,0x13a048c,0x48e048d,0x490048f,0x2310491,0x4930492,0x4950494,0x4970496
.4byte 0x4990498,0x48d049a,0x48f048e,0x4910490,0x4920231,0x4940493,0x4960495,0x4980497
.4byte 0x49a0499,0x48e048d,0x490048f,0x2310491,0x4930492,0x49b0494,0x49d049c,0x49f049e
.4byte 0x4a104a0,0x4a304a2,0x4a4,0x4a604a5,0x4a7,0x4a904a8,0x4ab04aa,0x4ad04ac
.4byte 0x4af04ae,0x4b104b0,0x4b304b2,0x4b504b4,0x4b704b6,0x4b904b8,0x4bb04ba,0x4bd04bc
.4byte 0x4bf04be,0x4c104c0,0x4c304c2,0x4c504c4,0x4c704c6,0x4c904c8,0x4cb04ca,0x4cd04cc
.4byte 0x4cf04ce,0x4d104d0,0x4d304d2,0x43e04d4,0x4d604d5,0x4d804d7,0x4da04d9,0x4dc04db
.4byte 0x4de04dd,0x4e004df,0x4e204e1,0x4e404e3,0x4e604e5,0x4e804e7,0x4ea04e9,0x4ec04eb
.4byte 0x4ee04ed,0x4f004ef,0x4c104f1,0x4f304f2,0x4f504f4,0x4f704f6,0x4f904f8,0x4fb04fa
.4byte 0x4fd04fc,0x22b04fe,0x5320000,0x1e80533,0x457003f,0x4590458,0x8d045a,0x45b008e
.4byte 0x4630462,0x4650464,0xa700a6,0x11800a8,0x11a0119,0x4011b,0x180017,0x19
.4byte 0x1a0000,0x1c001b,0x50f0004,0x5110510,0x810080,0x4530452,0x810454,0x80007f
.4byte 0x4550081,0x2760456,0x2b5003f,0x2c502b6,0x46d0000,0x46f046e,0x470017e,0x4720471
.4byte 0x340473,0x4750474,0x4770476,0x4790478,0x19047a,0x47c047b,0x47e047d,0x480047f
.4byte 0x4820481,0x1ff0483,0x4850484,0x4860154,0x4880487,0x48a0489,0x48c048b,0x48d013a
.4byte 0x48f048e,0x4910490,0x4920231,0x4940493,0x4960495,0x4980497,0x49a0499,0x48e048d
.4byte 0x490048f,0x2310491,0x4930492,0x4950494,0x4970496,0x4990498,0x48d049a,0x48f048e
.4byte 0x4910490,0x4920231,0x4940493,0x49c049b,0x49e049d,0x4a0049f,0x4a204a1,0x4a404a3
.4byte 0x4a50000,0x4a704a6,0x4a80000,0x4aa04a9,0x4ac04ab,0x4ae04ad,0x4b004af,0x4b204b1
.4byte 0x4b404b3,0x4b604b5,0x4b804b7,0x4ba04b9,0x4bc04bb,0x4be04bd,0x4c004bf,0x4c204c1
.4byte 0x4c404c3,0x4c604c5,0x4c804c7,0x4ca04c9,0x4cc04cb,0x4ce04cd,0x4d004cf,0x4d204d1
.4byte 0x4d404d3,0x4d5043e,0x4d704d6,0x4d904d8,0x4db04da,0x4dd04dc,0x4df04de,0x4e104e0
.4byte 0x4e304e2,0x4e504e4,0x4e704e6,0x4e904e8,0x4eb04ea,0x4ed04ec,0x4ef04ee,0x4f104f0
.4byte 0x4f204c1,0x4f404f3,0x4f604f5,0x4f804f7,0x4fa04f9,0x4fc04fb,0x4fe04fd,0x22b
.4byte 0x5350534,0x3f01e8,0x4580457,0x45a0459,0x8e008d,0x45c045b,0x8b045d,0x8d045e
.4byte 0x8f008e,0x12c012b,0x12e012d,0x170004,0x190018,0x0,0x1b001a,0x4001c
.4byte 0x510050f,0x800511,0x4520081,0x4540453,0x7f0081,0x810080,0x4560455,0x3f0276
.4byte 0x25a0259,0x24f,0x46e046d,0x17e046f,0x4710470,0x4730472,0x4740034,0x4760475
.4byte 0x4780477,0x47a0479,0x47b0019,0x47d047c,0x47f047e,0x4810480,0x4830482,0x48401ff
.4byte 0x1540485,0x4870486,0x4890488,0x48b048a,0x13a048c,0x48e048d,0x490048f,0x2310491
.4byte 0x4930492,0x4950494,0x4970496,0x4990498,0x48d049a,0x48f048e,0x4910490,0x4920231
.4byte 0x4940493,0x4960495,0x4980497,0x49a0499,0x48e048d,0x490048f,0x2310491,0x4930492
.4byte 0x49b0494,0x49d049c,0x49f049e,0x4a104a0,0x4a304a2,0x4a4,0x4a604a5,0x4a7
.4byte 0x4a904a8,0x4ab04aa,0x4ad04ac,0x4af04ae,0x4b104b0,0x4b304b2,0x4b504b4,0x4b704b6
.4byte 0x4b904b8,0x4bb04ba,0x4bd04bc,0x4bf04be,0x4c104c0,0x4c304c2,0x4c504c4,0x4c704c6
.4byte 0x4c904c8,0x4cb04ca,0x4cd04cc,0x4cf04ce,0x4d104d0,0x4d304d2,0x43e04d4,0x4d604d5
.4byte 0x4d804d7,0x4da04d9,0x4dc04db,0x4de04dd,0x4e004df,0x4e204e1,0x4e404e3,0x4e604e5
.4byte 0x4e804e7,0x4ea04e9,0x4ec04eb,0x4ee04ed,0x4f004ef,0x4c104f1,0x4f304f2,0x4f504f4
.4byte 0x4f704f6,0x4f904f8,0x4fb04fa,0x4fd04fc,0x22b04fe,0x25b0000,0x3f025c,0x4580457
.4byte 0x45a0459,0x8e008d,0x45c045b,0x8b045d,0x8d045e,0x8f008e,0x12c012b,0x12e012d
.4byte 0x170004,0x190018,0x0,0x1b001a,0x4001c,0x50a0509,0x9a0199,0x45f009b
.4byte 0x4610460,0x7f0081,0x810080,0x4560455,0x3f0276,0x53601b1,0x2a0,0x46e046d
.4byte 0x17e046f,0x4710470,0x4730472,0x4740034,0x4760475,0x4780477,0x47a0479,0x47b0019
.4byte 0x47d047c,0x47f047e,0x4810480,0x4830482,0x48401ff,0x1540485,0x4870486,0x4890488
.4byte 0x48b048a,0x13a048c,0x48e048d,0x490048f,0x2310491,0x4930492,0x4950494,0x4970496
.4byte 0x4990498,0x48d049a,0x48f048e,0x4910490,0x4920231,0x4940493,0x4960495,0x4980497
.4byte 0x49a0499,0x48e048d,0x490048f,0x2310491,0x4930492,0x49b0494,0x49d049c,0x49f049e
.4byte 0x4a104a0,0x4a304a2,0x4a4,0x4a604a5,0x4a7,0x4a904a8,0x4ab04aa,0x4ad04ac
.4byte 0x4af04ae,0x4b104b0,0x4b304b2,0x4b504b4,0x4b704b6,0x4b904b8,0x4bb04ba,0x4bd04bc
.4byte 0x4bf04be,0x4c104c0,0x4c304c2,0x4c504c4,0x4c704c6,0x4c904c8,0x4cb04ca,0x4cd04cc
.4byte 0x4cf04ce,0x4d104d0,0x4d304d2,0x43e04d4,0x4d604d5,0x4d804d7,0x4da04d9,0x4dc04db
.4byte 0x4de04dd,0x4e004df,0x4e204e1,0x4e404e3,0x4e604e5,0x4e804e7,0x4ea04e9,0x4ec04eb
.4byte 0x4ee04ed,0x4f004ef,0x4c104f1,0x4f304f2,0x4f504f4,0x4f704f6,0x4f904f8,0x4fb04fa
.4byte 0x4fd04fc,0x22b04fe,0x5370000,0x3f0538,0x4580457,0x45a0459,0x8e008d,0x462045b
.4byte 0x4640463,0xa60465,0xa800a7,0x1190118,0x11b011a,0x170004,0x190018,0x0
.4byte 0x1b001a,0x4001c,0x50a0509,0x9a0199,0x45f009b,0x4610460,0x7f0081,0x810080
.4byte 0x4560455,0x3f0276,0x42f01ca,0x430,0x46e046d,0x17e046f,0x4710470,0x4730472
.4byte 0x4740034,0x4760475,0x4780477,0x47a0479,0x47b0019,0x47d047c,0x47f047e,0x4810480
.4byte 0x4830482,0x48401ff,0x1540485,0x4870486,0x4890488,0x48b048a,0x13a048c,0x48e048d
.4byte 0x490048f,0x2310491,0x4930492,0x4950494,0x4970496,0x4990498,0x48d049a,0x48f048e
.4byte 0x4910490,0x4920231,0x4940493,0x4960495,0x4980497,0x49a0499,0x48e048d,0x490048f
.4byte 0x2310491,0x4930492,0x49b0494,0x49d049c,0x49f049e,0x4a104a0,0x4a304a2,0x4a4
.4byte 0x4a604a5,0x4a7,0x4a904a8,0x4ab04aa,0x4ad04ac,0x4af04ae,0x4b104b0,0x4b304b2
.4byte 0x4b504b4,0x4b704b6,0x4b904b8,0x4bb04ba,0x4bd04bc,0x4bf04be,0x4c104c0,0x4c304c2
.4byte 0x4c504c4,0x4c704c6,0x4c904c8,0x4cb04ca,0x4cd04cc,0x4cf04ce,0x4d104d0,0x4d304d2
.4byte 0x43e04d4,0x4d604d5,0x4d804d7,0x4da04d9,0x4dc04db,0x4de04dd,0x4e004df,0x4e204e1
.4byte 0x4e404e3,0x4e604e5,0x4e804e7,0x4ea04e9,0x4ec04eb,0x4ee04ed,0x4f004ef,0x4c104f1
.4byte 0x4f304f2,0x4f504f4,0x4f704f6,0x4f904f8,0x4fb04fa,0x4fd04fc,0x22b04fe,0x1b70000
.4byte 0x1d70444,0x457003f,0x4590458,0x8d045a,0x45b008e,0x4630462,0x4650464,0xa700a6
.4byte 0x11800a8,0x11a0119,0x4011b,0x180017,0x19,0x1a0000,0x1c001b,0x50f0004
.4byte 0x5110510,0x810080,0x4530452,0x810454,0x80007f,0x4550081,0x2760456,0x1e9003f
.4byte 0x53a0539,0x46d0000,0x46f046e,0x470017e,0x4720471,0x340473,0x4750474,0x4770476
.4byte 0x4790478,0x19047a,0x47c047b,0x47e047d,0x480047f,0x4820481,0x1ff0483,0x4850484
.4byte 0x4860154,0x4880487,0x48a0489,0x48c048b,0x48d013a,0x48f048e,0x4910490,0x4920231
.4byte 0x4940493,0x4960495,0x4980497,0x49a0499,0x48e048d,0x490048f,0x2310491,0x4930492
.4byte 0x4950494,0x4970496,0x4990498,0x48d049a,0x48f048e,0x4910490,0x4920231,0x4940493
.4byte 0x49c049b,0x49e049d,0x4a0049f,0x4a204a1,0x4a404a3,0x4a50000,0x4a704a6,0x4a80000
.4byte 0x4aa04a9,0x4ac04ab,0x4ae04ad,0x4b004af,0x4b204b1,0x4b404b3,0x4b604b5,0x4b804b7
.4byte 0x4ba04b9,0x4bc04bb,0x4be04bd,0x4c004bf,0x4c204c1,0x4c404c3,0x4c604c5,0x4c804c7
.4byte 0x4ca04c9,0x4cc04cb,0x4ce04cd,0x4d004cf,0x4d204d1,0x4d404d3,0x4d5043e,0x4d704d6
.4byte 0x4d904d8,0x4db04da,0x4dd04dc,0x4df04de,0x4e104e0,0x4e304e2,0x4e504e4,0x4e704e6
.4byte 0x4e904e8,0x4eb04ea,0x4ed04ec,0x4ef04ee,0x4f104f0,0x4f204c1,0x4f404f3,0x4f604f5
.4byte 0x4f804f7,0x4fa04f9,0x4fc04fb,0x4fe04fd,0x22b,0x53b050c,0x3f0233,0x4580457
.4byte 0x45a0459,0x8e008d,0x45c045b,0x8b045d,0x8d045e,0x8f008e,0x12c012b,0x12e012d
.4byte 0x170004,0x190018,0x0,0x1b001a,0x4001c,0x510050f,0x800511,0x4520081
.4byte 0x4540453,0x7f0081,0x810080,0x4560455,0x3f0276,0x28001e9,0x53c,0x46e046d
.4byte 0x17e046f,0x4710470,0x4730472,0x4740034,0x4760475,0x4780477,0x47a0479,0x47b0019
.4byte 0x47d047c,0x47f047e,0x4810480,0x4830482,0x48401ff,0x1540485,0x4870486,0x4890488
.4byte 0x48b048a,0x13a048c,0x48e048d,0x490048f,0x2310491,0x4930492,0x4950494,0x4970496
.4byte 0x4990498,0x48d049a,0x48f048e,0x4910490,0x4920231,0x4940493,0x4960495,0x4980497
.4byte 0x49a0499,0x48e048d,0x490048f,0x2310491,0x4930492,0x49b0494,0x49d049c,0x49f049e
.4byte 0x4a104a0,0x4a304a2,0x4a4,0x4a604a5,0x4a7,0x4a904a8,0x4ab04aa,0x4ad04ac
.4byte 0x4af04ae,0x4b104b0,0x4b304b2,0x4b504b4,0x4b704b6,0x4b904b8,0x4bb04ba,0x4bd04bc
.4byte 0x4bf04be,0x4c104c0,0x4c304c2,0x4c504c4,0x4c704c6,0x4c904c8,0x4cb04ca,0x4cd04cc
.4byte 0x4cf04ce,0x4d104d0,0x4d304d2,0x43e04d4,0x4d604d5,0x4d804d7,0x4da04d9,0x4dc04db
.4byte 0x4de04dd,0x4e004df,0x4e204e1,0x4e404e3,0x4e604e5,0x4e804e7,0x4ea04e9,0x4ec04eb
.4byte 0x4ee04ed,0x4f004ef,0x4c104f1,0x4f304f2,0x4f504f4,0x4f704f6,0x4f904f8,0x4fb04fa
.4byte 0x4fd04fc,0x22b04fe,0x280000,0x24d053d,0x457003f,0x4590458,0x8d045a,0x45b008e
.4byte 0x45d045c,0x45e008b,0x8e008d,0x12b008f,0x12d012c,0x4012e,0x180017,0x19
.4byte 0x1a0000,0x1c001b,0x5090004,0x199050a,0x9b009a,0x460045f,0x810461,0x80007f
.4byte 0x4550081,0x2760456,0x53e003f,0x53f,0x46e046d,0x17e046f,0x4710470,0x4730472
.4byte 0x4740034,0x4760475,0x4780477,0x47a0479,0x47b0019,0x47d047c,0x47f047e,0x4810480
.4byte 0x4830482,0x48401ff,0x1540485,0x4870486,0x4890488,0x48b048a,0x13a048c,0x48e048d
.4byte 0x490048f,0x2310491,0x4930492,0x4950494,0x4970496,0x4990498,0x48d049a,0x48f048e
.4byte 0x4910490,0x4920231,0x4940493,0x4960495,0x4980497,0x49a0499,0x48e048d,0x490048f
.4byte 0x2310491,0x4930492,0x49b0494,0x49d049c,0x49f049e,0x4a104a0,0x4a304a2,0x4a4
.4byte 0x4a604a5,0x4a7,0x4a904a8,0x4ab04aa,0x4ad04ac,0x4af04ae,0x4b104b0,0x4b304b2
.4byte 0x4b504b4,0x4b704b6,0x4b904b8,0x4bb04ba,0x4bd04bc,0x4bf04be,0x4c104c0,0x4c304c2
.4byte 0x4c504c4,0x4c704c6,0x4c904c8,0x4cb04ca,0x4cd04cc,0x4cf04ce,0x4d104d0,0x4d304d2
.4byte 0x43e04d4,0x4d604d5,0x4d804d7,0x4da04d9,0x4dc04db,0x4de04dd,0x4e004df,0x4e204e1
.4byte 0x4e404e3,0x4e604e5,0x4e804e7,0x4ea04e9,0x4ec04eb,0x4ee04ed,0x4f004ef,0x4c104f1
.4byte 0x4f304f2,0x4f504f4,0x4f704f6,0x4f904f8,0x4fb04fa,0x4fd04fc,0x22b04fe,0x21c0000
.4byte 0x5170540,0x457003f,0x4590458,0x8d045a,0x45b008e,0x4630462,0x4650464,0xa700a6
.4byte 0x11800a8,0x11a0119,0x4011b,0x180017,0x19,0x1a0000,0x1c001b,0x5090004
.4byte 0x199050a,0x9b009a,0x460045f,0x810461,0x80007f,0x4550081,0x2760456,0x518003f
.4byte 0x541,0x46e046d,0x17e046f,0x4710470,0x4730472,0x4740034,0x4760475,0x4780477
.4byte 0x47a0479,0x47b0019,0x47d047c,0x47f047e,0x4810480,0x4830482,0x48401ff,0x1540485
.4byte 0x4870486,0x4890488,0x48b048a,0x13a048c,0x48e048d,0x490048f,0x2310491,0x4930492
.4byte 0x4950494,0x4970496,0x4990498,0x48d049a,0x48f048e,0x4910490,0x4920231,0x4940493
.4byte 0x4960495,0x4980497,0x49a0499,0x48e048d,0x490048f,0x2310491,0x4930492,0x49b0494
.4byte 0x49d049c,0x49f049e,0x4a104a0,0x4a304a2,0x4a4,0x4a604a5,0x4a7,0x4a904a8
.4byte 0x4ab04aa,0x4ad04ac,0x4af04ae,0x4b104b0,0x4b304b2,0x4b504b4,0x4b704b6,0x4b904b8
.4byte 0x4bb04ba,0x4bd04bc,0x4bf04be,0x4c104c0,0x4c304c2,0x4c504c4,0x4c704c6,0x4c904c8
.4byte 0x4cb04ca,0x4cd04cc,0x4cf04ce,0x4d104d0,0x4d304d2,0x43e04d4,0x4d604d5,0x4d804d7
.4byte 0x4da04d9,0x4dc04db,0x4de04dd,0x4e004df,0x4e204e1,0x4e404e3,0x4e604e5,0x4e804e7
.4byte 0x4ea04e9,0x4ec04eb,0x4ee04ed,0x4f004ef,0x4c104f1,0x4f304f2,0x4f504f4,0x4f704f6
.4byte 0x4f904f8,0x4fb04fa,0x4fd04fc,0x22b04fe,0x5420000,0x51c0543,0x457003f,0x4590458
.4byte 0x8d045a,0x45b008e,0x4630462,0x4650464,0xa700a6,0x11800a8,0x11a0119,0x4011b
.4byte 0x180017,0x19,0x1a0000,0x1c001b,0x50f0004,0x5110510,0x810080,0x4530452
.4byte 0x810454,0x80007f,0x4550081,0x2760456,0x252003f,0x1d00253,0x46d0000,0x46f046e
.4byte 0x470017e,0x4720471,0x340473,0x4750474,0x4770476,0x4790478,0x19047a,0x47c047b
.4byte 0x47e047d,0x480047f,0x4820481,0x1ff0483,0x4850484,0x4860154,0x4880487,0x48a0489
.4byte 0x48c048b,0x48d013a,0x48f048e,0x4910490,0x4920231,0x4940493,0x4960495,0x4980497
.4byte 0x49a0499,0x48e048d,0x490048f,0x2310491,0x4930492,0x4950494,0x4970496,0x4990498
.4byte 0x48d049a,0x48f048e,0x4910490,0x4920231,0x4940493,0x49c049b,0x49e049d,0x4a0049f
.4byte 0x4a204a1,0x4a404a3,0x4a50000,0x4a704a6,0x4a80000,0x4aa04a9,0x4ac04ab,0x4ae04ad
.4byte 0x4b004af,0x4b204b1,0x4b404b3,0x4b604b5,0x4b804b7,0x4ba04b9,0x4bc04bb,0x4be04bd
.4byte 0x4c004bf,0x4c204c1,0x4c404c3,0x4c604c5,0x4c804c7,0x4ca04c9,0x4cc04cb,0x4ce04cd
.4byte 0x4d004cf,0x4d204d1,0x4d404d3,0x4d5043e,0x4d704d6,0x4d904d8,0x4db04da,0x4dd04dc
.4byte 0x4df04de,0x4e104e0,0x4e304e2,0x4e504e4,0x4e704e6,0x4e904e8,0x4eb04ea,0x4ed04ec
.4byte 0x4ef04ee,0x4f104f0,0x4f204c1,0x4f404f3,0x4f604f5,0x4f804f7,0x4fa04f9,0x4fc04fb
.4byte 0x4fe04fd,0x22b,0x2540207,0x3f01d3,0x4580457,0x45a0459,0x8e008d,0x45c045b
.4byte 0x8b045d,0x8d045e,0x8f008e,0x12c012b,0x12e012d,0x170004,0x190018,0x0
.4byte 0x1b001a,0x4001c,0x510050f,0x800511,0x4520081,0x4540453,0x7f0081,0x810080
.4byte 0x4560455,0x3f0276,0x1e401e3,0x1e5,0x46e046d,0x17e046f,0x4710470,0x4730472
.4byte 0x4740034,0x4760475,0x4780477,0x47a0479,0x47b0019,0x47d047c,0x47f047e,0x4810480
.4byte 0x4830482,0x48401ff,0x1540485,0x4870486,0x4890488,0x48b048a,0x13a048c,0x48e048d
.4byte 0x490048f,0x2310491,0x4930492,0x4950494,0x4970496,0x4990498,0x48d049a,0x48f048e
.4byte 0x4910490,0x4920231,0x4940493,0x4960495,0x4980497,0x49a0499,0x48e048d,0x490048f
.4byte 0x2310491,0x4930492,0x49b0494,0x49d049c,0x49f049e,0x4a104a0,0x4a304a2,0x4a4
.4byte 0x4a604a5,0x4a7,0x4a904a8,0x4ab04aa,0x4ad04ac,0x4af04ae,0x4b104b0,0x4b304b2
.4byte 0x4b504b4,0x4b704b6,0x4b904b8,0x4bb04ba,0x4bd04bc,0x4bf04be,0x4c104c0,0x4c304c2
.4byte 0x4c504c4,0x4c704c6,0x4c904c8,0x4cb04ca,0x4cd04cc,0x4cf04ce,0x4d104d0,0x4d304d2
.4byte 0x43e04d4,0x4d604d5,0x4d804d7,0x4da04d9,0x4dc04db,0x4de04dd,0x4e004df,0x4e204e1
.4byte 0x4e404e3,0x4e604e5,0x4e804e7,0x4ea04e9,0x4ec04eb,0x4ee04ed,0x4f004ef,0x4c104f1
.4byte 0x4f304f2,0x4f504f4,0x4f704f6,0x4f904f8,0x4fb04fa,0x4fd04fc,0x22b04fe,0x1e60000
.4byte 0x1e801e7,0x457003f,0x4590458,0x8d045a,0x45b008e,0x45d045c,0x45e008b,0x8e008d
.4byte 0x12b008f,0x12d012c,0x4012e,0x180017,0x19,0x1a0000,0x1c001b,0x5090004
.4byte 0x199050a,0x9b009a,0x460045f,0x810461,0x80007f,0x4550081,0x2760456,0x234003f
.4byte 0xd0235,0x46d0000,0x46f046e,0x470017e,0x4720471,0x340473,0x4750474,0x4770476
.4byte 0x4790478,0x19047a,0x47c047b,0x47e047d,0x480047f,0x4820481,0x1ff0483,0x4850484
.4byte 0x4860154,0x4880487,0x48a0489,0x48c048b,0x48d013a,0x48f048e,0x4910490,0x4920231
.4byte 0x4940493,0x4960495,0x4980497,0x49a0499,0x48e048d,0x490048f,0x2310491,0x4930492
.4byte 0x4950494,0x4970496,0x4990498,0x48d049a,0x48f048e,0x4910490,0x4920231,0x4940493
.4byte 0x49c049b,0x49e049d,0x4a0049f,0x4a204a1,0x4a404a3,0x4a50000,0x4a704a6,0x4a80000
.4byte 0x4aa04a9,0x4ac04ab,0x4ae04ad,0x4b004af,0x4b204b1,0x4b404b3,0x4b604b5,0x4b804b7
.4byte 0x4ba04b9,0x4bc04bb,0x4be04bd,0x4c004bf,0x4c204c1,0x4c404c3,0x4c604c5,0x4c804c7
.4byte 0x4ca04c9,0x4cc04cb,0x4ce04cd,0x4d004cf,0x4d204d1,0x4d404d3,0x4d5043e,0x4d704d6
.4byte 0x4d904d8,0x4db04da,0x4dd04dc,0x4df04de,0x4e104e0,0x4e304e2,0x4e504e4,0x4e704e6
.4byte 0x4e904e8,0x4eb04ea,0x4ed04ec,0x4ef04ee,0x4f104f0,0x4f204c1,0x4f404f3,0x4f604f5
.4byte 0x4f804f7,0x4fa04f9,0x4fc04fb,0x4fe04fd,0x22b,0x2370236,0x3f01e8,0x4580457
.4byte 0x45a0459,0x8e008d,0x462045b,0x4640463,0xa60465,0xa800a7,0x1190118,0x11b011a
.4byte 0x170004,0x190018,0x0,0x1b001a,0x4001c,0x50a0509,0x9a0199,0x45f009b
.4byte 0x4610460,0x7f0081,0x810080,0x4560455,0x3f0276,0x5440259,0x24f,0x46e046d
.4byte 0x17e046f,0x4710470,0x4730472,0x4740034,0x4760475,0x4780477,0x47a0479,0x47b0019
.4byte 0x47d047c,0x47f047e,0x4810480,0x4830482,0x48401ff,0x1540485,0x4870486,0x4890488
.4byte 0x48b048a,0x13a048c,0x48e048d,0x490048f,0x2310491,0x4930492,0x4950494,0x4970496
.4byte 0x4990498,0x48d049a,0x48f048e,0x4910490,0x4920231,0x4940493,0x4960495,0x4980497
.4byte 0x49a0499,0x48e048d,0x490048f,0x2310491,0x4930492,0x49b0494,0x49d049c,0x49f049e
.4byte 0x4a104a0,0x4a304a2,0x4a4,0x4a604a5,0x4a7,0x4a904a8,0x4ab04aa,0x4ad04ac
.4byte 0x4af04ae,0x4b104b0,0x4b304b2,0x4b504b4,0x4b704b6,0x4b904b8,0x4bb04ba,0x4bd04bc
.4byte 0x4bf04be,0x4c104c0,0x4c304c2,0x4c504c4,0x4c704c6,0x4c904c8,0x4cb04ca,0x4cd04cc
.4byte 0x4cf04ce,0x4d104d0,0x4d304d2,0x43e04d4,0x4d604d5,0x4d804d7,0x4da04d9,0x4dc04db
.4byte 0x4de04dd,0x4e004df,0x4e204e1,0x4e404e3,0x4e604e5,0x4e804e7,0x4ea04e9,0x4ec04eb
.4byte 0x4ee04ed,0x4f004ef,0x4c104f1,0x4f304f2,0x4f504f4,0x4f704f6,0x4f904f8,0x4fb04fa
.4byte 0x4fd04fc,0x22b04fe,0x25b0000,0x3f0545,0x4580457,0x45a0459,0x8e008d,0x462045b
.4byte 0x4640463,0xa60465,0xa800a7,0x1190118,0x11b011a,0x170004,0x190018,0x0
.4byte 0x1b001a,0x4001c,0x510050f,0x800511,0x4520081,0x4540453,0x7f0081,0x810080
.4byte 0x4560455,0x3f0276,0x20101b1,0x202,0x46e046d,0x17e046f,0x4710470,0x4730472
.4byte 0x4740034,0x4760475,0x4780477,0x47a0479,0x47b0019,0x47d047c,0x47f047e,0x4810480
.4byte 0x4830482,0x48401ff,0x1540485,0x4870486,0x4890488,0x48b048a,0x13a048c,0x48e048d
.4byte 0x490048f,0x2310491,0x4930492,0x4950494,0x4970496,0x4990498,0x48d049a,0x48f048e
.4byte 0x4910490,0x4920231,0x4940493,0x4960495,0x4980497,0x49a0499,0x48e048d,0x490048f
.4byte 0x2310491,0x4930492,0x49b0494,0x49d049c,0x49f049e,0x4a104a0,0x4a304a2,0x4a4
.4byte 0x4a604a5,0x4a7,0x4a904a8,0x4ab04aa,0x4ad04ac,0x4af04ae,0x4b104b0,0x4b304b2
.4byte 0x4b504b4,0x4b704b6,0x4b904b8,0x4bb04ba,0x4bd04bc,0x4bf04be,0x4c104c0,0x4c304c2
.4byte 0x4c504c4,0x4c704c6,0x4c904c8,0x4cb04ca,0x4cd04cc,0x4cf04ce,0x4d104d0,0x4d304d2
.4byte 0x43e04d4,0x4d604d5,0x4d804d7,0x4da04d9,0x4dc04db,0x4de04dd,0x4e004df,0x4e204e1
.4byte 0x4e404e3,0x4e604e5,0x4e804e7,0x4ea04e9,0x4ec04eb,0x4ee04ed,0x4f004ef,0x4c104f1
.4byte 0x4f304f2,0x4f504f4,0x4f704f6,0x4f904f8,0x4fb04fa,0x4fd04fc,0x22b04fe,0x2030000
.4byte 0x3f0546,0x4580457,0x45a0459,0x8e008d,0x45c045b,0x8b045d,0x8d045e,0x8f008e
.4byte 0x12c012b,0x12e012d,0x170004,0x190018,0x0,0x1b001a,0x4001c,0x510050f
.4byte 0x800511,0x4520081,0x4540453,0x7f0081,0x810080,0x4560455,0x3f0276,0x21f01dd
.4byte 0x220,0x46e046d,0x17e046f,0x4710470,0x4730472,0x4740034,0x4760475,0x4780477
.4byte 0x47a0479,0x47b0019,0x47d047c,0x47f047e,0x4810480,0x4830482,0x48401ff,0x1540485
.4byte 0x4870486,0x4890488,0x48b048a,0x13a048c,0x48e048d,0x490048f,0x2310491,0x4930492
.4byte 0x4950494,0x4970496,0x4990498,0x48d049a,0x48f048e,0x4910490,0x4920231,0x4940493
.4byte 0x4960495,0x4980497,0x49a0499,0x48e048d,0x490048f,0x2310491,0x4930492,0x49b0494
.4byte 0x49d049c,0x49f049e,0x4a104a0,0x4a304a2,0x4a4,0x4a604a5,0x4a7,0x4a904a8
.4byte 0x4ab04aa,0x4ad04ac,0x4af04ae,0x4b104b0,0x4b304b2,0x4b504b4,0x4b704b6,0x4b904b8
.4byte 0x4bb04ba,0x4bd04bc,0x4bf04be,0x4c104c0,0x4c304c2,0x4c504c4,0x4c704c6,0x4c904c8
.4byte 0x4cb04ca,0x4cd04cc,0x4cf04ce,0x4d104d0,0x4d304d2,0x43e04d4,0x4d604d5,0x4d804d7
.4byte 0x4da04d9,0x4dc04db,0x4de04dd,0x4e004df,0x4e204e1,0x4e404e3,0x4e604e5,0x4e804e7
.4byte 0x4ea04e9,0x4ec04eb,0x4ee04ed,0x4f004ef,0x4c104f1,0x4f304f2,0x4f504f4,0x4f704f6
.4byte 0x4f904f8,0x4fb04fa,0x4fd04fc,0x22b04fe,0x1e00000,0x2220221,0x457003f,0x4590458
.4byte 0x8d045a,0x45b008e,0x45d045c,0x45e008b,0x8e008d,0x12b008f,0x12d012c,0x4012e
.4byte 0x180017,0x19,0x1a0000,0x1c001b,0x5090004,0x199050a,0x9b009a,0x460045f
.4byte 0x810461,0x80007f,0x4550081,0x2760456,0x1e9003f,0x2560255,0x46d0000,0x46f046e
.4byte 0x470017e,0x4720471,0x340473,0x4750474,0x4770476,0x4790478,0x19047a,0x47c047b
.4byte 0x47e047d,0x480047f,0x4820481,0x1ff0483,0x4850484,0x4860154,0x4880487,0x48a0489
.4byte 0x48c048b,0x48d013a,0x48f048e,0x4910490,0x4920231,0x4940493,0x4960495,0x4980497
.4byte 0x49a0499,0x48e048d,0x490048f,0x2310491,0x4930492,0x4950494,0x4970496,0x4990498
.4byte 0x48d049a,0x48f048e,0x4910490,0x4920231,0x4940493,0x49c049b,0x49e049d,0x4a0049f
.4byte 0x4a204a1,0x4a404a3,0x4a50000,0x4a704a6,0x4a80000,0x4aa04a9,0x4ac04ab,0x4ae04ad
.4byte 0x4b004af,0x4b204b1,0x4b404b3,0x4b604b5,0x4b804b7,0x4ba04b9,0x4bc04bb,0x4be04bd
.4byte 0x4c004bf,0x4c204c1,0x4c404c3,0x4c604c5,0x4c804c7,0x4ca04c9,0x4cc04cb,0x4ce04cd
.4byte 0x4d004cf,0x4d204d1,0x4d404d3,0x4d5043e,0x4d704d6,0x4d904d8,0x4db04da,0x4dd04dc
.4byte 0x4df04de,0x4e104e0,0x4e304e2,0x4e504e4,0x4e704e6,0x4e904e8,0x4eb04ea,0x4ed04ec
.4byte 0x4ef04ee,0x4f104f0,0x4f204c1,0x4f404f3,0x4f604f5,0x4f804f7,0x4fa04f9,0x4fc04fb
.4byte 0x4fe04fd,0x22b,0x257000e,0x3f0258,0x4580457,0x45a0459,0x8e008d,0x462045b
.4byte 0x4640463,0xa60465,0xa800a7,0x1190118,0x11b011a,0x170004,0x190018,0x0
.4byte 0x1b001a,0x4001c,0x4670466,0x800468,0x46a0469,0x40003,0x5470025,0x548
.4byte 0x46e046d,0x17e046f,0x4710470,0x4730472,0x4740034,0x4760475,0x4780477,0x47a0479
.4byte 0x47b0019,0x47d047c,0x47f047e,0x4810480,0x4830482,0x48401ff,0x1540485,0x4870486
.4byte 0x4890488,0x48b048a,0x13a048c,0x48e048d,0x490048f,0x2310491,0x4930492,0x4950494
.4byte 0x4970496,0x4990498,0x48d049a,0x48f048e,0x4910490,0x4920231,0x4940493,0x4960495
.4byte 0x4980497,0x49a0499,0x48e048d,0x490048f,0x2310491,0x4930492,0x49b0494,0x49d049c
.4byte 0x49f049e,0x4a104a0,0x54904a2,0x54b054a,0x54d054c,0x54f054e,0x5510550,0x5530552
.4byte 0x5550554,0x5570556,0x5590558,0x55b055a,0x55d055c,0x4ab04aa,0x4ad04ac,0x4af04ae
.4byte 0x4b104b0,0x4b304b2,0x4b504b4,0x4b704b6,0x4b904b8,0x4bb04ba,0x4bd04bc,0x4bf04be
.4byte 0x4c104c0,0x4c304c2,0x4c504c4,0x4c704c6,0x4c904c8,0x4cb04ca,0x4cd04cc,0x4cf04ce
.4byte 0x4d104d0,0x4d304d2,0x43e04d4,0x4d604d5,0x4d804d7,0x4da04d9,0x4dc04db,0x4de04dd
.4byte 0x4e004df,0x4e204e1,0x4e404e3,0x4e604e5,0x4e804e7,0x4ea04e9,0x4ec04eb,0x4ee04ed
.4byte 0x4f004ef,0x4c104f1,0x4f304f2,0x4f504f4,0x4f704f6,0x4f904f8,0x4fb04fa,0x4fd04fc
.4byte 0x22b04fe,0x80000,0x55f055e,0x12e0004,0x5020501,0x8e0503,0x5050504,0x40506
.4byte 0x180017,0x19,0x1a0000,0x1c001b,0x4660004,0x4680467,0x4690080,0x3046a
.4byte 0x5600004,0x1d00561,0x46d0000,0x46f046e,0x470017e,0x4720471,0x340473,0x4750474
.4byte 0x4770476,0x4790478,0x19047a,0x47c047b,0x47e047d,0x480047f,0x4820481,0x1ff0483
.4byte 0x4850484,0x4860154,0x4880487,0x48a0489,0x48c048b,0x48d013a,0x48f048e,0x4910490
.4byte 0x4920231,0x4940493,0x4960495,0x4980497,0x49a0499,0x48e048d,0x490048f,0x2310491
.4byte 0x4930492,0x4950494,0x4970496,0x4990498,0x48d049a,0x48f048e,0x4910490,0x4920231
.4byte 0x4940493,0x49c049b,0x49e049d,0x4a0049f,0x4a204a1,0x54a0549,0x54c054b,0x54e054d
.4byte 0x550054f,0x5520551,0x5540553,0x5560555,0x5580557,0x55a0559,0x55c055b,0x4aa055d
.4byte 0x4ac04ab,0x4ae04ad,0x4b004af,0x4b204b1,0x4b404b3,0x4b604b5,0x4b804b7,0x4ba04b9
.4byte 0x4bc04bb,0x4be04bd,0x4c004bf,0x4c204c1,0x4c404c3,0x4c604c5,0x4c804c7,0x4ca04c9
.4byte 0x4cc04cb,0x4ce04cd,0x4d004cf,0x4d204d1,0x4d404d3,0x4d5043e,0x4d704d6,0x4d904d8
.4byte 0x4db04da,0x4dd04dc,0x4df04de,0x4e104e0,0x4e304e2,0x4e504e4,0x4e704e6,0x4e904e8
.4byte 0x4eb04ea,0x4ed04ec,0x4ef04ee,0x4f104f0,0x4f204c1,0x4f404f3,0x4f604f5,0x4f804f7
.4byte 0x4fa04f9,0x4fc04fb,0x4fe04fd,0x22b,0x5630562,0x40564,0x501012e,0x5030502
.4byte 0x504008e,0x5060505,0x170004,0x190018,0x0,0x1af030a,0x7e01b0,0x810080
.4byte 0x4530452,0x810454,0x80007f,0x4550081,0x2760456,0x252003f,0x1d0051d,0x46d0000
.4byte 0x46f046e,0x470017e,0x4720471,0x340473,0x4750474,0x4770476,0x4790478,0x19047a
.4byte 0x47c047b,0x47e047d,0x480047f,0x4820481,0x1ff0483,0x4850484,0x4860154,0x4880487
.4byte 0x48a0489,0x48c048b,0x48d013a,0x48f048e,0x4910490,0x4920231,0x4940493,0x4960495
.4byte 0x4980497,0x49a0499,0x48e048d,0x490048f,0x2310491,0x4930492,0x4950494,0x4970496
.4byte 0x4990498,0x48d049a,0x48f048e,0x4910490,0x4920231,0x4940493,0x49c049b,0x49e049d
.4byte 0x4a0049f,0x4a204a1,0x54a0549,0x54c054b,0x54e054d,0x550054f,0x5520551,0x5540553
.4byte 0x5560555,0x5580557,0x55a0559,0x55c055b,0x4aa055d,0x4ac04ab,0x4ae04ad,0x4b004af
.4byte 0x4b204b1,0x4b404b3,0x4b604b5,0x4b804b7,0x4ba04b9,0x4bc04bb,0x4be04bd,0x4c004bf
.4byte 0x4c204c1,0x4c404c3,0x4c604c5,0x4c804c7,0x4ca04c9,0x4cc04cb,0x4ce04cd,0x4d004cf
.4byte 0x4d204d1,0x4d404d3,0x4d5043e,0x4d704d6,0x4d904d8,0x4db04da,0x4dd04dc,0x4df04de
.4byte 0x4e104e0,0x4e304e2,0x4e504e4,0x4e704e6,0x4e904e8,0x4eb04ea,0x4ed04ec,0x4ef04ee
.4byte 0x4f104f0,0x4f204c1,0x4f404f3,0x4f604f5,0x4f804f7,0x4fa04f9,0x4fc04fb,0x4fe04fd
.4byte 0x22b,0x208051e,0x3f01d3,0x4580457,0x45a0459,0x8e008d,0x45c045b,0x8b045d
.4byte 0x8d045e,0x8f008e,0x910090,0x930092,0x0,0x31301ae,0x980314,0x9b009a
.4byte 0x460045f,0x810461,0x80007f,0x4550081,0x2760456,0x223003f,0x1e50224,0x46d0000
.4byte 0x46f046e,0x470017e,0x4720471,0x340473,0x4750474,0x4770476,0x4790478,0x19047a
.4byte 0x47c047b,0x47e047d,0x480047f,0x4820481,0x1ff0483,0x4850484,0x4860154,0x4880487
.4byte 0x48a0489,0x48c048b,0x48d013a,0x48f048e,0x4910490,0x4920231,0x4940493,0x4960495
.4byte 0x4980497,0x49a0499,0x48e048d,0x490048f,0x2310491,0x4930492,0x4950494,0x4970496
.4byte 0x4990498,0x48d049a,0x48f048e,0x4910490,0x4920231,0x4940493,0x49c049b,0x49e049d
.4byte 0x4a0049f,0x4a204a1,0x54a0549,0x54c054b,0x54e054d,0x550054f,0x5520551,0x5540553
.4byte 0x5560555,0x5580557,0x55a0559,0x55c055b,0x4aa055d,0x4ac04ab,0x4ae04ad,0x4b004af
.4byte 0x4b204b1,0x4b404b3,0x4b604b5,0x4b804b7,0x4ba04b9,0x4bc04bb,0x4be04bd,0x4c004bf
.4byte 0x4c204c1,0x4c404c3,0x4c604c5,0x4c804c7,0x4ca04c9,0x4cc04cb,0x4ce04cd,0x4d004cf
.4byte 0x4d204d1,0x4d404d3,0x4d5043e,0x4d704d6,0x4d904d8,0x4db04da,0x4dd04dc,0x4df04de
.4byte 0x4e104e0,0x4e304e2,0x4e504e4,0x4e704e6,0x4e904e8,0x4eb04ea,0x4ed04ec,0x4ef04ee
.4byte 0x4f104f0,0x4f204c1,0x4f404f3,0x4f604f5,0x4f804f7,0x4fa04f9,0x4fc04fb,0x4fe04fd
.4byte 0x22b,0x2260225,0x3f01e8,0x4580457,0x45a0459,0x8e008d,0x462045b,0x4640463
.4byte 0xa60465,0xa800a7,0xaa00a9,0xac00ab,0x0,0x31301ae,0x980314,0x9b009a
.4byte 0x460045f,0x810461,0x80007f,0x4550081,0x2760456,0x297003f,0x2c50565,0x46d0000
.4byte 0x46f046e,0x470017e,0x4720471,0x340473,0x4750474,0x4770476,0x4790478,0x19047a
.4byte 0x47c047b,0x47e047d,0x480047f,0x4820481,0x1ff0483,0x4850484,0x4860154,0x4880487
.4byte 0x48a0489,0x48c048b,0x48d013a,0x48f048e,0x4910490,0x4920231,0x4940493,0x4960495
.4byte 0x4980497,0x49a0499,0x48e048d,0x490048f,0x2310491,0x4930492,0x4950494,0x4970496
.4byte 0x4990498,0x48d049a,0x48f048e,0x4910490,0x4920231,0x4940493,0x49c049b,0x49e049d
.4byte 0x4a0049f,0x4a204a1,0x54a0549,0x54c054b,0x54e054d,0x550054f,0x5520551,0x5540553
.4byte 0x5560555,0x5580557,0x55a0559,0x55c055b,0x4aa055d,0x4ac04ab,0x4ae04ad,0x4b004af
.4byte 0x4b204b1,0x4b404b3,0x4b604b5,0x4b804b7,0x4ba04b9,0x4bc04bb,0x4be04bd,0x4c004bf
.4byte 0x4c204c1,0x4c404c3,0x4c604c5,0x4c804c7,0x4ca04c9,0x4cc04cb,0x4ce04cd,0x4d004cf
.4byte 0x4d204d1,0x4d404d3,0x4d5043e,0x4d704d6,0x4d904d8,0x4db04da,0x4dd04dc,0x4df04de
.4byte 0x4e104e0,0x4e304e2,0x4e504e4,0x4e704e6,0x4e904e8,0x4eb04ea,0x4ed04ec,0x4ef04ee
.4byte 0x4f104f0,0x4f204c1,0x4f404f3,0x4f604f5,0x4f804f7,0x4fa04f9,0x4fc04fb,0x4fe04fd
.4byte 0x22b,0x5220566,0x3f01e8,0x4580457,0x45a0459,0x8e008d,0x462045b,0x4640463
.4byte 0xa60465,0xa800a7,0xaa00a9,0xac00ab,0x0,0x1af030a,0x7e01b0,0x810080
.4byte 0x4530452,0x810454,0x80007f,0x4550081,0x2760456,0x244003f,0x2d0245,0x46d0000
.4byte 0x46f046e,0x470017e,0x4720471,0x340473,0x4750474,0x4770476,0x4790478,0x19047a
.4byte 0x47c047b,0x47e047d,0x480047f,0x4820481,0x1ff0483,0x4850484,0x4860154,0x4880487
.4byte 0x48a0489,0x48c048b,0x48d013a,0x48f048e,0x4910490,0x4920231,0x4940493,0x4960495
.4byte 0x4980497,0x49a0499,0x48e048d,0x490048f,0x2310491,0x4930492,0x4950494,0x4970496
.4byte 0x4990498,0x48d049a,0x48f048e,0x4910490,0x4920231,0x4940493,0x49c049b,0x49e049d
.4byte 0x4a0049f,0x4a204a1,0x54a0549,0x54c054b,0x54e054d,0x550054f,0x5520551,0x5540553
.4byte 0x5560555,0x5580557,0x55a0559,0x55c055b,0x4aa055d,0x4ac04ab,0x4ae04ad,0x4b004af
.4byte 0x4b204b1,0x4b404b3,0x4b604b5,0x4b804b7,0x4ba04b9,0x4bc04bb,0x4be04bd,0x4c004bf
.4byte 0x4c204c1,0x4c404c3,0x4c604c5,0x4c804c7,0x4ca04c9,0x4cc04cb,0x4ce04cd,0x4d004cf
.4byte 0x4d204d1,0x4d404d3,0x4d5043e,0x4d704d6,0x4d904d8,0x4db04da,0x4dd04dc,0x4df04de
.4byte 0x4e104e0,0x4e304e2,0x4e504e4,0x4e704e6,0x4e904e8,0x4eb04ea,0x4ed04ec,0x4ef04ee
.4byte 0x4f104f0,0x4f204c1,0x4f404f3,0x4f604f5,0x4f804f7,0x4fa04f9,0x4fc04fb,0x4fe04fd
.4byte 0x22b,0x2470246,0x457003f,0x4590458,0x8d045a,0x45b008e,0x45d045c,0x45e008b
.4byte 0x8e008d,0x90008f,0x920091,0x93,0x30a0000,0x1b001af,0x80007e,0x4520081
.4byte 0x4540453,0x7f0081,0x810080,0x4560455,0x3f0276,0x42f01ca,0x430,0x46e046d
.4byte 0x17e046f,0x4710470,0x4730472,0x4740034,0x4760475,0x4780477,0x47a0479,0x47b0019
.4byte 0x47d047c,0x47f047e,0x4810480,0x4830482,0x48401ff,0x1540485,0x4870486,0x4890488
.4byte 0x48b048a,0x13a048c,0x48e048d,0x490048f,0x2310491,0x4930492,0x4950494,0x4970496
.4byte 0x4990498,0x48d049a,0x48f048e,0x4910490,0x4920231,0x4940493,0x4960495,0x4980497
.4byte 0x49a0499,0x48e048d,0x490048f,0x2310491,0x4930492,0x49b0494,0x49d049c,0x49f049e
.4byte 0x4a104a0,0x54904a2,0x54b054a,0x54d054c,0x54f054e,0x5510550,0x5530552,0x5550554
.4byte 0x5570556,0x5590558,0x55b055a,0x55d055c,0x4ab04aa,0x4ad04ac,0x4af04ae,0x4b104b0
.4byte 0x4b304b2,0x4b504b4,0x4b704b6,0x4b904b8,0x4bb04ba,0x4bd04bc,0x4bf04be,0x4c104c0
.4byte 0x4c304c2,0x4c504c4,0x4c704c6,0x4c904c8,0x4cb04ca,0x4cd04cc,0x4cf04ce,0x4d104d0
.4byte 0x4d304d2,0x43e04d4,0x4d604d5,0x4d804d7,0x4da04d9,0x4dc04db,0x4de04dd,0x4e004df
.4byte 0x4e204e1,0x4e404e3,0x4e604e5,0x4e804e7,0x4ea04e9,0x4ec04eb,0x4ee04ed,0x4f004ef
.4byte 0x4c104f1,0x4f304f2,0x4f504f4,0x4f704f6,0x4f904f8,0x4fb04fa,0x4fd04fc,0x22b04fe
.4byte 0x1b70000,0x1d70444,0x457003f,0x4590458,0x8d045a,0x45b008e,0x45d045c,0x45e008b
.4byte 0x8e008d,0x90008f,0x920091,0x93,0x1ae0000,0x3140313,0x9a0098,0x45f009b
.4byte 0x4610460,0x7f0081,0x810080,0x4560455,0x3f0276,0x1ea01e9,0x1eb,0x46e046d
.4byte 0x17e046f,0x4710470,0x4730472,0x4740034,0x4760475,0x4780477,0x47a0479,0x47b0019
.4byte 0x47d047c,0x47f047e,0x4810480,0x4830482,0x48401ff,0x1540485,0x4870486,0x4890488
.4byte 0x48b048a,0x13a048c,0x48e048d,0x490048f,0x2310491,0x4930492,0x4950494,0x4970496
.4byte 0x4990498,0x48d049a,0x48f048e,0x4910490,0x4920231,0x4940493,0x4960495,0x4980497
.4byte 0x49a0499,0x48e048d,0x490048f,0x2310491,0x4930492,0x49b0494,0x49d049c,0x49f049e
.4byte 0x4a104a0,0x54904a2,0x54b054a,0x54d054c,0x54f054e,0x5510550,0x5530552,0x5550554
.4byte 0x5570556,0x5590558,0x55b055a,0x55d055c,0x4ab04aa,0x4ad04ac,0x4af04ae,0x4b104b0
.4byte 0x4b304b2,0x4b504b4,0x4b704b6,0x4b904b8,0x4bb04ba,0x4bd04bc,0x4bf04be,0x4c104c0
.4byte 0x4c304c2,0x4c504c4,0x4c704c6,0x4c904c8,0x4cb04ca,0x4cd04cc,0x4cf04ce,0x4d104d0
.4byte 0x4d304d2,0x43e04d4,0x4d604d5,0x4d804d7,0x4da04d9,0x4dc04db,0x4de04dd,0x4e004df
.4byte 0x4e204e1,0x4e404e3,0x4e604e5,0x4e804e7,0x4ea04e9,0x4ec04eb,0x4ee04ed,0x4f004ef
.4byte 0x4c104f1,0x4f304f2,0x4f504f4,0x4f704f6,0x4f904f8,0x4fb04fa,0x4fd04fc,0x22b04fe
.4byte 0xe0000,0x1ed01ec,0x457003f,0x4590458,0x8d045a,0x45b008e,0x4630462,0x4650464
.4byte 0xa700a6,0xa900a8,0xab00aa,0xac,0x1ae0000,0x3140313,0x9a0098,0x45f009b
.4byte 0x4610460,0x7f0081,0x810080,0x4560455,0x3f0276,0x56701e9,0x568,0x46e046d
.4byte 0x17e046f,0x4710470,0x4730472,0x4740034,0x4760475,0x4780477,0x47a0479,0x47b0019
.4byte 0x47d047c,0x47f047e,0x4810480,0x4830482,0x48401ff,0x1540485,0x4870486,0x4890488
.4byte 0x48b048a,0x13a048c,0x48e048d,0x490048f,0x2310491,0x4930492,0x4950494,0x4970496
.4byte 0x4990498,0x48d049a,0x48f048e,0x4910490,0x4920231,0x4940493,0x4960495,0x4980497
.4byte 0x49a0499,0x48e048d,0x490048f,0x2310491,0x4930492,0x49b0494,0x49d049c,0x49f049e
.4byte 0x4a104a0,0x54904a2,0x54b054a,0x54d054c,0x54f054e,0x5510550,0x5530552,0x5550554
.4byte 0x5570556,0x5590558,0x55b055a,0x55d055c,0x4ab04aa,0x4ad04ac,0x4af04ae,0x4b104b0
.4byte 0x4b304b2,0x4b504b4,0x4b704b6,0x4b904b8,0x4bb04ba,0x4bd04bc,0x4bf04be,0x4c104c0
.4byte 0x4c304c2,0x4c504c4,0x4c704c6,0x4c904c8,0x4cb04ca,0x4cd04cc,0x4cf04ce,0x4d104d0
.4byte 0x4d304d2,0x43e04d4,0x4d604d5,0x4d804d7,0x4da04d9,0x4dc04db,0x4de04dd,0x4e004df
.4byte 0x4e204e1,0x4e404e3,0x4e604e5,0x4e804e7,0x4ea04e9,0x4ec04eb,0x4ee04ed,0x4f004ef
.4byte 0x4c104f1,0x4f304f2,0x4f504f4,0x4f704f6,0x4f904f8,0x4fb04fa,0x4fd04fc,0x22b04fe
.4byte 0x5690000,0x56b056a,0x457003f,0x4590458,0x8d045a,0x45b008e,0x4630462,0x4650464
.4byte 0xa700a6,0xa900a8,0xab00aa,0xac,0x30a0000,0x1b001af,0x80007e,0x4520081
.4byte 0x4540453,0x7f0081,0x810080,0x4560455,0x3f0276,0x519056c,0x46d0000,0x46f046e
.4byte 0x470017e,0x4720471,0x340473,0x4750474,0x4770476,0x4790478,0x19047a,0x47c047b
.4byte 0x47e047d,0x480047f,0x4820481,0x1ff0483,0x4850484,0x4860154,0x4880487,0x48a0489
.4byte 0x48c048b,0x48d013a,0x48f048e,0x4910490,0x4920231,0x4940493,0x4960495,0x4980497
.4byte 0x49a0499,0x48e048d,0x490048f,0x2310491,0x4930492,0x4950494,0x4970496,0x4990498
.4byte 0x48d049a,0x48f048e,0x4910490,0x4920231,0x4940493,0x49c049b,0x49e049d,0x4a0049f
.4byte 0x4a204a1,0x54a0549,0x54c054b,0x54e054d,0x550054f,0x5520551,0x5540553,0x5560555
.4byte 0x5580557,0x55a0559,0x55c055b,0x4aa055d,0x4ac04ab,0x4ae04ad,0x4b004af,0x4b204b1
.4byte 0x4b404b3,0x4b604b5,0x4b804b7,0x4ba04b9,0x4bc04bb,0x4be04bd,0x4c004bf,0x4c204c1
.4byte 0x4c404c3,0x4c604c5,0x4c804c7,0x4ca04c9,0x4cc04cb,0x4ce04cd,0x4d004cf,0x4d204d1
.4byte 0x4d404d3,0x4d5043e,0x4d704d6,0x4d904d8,0x4db04da,0x4dd04dc,0x4df04de,0x4e104e0
.4byte 0x4e304e2,0x4e504e4,0x4e704e6,0x4e904e8,0x4eb04ea,0x4ed04ec,0x4ef04ee,0x4f104f0
.4byte 0x4f204c1,0x4f404f3,0x4f604f5,0x4f804f7,0x4fa04f9,0x4fc04fb,0x4fe04fd,0x22b
.4byte 0x51b051a,0x3f01c4,0x4580457,0x45a0459,0x8e008d,0x45c045b,0x8b045d,0x8d045e
.4byte 0x8f008e,0x910090,0x930092,0x0,0x1af030a,0x7e01b0,0x810080,0x4530452
.4byte 0x810454,0x80007f,0x4550081,0x2760456,0x248003f,0x1da056d,0x46d0000,0x46f046e
.4byte 0x470017e,0x4720471,0x340473,0x4750474,0x4770476,0x4790478,0x19047a,0x47c047b
.4byte 0x47e047d,0x480047f,0x4820481,0x1ff0483,0x4850484,0x4860154,0x4880487,0x48a0489
.4byte 0x48c048b,0x48d013a,0x48f048e,0x4910490,0x4920231,0x4940493,0x4960495,0x4980497
.4byte 0x49a0499,0x48e048d,0x490048f,0x2310491,0x4930492,0x4950494,0x4970496,0x4990498
.4byte 0x48d049a,0x48f048e,0x4910490,0x4920231,0x4940493,0x49c049b,0x49e049d,0x4a0049f
.4byte 0x4a204a1,0x54a0549,0x54c054b,0x54e054d,0x550054f,0x5520551,0x5540553,0x5560555
.4byte 0x5580557,0x55a0559,0x55c055b,0x4aa055d,0x4ac04ab,0x4ae04ad,0x4b004af,0x4b204b1
.4byte 0x4b404b3,0x4b604b5,0x4b804b7,0x4ba04b9,0x4bc04bb,0x4be04bd,0x4c004bf,0x4c204c1
.4byte 0x4c404c3,0x4c604c5,0x4c804c7,0x4ca04c9,0x4cc04cb,0x4ce04cd,0x4d004cf,0x4d204d1
.4byte 0x4d404d3,0x4d5043e,0x4d704d6,0x4d904d8,0x4db04da,0x4dd04dc,0x4df04de,0x4e104e0
.4byte 0x4e304e2,0x4e504e4,0x4e704e6,0x4e904e8,0x4eb04ea,0x4ed04ec,0x4ef04ee,0x4f104f0
.4byte 0x4f204c1,0x4f404f3,0x4f604f5,0x4f804f7,0x4fa04f9,0x4fc04fb,0x4fe04fd,0x22b
.4byte 0x1dc056e,0x3f0249,0x4580457,0x45a0459,0x8e008d,0x45c045b,0x8b045d,0x8d045e
.4byte 0x8f008e,0x910090,0x930092,0x0,0x31301ae,0x980314,0x9b009a,0x460045f
.4byte 0x810461,0x80007f,0x4550081,0x2760456,0x1ee003f,0x1901ef,0x46d0000,0x46f046e
.4byte 0x470017e,0x4720471,0x340473,0x4750474,0x4770476,0x4790478,0x19047a,0x47c047b
.4byte 0x47e047d,0x480047f,0x4820481,0x1ff0483,0x4850484,0x4860154,0x4880487,0x48a0489
.4byte 0x48c048b,0x48d013a,0x48f048e,0x4910490,0x4920231,0x4940493,0x4960495,0x4980497
.4byte 0x49a0499,0x48e048d,0x490048f,0x2310491,0x4930492,0x4950494,0x4970496,0x4990498
.4byte 0x48d049a,0x48f048e,0x4910490,0x4920231,0x4940493,0x49c049b,0x49e049d,0x4a0049f
.4byte 0x4a204a1,0x54a0549,0x54c054b,0x54e054d,0x550054f,0x5520551,0x5540553,0x5560555
.4byte 0x5580557,0x55a0559,0x55c055b,0x4aa055d,0x4ac04ab,0x4ae04ad,0x4b004af,0x4b204b1
.4byte 0x4b404b3,0x4b604b5,0x4b804b7,0x4ba04b9,0x4bc04bb,0x4be04bd,0x4c004bf,0x4c204c1
.4byte 0x4c404c3,0x4c604c5,0x4c804c7,0x4ca04c9,0x4cc04cb,0x4ce04cd,0x4d004cf,0x4d204d1
.4byte 0x4d404d3,0x4d5043e,0x4d704d6,0x4d904d8,0x4db04da,0x4dd04dc,0x4df04de,0x4e104e0
.4byte 0x4e304e2,0x4e504e4,0x4e704e6,0x4e904e8,0x4eb04ea,0x4ed04ec,0x4ef04ee,0x4f104f0
.4byte 0x4f204c1,0x4f404f3,0x4f604f5,0x4f804f7,0x4fa04f9,0x4fc04fb,0x4fe04fd,0x22b
.4byte 0x1f1056f,0x3f01e8,0x4580457,0x45a0459,0x8e008d,0x462045b,0x4640463,0xa60465
.4byte 0xa800a7,0xaa00a9,0xac00ab,0x0,0x31301ae,0x980314,0x9b009a,0x460045f
.4byte 0x810461,0x80007f,0x4550081,0x2760456,0x259003f,0x24f025a,0x46d0000,0x46f046e
.4byte 0x470017e,0x4720471,0x340473,0x4750474,0x4770476,0x4790478,0x19047a,0x47c047b
.4byte 0x47e047d,0x480047f,0x4820481,0x1ff0483,0x4850484,0x4860154,0x4880487,0x48a0489
.4byte 0x48c048b,0x48d013a,0x48f048e,0x4910490,0x4920231,0x4940493,0x4960495,0x4980497
.4byte 0x49a0499,0x48e048d,0x490048f,0x2310491,0x4930492,0x4950494,0x4970496,0x4990498
.4byte 0x48d049a,0x48f048e,0x4910490,0x4920231,0x4940493,0x49c049b,0x49e049d,0x4a0049f
.4byte 0x4a204a1,0x54a0549,0x54c054b,0x54e054d,0x550054f,0x5520551,0x5540553,0x5560555
.4byte 0x5580557,0x55a0559,0x55c055b,0x4aa055d,0x4ac04ab,0x4ae04ad,0x4b004af,0x4b204b1
.4byte 0x4b404b3,0x4b604b5,0x4b804b7,0x4ba04b9,0x4bc04bb,0x4be04bd,0x4c004bf,0x4c204c1
.4byte 0x4c404c3,0x4c604c5,0x4c804c7,0x4ca04c9,0x4cc04cb,0x4ce04cd,0x4d004cf,0x4d204d1
.4byte 0x4d404d3,0x4d5043e,0x4d704d6,0x4d904d8,0x4db04da,0x4dd04dc,0x4df04de,0x4e104e0
.4byte 0x4e304e2,0x4e504e4,0x4e704e6,0x4e904e8,0x4eb04ea,0x4ed04ec,0x4ef04ee,0x4f104f0
.4byte 0x4f204c1,0x4f404f3,0x4f604f5,0x4f804f7,0x4fa04f9,0x4fc04fb,0x4fe04fd,0x22b
.4byte 0x25c025b,0x457003f,0x4590458,0x8d045a,0x45b008e,0x4630462,0x4650464,0xa700a6
.4byte 0xa900a8,0xab00aa,0xac,0x30a0000,0x1b001af,0x80007e,0x4520081,0x4540453
.4byte 0x7f0081,0x810080,0x4560455,0x3f0276,0x1cb01ca,0x1b3,0x46e046d,0x17e046f
.4byte 0x4710470,0x4730472,0x4740034,0x4760475,0x4780477,0x47a0479,0x47b0019,0x47d047c
.4byte 0x47f047e,0x4810480,0x4830482,0x48401ff,0x1540485,0x4870486,0x4890488,0x48b048a
.4byte 0x13a048c,0x48e048d,0x490048f,0x2310491,0x4930492,0x4950494,0x4970496,0x4990498
.4byte 0x48d049a,0x48f048e,0x4910490,0x4920231,0x4940493,0x4960495,0x4980497,0x49a0499
.4byte 0x48e048d,0x490048f,0x2310491,0x4930492,0x49b0494,0x49d049c,0x49f049e,0x4a104a0
.4byte 0x54904a2,0x54b054a,0x54d054c,0x54f054e,0x5510550,0x5530552,0x5550554,0x5570556
.4byte 0x5590558,0x55b055a,0x55d055c,0x4ab04aa,0x4ad04ac,0x4af04ae,0x4b104b0,0x4b304b2
.4byte 0x4b504b4,0x4b704b6,0x4b904b8,0x4bb04ba,0x4bd04bc,0x4bf04be,0x4c104c0,0x4c304c2
.4byte 0x4c504c4,0x4c704c6,0x4c904c8,0x4cb04ca,0x4cd04cc,0x4cf04ce,0x4d104d0,0x4d304d2
.4byte 0x43e04d4,0x4d604d5,0x4d804d7,0x4da04d9,0x4dc04db,0x4de04dd,0x4e004df,0x4e204e1
.4byte 0x4e404e3,0x4e604e5,0x4e804e7,0x4ea04e9,0x4ec04eb,0x4ee04ed,0x4f004ef,0x4c104f1
.4byte 0x4f304f2,0x4f504f4,0x4f704f6,0x4f904f8,0x4fb04fa,0x4fd04fc,0x22b04fe,0x1b70000
.4byte 0x1cd01cc,0x457003f,0x4590458,0x8d045a,0x45b008e,0x45d045c,0x45e008b,0x8e008d
.4byte 0x90008f,0x920091,0x93,0x30a0000,0x1b001af,0x80007e,0x4520081,0x4540453
.4byte 0x7f0081,0x810080,0x4560455,0x3f0276,0x57001e9,0x53a,0x46e046d,0x17e046f
.4byte 0x4710470,0x4730472,0x4740034,0x4760475,0x4780477,0x47a0479,0x47b0019,0x47d047c
.4byte 0x47f047e,0x4810480,0x4830482,0x48401ff,0x1540485,0x4870486,0x4890488,0x48b048a
.4byte 0x13a048c,0x48e048d,0x490048f,0x2310491,0x4930492,0x4950494,0x4970496,0x4990498
.4byte 0x48d049a,0x48f048e,0x4910490,0x4920231,0x4940493,0x4960495,0x4980497,0x49a0499
.4byte 0x48e048d,0x490048f,0x2310491,0x4930492,0x49b0494,0x49d049c,0x49f049e,0x4a104a0
.4byte 0x54904a2,0x54b054a,0x54d054c,0x54f054e,0x5510550,0x5530552,0x5550554,0x5570556
.4byte 0x5590558,0x55b055a,0x55d055c,0x4ab04aa,0x4ad04ac,0x4af04ae,0x4b104b0,0x4b304b2
.4byte 0x4b504b4,0x4b704b6,0x4b904b8,0x4bb04ba,0x4bd04bc,0x4bf04be,0x4c104c0,0x4c304c2
.4byte 0x4c504c4,0x4c704c6,0x4c904c8,0x4cb04ca,0x4cd04cc,0x4cf04ce,0x4d104d0,0x4d304d2
.4byte 0x43e04d4,0x4d604d5,0x4d804d7,0x4da04d9,0x4dc04db,0x4de04dd,0x4e004df,0x4e204e1
.4byte 0x4e404e3,0x4e604e5,0x4e804e7,0x4ea04e9,0x4ec04eb,0x4ee04ed,0x4f004ef,0x4c104f1
.4byte 0x4f304f2,0x4f504f4,0x4f704f6,0x4f904f8,0x4fb04fa,0x4fd04fc,0x22b04fe,0x50c0000
.4byte 0x50e0571,0x457003f,0x4590458,0x8d045a,0x45b008e,0x45d045c,0x45e008b,0x8e008d
.4byte 0x90008f,0x920091,0x93,0x1ae0000,0x3140313,0x9a0098,0x45f009b,0x4610460
.4byte 0x7f0081,0x810080,0x4560455,0x3f0276,0x24201e9,0x2af,0x46e046d,0x17e046f
.4byte 0x4710470,0x4730472,0x4740034,0x4760475,0x4780477,0x47a0479,0x47b0019,0x47d047c
.4byte 0x47f047e,0x4810480,0x4830482,0x48401ff,0x1540485,0x4870486,0x4890488,0x48b048a
.4byte 0x13a048c,0x48e048d,0x490048f,0x2310491,0x4930492,0x4950494,0x4970496,0x4990498
.4byte 0x48d049a,0x48f048e,0x4910490,0x4920231,0x4940493,0x4960495,0x4980497,0x49a0499
.4byte 0x48e048d,0x490048f,0x2310491,0x4930492,0x49b0494,0x49d049c,0x49f049e,0x4a104a0
.4byte 0x54904a2,0x54b054a,0x54d054c,0x54f054e,0x5510550,0x5530552,0x5550554,0x5570556
.4byte 0x5590558,0x55b055a,0x55d055c,0x4ab04aa,0x4ad04ac,0x4af04ae,0x4b104b0,0x4b304b2
.4byte 0x4b504b4,0x4b704b6,0x4b904b8,0x4bb04ba,0x4bd04bc,0x4bf04be,0x4c104c0,0x4c304c2
.4byte 0x4c504c4,0x4c704c6,0x4c904c8,0x4cb04ca,0x4cd04cc,0x4cf04ce,0x4d104d0,0x4d304d2
.4byte 0x43e04d4,0x4d604d5,0x4d804d7,0x4da04d9,0x4dc04db,0x4de04dd,0x4e004df,0x4e204e1
.4byte 0x4e404e3,0x4e604e5,0x4e804e7,0x4ea04e9,0x4ec04eb,0x4ee04ed,0x4f004ef,0x4c104f1
.4byte 0x4f304f2,0x4f504f4,0x4f704f6,0x4f904f8,0x4fb04fa,0x4fd04fc,0x22b04fe,0x1f40000
.4byte 0x2430572,0x457003f,0x4590458,0x8d045a,0x45b008e,0x4630462,0x4650464,0xa700a6
.4byte 0xa900a8,0xab00aa,0xac,0x1ae0000,0x3140313,0x9a0098,0x45f009b,0x4610460
.4byte 0x7f0081,0x810080,0x4560455,0x3f0276,0x519056c,0x46d0000,0x46f046e,0x470017e
.4byte 0x4720471,0x340473,0x4750474,0x4770476,0x4790478,0x19047a,0x47c047b,0x47e047d
.4byte 0x480047f,0x4820481,0x1ff0483,0x4850484,0x4860154,0x4880487,0x48a0489,0x48c048b
.4byte 0x48d013a,0x48f048e,0x4910490,0x4920231,0x4940493,0x4960495,0x4980497,0x49a0499
.4byte 0x48e048d,0x490048f,0x2310491,0x4930492,0x4950494,0x4970496,0x4990498,0x48d049a
.4byte 0x48f048e,0x4910490,0x4920231,0x4940493,0x49c049b,0x49e049d,0x4a0049f,0x4a204a1
.4byte 0x54a0549,0x54c054b,0x54e054d,0x550054f,0x5520551,0x5540553,0x5560555,0x5580557
.4byte 0x55a0559,0x55c055b,0x4aa055d,0x4ac04ab,0x4ae04ad,0x4b004af,0x4b204b1,0x4b404b3
.4byte 0x4b604b5,0x4b804b7,0x4ba04b9,0x4bc04bb,0x4be04bd,0x4c004bf,0x4c204c1,0x4c404c3
.4byte 0x4c604c5,0x4c804c7,0x4ca04c9,0x4cc04cb,0x4ce04cd,0x4d004cf,0x4d204d1,0x4d404d3
.4byte 0x4d5043e,0x4d704d6,0x4d904d8,0x4db04da,0x4dd04dc,0x4df04de,0x4e104e0,0x4e304e2
.4byte 0x4e504e4,0x4e704e6,0x4e904e8,0x4eb04ea,0x4ed04ec,0x4ef04ee,0x4f104f0,0x4f204c1
.4byte 0x4f404f3,0x4f604f5,0x4f804f7,0x4fa04f9,0x4fc04fb,0x4fe04fd,0x22b,0x51b051a
.4byte 0x3f01c4,0x4580457,0x45a0459,0x8e008d,0x462045b,0x4640463,0xa60465,0xa800a7
.4byte 0xaa00a9,0xac00ab,0x0,0x1af030a,0x7e01b0,0x810080,0x4530452,0x810454
.4byte 0x80007f,0x4550081,0x2760456,0x52d003f,0x1da052e,0x46d0000,0x46f046e,0x470017e
.4byte 0x4720471,0x340473,0x4750474,0x4770476,0x4790478,0x19047a,0x47c047b,0x47e047d
.4byte 0x480047f,0x4820481,0x1ff0483,0x4850484,0x4860154,0x4880487,0x48a0489,0x48c048b
.4byte 0x48d013a,0x48f048e,0x4910490,0x4920231,0x4940493,0x4960495,0x4980497,0x49a0499
.4byte 0x48e048d,0x490048f,0x2310491,0x4930492,0x4950494,0x4970496,0x4990498,0x48d049a
.4byte 0x48f048e,0x4910490,0x4920231,0x4940493,0x49c049b,0x49e049d,0x4a0049f,0x4a204a1
.4byte 0x54a0549,0x54c054b,0x54e054d,0x550054f,0x5520551,0x5540553,0x5560555,0x5580557
.4byte 0x55a0559,0x55c055b,0x4aa055d,0x4ac04ab,0x4ae04ad,0x4b004af,0x4b204b1,0x4b404b3
.4byte 0x4b604b5,0x4b804b7,0x4ba04b9,0x4bc04bb,0x4be04bd,0x4c004bf,0x4c204c1,0x4c404c3
.4byte 0x4c604c5,0x4c804c7,0x4ca04c9,0x4cc04cb,0x4ce04cd,0x4d004cf,0x4d204d1,0x4d404d3
.4byte 0x4d5043e,0x4d704d6,0x4d904d8,0x4db04da,0x4dd04dc,0x4df04de,0x4e104e0,0x4e304e2
.4byte 0x4e504e4,0x4e704e6,0x4e904e8,0x4eb04ea,0x4ed04ec,0x4ef04ee,0x4f104f0,0x4f204c1
.4byte 0x4f404f3,0x4f604f5,0x4f804f7,0x4fa04f9,0x4fc04fb,0x4fe04fd,0x22b,0x530052f
.4byte 0x3f0249,0x4580457,0x45a0459,0x8e008d,0x45c045b,0x8b045d,0x8d045e,0x8f008e
.4byte 0x910090,0x930092,0x0,0x1af030a,0x7e01b0,0x810080,0x4530452,0x810454
.4byte 0x80007f,0x4550081,0x2760456,0x234003f,0xd0235,0x46d0000,0x46f046e,0x470017e
.4byte 0x4720471,0x340473,0x4750474,0x4770476,0x4790478,0x19047a,0x47c047b,0x47e047d
.4byte 0x480047f,0x4820481,0x1ff0483,0x4850484,0x4860154,0x4880487,0x48a0489,0x48c048b
.4byte 0x48d013a,0x48f048e,0x4910490,0x4920231,0x4940493,0x4960495,0x4980497,0x49a0499
.4byte 0x48e048d,0x490048f,0x2310491,0x4930492,0x4950494,0x4970496,0x4990498,0x48d049a
.4byte 0x48f048e,0x4910490,0x4920231,0x4940493,0x49c049b,0x49e049d,0x4a0049f,0x4a204a1
.4byte 0x54a0549,0x54c054b,0x54e054d,0x550054f,0x5520551,0x5540553,0x5560555,0x5580557
.4byte 0x55a0559,0x55c055b,0x4aa055d,0x4ac04ab,0x4ae04ad,0x4b004af,0x4b204b1,0x4b404b3
.4byte 0x4b604b5,0x4b804b7,0x4ba04b9,0x4bc04bb,0x4be04bd,0x4c004bf,0x4c204c1,0x4c404c3
.4byte 0x4c604c5,0x4c804c7,0x4ca04c9,0x4cc04cb,0x4ce04cd,0x4d004cf,0x4d204d1,0x4d404d3
.4byte 0x4d5043e,0x4d704d6,0x4d904d8,0x4db04da,0x4dd04dc,0x4df04de,0x4e104e0,0x4e304e2
.4byte 0x4e504e4,0x4e704e6,0x4e904e8,0x4eb04ea,0x4ed04ec,0x4ef04ee,0x4f104f0,0x4f204c1
.4byte 0x4f404f3,0x4f604f5,0x4f804f7,0x4fa04f9,0x4fc04fb,0x4fe04fd,0x22b,0x2370236
.4byte 0x3f01e8,0x4580457,0x45a0459,0x8e008d,0x45c045b,0x8b045d,0x8d045e,0x8f008e
.4byte 0x910090,0x930092,0x0,0x31301ae,0x980314,0x9b009a,0x460045f,0x810461
.4byte 0x80007f,0x4550081,0x2760456,0x229003f,0x22b0573,0x46d0000,0x46f046e,0x470017e
.4byte 0x4720471,0x340473,0x4750474,0x4770476,0x4790478,0x19047a,0x47c047b,0x47e047d
.4byte 0x480047f,0x4820481,0x1ff0483,0x4850484,0x4860154,0x4880487,0x48a0489,0x48c048b
.4byte 0x48d013a,0x48f048e,0x4910490,0x4920231,0x4940493,0x4960495,0x4980497,0x49a0499
.4byte 0x48e048d,0x490048f,0x2310491,0x4930492,0x4950494,0x4970496,0x4990498,0x48d049a
.4byte 0x48f048e,0x4910490,0x4920231,0x4940493,0x49c049b,0x49e049d,0x4a0049f,0x4a204a1
.4byte 0x54a0549,0x54c054b,0x54e054d,0x550054f,0x5520551,0x5540553,0x5560555,0x5580557
.4byte 0x55a0559,0x55c055b,0x4aa055d,0x4ac04ab,0x4ae04ad,0x4b004af,0x4b204b1,0x4b404b3
.4byte 0x4b604b5,0x4b804b7,0x4ba04b9,0x4bc04bb,0x4be04bd,0x4c004bf,0x4c204c1,0x4c404c3
.4byte 0x4c604c5,0x4c804c7,0x4ca04c9,0x4cc04cb,0x4ce04cd,0x4d004cf,0x4d204d1,0x4d404d3
.4byte 0x4d5043e,0x4d704d6,0x4d904d8,0x4db04da,0x4dd04dc,0x4df04de,0x4e104e0,0x4e304e2
.4byte 0x4e504e4,0x4e704e6,0x4e904e8,0x4eb04ea,0x4ed04ec,0x4ef04ee,0x4f104f0,0x4f204c1
.4byte 0x4f404f3,0x4f604f5,0x4f804f7,0x4fa04f9,0x4fc04fb,0x4fe04fd,0x22b,0x5750574
.4byte 0x457003f,0x4590458,0x8d045a,0x45b008e,0x4630462,0x4650464,0xa700a6,0xa900a8
.4byte 0xab00aa,0xac,0x1ae0000,0x3140313,0x9a0098,0x45f009b,0x4610460,0x7f0081
.4byte 0x810080,0x4560455,0x3f0276,0x52301ca,0x576,0x46e046d,0x17e046f,0x4710470
.4byte 0x4730472,0x4740034,0x4760475,0x4780477,0x47a0479,0x47b0019,0x47d047c,0x47f047e
.4byte 0x4810480,0x4830482,0x48401ff,0x1540485,0x4870486,0x4890488,0x48b048a,0x13a048c
.4byte 0x48e048d,0x490048f,0x2310491,0x4930492,0x4950494,0x4970496,0x4990498,0x48d049a
.4byte 0x48f048e,0x4910490,0x4920231,0x4940493,0x4960495,0x4980497,0x49a0499,0x48e048d
.4byte 0x490048f,0x2310491,0x4930492,0x49b0494,0x49d049c,0x49f049e,0x4a104a0,0x54904a2
.4byte 0x54b054a,0x54d054c,0x54f054e,0x5510550,0x5530552,0x5550554,0x5570556,0x5590558
.4byte 0x55b055a,0x55d055c,0x4ab04aa,0x4ad04ac,0x4af04ae,0x4b104b0,0x4b304b2,0x4b504b4
.4byte 0x4b704b6,0x4b904b8,0x4bb04ba,0x4bd04bc,0x4bf04be,0x4c104c0,0x4c304c2,0x4c504c4
.4byte 0x4c704c6,0x4c904c8,0x4cb04ca,0x4cd04cc,0x4cf04ce,0x4d104d0,0x4d304d2,0x43e04d4
.4byte 0x4d604d5,0x4d804d7,0x4da04d9,0x4dc04db,0x4de04dd,0x4e004df,0x4e204e1,0x4e404e3
.4byte 0x4e604e5,0x4e804e7,0x4ea04e9,0x4ec04eb,0x4ee04ed,0x4f004ef,0x4c104f1,0x4f304f2
.4byte 0x4f504f4,0x4f704f6,0x4f904f8,0x4fb04fa,0x4fd04fc,0x22b04fe,0x1b70000,0x5250577
.4byte 0x457003f,0x4590458,0x8d045a,0x45b008e,0x4630462,0x4650464,0xa700a6,0xa900a8
.4byte 0xab00aa,0xac,0x30a0000,0x1b001af,0x80007e,0x4520081,0x4540453,0x7f0081
.4byte 0x810080,0x4560455,0x3f0276,0x24a01e9,0x29d,0x46e046d,0x17e046f,0x4710470
.4byte 0x4730472,0x4740034,0x4760475,0x4780477,0x47a0479,0x47b0019,0x47d047c,0x47f047e
.4byte 0x4810480,0x4830482,0x48401ff,0x1540485,0x4870486,0x4890488,0x48b048a,0x13a048c
.4byte 0x48e048d,0x490048f,0x2310491,0x4930492,0x4950494,0x4970496,0x4990498,0x48d049a
.4byte 0x48f048e,0x4910490,0x4920231,0x4940493,0x4960495,0x4980497,0x49a0499,0x48e048d
.4byte 0x490048f,0x2310491,0x4930492,0x49b0494,0x49d049c,0x49f049e,0x4a104a0,0x54904a2
.4byte 0x54b054a,0x54d054c,0x54f054e,0x5510550,0x5530552,0x5550554,0x5570556,0x5590558
.4byte 0x55b055a,0x55d055c,0x4ab04aa,0x4ad04ac,0x4af04ae,0x4b104b0,0x4b304b2,0x4b504b4
.4byte 0x4b704b6,0x4b904b8,0x4bb04ba,0x4bd04bc,0x4bf04be,0x4c104c0,0x4c304c2,0x4c504c4
.4byte 0x4c704c6,0x4c904c8,0x4cb04ca,0x4cd04cc,0x4cf04ce,0x4d104d0,0x4d304d2,0x43e04d4
.4byte 0x4d604d5,0x4d804d7,0x4da04d9,0x4dc04db,0x4de04dd,0x4e004df,0x4e204e1,0x4e404e3
.4byte 0x4e604e5,0x4e804e7,0x4ea04e9,0x4ec04eb,0x4ee04ed,0x4f004ef,0x4c104f1,0x4f304f2
.4byte 0x4f504f4,0x4f704f6,0x4f904f8,0x4fb04fa,0x4fd04fc,0x22b04fe,0xe0000,0x24d024c
.4byte 0x457003f,0x4590458,0x8d045a,0x45b008e,0x45d045c,0x45e008b,0x8e008d,0x90008f
.4byte 0x920091,0x93,0x30a0000,0x1b001af,0x80007e,0x4520081,0x4540453,0x7f0081
.4byte 0x810080,0x4560455,0x3f0276,0x2390238,0x46d0000,0x46f046e,0x470017e,0x4720471
.4byte 0x340473,0x4750474,0x4770476,0x4790478,0x19047a,0x47c047b,0x47e047d,0x480047f
.4byte 0x4820481,0x1ff0483,0x4850484,0x4860154,0x4880487,0x48a0489,0x48c048b,0x48d013a
.4byte 0x48f048e,0x4910490,0x4920231,0x4940493,0x4960495,0x4980497,0x49a0499,0x48e048d
.4byte 0x490048f,0x2310491,0x4930492,0x4950494,0x4970496,0x4990498,0x48d049a,0x48f048e
.4byte 0x4910490,0x4920231,0x4940493,0x49c049b,0x49e049d,0x4a0049f,0x4a204a1,0x54a0549
.4byte 0x54c054b,0x54e054d,0x550054f,0x5520551,0x5540553,0x5560555,0x5580557,0x55a0559
.4byte 0x55c055b,0x4aa055d,0x4ac04ab,0x4ae04ad,0x4b004af,0x4b204b1,0x4b404b3,0x4b604b5
.4byte 0x4b804b7,0x4ba04b9,0x4bc04bb,0x4be04bd,0x4c004bf,0x4c204c1,0x4c404c3,0x4c604c5
.4byte 0x4c804c7,0x4ca04c9,0x4cc04cb,0x4ce04cd,0x4d004cf,0x4d204d1,0x4d404d3,0x4d5043e
.4byte 0x4d704d6,0x4d904d8,0x4db04da,0x4dd04dc,0x4df04de,0x4e104e0,0x4e304e2,0x4e504e4
.4byte 0x4e704e6,0x4e904e8,0x4eb04ea,0x4ed04ec,0x4ef04ee,0x4f104f0,0x4f204c1,0x4f404f3
.4byte 0x4f604f5,0x4f804f7,0x4fa04f9,0x4fc04fb,0x4fe04fd,0x22b,0x23a0034,0x3f0200
.4byte 0x4580457,0x45a0459,0x8e008d,0x45c045b,0x8b045d,0x8d045e,0x8f008e,0x910090
.4byte 0x930092,0x0,0x31301ae,0x980314,0x9b009a,0x460045f,0x810461,0x80007f
.4byte 0x4550081,0x2760456,0x252003f,0x1d0051d,0x46d0000,0x46f046e,0x470017e,0x4720471
.4byte 0x340473,0x4750474,0x4770476,0x4790478,0x19047a,0x47c047b,0x47e047d,0x480047f
.4byte 0x4820481,0x1ff0483,0x4850484,0x4860154,0x4880487,0x48a0489,0x48c048b,0x48d013a
.4byte 0x48f048e,0x4910490,0x4920231,0x4940493,0x4960495,0x4980497,0x49a0499,0x48e048d
.4byte 0x490048f,0x2310491,0x4930492,0x4950494,0x4970496,0x4990498,0x48d049a,0x48f048e
.4byte 0x4910490,0x4920231,0x4940493,0x49c049b,0x49e049d,0x4a0049f,0x4a204a1,0x54a0549
.4byte 0x54c054b,0x54e054d,0x550054f,0x5520551,0x5540553,0x5560555,0x5580557,0x55a0559
.4byte 0x55c055b,0x4aa055d,0x4ac04ab,0x4ae04ad,0x4b004af,0x4b204b1,0x4b404b3,0x4b604b5
.4byte 0x4b804b7,0x4ba04b9,0x4bc04bb,0x4be04bd,0x4c004bf,0x4c204c1,0x4c404c3,0x4c604c5
.4byte 0x4c804c7,0x4ca04c9,0x4cc04cb,0x4ce04cd,0x4d004cf,0x4d204d1,0x4d404d3,0x4d5043e
.4byte 0x4d704d6,0x4d904d8,0x4db04da,0x4dd04dc,0x4df04de,0x4e104e0,0x4e304e2,0x4e504e4
.4byte 0x4e704e6,0x4e904e8,0x4eb04ea,0x4ed04ec,0x4ef04ee,0x4f104f0,0x4f204c1,0x4f404f3
.4byte 0x4f604f5,0x4f804f7,0x4fa04f9,0x4fc04fb,0x4fe04fd,0x22b,0x208051e,0x3f01d3
.4byte 0x4580457,0x45a0459,0x8e008d,0x462045b,0x4640463,0xa60465,0xa800a7,0xaa00a9
.4byte 0xac00ab,0x0,0x31301ae,0x980314,0x9b009a,0x460045f,0x810461,0x80007f
.4byte 0x4550081,0x2760456,0x1ee003f,0x1901ef,0x46d0000,0x46f046e,0x470017e,0x4720471
.4byte 0x340473,0x4750474,0x4770476,0x4790478,0x19047a,0x47c047b,0x47e047d,0x480047f
.4byte 0x4820481,0x1ff0483,0x4850484,0x4860154,0x4880487,0x48a0489,0x48c048b,0x48d013a
.4byte 0x48f048e,0x4910490,0x4920231,0x4940493,0x4960495,0x4980497,0x49a0499,0x48e048d
.4byte 0x490048f,0x2310491,0x4930492,0x4950494,0x4970496,0x4990498,0x48d049a,0x48f048e
.4byte 0x4910490,0x4920231,0x4940493,0x49c049b,0x49e049d,0x4a0049f,0x4a204a1,0x54a0549
.4byte 0x54c054b,0x54e054d,0x550054f,0x5520551,0x5540553,0x5560555,0x5580557,0x55a0559
.4byte 0x55c055b,0x4aa055d,0x4ac04ab,0x4ae04ad,0x4b004af,0x4b204b1,0x4b404b3,0x4b604b5
.4byte 0x4b804b7,0x4ba04b9,0x4bc04bb,0x4be04bd,0x4c004bf,0x4c204c1,0x4c404c3,0x4c604c5
.4byte 0x4c804c7,0x4ca04c9,0x4cc04cb,0x4ce04cd,0x4d004cf,0x4d204d1,0x4d404d3,0x4d5043e
.4byte 0x4d704d6,0x4d904d8,0x4db04da,0x4dd04dc,0x4df04de,0x4e104e0,0x4e304e2,0x4e504e4
.4byte 0x4e704e6,0x4e904e8,0x4eb04ea,0x4ed04ec,0x4ef04ee,0x4f104f0,0x4f204c1,0x4f404f3
.4byte 0x4f604f5,0x4f804f7,0x4fa04f9,0x4fc04fb,0x4fe04fd,0x22b,0x1f1056f,0x3f01e8
.4byte 0x4580457,0x45a0459,0x8e008d,0x462045b,0x4640463,0xa60465,0xa800a7,0xaa00a9
.4byte 0xac00ab,0x0,0x1af030a,0x7e01b0,0x810080,0x4530452,0x810454,0x80007f
.4byte 0x4550081,0x2760456,0x229003f,0x24f024e,0x46d0000,0x46f046e,0x470017e,0x4720471
.4byte 0x340473,0x4750474,0x4770476,0x4790478,0x19047a,0x47c047b,0x47e047d,0x480047f
.4byte 0x4820481,0x1ff0483,0x4850484,0x4860154,0x4880487,0x48a0489,0x48c048b,0x48d013a
.4byte 0x48f048e,0x4910490,0x4920231,0x4940493,0x4960495,0x4980497,0x49a0499,0x48e048d
.4byte 0x490048f,0x2310491,0x4930492,0x4950494,0x4970496,0x4990498,0x48d049a,0x48f048e
.4byte 0x4910490,0x4920231,0x4940493,0x49c049b,0x49e049d,0x4a0049f,0x4a204a1,0x54a0549
.4byte 0x54c054b,0x54e054d,0x550054f,0x5520551,0x5540553,0x5560555,0x5580557,0x55a0559
.4byte 0x55c055b,0x4aa055d,0x4ac04ab,0x4ae04ad,0x4b004af,0x4b204b1,0x4b404b3,0x4b604b5
.4byte 0x4b804b7,0x4ba04b9,0x4bc04bb,0x4be04bd,0x4c004bf,0x4c204c1,0x4c404c3,0x4c604c5
.4byte 0x4c804c7,0x4ca04c9,0x4cc04cb,0x4ce04cd,0x4d004cf,0x4d204d1,0x4d404d3,0x4d5043e
.4byte 0x4d704d6,0x4d904d8,0x4db04da,0x4dd04dc,0x4df04de,0x4e104e0,0x4e304e2,0x4e504e4
.4byte 0x4e704e6,0x4e904e8,0x4eb04ea,0x4ed04ec,0x4ef04ee,0x4f104f0,0x4f204c1,0x4f404f3
.4byte 0x4f604f5,0x4f804f7,0x4fa04f9,0x4fc04fb,0x4fe04fd,0x22b,0x2510250,0x457003f
.4byte 0x4590458,0x8d045a,0x45b008e,0x45d045c,0x45e008b,0x8e008d,0x90008f,0x920091
.4byte 0x93,0x30a0000,0x1b001af,0x80007e,0x4520081,0x4540453,0x7f0081,0x810080
.4byte 0x4560455,0x3f0276,0x57801ca,0x430,0x46e046d,0x17e046f,0x4710470,0x4730472
.4byte 0x4740034,0x4760475,0x4780477,0x47a0479,0x47b0019,0x47d047c,0x47f047e,0x4810480
.4byte 0x4830482,0x48401ff,0x1540485,0x4870486,0x4890488,0x48b048a,0x13a048c,0x48e048d
.4byte 0x490048f,0x2310491,0x4930492,0x4950494,0x4970496,0x4990498,0x48d049a,0x48f048e
.4byte 0x4910490,0x4920231,0x4940493,0x4960495,0x4980497,0x49a0499,0x48e048d,0x490048f
.4byte 0x2310491,0x4930492,0x49b0494,0x49d049c,0x49f049e,0x4a104a0,0x54904a2,0x54b054a
.4byte 0x54d054c,0x54f054e,0x5510550,0x5530552,0x5550554,0x5570556,0x5590558,0x55b055a
.4byte 0x55d055c,0x4ab04aa,0x4ad04ac,0x4af04ae,0x4b104b0,0x4b304b2,0x4b504b4,0x4b704b6
.4byte 0x4b904b8,0x4bb04ba,0x4bd04bc,0x4bf04be,0x4c104c0,0x4c304c2,0x4c504c4,0x4c704c6
.4byte 0x4c904c8,0x4cb04ca,0x4cd04cc,0x4cf04ce,0x4d104d0,0x4d304d2,0x43e04d4,0x4d604d5
.4byte 0x4d804d7,0x4da04d9,0x4dc04db,0x4de04dd,0x4e004df,0x4e204e1,0x4e404e3,0x4e604e5
.4byte 0x4e804e7,0x4ea04e9,0x4ec04eb,0x4ee04ed,0x4f004ef,0x4c104f1,0x4f304f2,0x4f504f4
.4byte 0x4f704f6,0x4f904f8,0x4fb04fa,0x4fd04fc,0x22b04fe,0x1b70000,0x5250444,0x457003f
.4byte 0x4590458,0x8d045a,0x45b008e,0x45d045c,0x45e008b,0x8e008d,0x90008f,0x920091
.4byte 0x93,0x1ae0000,0x3140313,0x9a0098,0x45f009b,0x4610460,0x7f0081,0x810080
.4byte 0x4560455,0x3f0276,0x24a01e9,0x29d,0x46e046d,0x17e046f,0x4710470,0x4730472
.4byte 0x4740034,0x4760475,0x4780477,0x47a0479,0x47b0019,0x47d047c,0x47f047e,0x4810480
.4byte 0x4830482,0x48401ff,0x1540485,0x4870486,0x4890488,0x48b048a,0x13a048c,0x48e048d
.4byte 0x490048f,0x2310491,0x4930492,0x4950494,0x4970496,0x4990498,0x48d049a,0x48f048e
.4byte 0x4910490,0x4920231,0x4940493,0x4960495,0x4980497,0x49a0499,0x48e048d,0x490048f
.4byte 0x2310491,0x4930492,0x49b0494,0x49d049c,0x49f049e,0x4a104a0,0x54904a2,0x54b054a
.4byte 0x54d054c,0x54f054e,0x5510550,0x5530552,0x5550554,0x5570556,0x5590558,0x55b055a
.4byte 0x55d055c,0x4ab04aa,0x4ad04ac,0x4af04ae,0x4b104b0,0x4b304b2,0x4b504b4,0x4b704b6
.4byte 0x4b904b8,0x4bb04ba,0x4bd04bc,0x4bf04be,0x4c104c0,0x4c304c2,0x4c504c4,0x4c704c6
.4byte 0x4c904c8,0x4cb04ca,0x4cd04cc,0x4cf04ce,0x4d104d0,0x4d304d2,0x43e04d4,0x4d604d5
.4byte 0x4d804d7,0x4da04d9,0x4dc04db,0x4de04dd,0x4e004df,0x4e204e1,0x4e404e3,0x4e604e5
.4byte 0x4e804e7,0x4ea04e9,0x4ec04eb,0x4ee04ed,0x4f004ef,0x4c104f1,0x4f304f2,0x4f504f4
.4byte 0x4f704f6,0x4f904f8,0x4fb04fa,0x4fd04fc,0x22b04fe,0xe0000,0x24d024c,0x457003f
.4byte 0x4590458,0x8d045a,0x45b008e,0x4630462,0x4650464,0xa700a6,0xa900a8,0xab00aa
.4byte 0xac,0x1ae0000,0x3140313,0x9a0098,0x45f009b,0x4610460,0x7f0081,0x810080
.4byte 0x4560455,0x3f0276,0x57901fc,0x46d0000,0x46f046e,0x470017e,0x4720471,0x340473
.4byte 0x4750474,0x4770476,0x4790478,0x19047a,0x47c047b,0x47e047d,0x480047f,0x4820481
.4byte 0x1ff0483,0x4850484,0x4860154,0x4880487,0x48a0489,0x48c048b,0x48d013a,0x48f048e
.4byte 0x4910490,0x4920231,0x4940493,0x4960495,0x4980497,0x49a0499,0x48e048d,0x490048f
.4byte 0x2310491,0x4930492,0x4950494,0x4970496,0x4990498,0x48d049a,0x48f048e,0x4910490
.4byte 0x4920231,0x4940493,0x49c049b,0x49e049d,0x4a0049f,0x4a204a1,0x54a0549,0x54c054b
.4byte 0x54e054d,0x550054f,0x5520551,0x5540553,0x5560555,0x5580557,0x55a0559,0x55c055b
.4byte 0x4aa055d,0x4ac04ab,0x4ae04ad,0x4b004af,0x4b204b1,0x4b404b3,0x4b604b5,0x4b804b7
.4byte 0x4ba04b9,0x4bc04bb,0x4be04bd,0x4c004bf,0x4c204c1,0x4c404c3,0x4c604c5,0x4c804c7
.4byte 0x4ca04c9,0x4cc04cb,0x4ce04cd,0x4d004cf,0x4d204d1,0x4d404d3,0x4d5043e,0x4d704d6
.4byte 0x4d904d8,0x4db04da,0x4dd04dc,0x4df04de,0x4e104e0,0x4e304e2,0x4e504e4,0x4e704e6
.4byte 0x4e904e8,0x4eb04ea,0x4ed04ec,0x4ef04ee,0x4f104f0,0x4f204c1,0x4f404f3,0x4f604f5
.4byte 0x4f804f7,0x4fa04f9,0x4fc04fb,0x4fe04fd,0x22b,0x57a01fe,0x3f0200,0x4580457
.4byte 0x45a0459,0x8e008d,0x462045b,0x4640463,0xa60465,0xa800a7,0xaa00a9,0xac00ab
.4byte 0x0,0x1af030a,0x7e01b0,0x810080,0x4530452,0x810454,0x80007f,0x4550081
.4byte 0x2760456,0x248003f,0x1da01d9,0x46d0000,0x46f046e,0x470017e,0x4720471,0x340473
.4byte 0x4750474,0x4770476,0x4790478,0x19047a,0x47c047b,0x47e047d,0x480047f,0x4820481
.4byte 0x1ff0483,0x4850484,0x4860154,0x4880487,0x48a0489,0x48c048b,0x48d013a,0x48f048e
.4byte 0x4910490,0x4920231,0x4940493,0x4960495,0x4980497,0x49a0499,0x48e048d,0x490048f
.4byte 0x2310491,0x4930492,0x4950494,0x4970496,0x4990498,0x48d049a,0x48f048e,0x4910490
.4byte 0x4920231,0x4940493,0x49c049b,0x49e049d,0x4a0049f,0x4a204a1,0x54a0549,0x54c054b
.4byte 0x54e054d,0x550054f,0x5520551,0x5540553,0x5560555,0x5580557,0x55a0559,0x55c055b
.4byte 0x4aa055d,0x4ac04ab,0x4ae04ad,0x4b004af,0x4b204b1,0x4b404b3,0x4b604b5,0x4b804b7
.4byte 0x4ba04b9,0x4bc04bb,0x4be04bd,0x4c004bf,0x4c204c1,0x4c404c3,0x4c604c5,0x4c804c7
.4byte 0x4ca04c9,0x4cc04cb,0x4ce04cd,0x4d004cf,0x4d204d1,0x4d404d3,0x4d5043e,0x4d704d6
.4byte 0x4d904d8,0x4db04da,0x4dd04dc,0x4df04de,0x4e104e0,0x4e304e2,0x4e504e4,0x4e704e6
.4byte 0x4e904e8,0x4eb04ea,0x4ed04ec,0x4ef04ee,0x4f104f0,0x4f204c1,0x4f404f3,0x4f604f5
.4byte 0x4f804f7,0x4fa04f9,0x4fc04fb,0x4fe04fd,0x22b,0x1dc01db,0x3f0249,0x4580457
.4byte 0x45a0459,0x8e008d,0x45c045b,0x8b045d,0x8d045e,0x8f008e,0x910090,0x930092
.4byte 0x0,0x1af030a,0x7e01b0,0x810080,0x4530452,0x810454,0x80007f,0x4550081
.4byte 0x2760456,0x2b5003f,0xd057b,0x46d0000,0x46f046e,0x470017e,0x4720471,0x340473
.4byte 0x4750474,0x4770476,0x4790478,0x19047a,0x47c047b,0x47e047d,0x480047f,0x4820481
.4byte 0x1ff0483,0x4850484,0x4860154,0x4880487,0x48a0489,0x48c048b,0x48d013a,0x48f048e
.4byte 0x4910490,0x4920231,0x4940493,0x4960495,0x4980497,0x49a0499,0x48e048d,0x490048f
.4byte 0x2310491,0x4930492,0x4950494,0x4970496,0x4990498,0x48d049a,0x48f048e,0x4910490
.4byte 0x4920231,0x4940493,0x49c049b,0x49e049d,0x4a0049f,0x4a204a1,0x54a0549,0x54c054b
.4byte 0x54e054d,0x550054f,0x5520551,0x5540553,0x5560555,0x5580557,0x55a0559,0x55c055b
.4byte 0x4aa055d,0x4ac04ab,0x4ae04ad,0x4b004af,0x4b204b1,0x4b404b3,0x4b604b5,0x4b804b7
.4byte 0x4ba04b9,0x4bc04bb,0x4be04bd,0x4c004bf,0x4c204c1,0x4c404c3,0x4c604c5,0x4c804c7
.4byte 0x4ca04c9,0x4cc04cb,0x4ce04cd,0x4d004cf,0x4d204d1,0x4d404d3,0x4d5043e,0x4d704d6
.4byte 0x4d904d8,0x4db04da,0x4dd04dc,0x4df04de,0x4e104e0,0x4e304e2,0x4e504e4,0x4e704e6
.4byte 0x4e904e8,0x4eb04ea,0x4ed04ec,0x4ef04ee,0x4f104f0,0x4f204c1,0x4f404f3,0x4f604f5
.4byte 0x4f804f7,0x4fa04f9,0x4fc04fb,0x4fe04fd,0x22b,0x5350236,0x3f01e8,0x4580457
.4byte 0x45a0459,0x8e008d,0x45c045b,0x8b045d,0x8d045e,0x8f008e,0x910090,0x930092
.4byte 0x0,0x31301ae,0x980314,0x9b009a,0x460045f,0x810461,0x80007f,0x4550081
.4byte 0x2760456,0x244003f,0x2a0029f,0x46d0000,0x46f046e,0x470017e,0x4720471,0x340473
.4byte 0x4750474,0x4770476,0x4790478,0x19047a,0x47c047b,0x47e047d,0x480047f,0x4820481
.4byte 0x1ff0483,0x4850484,0x4860154,0x4880487,0x48a0489,0x48c048b,0x48d013a,0x48f048e
.4byte 0x4910490,0x4920231,0x4940493,0x4960495,0x4980497,0x49a0499,0x48e048d,0x490048f
.4byte 0x2310491,0x4930492,0x4950494,0x4970496,0x4990498,0x48d049a,0x48f048e,0x4910490
.4byte 0x4920231,0x4940493,0x49c049b,0x49e049d,0x4a0049f,0x4a204a1,0x54a0549,0x54c054b
.4byte 0x54e054d,0x550054f,0x5520551,0x5540553,0x5560555,0x5580557,0x55a0559,0x55c055b
.4byte 0x4aa055d,0x4ac04ab,0x4ae04ad,0x4b004af,0x4b204b1,0x4b404b3,0x4b604b5,0x4b804b7
.4byte 0x4ba04b9,0x4bc04bb,0x4be04bd,0x4c004bf,0x4c204c1,0x4c404c3,0x4c604c5,0x4c804c7
.4byte 0x4ca04c9,0x4cc04cb,0x4ce04cd,0x4d004cf,0x4d204d1,0x4d404d3,0x4d5043e,0x4d704d6
.4byte 0x4d904d8,0x4db04da,0x4dd04dc,0x4df04de,0x4e104e0,0x4e304e2,0x4e504e4,0x4e704e6
.4byte 0x4e904e8,0x4eb04ea,0x4ed04ec,0x4ef04ee,0x4f104f0,0x4f204c1,0x4f404f3,0x4f604f5
.4byte 0x4f804f7,0x4fa04f9,0x4fc04fb,0x4fe04fd,0x22b,0x57d057c,0x457003f,0x4590458
.4byte 0x8d045a,0x45b008e,0x4630462,0x4650464,0xa700a6,0xa900a8,0xab00aa,0xac
.4byte 0x1ae0000,0x3140313,0x9a0098,0x45f009b,0x4610460,0x7f0081,0x810080,0x4560455
.4byte 0x3f0276,0x57e01dd,0x20c,0x46e046d,0x17e046f,0x4710470,0x4730472,0x4740034
.4byte 0x4760475,0x4780477,0x47a0479,0x47b0019,0x47d047c,0x47f047e,0x4810480,0x4830482
.4byte 0x48401ff,0x1540485,0x4870486,0x4890488,0x48b048a,0x13a048c,0x48e048d,0x490048f
.4byte 0x2310491,0x4930492,0x4950494,0x4970496,0x4990498,0x48d049a,0x48f048e,0x4910490
.4byte 0x4920231,0x4940493,0x4960495,0x4980497,0x49a0499,0x48e048d,0x490048f,0x2310491
.4byte 0x4930492,0x49b0494,0x49d049c,0x49f049e,0x4a104a0,0x54904a2,0x54b054a,0x54d054c
.4byte 0x54f054e,0x5510550,0x5530552,0x5550554,0x5570556,0x5590558,0x55b055a,0x55d055c
.4byte 0x4ab04aa,0x4ad04ac,0x4af04ae,0x4b104b0,0x4b304b2,0x4b504b4,0x4b704b6,0x4b904b8
.4byte 0x4bb04ba,0x4bd04bc,0x4bf04be,0x4c104c0,0x4c304c2,0x4c504c4,0x4c704c6,0x4c904c8
.4byte 0x4cb04ca,0x4cd04cc,0x4cf04ce,0x4d104d0,0x4d304d2,0x43e04d4,0x4d604d5,0x4d804d7
.4byte 0x4da04d9,0x4dc04db,0x4de04dd,0x4e004df,0x4e204e1,0x4e404e3,0x4e604e5,0x4e804e7
.4byte 0x4ea04e9,0x4ec04eb,0x4ee04ed,0x4f004ef,0x4c104f1,0x4f304f2,0x4f504f4,0x4f704f6
.4byte 0x4f904f8,0x4fb04fa,0x4fd04fc,0x22b04fe,0x1e00000,0x57f020d,0x457003f,0x4590458
.4byte 0x8d045a,0x45b008e,0x4630462,0x4650464,0xa700a6,0xa900a8,0xab00aa,0xac
.4byte 0x30a0000,0x1b001af,0x80007e,0x4520081,0x4540453,0x7f0081,0x810080,0x4560455
.4byte 0x3f0276,0x28801e9,0x568,0x46e046d,0x17e046f,0x4710470,0x4730472,0x4740034
.4byte 0x4760475,0x4780477,0x47a0479,0x47b0019,0x47d047c,0x47f047e,0x4810480,0x4830482
.4byte 0x48401ff,0x1540485,0x4870486,0x4890488,0x48b048a,0x13a048c,0x48e048d,0x490048f
.4byte 0x2310491,0x4930492,0x4950494,0x4970496,0x4990498,0x48d049a,0x48f048e,0x4910490
.4byte 0x4920231,0x4940493,0x4960495,0x4980497,0x49a0499,0x48e048d,0x490048f,0x2310491
.4byte 0x4930492,0x49b0494,0x49d049c,0x49f049e,0x4a104a0,0x54904a2,0x54b054a,0x54d054c
.4byte 0x54f054e,0x5510550,0x5530552,0x5550554,0x5570556,0x5590558,0x55b055a,0x55d055c
.4byte 0x4ab04aa,0x4ad04ac,0x4af04ae,0x4b104b0,0x4b304b2,0x4b504b4,0x4b704b6,0x4b904b8
.4byte 0x4bb04ba,0x4bd04bc,0x4bf04be,0x4c104c0,0x4c304c2,0x4c504c4,0x4c704c6,0x4c904c8
.4byte 0x4cb04ca,0x4cd04cc,0x4cf04ce,0x4d104d0,0x4d304d2,0x43e04d4,0x4d604d5,0x4d804d7
.4byte 0x4da04d9,0x4dc04db,0x4de04dd,0x4e004df,0x4e204e1,0x4e404e3,0x4e604e5,0x4e804e7
.4byte 0x4ea04e9,0x4ec04eb,0x4ee04ed,0x4f004ef,0x4c104f1,0x4f304f2,0x4f504f4,0x4f704f6
.4byte 0x4f904f8,0x4fb04fa,0x4fd04fc,0x22b04fe,0x5690000,0x243056a,0x457003f,0x4590458
.4byte 0x8d045a,0x45b008e,0x45d045c,0x45e008b,0x8e008d,0x90008f,0x920091,0x93
.4byte 0x30a0000,0x1b001af,0x80007e,0x4520081,0x4540453,0x7f0081,0x810080,0x4560455
.4byte 0x3f0276,0x1c80580,0x1d0,0x46e046d,0x17e046f,0x4710470,0x4730472,0x4740034
.4byte 0x4760475,0x4780477,0x47a0479,0x47b0019,0x47d047c,0x47f047e,0x4810480,0x4830482
.4byte 0x48401ff,0x1540485,0x4870486,0x4890488,0x48b048a,0x13a048c,0x48e048d,0x490048f
.4byte 0x2310491,0x4930492,0x4950494,0x4970496,0x4990498,0x48d049a,0x48f048e,0x4910490
.4byte 0x4920231,0x4940493,0x4960495,0x4980497,0x49a0499,0x48e048d,0x490048f,0x2310491
.4byte 0x4930492,0x49b0494,0x49d049c,0x49f049e,0x4a104a0,0x54904a2,0x54b054a,0x54d054c
.4byte 0x54f054e,0x5510550,0x5530552,0x5550554,0x5570556,0x5590558,0x55b055a,0x55d055c
.4byte 0x4ab04aa,0x4ad04ac,0x4af04ae,0x4b104b0,0x4b304b2,0x4b504b4,0x4b704b6,0x4b904b8
.4byte 0x4bb04ba,0x4bd04bc,0x4bf04be,0x4c104c0,0x4c304c2,0x4c504c4,0x4c704c6,0x4c904c8
.4byte 0x4cb04ca,0x4cd04cc,0x4cf04ce,0x4d104d0,0x4d304d2,0x43e04d4,0x4d604d5,0x4d804d7
.4byte 0x4da04d9,0x4dc04db,0x4de04dd,0x4e004df,0x4e204e1,0x4e404e3,0x4e604e5,0x4e804e7
.4byte 0x4ea04e9,0x4ec04eb,0x4ee04ed,0x4f004ef,0x4c104f1,0x4f304f2,0x4f504f4,0x4f704f6
.4byte 0x4f904f8,0x4fb04fa,0x4fd04fc,0x22b04fe,0x4830000,0x1c40581,0x457003f,0x4590458
.4byte 0x8d045a,0x45b008e,0x45d045c,0x45e008b,0x8e008d,0x90008f,0x920091,0x93
.4byte 0x1ae0000,0x3140313,0x9a0098,0x45f009b,0x4610460,0x7f0081,0x810080,0x4560455
.4byte 0x3f0276,0x28e028d,0x19,0x46e046d,0x17e046f,0x4710470,0x4730472,0x4740034
.4byte 0x4760475,0x4780477,0x47a0479,0x47b0019,0x47d047c,0x47f047e,0x4810480,0x4830482
.4byte 0x48401ff,0x1540485,0x4870486,0x4890488,0x48b048a,0x13a048c,0x48e048d,0x490048f
.4byte 0x2310491,0x4930492,0x4950494,0x4970496,0x4990498,0x48d049a,0x48f048e,0x4910490
.4byte 0x4920231,0x4940493,0x4960495,0x4980497,0x49a0499,0x48e048d,0x490048f,0x2310491
.4byte 0x4930492,0x49b0494,0x49d049c,0x49f049e,0x4a104a0,0x54904a2,0x54b054a,0x54d054c
.4byte 0x54f054e,0x5510550,0x5530552,0x5550554,0x5570556,0x5590558,0x55b055a,0x55d055c
.4byte 0x4ab04aa,0x4ad04ac,0x4af04ae,0x4b104b0,0x4b304b2,0x4b504b4,0x4b704b6,0x4b904b8
.4byte 0x4bb04ba,0x4bd04bc,0x4bf04be,0x4c104c0,0x4c304c2,0x4c504c4,0x4c704c6,0x4c904c8
.4byte 0x4cb04ca,0x4cd04cc,0x4cf04ce,0x4d104d0,0x4d304d2,0x43e04d4,0x4d604d5,0x4d804d7
.4byte 0x4da04d9,0x4dc04db,0x4de04dd,0x4e004df,0x4e204e1,0x4e404e3,0x4e604e5,0x4e804e7
.4byte 0x4ea04e9,0x4ec04eb,0x4ee04ed,0x4f004ef,0x4c104f1,0x4f304f2,0x4f504f4,0x4f704f6
.4byte 0x4f904f8,0x4fb04fa,0x4fd04fc,0x22b04fe,0x5320000,0x1e80582,0x457003f,0x4590458
.4byte 0x8d045a,0x45b008e,0x4630462,0x4650464,0xa700a6,0xa900a8,0xab00aa,0xac
.4byte 0x1ae0000,0x3140313,0x9a0098,0x45f009b,0x4610460,0x7f0081,0x810080,0x4560455
.4byte 0x3f0276,0x24e0229,0x24f,0x46e046d,0x17e046f,0x4710470,0x4730472,0x4740034
.4byte 0x4760475,0x4780477,0x47a0479,0x47b0019,0x47d047c,0x47f047e,0x4810480,0x4830482
.4byte 0x48401ff,0x1540485,0x4870486,0x4890488,0x48b048a,0x13a048c,0x48e048d,0x490048f
.4byte 0x2310491,0x4930492,0x4950494,0x4970496,0x4990498,0x48d049a,0x48f048e,0x4910490
.4byte 0x4920231,0x4940493,0x4960495,0x4980497,0x49a0499,0x48e048d,0x490048f,0x2310491
.4byte 0x4930492,0x49b0494,0x49d049c,0x49f049e,0x4a104a0,0x54904a2,0x54b054a,0x54d054c
.4byte 0x54f054e,0x5510550,0x5530552,0x5550554,0x5570556,0x5590558,0x55b055a,0x55d055c
.4byte 0x4ab04aa,0x4ad04ac,0x4af04ae,0x4b104b0,0x4b304b2,0x4b504b4,0x4b704b6,0x4b904b8
.4byte 0x4bb04ba,0x4bd04bc,0x4bf04be,0x4c104c0,0x4c304c2,0x4c504c4,0x4c704c6,0x4c904c8
.4byte 0x4cb04ca,0x4cd04cc,0x4cf04ce,0x4d104d0,0x4d304d2,0x43e04d4,0x4d604d5,0x4d804d7
.4byte 0x4da04d9,0x4dc04db,0x4de04dd,0x4e004df,0x4e204e1,0x4e404e3,0x4e604e5,0x4e804e7
.4byte 0x4ea04e9,0x4ec04eb,0x4ee04ed,0x4f004ef,0x4c104f1,0x4f304f2,0x4f504f4,0x4f704f6
.4byte 0x4f904f8,0x4fb04fa,0x4fd04fc,0x22b04fe,0x2500000,0x3f0251,0x4580457,0x45a0459
.4byte 0x8e008d,0x462045b,0x4640463,0xa60465,0xa800a7,0xaa00a9,0xac00ab,0x0
.4byte 0x1af030a,0x7e01b0,0x810080,0x4530452,0x810454,0x80007f,0x4550081,0x2760456
.4byte 0x1dd003f,0x220021f,0x46d0000,0x46f046e,0x470017e,0x4720471,0x340473,0x4750474
.4byte 0x4770476,0x4790478,0x19047a,0x47c047b,0x47e047d,0x480047f,0x4820481,0x1ff0483
.4byte 0x4850484,0x4860154,0x4880487,0x48a0489,0x48c048b,0x48d013a,0x48f048e,0x4910490
.4byte 0x4920231,0x4940493,0x4960495,0x4980497,0x49a0499,0x48e048d,0x490048f,0x2310491
.4byte 0x4930492,0x4950494,0x4970496,0x4990498,0x48d049a,0x48f048e,0x4910490,0x4920231
.4byte 0x4940493,0x49c049b,0x49e049d,0x4a0049f,0x4a204a1,0x54a0549,0x54c054b,0x54e054d
.4byte 0x550054f,0x5520551,0x5540553,0x5560555,0x5580557,0x55a0559,0x55c055b,0x4aa055d
.4byte 0x4ac04ab,0x4ae04ad,0x4b004af,0x4b204b1,0x4b404b3,0x4b604b5,0x4b804b7,0x4ba04b9
.4byte 0x4bc04bb,0x4be04bd,0x4c004bf,0x4c204c1,0x4c404c3,0x4c604c5,0x4c804c7,0x4ca04c9
.4byte 0x4cc04cb,0x4ce04cd,0x4d004cf,0x4d204d1,0x4d404d3,0x4d5043e,0x4d704d6,0x4d904d8
.4byte 0x4db04da,0x4dd04dc,0x4df04de,0x4e104e0,0x4e304e2,0x4e504e4,0x4e704e6,0x4e904e8
.4byte 0x4eb04ea,0x4ed04ec,0x4ef04ee,0x4f104f0,0x4f204c1,0x4f404f3,0x4f604f5,0x4f804f7
.4byte 0x4fa04f9,0x4fc04fb,0x4fe04fd,0x22b,0x22101e0,0x3f0222,0x4580457,0x45a0459
.4byte 0x8e008d,0x45c045b,0x8b045d,0x8d045e,0x8f008e,0x910090,0x930092,0x0
.4byte 0x1af030a,0x7e01b0,0x810080,0x4530452,0x810454,0x80007f,0x4550081,0x2760456
.4byte 0xdd003f,0x5840583,0x46d0000,0x46f046e,0x470017e,0x4720471,0x340473,0x4750474
.4byte 0x4770476,0x4790478,0x19047a,0x47c047b,0x47e047d,0x480047f,0x4820481,0x1ff0483
.4byte 0x4850484,0x4860154,0x4880487,0x48a0489,0x48c048b,0x48d013a,0x48f048e,0x4910490
.4byte 0x4920231,0x4940493,0x4960495,0x4980497,0x49a0499,0x48e048d,0x490048f,0x2310491
.4byte 0x4930492,0x4950494,0x4970496,0x4990498,0x48d049a,0x48f048e,0x4910490,0x4920231
.4byte 0x4940493,0x49c049b,0x49e049d,0x4a0049f,0x4a204a1,0x54a0549,0x54c054b,0x54e054d
.4byte 0x550054f,0x5520551,0x5540553,0x5560555,0x5580557,0x55a0559,0x55c055b,0x4aa055d
.4byte 0x4ac04ab,0x4ae04ad,0x4b004af,0x4b204b1,0x4b404b3,0x4b604b5,0x4b804b7,0x4ba04b9
.4byte 0x4bc04bb,0x4be04bd,0x4c004bf,0x4c204c1,0x4c404c3,0x4c604c5,0x4c804c7,0x4ca04c9
.4byte 0x4cc04cb,0x4ce04cd,0x4d004cf,0x4d204d1,0x4d404d3,0x4d5043e,0x4d704d6,0x4d904d8
.4byte 0x4db04da,0x4dd04dc,0x4df04de,0x4e104e0,0x4e304e2,0x4e504e4,0x4e704e6,0x4e904e8
.4byte 0x4eb04ea,0x4ed04ec,0x4ef04ee,0x4f104f0,0x4f204c1,0x4f404f3,0x4f604f5,0x4f804f7
.4byte 0x4fa04f9,0x4fc04fb,0x4fe04fd,0x22b,0x5860585,0x457003f,0x4590458,0x8d045a
.4byte 0x45b008e,0x45d045c,0x45e008b,0x8e008d,0x90008f,0x920091,0x93,0x1ae0000
.4byte 0x3140313,0x9a0098,0x45f009b,0x4610460,0x7f0081,0x810080,0x4560455,0x3f0276
.4byte 0x5870046,0x588,0x46e046d,0x17e046f,0x4710470,0x4730472,0x4740034,0x4760475
.4byte 0x4780477,0x47a0479,0x47b0019,0x47d047c,0x47f047e,0x4810480,0x4830482,0x48401ff
.4byte 0x1540485,0x4870486,0x4890488,0x48b048a,0x13a048c,0x48e048d,0x490048f,0x2310491
.4byte 0x4930492,0x4950494,0x4970496,0x4990498,0x48d049a,0x48f048e,0x4910490,0x4920231
.4byte 0x4940493,0x4960495,0x4980497,0x49a0499,0x48e048d,0x490048f,0x2310491,0x4930492
.4byte 0x49b0494,0x49d049c,0x49f049e,0x4a104a0,0x54904a2,0x54b054a,0x54d054c,0x54f054e
.4byte 0x5510550,0x5530552,0x5550554,0x5570556,0x5590558,0x55b055a,0x55d055c,0x4ab04aa
.4byte 0x4ad04ac,0x4af04ae,0x4b104b0,0x4b304b2,0x4b504b4,0x4b704b6,0x4b904b8,0x4bb04ba
.4byte 0x4bd04bc,0x4bf04be,0x4c104c0,0x4c304c2,0x4c504c4,0x4c704c6,0x4c904c8,0x4cb04ca
.4byte 0x4cd04cc,0x4cf04ce,0x4d104d0,0x4d304d2,0x43e04d4,0x4d604d5,0x4d804d7,0x4da04d9
.4byte 0x4dc04db,0x4de04dd,0x4e004df,0x4e204e1,0x4e404e3,0x4e604e5,0x4e804e7,0x4ea04e9
.4byte 0x4ec04eb,0x4ee04ed,0x4f004ef,0x4c104f1,0x4f304f2,0x4f504f4,0x4f704f6,0x4f904f8
.4byte 0x4fb04fa,0x4fd04fc,0x22b04fe,0x5890000,0x58b058a,0x457003f,0x4590458,0x8d045a
.4byte 0x45b008e,0x4630462,0x4650464,0xa700a6,0xa900a8,0xab00aa,0xac,0x1ae0000
.4byte 0x3140313,0x9a0098,0x45f009b,0x4610460,0x7f0081,0x810080,0x4560455,0x3f0276
.4byte 0x58c0046,0x58d,0x46e046d,0x17e046f,0x4710470,0x4730472,0x4740034,0x4760475
.4byte 0x4780477,0x47a0479,0x47b0019,0x47d047c,0x47f047e,0x4810480,0x4830482,0x48401ff
.4byte 0x1540485,0x4870486,0x4890488,0x48b048a,0x13a048c,0x48e048d,0x490048f,0x2310491
.4byte 0x4930492,0x4950494,0x4970496,0x4990498,0x48d049a,0x48f048e,0x4910490,0x4920231
.4byte 0x4940493,0x4960495,0x4980497,0x49a0499,0x48e048d,0x490048f,0x2310491,0x4930492
.4byte 0x49b0494,0x49d049c,0x49f049e,0x4a104a0,0x54904a2,0x54b054a,0x54d054c,0x54f054e
.4byte 0x5510550,0x5530552,0x5550554,0x5570556,0x5590558,0x55b055a,0x55d055c,0x4ab04aa
.4byte 0x4ad04ac,0x4af04ae,0x4b104b0,0x4b304b2,0x4b504b4,0x4b704b6,0x4b904b8,0x4bb04ba
.4byte 0x4bd04bc,0x4bf04be,0x4c104c0,0x4c304c2,0x4c504c4,0x4c704c6,0x4c904c8,0x4cb04ca
.4byte 0x4cd04cc,0x4cf04ce,0x4d104d0,0x4d304d2,0x43e04d4,0x4d604d5,0x4d804d7,0x4da04d9
.4byte 0x4dc04db,0x4de04dd,0x4e004df,0x4e204e1,0x4e404e3,0x4e604e5,0x4e804e7,0x4ea04e9
.4byte 0x4ec04eb,0x4ee04ed,0x4f004ef,0x4c104f1,0x4f304f2,0x4f504f4,0x4f704f6,0x4f904f8
.4byte 0x4fb04fa,0x4fd04fc,0x22b04fe,0x58e0000,0x590058f,0x457003f,0x4590458,0x8d045a
.4byte 0x45b008e,0x4630462,0x4650464,0xa700a6,0xa900a8,0xab00aa,0xac,0x30a0000
.4byte 0x1b001af,0x80007e,0x4520081,0x4540453,0x7f0081,0x810080,0x4560455,0x3f0276
.4byte 0x5910046,0x5930592,0x46d0000,0x46f046e,0x470017e,0x4720471,0x340473,0x4750474
.4byte 0x4770476,0x4790478,0x19047a,0x47c047b,0x47e047d,0x480047f,0x4820481,0x1ff0483
.4byte 0x4850484,0x4860154,0x4880487,0x48a0489,0x48c048b,0x48d013a,0x48f048e,0x4910490
.4byte 0x4920231,0x4940493,0x4960495,0x4980497,0x49a0499,0x48e048d,0x490048f,0x2310491
.4byte 0x4930492,0x4950494,0x4970496,0x4990498,0x48d049a,0x48f048e,0x4910490,0x4920231
.4byte 0x4940493,0x49c049b,0x49e049d,0x4a0049f,0x4a204a1,0x54a0549,0x54c054b,0x54e054d
.4byte 0x550054f,0x5520551,0x5540553,0x5560555,0x5580557,0x55a0559,0x55c055b,0x4aa055d
.4byte 0x4ac04ab,0x4ae04ad,0x4b004af,0x4b204b1,0x4b404b3,0x4b604b5,0x4b804b7,0x4ba04b9
.4byte 0x4bc04bb,0x4be04bd,0x4c004bf,0x4c204c1,0x4c404c3,0x4c604c5,0x4c804c7,0x4ca04c9
.4byte 0x4cc04cb,0x4ce04cd,0x4d004cf,0x4d204d1,0x4d404d3,0x4d5043e,0x4d704d6,0x4d904d8
.4byte 0x4db04da,0x4dd04dc,0x4df04de,0x4e104e0,0x4e304e2,0x4e504e4,0x4e704e6,0x4e904e8
.4byte 0x4eb04ea,0x4ed04ec,0x4ef04ee,0x4f104f0,0x4f204c1,0x4f404f3,0x4f604f5,0x4f804f7
.4byte 0x4fa04f9,0x4fc04fb,0x4fe04fd,0x22b,0x5950594,0x3f006e,0x4580457,0x45a0459
.4byte 0x8e008d,0x45c045b,0x8b045d,0x8d045e,0x8f008e,0x910090,0x930092,0x0
.4byte 0x1b001a,0x4001c,0x4670466,0x800468,0x46a0469,0x40003,0x46b00c6,0x46c
.4byte 0x5970596,0x5990598,0x59b059a,0x59d059c,0x59f059e,0x5a105a0,0x5a305a2,0x5a505a4
.4byte 0x5a705a6,0x12e0004,0x5020501,0x8e0503,0x5050504,0x40506,0x180017,0x19
.4byte 0x1a0000,0x1c001b,0x4660004,0x4680467,0x4690080,0x3046a,0x250004,0x2705a8
.4byte 0x5960000,0x5980597,0x59a0599,0x59c059b,0x59e059d,0x5a0059f,0x5a205a1,0x5a405a3
.4byte 0x5a605a5,0x405a7,0x501012e,0x5030502,0x504008e,0x5060505,0x170004,0x190018
.4byte 0x0,0x1b001a,0x4001c,0x50a0509,0x9a0199,0x45f009b,0x4610460,0x7f0081
.4byte 0x810080,0x4560455,0x3f0276,0x470046,0x5aa05a9,0x5960000,0x5980597,0x59a0599
.4byte 0x59c059b,0x59e059d,0x5a0059f,0x5a205a1,0x5a405a3,0x5a605a5,0x405a7,0x5ab00a0
.4byte 0x6e006d,0x457003f,0x4590458,0x8d045a,0x45b008e,0x4630462,0x4650464,0xa700a6
.4byte 0x11800a8,0x11a0119,0x4011b,0x180017,0x19,0x1a0000,0x1c001b,0x50f0004
.4byte 0x5110510,0x810080,0x4530452,0x810454,0x80007f,0x4550081,0x2760456,0x46003f
.4byte 0x5ac0047,0xd05ad,0x5960000,0x5980597,0x59a0599,0x59c059b,0x59e059d,0x5a0059f
.4byte 0x5a205a1,0x5a405a3,0x5a605a5,0x405a7,0x5af05ae,0x6e006d,0x457003f,0x4590458
.4byte 0x8d045a,0x45b008e,0x45d045c,0x45e008b,0x8e008d,0x12b008f,0x12d012c,0x4012e
.4byte 0x180017,0x19,0x1a0000,0x1c001b,0x50f0004,0x5110510,0x810080,0x4530452
.4byte 0x810454,0x80007f,0x4550081,0x2760456,0x46003f,0x480047,0x2a002d6,0x5960000
.4byte 0x5980597,0x59a0599,0x59c059b,0x59e059d,0x5a0059f,0x5a205a1,0x5a405a3,0x5a605a5
.4byte 0x405a7,0x16e0025,0x6d05b0,0x3f006e,0x4580457,0x45a0459,0x8e008d,0x45c045b
.4byte 0x8b045d,0x8d045e,0x8f008e,0x12c012b,0x12e012d,0x170004,0x190018,0x0
.4byte 0x1b001a,0x4001c,0x50a0509,0x9a0199,0x45f009b,0x4610460,0x7f0081,0x810080
.4byte 0x4560455,0x3f0276,0x470046,0x2d20048,0x2d3,0x5970596,0x5990598,0x59b059a
.4byte 0x59d059c,0x59f059e,0x5a105a0,0x5a305a2,0x5a505a4,0x5a705a6,0xc60004,0x2d7018e
.4byte 0x6e006d,0x457003f,0x4590458,0x8d045a,0x45b008e,0x4630462,0x4650464,0xa700a6
.4byte 0x11800a8,0x11a0119,0x4011b,0x180017,0x19,0x1a0000,0x1c001b,0x5090004
.4byte 0x199050a,0x9b009a,0x460045f,0x810461,0x80007f,0x4550081,0x2760456,0x46003f
.4byte 0x480047,0x29102d1,0x5960000,0x5980597,0x59a0599,0x59c059b,0x59e059d,0x5a0059f
.4byte 0x5a205a1,0x5a405a3,0x5a605a5,0x405a7,0x5b100b8,0x6d006c,0x3f006e,0x4580457
.4byte 0x45a0459,0x8e008d,0x462045b,0x4640463,0xa60465,0xa800a7,0x1190118,0x11b011a
.4byte 0x170004,0x190018,0x0,0x1b001a,0x4001c,0x510050f,0x800511,0x4520081
.4byte 0x4540453,0x7f0081,0x810080,0x4560455,0x3f0276,0x470046,0x5b20048,0x1da02cf
.4byte 0x5960000,0x5980597,0x59a0599,0x59c059b,0x59e059d,0x5a0059f,0x5a205a1,0x5a405a3
.4byte 0x5a605a5,0x405a7,0x16c00d7,0x6d006c,0x3f006e,0x4580457,0x45a0459,0x8e008d
.4byte 0x45c045b,0x8b045d,0x8d045e,0x8f008e,0x12c012b,0x12e012d,0x170004,0x190018
.4byte 0x0,0x1b001a,0x4001c,0x510050f,0x800511,0x4520081,0x4540453,0x7f0081
.4byte 0x810080,0x4560455,0x3f0276,0x470046,0x2cb0048,0x1f902cc,0x5960000,0x5980597
.4byte 0x59a0599,0x59c059b,0x59e059d,0x5a0059f,0x5a205a1,0x5a405a3,0x5a605a5,0x405a7
.4byte 0x5b300ec,0x6d006c,0x3f006e,0x4580457,0x45a0459,0x8e008d,0x45c045b,0x8b045d
.4byte 0x8d045e,0x8f008e,0x12c012b,0x12e012d,0x170004,0x190018,0x0,0x1b001a
.4byte 0x4001c,0x50a0509,0x9a0199,0x45f009b,0x4610460,0x7f0081,0x810080,0x4560455
.4byte 0x3f0276,0x470046,0x2c90048,0x220021f,0x5960000,0x5980597,0x59a0599,0x59c059b
.4byte 0x59e059d,0x5a0059f,0x5a205a1,0x5a405a3,0x5a605a5,0x405a7,0x5b40031,0x6c0142
.4byte 0x6e006d,0x457003f,0x4590458,0x8d045a,0x45b008e,0x4630462,0x4650464,0xa700a6
.4byte 0x11800a8,0x11a0119,0x4011b,0x180017,0x19,0x1a0000,0x1c001b,0x5090004
.4byte 0x199050a,0x9b009a,0x460045f,0x810461,0x80007f,0x4550081,0x2760456,0x46003f
.4byte 0x480047,0x28802c7,0x2c8,0x5970596,0x5990598,0x59b059a,0x59d059c,0x59f059e
.4byte 0x5a105a0,0x5a305a2,0x5a505a4,0x5a705a6,0x1700004,0x5b605b5,0x6d006c,0x3f006e
.4byte 0x4580457,0x45a0459,0x8e008d,0x462045b,0x4640463,0xa60465,0xa800a7,0x1190118
.4byte 0x11b011a,0x170004,0x190018,0x0,0x1b001a,0x4001c,0x510050f,0x800511
.4byte 0x4520081,0x4540453,0x7f0081,0x810080,0x4560455,0x3f0276,0x470046,0x490048
.4byte 0x2530252,0x1d0,0x5970596,0x5990598,0x59b059a,0x59d059c,0x59f059e,0x5a105a0
.4byte 0x5a305a2,0x5a505a4,0x5a705a6,0x5c0004,0x5605b7,0x6d006c,0x3f006e,0x4580457
.4byte 0x45a0459,0x8e008d,0x45c045b,0x8b045d,0x8d045e,0x8f008e,0x12c012b,0x12e012d
.4byte 0x170004,0x190018,0x0,0x1b001a,0x4001c,0x510050f,0x800511,0x4520081
.4byte 0x4540453,0x7f0081,0x810080,0x4560455,0x3f0276,0x470046,0x490048,0x2c402b5
.4byte 0x2c5,0x5970596,0x5990598,0x59b059a,0x59d059c,0x59f059e,0x5a105a0,0x5a305a2
.4byte 0x5a505a4,0x5a705a6,0x13b0004,0x3f05b8,0x6d006c,0x3f006e,0x4580457,0x45a0459
.4byte 0x8e008d,0x45c045b,0x8b045d,0x8d045e,0x8f008e,0x12c012b,0x12e012d,0x170004
.4byte 0x190018,0x0,0x1b001a,0x4001c,0x50a0509,0x9a0199,0x45f009b,0x4610460
.4byte 0x7f0081,0x810080,0x4560455,0x3f0276,0x470046,0x490048,0x23b01ca,0x23c
.4byte 0x5970596,0x5990598,0x59b059a,0x59d059c,0x59f059e,0x5a105a0,0x5a305a2,0x5a505a4
.4byte 0x5a705a6,0x310004,0xea00e9,0x6c003f,0x6e006d,0x457003f,0x4590458,0x8d045a
.4byte 0x45b008e,0x4630462,0x4650464,0xa700a6,0x11800a8,0x11a0119,0x4011b,0x180017
.4byte 0x19,0x1a0000,0x1c001b,0x5090004,0x199050a,0x9b009a,0x460045f,0x810461
.4byte 0x80007f,0x4550081,0x2760456,0x46003f,0x480047,0x1e90049,0x2bb02ba,0x5960000
.4byte 0x5980597,0x59a0599,0x59c059b,0x59e059d,0x5a0059f,0x5a205a1,0x5a405a3,0x5a605a5
.4byte 0x405a7,0x5b90154,0x3f05ba,0x6d006c,0x3f006e,0x4580457,0x45a0459,0x8e008d
.4byte 0x462045b,0x4640463,0xa60465,0xa800a7,0x1190118,0x11b011a,0x170004,0x190018
.4byte 0x0,0x1b001a,0x4001c,0x510050f,0x800511,0x4520081,0x4540453,0x7f0081
.4byte 0x810080,0x4560455,0x3f0276,0x470046,0x490048,0x2b9003f,0x1d002c0,0x5960000
.4byte 0x5980597,0x59a0599,0x59c059b,0x59e059d,0x5a0059f,0x5a205a1,0x5a405a3,0x5a605a5
.4byte 0x405a7,0x5bc05bb,0x3f0056,0x6d006c,0x3f006e,0x4580457,0x45a0459,0x8e008d
.4byte 0x45c045b,0x8b045d,0x8d045e,0x8f008e,0x12c012b,0x12e012d,0x170004,0x190018
.4byte 0x0,0x1b001a,0x4001c,0x510050f,0x800511,0x4520081,0x4540453,0x7f0081
.4byte 0x810080,0x4560455,0x3f0276,0x470046,0x490048,0x234003f,0xd0235,0x5960000
.4byte 0x5980597,0x59a0599,0x59c059b,0x59e059d,0x5a0059f,0x5a205a1,0x5a405a3,0x5a605a5
.4byte 0x405a7,0x5be05bd,0x6c003f,0x6e006d,0x457003f,0x4590458,0x8d045a,0x45b008e
.4byte 0x45d045c,0x45e008b,0x8e008d,0x12b008f,0x12d012c,0x4012e,0x180017,0x19
.4byte 0x1a0000,0x1c001b,0x5090004,0x199050a,0x9b009a,0x460045f,0x810461,0x80007f
.4byte 0x4550081,0x2760456,0x46003f,0x480047,0x3f0049,0x1cb01ca,0x1b3,0x5970596
.4byte 0x5990598,0x59b059a,0x59d059c,0x59f059e,0x5a105a0,0x5a305a2,0x5a505a4,0x5a705a6
.4byte 0x310004,0x180017f,0x6c003f,0x6e006d,0x457003f,0x4590458,0x8d045a,0x45b008e
.4byte 0x4630462,0x4650464,0xa700a6,0x11800a8,0x11a0119,0x4011b,0x180017,0x19
.4byte 0x1a0000,0x1c001b,0x5090004,0x199050a,0x9b009a,0x460045f,0x810461,0x80007f
.4byte 0x4550081,0x2760456,0x46003f,0x480047,0x3f0049,0x2ba01e9,0x2bb,0x5970596
.4byte 0x5990598,0x59b059a,0x59d059c,0x59f059e,0x5a105a0,0x5a305a2,0x5a505a4,0x5a705a6
.4byte 0xe40004,0x5ba05b9,0x6c003f,0x6e006d,0x457003f,0x4590458,0x8d045a,0x45b008e
.4byte 0x4630462,0x4650464,0xa700a6,0x11800a8,0x11a0119,0x4011b,0x180017,0x19
.4byte 0x1a0000,0x1c001b,0x50f0004,0x5110510,0x810080,0x4530452,0x810454,0x80007f
.4byte 0x4550081,0x2760456,0x46003f,0x480047,0x3f0049,0x22e02b9,0x1d0,0x5970596
.4byte 0x5990598,0x59b059a,0x59d059c,0x59f059e,0x5a105a0,0x5a305a2,0x5a505a4,0x5a705a6
.4byte 0xa00004,0x5600a1,0x6c003f,0x6e006d,0x457003f,0x4590458,0x8d045a,0x45b008e
.4byte 0x45d045c,0x45e008b,0x8e008d,0x12b008f,0x12d012c,0x4012e,0x180017,0x19
.4byte 0x1a0000,0x1c001b,0x50f0004,0x5110510,0x810080,0x4530452,0x810454,0x80007f
.4byte 0x4550081,0x2760456,0x46003f,0x480047,0x3f0049,0x2b602b5,0xd,0x5970596
.4byte 0x5990598,0x59b059a,0x59d059c,0x59f059e,0x5a105a0,0x5a305a2,0x5a505a4,0x5a705a6
.4byte 0x5bf0004,0x3f05b8,0x6d006c,0x3f006e,0x4580457,0x45a0459,0x8e008d,0x45c045b
.4byte 0x8b045d,0x8d045e,0x8f008e,0x12c012b,0x12e012d,0x170004,0x190018,0x0
.4byte 0x1b001a,0x4001c,0x50a0509,0x9a0199,0x45f009b,0x4610460,0x7f0081,0x810080
.4byte 0x4560455,0x3f0276,0x470046,0x490048,0x1ca003f,0x1d502b2,0x5960000,0x5980597
.4byte 0x59a0599,0x59c059b,0x59e059d,0x5a0059f,0x5a205a1,0x5a405a3,0x5a605a5,0x405a7
.4byte 0x1500031,0x3f0151,0x6d006c,0x3f006e,0x4580457,0x45a0459,0x8e008d,0x462045b
.4byte 0x4640463,0xa60465,0xa800a7,0x1190118,0x11b011a,0x170004,0x190018,0x0
.4byte 0x1b001a,0x4001c,0x50a0509,0x9a0199,0x45f009b,0x4610460,0x7f0081,0x810080
.4byte 0x4560455,0x3f0276,0x470046,0x490048,0x1e9003f,0x2af0242,0x5960000,0x5980597
.4byte 0x59a0599,0x59c059b,0x59e059d,0x5a0059f,0x5a205a1,0x5a405a3,0x5a605a5,0x405a7
.4byte 0x5c00170,0x3f0156,0x6d006c,0x3f006e,0x4580457,0x45a0459,0x8e008d,0x462045b
.4byte 0x4640463,0xa60465,0xa800a7,0x1190118,0x11b011a,0x170004,0x190018,0x0
.4byte 0x1b001a,0x4001c,0x510050f,0x800511,0x4520081,0x4540453,0x7f0081,0x810080
.4byte 0x4560455,0x3f0276,0x470046,0x490048,0x2ab003f,0x1d002ac,0x5960000,0x5980597
.4byte 0x59a0599,0x59c059b,0x59e059d,0x5a0059f,0x5a205a1,0x5a405a3,0x5a605a5,0x405a7
.4byte 0x5c205c1,0x3f00f3,0x6d006c,0x3f006e,0x4580457,0x45a0459,0x8e008d,0x45c045b
.4byte 0x8b045d,0x8d045e,0x8f008e,0x12c012b,0x12e012d,0x170004,0x190018,0x0
.4byte 0x1b001a,0x4001c,0x510050f,0x800511,0x4520081,0x4540453,0x7f0081,0x810080
.4byte 0x4560455,0x3f0276,0x470046,0x490048,0x1f7003f,0x3902a8,0x5960000,0x5980597
.4byte 0x59a0599,0x59c059b,0x59e059d,0x5a0059f,0x5a205a1,0x5a405a3,0x5a605a5,0x405a7
.4byte 0xe100ec,0x6c003f,0x6e006d,0x457003f,0x4590458,0x8d045a,0x45b008e,0x45d045c
.4byte 0x45e008b,0x8e008d,0x12b008f,0x12d012c,0x4012e,0x180017,0x19,0x1a0000
.4byte 0x1c001b,0x5090004,0x199050a,0x9b009a,0x460045f,0x810461,0x80007f,0x4550081
.4byte 0x2760456,0x46003f,0x480047,0x3f0049,0x2a701dd,0x1df,0x5970596,0x5990598
.4byte 0x59b059a,0x59d059c,0x59f059e,0x5a105a0,0x5a305a2,0x5a505a4,0x5a705a6,0x50004
.4byte 0xbe00bd,0x6c003f,0x6e006d,0x457003f,0x4590458,0x8d045a,0x45b008e,0x4630462
.4byte 0x4650464,0xa700a6,0x11800a8,0x11a0119,0x4011b,0x180017,0x19,0x1a0000
.4byte 0x1c001b,0x5090004,0x199050a,0x9b009a,0x460045f,0x810461,0x80007f,0x4550081
.4byte 0x2760456,0x46003f,0x480047,0x3f0049,0x2390238,0x5960000,0x5980597,0x59a0599
.4byte 0x59c059b,0x59e059d,0x5a0059f,0x5a205a1,0x5a405a3,0x5a605a5,0x405a7,0xb900b8
.4byte 0x3f0075,0x6d006c,0x3f006e,0x4580457,0x45a0459,0x8e008d,0x462045b,0x4640463
.4byte 0xa60465,0xa800a7,0x1190118,0x11b011a,0x170004,0x190018,0x0,0x1b001a
.4byte 0x4001c,0x510050f,0x800511,0x4520081,0x4540453,0x7f0081,0x810080,0x4560455
.4byte 0x3f0276,0x470046,0x490048,0x23f003f,0x1e502a4,0x5960000,0x5980597,0x59a0599
.4byte 0x59c059b,0x59e059d,0x5a0059f,0x5a205a1,0x5a405a3,0x5a605a5,0x405a7,0x5c30136
.4byte 0x3f0064,0x6d006c,0x3f006e,0x4580457,0x45a0459,0x8e008d,0x45c045b,0x8b045d
.4byte 0x8d045e,0x8f008e,0x12c012b,0x12e012d,0x170004,0x190018,0x0,0x1b001a
.4byte 0x4001c,0x510050f,0x800511,0x4520081,0x4540453,0x7f0081,0x810080,0x4560455
.4byte 0x3f0276,0x470046,0x490048,0x244003f,0x2a0029f,0x5960000,0x5980597,0x59a0599
.4byte 0x59c059b,0x59e059d,0x5a0059f,0x5a205a1,0x5a405a3,0x5a605a5,0x405a7,0x5c40025
.4byte 0x3f05c5,0x6d006c,0x3f006e,0x4580457,0x45a0459,0x8e008d,0x45c045b,0x8b045d
.4byte 0x8d045e,0x8f008e,0x12c012b,0x12e012d,0x170004,0x190018,0x0,0x1b001a
.4byte 0x4001c,0x50a0509,0x9a0199,0x45f009b,0x4610460,0x7f0081,0x810080,0x4560455
.4byte 0x3f0276,0x470046,0x490048,0x1e9003f,0x29d024a,0x5960000,0x5980597,0x59a0599
.4byte 0x59c059b,0x59e059d,0x5a0059f,0x5a205a1,0x5a405a3,0x5a605a5,0x405a7,0x1450011
.4byte 0x3f0068,0x6d006c,0x3f006e,0x4580457,0x45a0459,0x8e008d,0x462045b,0x4640463
.4byte 0xa60465,0xa800a7,0x1190118,0x11b011a,0x170004,0x190018,0x0,0x1b001a
.4byte 0x4001c,0x50a0509,0x9a0199,0x45f009b,0x4610460,0x7f0081,0x810080,0x4560455
.4byte 0x3f0276,0x470046,0x490048,0x1ce003f,0x1d0022e,0x5960000,0x5980597,0x59a0599
.4byte 0x59c059b,0x59e059d,0x5a0059f,0x5a205a1,0x5a405a3,0x5a605a5,0x405a7,0xa100a0
.4byte 0x3f0056,0x6d006c,0x3f006e,0x4580457,0x45a0459,0x8e008d,0x462045b,0x4640463
.4byte 0xa60465,0xa800a7,0x1190118,0x11b011a,0x170004,0x190018,0x0,0x1b001a
.4byte 0x4001c,0x510050f,0x800511,0x4520081,0x4540453,0x7f0081,0x810080,0x4560455
.4byte 0x3f0276,0x470046,0x490048,0x297003f,0x390298,0x5960000,0x5980597,0x59a0599
.4byte 0x59c059b,0x59e059d,0x5a0059f,0x5a205a1,0x5a405a3,0x5a605a5,0x405a7,0x5c60087
.4byte 0x6c003f,0x6e006d,0x457003f,0x4590458,0x8d045a,0x45b008e,0x45d045c,0x45e008b
.4byte 0x8e008d,0x12b008f,0x12d012c,0x4012e,0x180017,0x19,0x1a0000,0x1c001b
.4byte 0x50f0004,0x5110510,0x810080,0x4530452,0x810454,0x80007f,0x4550081,0x2760456
.4byte 0x46003f,0x480047,0x3f0049,0x1de01dd,0x1df,0x5970596,0x5990598,0x59b059a
.4byte 0x59d059c,0x59f059e,0x5a105a0,0x5a305a2,0x5a505a4,0x5a705a6,0x50004,0xbe00bd
.4byte 0x6c003f,0x6e006d,0x457003f,0x4590458,0x8d045a,0x45b008e,0x45d045c,0x45e008b
.4byte 0x8e008d,0x12b008f,0x12d012c,0x4012e,0x180017,0x19,0x1a0000,0x1c001b
.4byte 0x5090004,0x199050a,0x9b009a,0x460045f,0x810461,0x80007f,0x4550081,0x2760456
.4byte 0x46003f,0x480047,0x3f0049,0x29101fc,0x5960000,0x5980597,0x59a0599,0x59c059b
.4byte 0x59e059d,0x5a0059f,0x5a205a1,0x5a405a3,0x5a605a5,0x405a7,0x14900b8,0x3f0075
.4byte 0x6d006c,0x3f006e,0x4580457,0x45a0459,0x8e008d,0x462045b,0x4640463,0xa60465
.4byte 0xa800a7,0x1190118,0x11b011a,0x170004,0x190018,0x0,0x1b001a,0x4001c
.4byte 0x50a0509,0x9a0199,0x45f009b,0x4610460,0x7f0081,0x810080,0x4560455,0x3f0276
.4byte 0x470046,0x490048,0x28d003f,0x19028e,0x5960000,0x5980597,0x59a0599,0x59c059b
.4byte 0x59e059d,0x5a0059f,0x5a205a1,0x5a405a3,0x5a605a5,0x405a7,0xee00cf,0x3f0064
.4byte 0x6d006c,0x3f006e,0x4580457,0x45a0459,0x8e008d,0x462045b,0x4640463,0xa60465
.4byte 0xa800a7,0x1190118,0x11b011a,0x170004,0x190018,0x0,0x1b001a,0x4001c
.4byte 0x510050f,0x800511,0x4520081,0x4540453,0x7f0081,0x810080,0x4560455,0x3f0276
.4byte 0x470046,0x490048,0x1b1003f,0x1b301b2,0x5960000,0x5980597,0x59a0599,0x59c059b
.4byte 0x59e059d,0x5a0059f,0x5a205a1,0x5a405a3,0x5a605a5,0x405a7,0x17f0031,0x3f0180
.4byte 0x6d006c,0x3f006e,0x4580457,0x45a0459,0x8e008d,0x45c045b,0x8b045d,0x8d045e
.4byte 0x8f008e,0x12c012b,0x12e012d,0x170004,0x190018,0x0,0x1b001a,0x4001c
.4byte 0x510050f,0x800511,0x4520081,0x4540453,0x7f0081,0x810080,0x4560455,0x3f0276
.4byte 0x470046,0x490048,0x1e9003f,0x2c80242,0x5960000,0x5980597,0x59a0599,0x59c059b
.4byte 0x59e059d,0x5a0059f,0x5a205a1,0x5a405a3,0x5a605a5,0x405a7,0x5b50170,0x3f05b6
.4byte 0x6d006c,0x3f006e,0x4580457,0x45a0459,0x8e008d,0x45c045b,0x8b045d,0x8d045e
.4byte 0x8f008e,0x12c012b,0x12e012d,0x170004,0x190018,0x0,0x1b001a,0x4001c
.4byte 0x50a0509,0x9a0199,0x45f009b,0x4610460,0x7f0081,0x810080,0x4560455,0x3f0276
.4byte 0x470046,0x490048,0x285003f,0x1da02cf,0x5960000,0x5980597,0x59a0599,0x59c059b
.4byte 0x59e059d,0x5a0059f,0x5a205a1,0x5a405a3,0x5a605a5,0x405a7,0x16c00d7,0x3f0064
.4byte 0x6d006c,0x3f006e,0x4580457,0x45a0459,0x8e008d,0x462045b,0x4640463,0xa60465
.4byte 0xa800a7,0x1190118,0x11b011a,0x170004,0x190018,0x0,0x1b001a,0x4001c
.4byte 0x50a0509,0x9a0199,0x45f009b,0x4610460,0x7f0081,0x810080,0x4560455,0x3f0276
.4byte 0x470046,0x490048,0x244003f,0x2d0245,0x5960000,0x5980597,0x59a0599,0x59c059b
.4byte 0x59e059d,0x5a0059f,0x5a205a1,0x5a405a3,0x5a605a5,0x405a7,0x5c70025,0x3f00b5
.4byte 0x6d006c,0x3f006e,0x4580457,0x45a0459,0x8e008d,0x462045b,0x4640463,0xa60465
.4byte 0xa800a7,0x1190118,0x11b011a,0x170004,0x190018,0x0,0x1b001a,0x4001c
.4byte 0x510050f,0x800511,0x4520081,0x4540453,0x7f0081,0x810080,0x4560455,0x3f0276
.4byte 0x470046,0x490048,0x1e9003f,0x53c0280,0x5960000,0x5980597,0x59a0599,0x59c059b
.4byte 0x59e059d,0x5a0059f,0x5a205a1,0x5a405a3,0x5a605a5,0x405a7,0xe500e4,0x3f0068
.4byte 0x6d006c,0x3f006e,0x4580457,0x45a0459,0x8e008d,0x45c045b,0x8b045d,0x8d045e
.4byte 0x8f008e,0x12c012b,0x12e012d,0x170004,0x190018,0x0,0x1b001a,0x4001c
.4byte 0x510050f,0x800511,0x4520081,0x4540453,0x7f0081,0x810080,0x4560455,0x3f0276
.4byte 0x470046,0x490048,0x2ab003f,0x1d0051d,0x5960000,0x5980597,0x59a0599,0x59c059b
.4byte 0x59e059d,0x5a0059f,0x5a205a1,0x5a405a3,0x5a605a5,0x405a7,0x5c205c1,0x3f00f3
.4byte 0x6d006c,0x3f006e,0x4580457,0x45a0459,0x8e008d,0x45c045b,0x8b045d,0x8d045e
.4byte 0x8f008e,0x12c012b,0x12e012d,0x170004,0x190018,0x0,0x1b001a,0x4001c
.4byte 0x50a0509,0x9a0199,0x45f009b,0x4610460,0x7f0081,0x810080,0x4560455,0x3f0276
.4byte 0x470046,0x490048,0x229003f,0x24f024e,0x5960000,0x5980597,0x59a0599,0x59c059b
.4byte 0x59e059d,0x5a0059f,0x5a205a1,0x5a405a3,0x5a605a5,0x405a7,0x5c80025,0x3f05c9
.4byte 0x6d006c,0x3f006e,0x4580457,0x45a0459,0x8e008d,0x462045b,0x4640463,0xa60465
.4byte 0xa800a7,0x1190118,0x11b011a,0x170004,0x190018,0x0,0x1b001a,0x4001c
.4byte 0x4670466,0x800468,0x46a0469,0x40003,0x5cb05ca,0x5cc0000,0x5ce05cd,0x19
.4byte 0x5cf0589,0x405d0,0x501012e,0x5030502,0x504008e,0x5060505,0x170004,0x190018
.4byte 0x0,0x1af030a,0x7e01b0,0x810080,0x4530452,0x810454,0x80007f,0x5d205d1
.4byte 0x5d405d3,0x5d605d5,0x5d805d7,0x5da05d9,0x3f05db,0x5dc00ad,0x400af,0x5cb05ca
.4byte 0x5cc0000,0x5ce05cd,0x19,0x5cf0589,0x405d0,0x5dd0025,0x3f00b1,0x5df05de
.4byte 0x5d705e0,0x5d605e1,0x5e305e2,0x5e505e4,0x8d008f,0x45b008e,0x45d045c,0x45e008b
.4byte 0x8e008d,0x90008f,0x920091,0x93,0x1ae0000,0x3140313,0x9a0098,0x45f009b
.4byte 0x4610460,0x7f0081,0x5d10080,0x5d305d2,0x5d505d4,0x5d705d6,0x5d905d8,0x5db05da
.4byte 0x76003f,0x5e705e6,0x5ca0004,0x5cb,0x5cd05cc,0x1905ce,0x5890000,0x5d005cf
.4byte 0x110004,0xdc05e8,0x5de003f,0x5e005df,0x5e105d7,0x5e205d6,0x5e405e3,0x8f05e5
.4byte 0x8e008d,0x462045b,0x4640463,0xa60465,0xa800a7,0xaa00a9,0xac00ab,0x0
.4byte 0x31301ae,0x980314,0x9b009a,0x460045f,0x810461,0x80007f,0x5d205d1,0x5d405d3
.4byte 0x5d605d5,0x5d805d7,0x5da05d9,0x3f05db,0x5ea05e9,0x40030,0x5cb05ca,0x5cc0000
.4byte 0x5ce05cd,0x19,0x5cf0589,0x405d0,0x5eb005c,0x3f0056,0x5df05de,0x5d705e0
.4byte 0x5d605e1,0x5e305e2,0x5e505e4,0x8d008f,0x45b008e,0x4630462,0x4650464,0xa700a6
.4byte 0xa900a8,0xab00aa,0xac,0x30a0000,0x1b001af,0x80007e,0x4520081,0x4540453
.4byte 0x7f0081,0x5d10080,0x5d305d2,0x5d505d4,0x5d705d6,0x5d905d8,0x5db05da,0x5ec003f
.4byte 0x47e05ed,0x5ca0004,0x5cb,0x5cd05cc,0x1905ce,0x5890000,0x5d005cf,0x250004
.4byte 0x5c905ee,0x5de003f,0x5e005df,0x5e105d7,0x5e205d6,0x5e405e3,0x8f05e5,0x8e008d
.4byte 0x45c045b,0x8b045d,0x8d045e,0x8f008e,0x910090,0x930092,0x0,0x1af030a
.4byte 0x7e01b0,0x810080,0x4530452,0x810454,0x80007f,0x5d205d1,0x5d405d3,0x5d605d5
.4byte 0x5d805d7,0x5da05d9,0x3f05db,0x5ef00e2,0x5ca0004,0x5cb,0x5cd05cc,0x1905ce
.4byte 0x5890000,0x5d005cf,0xe40004,0x6805f0,0x5de003f,0x5e005df,0x5e105d7,0x5e205d6
.4byte 0x5e405e3,0x8f05e5,0x8e008d,0x45c045b,0x8b045d,0x8d045e,0x8f008e,0x910090
.4byte 0x930092,0x0,0x31301ae,0x980314,0x9b009a,0x460045f,0x810461,0x80007f
.4byte 0x5d205d1,0x5d405d3,0x5d605d5,0x5d805d7,0x5da05d9,0x3f05db,0xf000ef,0x40030
.4byte 0x5cb05ca,0x5cc0000,0x5ce05cd,0x19,0x5cf0589,0x405d0,0xf200f1,0x3f00f3
.4byte 0x5df05de,0x5d705e0,0x5d605e1,0x5e305e2,0x5e505e4,0x8d008f,0x45b008e,0x4630462
.4byte 0x4650464,0xa700a6,0xa900a8,0xab00aa,0xac,0x1ae0000,0x3140313,0x9a0098
.4byte 0x45f009b,0x4610460,0x7f0081,0x5d10080,0x5d305d2,0x5d505d4,0x5d705d6,0x5d905d8
.4byte 0x5db05da,0x65003f,0x5f205f1,0x5ca0004,0x5cb,0x5cd05cc,0x1905ce,0x5890000
.4byte 0x5d005cf,0x250004,0x5c505c4,0x5de003f,0x5e005df,0x5e105d7,0x5e205d6,0x5e405e3
.4byte 0x8f05e5,0x8e008d,0x462045b,0x4640463,0xa60465,0xa800a7,0xaa00a9,0xac00ab
.4byte 0x0,0x1af030a,0x7e01b0,0x810080,0x4530452,0x810454,0x80007f,0x5d205d1
.4byte 0x5d405d3,0x5d605d5,0x5d805d7,0x5da05d9,0x3f05db,0x5f30167,0x5ca0004,0x5cb
.4byte 0x5cd05cc,0x1905ce,0x5890000,0x5d005cf,0x1540004,0x15605f4,0x5de003f,0x5e005df
.4byte 0x5e105d7,0x5e205d6,0x5e405e3,0x8f05e5,0x8e008d,0x45c045b,0x8b045d,0x8d045e
.4byte 0x8f008e,0x910090,0x930092,0x0,0x1af030a,0x7e01b0,0x810080,0x4530452
.4byte 0x810454,0x80007f,0x5d205d1,0x5d405d3,0x5d605d5,0x5d805d7,0x5da05d9,0x3f05db
.4byte 0x15f015e,0x4001c,0x5cb05ca,0x5cc0000,0x5ce05cd,0x19,0x5cf0589,0x405d0
.4byte 0x1610160,0x3f0064,0x5df05de,0x5d705e0,0x5d605e1,0x5e305e2,0x5e505e4,0x8d008f
.4byte 0x45b008e,0x45d045c,0x45e008b,0x8e008d,0x90008f,0x920091,0x93,0x1ae0000
.4byte 0x3140313,0x9a0098,0x45f009b,0x4610460,0x7f0081,0x5d10080,0x5d305d2,0x5d505d4
.4byte 0x5d705d6,0x5d905d8,0x5db05da,0xe6003f,0xe800e7,0x5ca0004,0x5cb,0x5cd05cc
.4byte 0x1905ce,0x5890000,0x5d005cf,0x310004,0xea00e9,0x5de003f,0x5e005df,0x5e105d7
.4byte 0x5e205d6,0x5e405e3,0x8f05e5,0x8e008d,0x462045b,0x4640463,0xa60465,0xa800a7
.4byte 0xaa00a9,0xac00ab,0x0,0x31301ae,0x980314,0x9b009a,0x460045f,0x810461
.4byte 0x80007f,0x5d205d1,0x5d405d3,0x5d605d5,0x5d805d7,0x5da05d9,0x3f05db,0x5f605f5
.4byte 0x40003,0x5cb05ca,0x5cc0000,0x5ce05cd,0x19,0x5cf0589,0x405d0,0x5f700b8
.4byte 0x3f0075,0x5df05de,0x5d705e0,0x5d605e1,0x5e305e2,0x5e505e4,0x8d008f,0x45b008e
.4byte 0x4630462,0x4650464,0xa700a6,0xa900a8,0xab00aa,0xac,0x30a0000,0x1b001af
.4byte 0x80007e,0x4520081,0x4540453,0x7f0081,0x5d10080,0x5d305d2,0x5d505d4,0x5d705d6
.4byte 0x5d905d8,0x5db05da,0x72003f,0x13a05f8,0x5ca0004,0x5cb,0x5cd05cc,0x1905ce
.4byte 0x5890000,0x5d005cf,0x5f90004,0x3f05fa,0x5df05de,0x5d705e0,0x5d605e1,0x5e305e2
.4byte 0x5e505e4,0x8d008f,0x45b008e,0x45d045c,0x45e008b,0x8e008d,0x90008f,0x920091
.4byte 0x93,0x30a0000,0x1b001af,0x80007e,0x4520081,0x4540453,0x7f0081,0x5d10080
.4byte 0x5d305d2,0x5d505d4,0x5d705d6,0x5d905d8,0x5db05da,0x76003f,0x5fc05fb,0x5ca0004
.4byte 0x5cb,0x5cd05cc,0x1905ce,0x5890000,0x5d005cf,0xc60004,0xd405fd,0x5de003f
.4byte 0x5e005df,0x5e105d7,0x5e205d6,0x5e405e3,0x8f05e5,0x8e008d,0x45c045b,0x8b045d
.4byte 0x8d045e,0x8f008e,0x910090,0x930092,0x0,0x31301ae,0x980314,0x9b009a
.4byte 0x460045f,0x810461,0x80007f,0x5d205d1,0x5d405d3,0x5d605d5,0x5d805d7,0x5da05d9
.4byte 0x3f05db,0x9f009e,0x40030,0x5cb05ca,0x5cc0000,0x5ce05cd,0x19,0x5cf0589
.4byte 0x405d0,0xa100a0,0x3f0056,0x5df05de,0x5d705e0,0x5d605e1,0x5e305e2,0x5e505e4
.4byte 0x8d008f,0x45b008e,0x4630462,0x4650464,0xa700a6,0xa900a8,0xab00aa,0xac
.4byte 0x1ae0000,0x3140313,0x9a0098,0x45f009b,0x4610460,0x7f0081,0x5d10080,0x5d305d2
.4byte 0x5d505d4,0x5d705d6,0x5d905d8,0x5db05da,0x5ec003f,0xb305fe,0x5ca0004,0x5cb
.4byte 0x5cd05cc,0x1905ce,0x5890000,0x5d005cf,0x250004,0x60005ff,0x5de003f,0x5e005df
.4byte 0x5e105d7,0x5e205d6,0x5e405e3,0x8f05e5,0x8e008d,0x462045b,0x4640463,0xa60465
.4byte 0xa800a7,0xaa00a9,0xac00ab,0x0,0x1af030a,0x7e01b0,0x810080,0x4530452
.4byte 0x810454,0x80007f,0x5d205d1,0x5d405d3,0x5d605d5,0x5d805d7,0x5da05d9,0x3f05db
.4byte 0x1530167,0x5ca0004,0x5cb,0x5cd05cc,0x1905ce,0x5890000,0x5d005cf,0x1540004
.4byte 0x1560168,0x5de003f,0x5e005df,0x5e105d7,0x5e205d6,0x5e405e3,0x8f05e5,0x8e008d
.4byte 0x45c045b,0x8b045d,0x8d045e,0x8f008e,0x910090,0x930092,0x0,0x1af030a
.4byte 0x7e01b0,0x810080,0x4530452,0x810454,0x80007f,0x5d205d1,0x5d405d3,0x5d605d5
.4byte 0x5d805d7,0x5da05d9,0x3f05db,0x6010134,0x4001c,0x5cb05ca,0x5cc0000,0x5ce05cd
.4byte 0x19,0x5cf0589,0x405d0,0x1370602,0x3f0064,0x5df05de,0x5d705e0,0x5d605e1
.4byte 0x5e305e2,0x5e505e4,0x8d008f,0x45b008e,0x45d045c,0x45e008b,0x8e008d,0x90008f
.4byte 0x920091,0x93,0x1ae0000,0x3140313,0x9a0098,0x45f009b,0x4610460,0x7f0081
.4byte 0x5d10080,0x5d305d2,0x5d505d4,0x5d705d6,0x5d905d8,0x5db05da,0x603003f,0x6050604
.4byte 0x5ca0004,0x5cb,0x5cd05cc,0x1905ce,0x5890000,0x5d005cf,0x6a0004,0x3f006b
.4byte 0x5df05de,0x5d705e0,0x5d605e1,0x5e305e2,0x5e505e4,0x8d008f,0x45b008e,0x4630462
.4byte 0x4650464,0xa700a6,0xa900a8,0xab00aa,0xac,0x30a0000,0x1b001af,0x80007e
.4byte 0x4520081,0x4540453,0x7f0081,0x5d10080,0x5d305d2,0x5d505d4,0x5d705d6,0x5d905d8
.4byte 0x5db05da,0x4a003f,0x47e004b,0x5ca0004,0x5cb,0x5cd05cc,0x1905ce,0x5890000
.4byte 0x5d005cf,0x250004,0x6a0606,0x3f006b,0x5df05de,0x5d705e0,0x5d605e1,0x5e305e2
.4byte 0x5e505e4,0x8d008f,0x45b008e,0x45d045c,0x45e008b,0x8e008d,0x90008f,0x920091
.4byte 0x93,0x30a0000,0x1b001af,0x80007e,0x4520081,0x4540453,0x7f0081,0x5d10080
.4byte 0x5d305d2,0x5d505d4,0x5d705d6,0x5d905d8,0x5db05da,0x4a003f,0x5f3004b,0x5ca0004
.4byte 0x5cb,0x5cd05cc,0x1905ce,0x5890000,0x5d005cf,0x1540004,0x6a0607,0x3f006b
.4byte 0x5df05de,0x5d705e0,0x5d605e1,0x5e305e2,0x5e505e4,0x8d008f,0x45b008e,0x45d045c
.4byte 0x45e008b,0x8e008d,0x90008f,0x920091,0x93,0x1ae0000,0x3140313,0x9a0098
.4byte 0x45f009b,0x4610460,0x7f0081,0x5d10080,0x5d305d2,0x5d505d4,0x5d705d6,0x5d905d8
.4byte 0x5db05da,0x4a003f,0x44e004b,0x400ce,0x5cb05ca,0x5cc0000,0x5ce05cd,0x19
.4byte 0x5cf0589,0x405d0,0x6080450,0x6b006a,0x5de003f,0x5e005df,0x5e105d7,0x5e205d6
.4byte 0x5e405e3,0x8f05e5,0x8e008d,0x462045b,0x4640463,0xa60465,0xa800a7,0xaa00a9
.4byte 0xac00ab,0x0,0x31301ae,0x980314,0x9b009a,0x460045f,0x810461,0x80007f
.4byte 0x5d205d1,0x5d405d3,0x5d605d5,0x5d805d7,0x5da05d9,0x3f05db,0x4b004a,0xd20609
.4byte 0x5ca0004,0x5cb,0x5cd05cc,0x1905ce,0x5890000,0x5d005cf,0x50004,0x6900d3
.4byte 0x6b006a,0x5de003f,0x5e005df,0x5e105d7,0x5e205d6,0x5e405e3,0x8f05e5,0x8e008d
.4byte 0x462045b,0x4640463,0xa60465,0xa800a7,0xaa00a9,0xac00ab,0x0,0x1af030a
.4byte 0x7e01b0,0x810080,0x4530452,0x810454,0x80007f,0x5d205d1,0x5d405d3,0x5d605d5
.4byte 0x5d805d7,0x5da05d9,0x3f05db,0x4b004a,0x194060a,0x40030,0x5cb05ca,0x5cc0000
.4byte 0x5ce05cd,0x19,0x5cf0589,0x405d0,0x1960195,0x6a0069,0x3f006b,0x5df05de
.4byte 0x5d705e0,0x5d605e1,0x5e305e2,0x5e505e4,0x8d008f,0x45b008e,0x45d045c,0x45e008b
.4byte 0x8e008d,0x90008f,0x920091,0x93,0x30a0000,0x1b001af,0x80007e,0x4520081
.4byte 0x4540453,0x7f0081,0x5d10080,0x5d305d2,0x5d505d4,0x5d705d6,0x5d905d8,0x5db05da
.4byte 0x4a003f,0x60b004b,0x60d060c,0x5ca0004,0x5cb,0x5cd05cc,0x1905ce,0x5890000
.4byte 0x5d005cf,0x250004,0x60b060e,0x6a0069,0x3f006b,0x5df05de,0x5d705e0,0x5d605e1
.4byte 0x5e305e2,0x5e505e4,0x8d008f,0x45b008e,0x45d045c,0x45e008b,0x8e008d,0x90008f
.4byte 0x920091,0x93,0x1ae0000,0x3140313,0x9a0098,0x45f009b,0x4610460,0x7f0081
.4byte 0x5d10080,0x5d305d2,0x5d505d4,0x5d705d6,0x5d905d8,0x5db05da,0x4a003f,0x4c004b
.4byte 0x1470173,0x40003,0x5cb05ca,0x5cc0000,0x5ce05cd,0x19,0x5cf0589,0x405d0
.4byte 0x60f0148,0x690075,0x6b006a,0x5de003f,0x5e005df,0x5e105d7,0x5e205d6,0x5e405e3
.4byte 0x8f05e5,0x8e008d,0x462045b,0x4640463,0xa60465,0xa800a7,0xaa00a9,0xac00ab
.4byte 0x0,0x31301ae,0x980314,0x9b009a,0x460045f,0x810461,0x80007f,0x5d205d1
.4byte 0x5d405d3,0x5d605d5,0x5d805d7,0x5da05d9,0x3f05db,0x4b004a,0xdd004c,0xdf0610
.4byte 0x5ca0004,0x5cb,0x5cd05cc,0x1905ce,0x5890000,0x5d005cf,0x1860004,0x3f05b3
.4byte 0x6a0069,0x3f006b,0x5df05de,0x5d705e0,0x5d605e1,0x5e305e2,0x5e505e4,0x8d008f
.4byte 0x45b008e,0x4630462,0x4650464,0xa700a6,0xa900a8,0xab00aa,0xac,0x30a0000
.4byte 0x1b001af,0x80007e,0x4520081,0x4540453,0x7f0081,0x5d10080,0x5d305d2,0x5d505d4
.4byte 0x5d705d6,0x5d905d8,0x5db05da,0x4a003f,0x4c004b,0x167003f,0x40153,0x5cb05ca
.4byte 0x5cc0000,0x5ce05cd,0x19,0x5cf0589,0x405d0,0x1680154,0x3f0156,0x6a0069
.4byte 0x3f006b,0x5df05de,0x5d705e0,0x5d605e1,0x5e305e2,0x5e505e4,0x8d008f,0x45b008e
.4byte 0x45d045c,0x45e008b,0x8e008d,0x90008f,0x920091,0x93,0x30a0000,0x1b001af
.4byte 0x80007e,0x4520081,0x4540453,0x7f0081,0x5d10080,0x5d305d2,0x5d505d4,0x5d705d6
.4byte 0x5d905d8,0x5db05da,0x4a003f,0x4c004b,0x611003f,0x1a30612,0x5ca0004,0x5cb
.4byte 0x5cd05cc,0x1905ce,0x5890000,0x5d005cf,0x5ae0004,0x3f0613,0x6a0069,0x3f006b
.4byte 0x5df05de,0x5d705e0,0x5d605e1,0x5e305e2,0x5e505e4,0x8d008f,0x45b008e,0x45d045c
.4byte 0x45e008b,0x8e008d,0x90008f,0x920091,0x93,0x1ae0000,0x3140313,0x9a0098
.4byte 0x45f009b,0x4610460,0x7f0081,0x5d10080,0x5d305d2,0x5d505d4,0x5d705d6,0x5d905d8
.4byte 0x5db05da,0x4a003f,0x4c004b,0x76003f,0x61400d9,0x5ca0004,0x5cb,0x5cd05cc
.4byte 0x1905ce,0x5890000,0x5d005cf,0x110004,0xdc0615,0x69003f,0x6b006a,0x5de003f
.4byte 0x5e005df,0x5e105d7,0x5e205d6,0x5e405e3,0x8f05e5,0x8e008d,0x462045b,0x4640463
.4byte 0xa60465,0xa800a7,0xaa00a9,0xac00ab,0x0,0x31301ae,0x980314,0x9b009a
.4byte 0x460045f,0x810461,0x80007f,0x5d205d1,0x5d405d3,0x5d605d5,0x5d805d7,0x5da05d9
.4byte 0x3f05db,0x4b004a,0x3f004c,0x61600d5,0x4001c,0x5cb05ca,0x5cc0000,0x5ce05cd
.4byte 0x19,0x5cf0589,0x405d0,0x6180617,0x3f0064,0x6a0069,0x3f006b,0x5df05de
.4byte 0x5d705e0,0x5d605e1,0x5e305e2,0x5e505e4,0x8d008f,0x45b008e,0x4630462,0x4650464
.4byte 0xa700a6,0xa900a8,0xab00aa,0xac,0x30a0000,0x1b001af,0x80007e,0x4520081
.4byte 0x4540453,0x7f0081,0x5d10080,0x5d305d2,0x5d505d4,0x5d705d6,0x5d905d8,0x5db05da
.4byte 0x4a003f,0x4c004b,0x76003f,0xbc00bb,0x5ca0004,0x5cb,0x5cd05cc,0x1905ce
.4byte 0x5890000,0x5d005cf,0x50004,0xbe00bd,0x69003f,0x6b006a,0x5de003f,0x5e005df
.4byte 0x5e105d7,0x5e205d6,0x5e405e3,0x8f05e5,0x8e008d,0x45c045b,0x8b045d,0x8d045e
.4byte 0x8f008e,0x910090,0x930092,0x0,0x1af030a,0x7e01b0,0x810080,0x4530452
.4byte 0x810454,0x80007f,0x5d205d1,0x5d405d3,0x5d605d5,0x5d805d7,0x5da05d9,0x3f05db
.4byte 0x4b004a,0x3f004c,0x61a0619,0x40030,0x5cb05ca,0x5cc0000,0x5ce05cd,0x19
.4byte 0x5cf0589,0x405d0,0x61b05c1,0x3f00f3,0x6a0069,0x3f006b,0x5df05de,0x5d705e0
.4byte 0x5d605e1,0x5e305e2,0x5e505e4,0x8d008f,0x45b008e,0x45d045c,0x45e008b,0x8e008d
.4byte 0x90008f,0x920091,0x93,0x1ae0000,0x3140313,0x9a0098,0x45f009b,0x4610460
.4byte 0x7f0081,0x5d10080,0x5d305d2,0x5d505d4,0x5d705d6,0x5d905d8,0x5db05da,0x4a003f
.4byte 0x4c004b,0xe6003f,0xc100c0,0x5ca0004,0x5cb,0x5cd05cc,0x1905ce,0x5890000
.4byte 0x5d005cf,0x310004,0xc300c2,0x69003f,0x6b006a,0x5de003f,0x5e005df,0x5e105d7
.4byte 0x5e205d6,0x5e405e3,0x8f05e5,0x8e008d,0x462045b,0x4640463,0xa60465,0xa800a7
.4byte 0xaa00a9,0xac00ab,0x0,0x31301ae,0x980314,0x9b009a,0x460045f,0x810461
.4byte 0x80007f,0x5d205d1,0x5d405d3,0x5d605d5,0x5d805d7,0x5da05d9,0x3f05db,0x4b004a
.4byte 0x3f004c,0x9f009e,0x40030,0x5cb05ca,0x5cc0000,0x5ce05cd,0x19,0x5cf0589
.4byte 0x405d0,0xa100a0,0x3f0056,0x6a0069,0x3f006b,0x5df05de,0x5d705e0,0x5d605e1
.4byte 0x5e305e2,0x5e505e4,0x8d008f,0x45b008e,0x4630462,0x4650464,0xa700a6,0xa900a8
.4byte 0xab00aa,0xac,0x30a0000,0x1b001af,0x80007e,0x4520081,0x4540453,0x7f0081
.4byte 0x5d10080,0x5d305d2,0x5d505d4,0x5d705d6,0x5d905d8,0x5db05da,0x4a003f,0x4c004b
.4byte 0xe6003f,0x17e061c,0x5ca0004,0x5cb,0x5cd05cc,0x1905ce,0x5890000,0x5d005cf
.4byte 0x310004,0xea017f,0x69003f,0x6b006a,0x5de003f,0x5e005df,0x5e105d7,0x5e205d6
.4byte 0x5e405e3,0x8f05e5,0x8e008d,0x45c045b,0x8b045d,0x8d045e,0x8f008e,0x910090
.4byte 0x930092,0x0,0x1af030a,0x7e01b0,0x810080,0x4530452,0x810454,0x80007f
.4byte 0x5d205d1,0x5d405d3,0x5d605d5,0x5d805d7,0x5da05d9,0x3f05db,0x4b004a,0x3f004c
.4byte 0x61e061d,0x40030,0x5cb05ca,0x5cc0000,0x5ce05cd,0x19,0x5cf0589,0x405d0
.4byte 0x61f05bb,0x3f0056,0x6a0069,0x3f006b,0x5df05de,0x5d705e0,0x5d605e1,0x5e305e2
.4byte 0x5e505e4,0x8d008f,0x45b008e,0x45d045c,0x45e008b,0x8e008d,0x90008f,0x920091
.4byte 0x93,0x1ae0000,0x3140313,0x9a0098,0x45f009b,0x4610460,0x7f0081,0x5d10080
.4byte 0x5d305d2,0x5d505d4,0x5d705d6,0x5d905d8,0x5db05da,0x4a003f,0x4c004b,0x162003f
.4byte 0x17e0620,0x5ca0004,0x5cb,0x5cd05cc,0x1905ce,0x5890000,0x5d005cf,0x310004
.4byte 0x60b0621,0x69003f,0x6b006a,0x5de003f,0x5e005df,0x5e105d7,0x5e205d6,0x5e405e3
.4byte 0x8f05e5,0x8e008d,0x462045b,0x4640463,0xa60465,0xa800a7,0xaa00a9,0xac00ab
.4byte 0x0,0x31301ae,0x980314,0x9b009a,0x460045f,0x810461,0x80007f,0x5d205d1
.4byte 0x5d405d3,0x5d605d5,0x5d805d7,0x5da05d9,0x3f05db,0x4b004a,0x3f004c,0x61e0622
.4byte 0x40030,0x5cb05ca,0x5cc0000,0x5ce05cd,0x19,0x5cf0589,0x405d0,0x62305bb
.4byte 0x3f0056,0x6a0069,0x3f006b,0x5df05de,0x5d705e0,0x5d605e1,0x5e305e2,0x5e505e4
.4byte 0x8d008f,0x45b008e,0x4630462,0x4650464,0xa700a6,0xa900a8,0xab00aa,0xac
.4byte 0x30a0000,0x1b001af,0x80007e,0x4520081,0x4540453,0x7f0081,0x5d10080,0x5d305d2
.4byte 0x5d505d4,0x5d705d6,0x5d905d8,0x5db05da,0x4a003f,0x4c004b,0xe6003f,0x17e0624
.4byte 0x5ca0004,0x5cb,0x5cd05cc,0x1905ce,0x5890000,0x5d005cf,0x310004,0x1800621
.4byte 0x69003f,0x6b006a,0x5de003f,0x5e005df,0x5e105d7,0x5e205d6,0x5e405e3,0x8f05e5
.4byte 0x8e008d,0x45c045b,0x8b045d,0x8d045e,0x8f008e,0x910090,0x930092,0x0
.4byte 0x1b001a,0x4001c,0x6260625,0x800511,0x5d205d1,0x5d405d3,0x5d605d5,0x5d805d7
.4byte 0x62705d9,0x4012e,0x6290628,0x2e1062a,0x62c062b,0x2f8062d,0x62f062e,0x6310630
.4byte 0x2e10632,0x6330337,0x6350634,0x6360004,0x5e00637,0x5e105d7,0x5e205d6,0x5e405e3
.4byte 0x8f05e5,0x8e008d,0x6390638,0x40506,0x180017,0x19,0x1a0000,0x1c001b
.4byte 0x6250004,0x5110626,0x5d10080,0x5d305d2,0x5d505d4,0x5d705d6,0x5d905d8,0x12e0627
.4byte 0x11b0004,0x63b063a,0x337063c,0x2e102e0,0x62c062b,0x2f8062d,0x62f062e,0x6310630
.4byte 0x2e10632,0x63d0337,0x63f063e,0x6360004,0x5e00637,0x5e105d7,0x5e205d6,0x5e405e3
.4byte 0x8f05e5,0x8e008d,0x6390638,0x40506,0x180017,0x19,0x1a0000,0x1c001b
.4byte 0xf80004,0xfa00f9,0x9800fb,0x9b009a,0x460045f,0x810461,0x80007f,0x5d205d1
.4byte 0x5d405d3,0x5d605d5,0x5d805d7,0x5da05d9,0x3f05db,0x4b004a,0x3f004c,0x37c031d
.4byte 0x37e037d,0x62b02e1,0x62d062c,0x62e02f8,0x630062f,0x6320631,0x64002e1,0x6420641
.4byte 0x69003f,0x6b006a,0x5de003f,0x5e005df,0x5e105d7,0x5e205d6,0x5e405e3,0x8f05e5
.4byte 0x8e008d,0x462045b,0x4640463,0xa60465,0xa800a7,0x1190118,0x11b011a,0x170004
.4byte 0x190018,0x0,0x1b001a,0x4001c,0x11d011c,0x11f011e,0x80007e,0x4520081
.4byte 0x4540453,0x7f0081,0x5d10080,0x5d305d2,0x5d505d4,0x5d705d6,0x5d905d8,0x5db05da
.4byte 0x4a003f,0x4c004b,0x31d003f,0x3dc036c,0x2e003dd,0x62b02e1,0x62d062c,0x62e02f8
.4byte 0x630062f,0x6320631,0x33702e1,0x6440643,0x31d0645,0x3f0345,0x6a0069,0x3f006b
.4byte 0x5df05de,0x5d705e0,0x5d605e1,0x5e305e2,0x5e505e4,0x8d008f,0x45b008e,0x45d045c
.4byte 0x45e008b,0x8e008d,0x12b008f,0x12d012c,0x4012e,0x180017,0x19,0x1a0000
.4byte 0x1c001b,0x11c0004,0x11e011d,0x7e011f,0x810080,0x4530452,0x810454,0x80007f
.4byte 0x5d205d1,0x5d405d3,0x5d605d5,0x5d805d7,0x5da05d9,0x3f05db,0x4b004a,0x3f004c
.4byte 0x406031d,0x35e0420,0x62b02e1,0x62d062c,0x62e02f8,0x630062f,0x6320631,0x64602e1
.4byte 0x3450647,0x69003f,0x6b006a,0x5de003f,0x5e005df,0x5e105d7,0x5e205d6,0x5e405e3
.4byte 0x8f05e5,0x8e008d,0x45c045b,0x8b045d,0x8d045e,0x8f008e,0x12c012b,0x12e012d
.4byte 0x170004,0x190018,0x0,0x1b001a,0x4001c,0xf900f8,0xfb00fa,0x9a0098
.4byte 0x45f009b,0x4610460,0x7f0081,0x5d10080,0x5d305d2,0x5d505d4,0x5d705d6,0x5d905d8
.4byte 0x5db05da,0x4a003f,0x4c004b,0x31d003f,0x3b1039c,0x2e103b2,0x2e102e0,0x62c062b
.4byte 0x2f8062d,0x62f062e,0x6310630,0x2e10632,0x6480337,0x64a0649,0x345031d,0x69003f
.4byte 0x6b006a,0x5de003f,0x5e005df,0x5e105d7,0x5e205d6,0x5e405e3,0x8f05e5,0x8e008d
.4byte 0x462045b,0x4640463,0xa60465,0xa800a7,0x1190118,0x11b011a,0x170004,0x190018
.4byte 0x0,0x1b001a,0x4001c,0xf900f8,0xfb00fa,0x9a0098,0x45f009b,0x4610460
.4byte 0x7f0081,0x5d10080,0x5d305d2,0x5d505d4,0x5d705d6,0x5d905d8,0x5db05da,0x4a003f
.4byte 0x4c004b,0x31d003f,0x3ab03aa,0x2e10379,0x62c062b,0x2f8062d,0x62f062e,0x6310630
.4byte 0x2e10632,0x64b02e0,0x64d064c,0x3f0345,0x6a0069,0x3f006b,0x5df05de,0x5d705e0
.4byte 0x5d605e1,0x5e305e2,0x5e505e4,0x8d008f,0x45b008e,0x4630462,0x4650464,0xa700a6
.4byte 0x11800a8,0x11a0119,0x4011b,0x180017,0x19,0x1a0000,0x1c001b,0x11c0004
.4byte 0x11e011d,0x7e011f,0x810080,0x4530452,0x810454,0x80007f,0x5d205d1,0x5d405d3
.4byte 0x5d605d5,0x5d805d7,0x5da05d9,0x3f05db,0x4b004a,0x3f004c,0x345031d,0x3980397
.4byte 0x2e002e1,0x62b02e1,0x62d062c,0x62e02f8,0x630062f,0x6320631,0x33702e1,0x64f064e
.4byte 0x3f0650,0x6a0069,0x3f006b,0x5df05de,0x5d705e0,0x5d605e1,0x5e305e2,0x5e505e4
.4byte 0x8d008f,0x45b008e,0x45d045c,0x45e008b,0x8e008d,0x12b008f,0x12d012c,0x4012e
.4byte 0x180017,0x19,0x1a0000,0x1c001b,0x11c0004,0x11e011d,0x7e011f,0x810080
.4byte 0x4530452,0x810454,0x80007f,0x5d205d1,0x5d405d3,0x5d605d5,0x5d805d7,0x5da05d9
.4byte 0x3f05db,0x4b004a,0x3f004c,0x651031d,0x3740652,0x62b02e1,0x62d062c,0x62e02f8
.4byte 0x630062f,0x6320631,0x33702e1,0x65302e0,0x31d0654,0x3f0345,0x6a0069,0x3f006b
.4byte 0x5df05de,0x5d705e0,0x5d605e1,0x5e305e2,0x5e505e4,0x8d008f,0x45b008e,0x45d045c
.4byte 0x45e008b,0x8e008d,0x12b008f,0x12d012c,0x4012e,0x180017,0x19,0x1a0000
.4byte 0x1c001b,0xf80004,0xfa00f9,0x9800fb,0x9b009a,0x460045f,0x810461,0x80007f
.4byte 0x5d205d1,0x5d405d3,0x5d605d5,0x5d805d7,0x5da05d9,0x3f05db,0x4b004a,0x3f004c
.4byte 0x6560655,0x2e102e0,0x62c062b,0x2f8062d,0x62f062e,0x6310630,0x2e10632,0x6570337
.4byte 0x6590658,0x69003f,0x6b006a,0x5de003f,0x5e005df,0x5e105d7,0x5e205d6,0x5e405e3
.4byte 0x8f05e5,0x8e008d,0x462045b,0x4640463,0xa60465,0xa800a7,0x1190118,0x11b011a
.4byte 0x170004,0x190018,0x0,0x1b001a,0x4001c,0xf900f8,0xfb00fa,0x9a0098
.4byte 0x45f009b,0x4610460,0x7f0081,0x5d10080,0x5d305d2,0x5d505d4,0x5d705d6,0x5d905d8
.4byte 0x5db05da,0x4a003f,0x4c004b,0x31d003f,0x65a03a2,0x33703a4,0x2e102e0,0x62c062b
.4byte 0x2f8062d,0x62f062e,0x6310630,0x2e10632,0x30e0337,0x65c065b,0x69003f,0x6b006a
.4byte 0x5de003f,0x5e005df,0x5e105d7,0x5e205d6,0x5e405e3,0x8f05e5,0x8e008d,0x462045b
.4byte 0x4640463,0xa60465,0xa800a7,0x1190118,0x11b011a,0x170004,0x190018,0x0
.4byte 0x1b001a,0x4001c,0x11d011c,0x11f011e,0x80007e,0x4520081,0x4540453,0x7f0081
.4byte 0x5d10080,0x5d305d2,0x5d505d4,0x5d705d6,0x5d905d8,0x5db05da,0x4a003f,0x4c004b
.4byte 0x35c003f,0x35e035d,0x62b02e1,0x62d062c,0x62e02f8,0x630062f,0x6320631,0x65d02e1
.4byte 0x642065e,0x69003f,0x6b006a,0x5de003f,0x5e005df,0x5e105d7,0x5e205d6,0x5e405e3
.4byte 0x8f05e5,0x8e008d,0x45c045b,0x8b045d,0x8d045e,0x8f008e,0x12c012b,0x12e012d
.4byte 0x170004,0x190018,0x0,0x1b001a,0x4001c,0x11d011c,0x11f011e,0x80007e
.4byte 0x4520081,0x4540453,0x7f0081,0x5d10080,0x5d305d2,0x5d505d4,0x5d705d6,0x5d905d8
.4byte 0x5db05da,0x4a003f,0x4c004b,0x31d003f,0x3b1039c,0x2e103b2,0x2e102e0,0x62c062b
.4byte 0x2f8062d,0x62f062e,0x6310630,0x2e10632,0x6480337,0x64a0649,0x345031d,0x69003f
.4byte 0x6b006a,0x5de003f,0x5e005df,0x5e105d7,0x5e205d6,0x5e405e3,0x8f05e5,0x8e008d
.4byte 0x45c045b,0x8b045d,0x8d045e,0x8f008e,0x12c012b,0x12e012d,0x170004,0x190018
.4byte 0x0,0x1b001a,0x4001c,0xf900f8,0xfb00fa,0x9a0098,0x45f009b,0x4610460
.4byte 0x7f0081,0x5d10080,0x5d305d2,0x5d505d4,0x5d705d6,0x5d905d8,0x5db05da,0x4a003f
.4byte 0x4c004b,0x31d003f,0x3ba03b9,0x2e103bb,0x62c062b,0x2f8062d,0x62f062e,0x6310630
.4byte 0x2e10632,0x2e00337,0x660065f,0x3f0345,0x6a0069,0x3f006b,0x5df05de,0x5d705e0
.4byte 0x5d605e1,0x5e305e2,0x5e505e4,0x8d008f,0x45b008e,0x4630462,0x4650464,0xa700a6
.4byte 0x11800a8,0x11a0119,0x4011b,0x180017,0x19,0x1a0000,0x1c001b,0xf80004
.4byte 0xfa00f9,0x9800fb,0x9b009a,0x460045f,0x810461,0x80007f,0x5d205d1,0x5d405d3
.4byte 0x5d605d5,0x5d805d7,0x5da05d9,0x3f05db,0x4b004a,0x3f004c,0x3630362,0x2e102e0
.4byte 0x62c062b,0x2f8062d,0x62f062e,0x6310630,0x2e10632,0x6570337,0x6590661,0x69003f
.4byte 0x6b006a,0x5de003f,0x5e005df,0x5e105d7,0x5e205d6,0x5e405e3,0x8f05e5,0x8e008d
.4byte 0x462045b,0x4640463,0xa60465,0xa800a7,0x1190118,0x11b011a,0x170004,0x190018
.4byte 0x0,0x1b001a,0x4001c,0x11d011c,0x11f011e,0x80007e,0x4520081,0x4540453
.4byte 0x7f0081,0x5d10080,0x5d305d2,0x5d505d4,0x5d705d6,0x5d905d8,0x5db05da,0x4a003f
.4byte 0x4c004b,0x31d003f,0x66203a2,0x33703ff,0x2e102e0,0x62c062b,0x2f8062d,0x62f062e
.4byte 0x6310630,0x2e10632,0x6630337,0x6650664,0x69003f,0x6b006a,0x5de003f,0x5e005df
.4byte 0x5e105d7,0x5e205d6,0x5e405e3,0x8f05e5,0x8e008d,0x45c045b,0x8b045d,0x8d045e
.4byte 0x8f008e,0x12c012b,0x12e012d,0x170004,0x190018,0x0,0x1b001a,0x4001c
.4byte 0x11d011c,0x11f011e,0x80007e,0x4520081,0x4540453,0x7f0081,0x5d10080,0x5d305d2
.4byte 0x5d505d4,0x5d705d6,0x5d905d8,0x5db05da,0x4a003f,0x4c004b,0x39c003f,0x6670666
.4byte 0x6690668,0x2e102e0,0x62c062b,0x2f8062d,0x62f062e,0x6310630,0x2e10632,0x66a0321
.4byte 0x66c066b,0x31d066d,0x69003f,0x6b006a,0x5de003f,0x5e005df,0x5e105d7,0x5e205d6
.4byte 0x5e405e3,0x8f05e5,0x8e008d,0x45c045b,0x8b045d,0x8d045e,0x8f008e,0x12c012b
.4byte 0x12e012d,0x170004,0x190018,0x0,0x1b001a,0x4001c,0xf900f8,0xfb00fa
.4byte 0x9a0098,0x45f009b,0x4610460,0x7f0081,0x5d10080,0x5d305d2,0x5d505d4,0x5d705d6
.4byte 0x5d905d8,0x5db05da,0x4a003f,0x4c004b,0x31d003f,0x66f066e,0x2e00670,0x62b02e1
.4byte 0x62d062c,0x62e02f8,0x630062f,0x6320631,0x33702e1,0x6720671,0x680673,0x69003f
.4byte 0x6b006a,0x5de003f,0x5e005df,0x5e105d7,0x5e205d6,0x5e405e3,0x8f05e5,0x8e008d
.4byte 0x462045b,0x4640463,0xa60465,0xa800a7,0x1190118,0x11b011a,0x170004,0x190018
.4byte 0x0,0x1b001a,0x4001c,0xf900f8,0xfb00fa,0x9a0098,0x45f009b,0x4610460
.4byte 0x7f0081,0x5d10080,0x5d305d2,0x5d505d4,0x5d705d6,0x5d905d8,0x5db05da,0x4a003f
.4byte 0x4c004b,0x674003f,0x6760675,0x2e10353,0x62c062b,0x2f8062d,0x62f062e,0x6310630
.4byte 0x2e10632,0x2e00337,0x6780677,0x6790067,0x69003f,0x6b006a,0x5de003f,0x5e005df
.4byte 0x5e105d7,0x5e205d6,0x5e405e3,0x8f05e5,0x8e008d,0x462045b,0x4640463,0xa60465
.4byte 0xa800a7,0x1190118,0x11b011a,0x170004,0x190018,0x0,0x1b001a,0x4001c
.4byte 0x11d011c,0x11f011e,0x80007e,0x4520081,0x4540453,0x7f0081,0x5d10080,0x5d305d2
.4byte 0x5d505d4,0x5d705d6,0x5d905d8,0x5db05da,0x4a003f,0x4c004b,0x4d003f,0x67b067a
.4byte 0x35e0420,0x62b02e1,0x62d062c,0x62e02f8,0x630062f,0x6320631,0x64602e1,0x67c0647
.4byte 0x68067d,0x69003f,0x6b006a,0x5de003f,0x5e005df,0x5e105d7,0x5e205d6,0x5e405e3
.4byte 0x8f05e5,0x8e008d,0x45c045b,0x8b045d,0x8d045e,0x8f008e,0x12c012b,0x12e012d
.4byte 0x170004,0x190018,0x0,0x1b001a,0x4001c,0x11d011c,0x11f011e,0x80007e
.4byte 0x4520081,0x4540453,0x7f0081,0x5d10080,0x5d305d2,0x5d505d4,0x5d705d6,0x5d905d8
.4byte 0x5db05da,0x4a003f,0x4c004b,0x4d003f,0x67e067a,0x3980397,0x2e002e1,0x62b02e1
.4byte 0x62d062c,0x62e02f8,0x630062f,0x6320631,0x33702e1,0x64f064e,0x66067f,0x680067
.4byte 0x69003f,0x6b006a,0x5de003f,0x5e005df,0x5e105d7,0x5e205d6,0x5e405e3,0x8f05e5
.4byte 0x8e008d,0x45c045b,0x8b045d,0x8d045e,0x8f008e,0x12c012b,0x12e012d,0x170004
.4byte 0x190018,0x0,0x1b001a,0x4001c,0xf900f8,0xfb00fa,0x9a0098,0x45f009b
.4byte 0x4610460,0x7f0081,0x5d10080,0x5d305d2,0x5d505d4,0x5d705d6,0x5d905d8,0x5db05da
.4byte 0x4a003f,0x4c004b,0x4d003f,0x680004e,0x3e10351,0x33703e2,0x2e102e0,0x62c062b
.4byte 0x2f8062d,0x62f062e,0x6310630,0x2e10632,0x30e0337,0x6820681,0x67c0065,0x680067
.4byte 0x69003f,0x6b006a,0x5de003f,0x5e005df,0x5e105d7,0x5e205d6,0x5e405e3,0x8f05e5
.4byte 0x8e008d,0x462045b,0x4640463,0xa60465,0xa800a7,0x1190118,0x11b011a,0x170004
.4byte 0x190018,0x0,0x1b001a,0x4001c,0xf900f8,0xfb00fa,0x9a0098,0x45f009b
.4byte 0x4610460,0x7f0081,0x5d10080,0x5d305d2,0x5d505d4,0x5d705d6,0x5d905d8,0x5db05da
.4byte 0x4a003f,0x4c004b,0x4d003f,0x4f004e,0x3e8031d,0x3bf03e9,0x62b02e1,0x62d062c
.4byte 0x62e02f8,0x630062f,0x6320631,0x68302e1,0x3450684,0x660065,0x680067,0x69003f
.4byte 0x6b006a,0x5de003f,0x5e005df,0x5e105d7,0x5e205d6,0x5e405e3,0x8f05e5,0x8e008d
.4byte 0x462045b,0x4640463,0xa60465,0xa800a7,0x1190118,0x11b011a,0x170004,0x190018
.4byte 0x0,0x1b001a,0x4001c,0x11d011c,0x11f011e,0x80007e,0x4520081,0x4540453
.4byte 0x7f0081,0x5d10080,0x5d305d2,0x5d505d4,0x5d705d6,0x5d905d8,0x5db05da,0x4a003f
.4byte 0x4c004b,0x4d003f,0x4f004e,0x345031d,0x4120411,0x2e102e0,0x62c062b,0x2f8062d
.4byte 0x62f062e,0x6310630,0x2e10632,0x6850337,0x6870686,0x65003f,0x670066,0x3f0068
.4byte 0x6a0069,0x3f006b,0x5df05de,0x5d705e0,0x5d605e1,0x5e305e2,0x5e505e4,0x8d008f
.4byte 0x45b008e,0x45d045c,0x45e008b,0x8e008d,0x12b008f,0x12d012c,0x4012e,0x180017
.4byte 0x19,0x1a0000,0x1c001b,0x11c0004,0x11e011d,0x7e011f,0x810080,0x4530452
.4byte 0x810454,0x80007f,0x5d205d1,0x5d405d3,0x5d605d5,0x5d805d7,0x5da05d9,0x3f05db
.4byte 0x4b004a,0x3f004c,0x4e004d,0x3f004f,0x36c031d,0x3830382,0x2e00337,0x62b02e1
.4byte 0x62d062c,0x62e02f8,0x630062f,0x6320631,0x33702e1,0x6880663,0x31d0645,0x650345
.4byte 0x670066,0x3f0068,0x6a0069,0x3f006b,0x5df05de,0x5d705e0,0x5d605e1,0x5e305e2
.4byte 0x5e505e4,0x8d008f,0x45b008e,0x45d045c,0x45e008b,0x8e008d,0x12b008f,0x12d012c
.4byte 0x4012e,0x180017,0x19,0x1a0000,0x1c001b,0xf80004,0xfa00f9,0x9800fb
.4byte 0x9b009a,0x460045f,0x810461,0x80007f,0x5d205d1,0x5d405d3,0x5d605d5,0x5d805d7
.4byte 0x5da05d9,0x3f05db,0x4b004a,0x3f004c,0x4e004d,0x3f004f,0x3b9031d,0x3bb03ba
.4byte 0x62b02e1,0x62d062c,0x62e02f8,0x630062f,0x6320631,0x33702e1,0x65f02e0,0x3450660
.4byte 0x65003f,0x670066,0x3f0068,0x6a0069,0x3f006b,0x5df05de,0x5d705e0,0x5d605e1
.4byte 0x5e305e2,0x5e505e4,0x8d008f,0x45b008e,0x4630462,0x4650464,0xa700a6,0x11800a8
.4byte 0x11a0119,0x4011b,0x180017,0x19,0x1a0000,0x1c001b,0xf80004,0xfa00f9
.4byte 0x9800fb,0x9b009a,0x460045f,0x810461,0x80007f,0x5d205d1,0x5d405d3,0x5d605d5
.4byte 0x5d805d7,0x5da05d9,0x3f05db,0x4b004a,0x3f004c,0x4e004d,0x3f004f,0x40c040b
.4byte 0x2e102e0,0x62c062b,0x2f8062d,0x62f062e,0x6310630,0x2e10632,0x6890337,0x642068a
.4byte 0x65003f,0x670066,0x3f0068,0x6a0069,0x3f006b,0x5df05de,0x5d705e0,0x5d605e1
.4byte 0x5e305e2,0x5e505e4,0x8d008f,0x45b008e,0x4630462,0x4650464,0xa700a6,0x11800a8
.4byte 0x11a0119,0x4011b,0x180017,0x19,0x1a0000,0x1c001b,0x11c0004,0x11e011d
.4byte 0x7e011f,0x810080,0x4530452,0x810454,0x80007f,0x5d205d1,0x5d405d3,0x5d605d5
.4byte 0x5d805d7,0x5da05d9,0x3f05db,0x4b004a,0x3f004c,0x4e004d,0x3f004f,0x345031d
.4byte 0x3980397,0x2e002e1,0x62b02e1,0x62d062c,0x62e02f8,0x630062f,0x6320631,0x33702e1
.4byte 0x64f064e,0x3f0650,0x660065,0x680067,0x69003f,0x6b006a,0x5de003f,0x5e005df
.4byte 0x5e105d7,0x5e205d6,0x5e405e3,0x8f05e5,0x8e008d,0x45c045b,0x8b045d,0x8d045e
.4byte 0x8f008e,0x12c012b,0x12e012d,0x170004,0x190018,0x0,0x1b001a,0x4001c
.4byte 0x11d011c,0x11f011e,0x80007e,0x4520081,0x4540453,0x7f0081,0x5d10080,0x5d305d2
.4byte 0x5d505d4,0x5d705d6,0x5d905d8,0x5db05da,0x4a003f,0x4c004b,0x4d003f,0x4f004e
.4byte 0x31d003f,0x66203a2,0x33703ff,0x2e102e0,0x62c062b,0x2f8062d,0x62f062e,0x6310630
.4byte 0x2e10632,0x6630337,0x6650664,0x65003f,0x670066,0x3f0068,0x6a0069,0x3f006b
.4byte 0x5df05de,0x5d705e0,0x5d605e1,0x5e305e2,0x5e505e4,0x8d008f,0x45b008e,0x45d045c
.4byte 0x45e008b,0x8e008d,0x12b008f,0x12d012c,0x4012e,0x180017,0x19,0x1a0000
.4byte 0x1c001b,0xf80004,0xfa00f9,0x9800fb,0x9b009a,0x460045f,0x810461,0x80007f
.4byte 0x5d205d1,0x5d405d3,0x5d605d5,0x5d805d7,0x5da05d9,0x3f05db,0x4b004a,0x3f004c
.4byte 0x4e004d,0x3f004f,0x3b9031d,0x68c068b,0x62b02e1,0x62d062c,0x62e02f8,0x630062f
.4byte 0x6320631,0x33702e1,0x68d02e0,0x345068e,0x65003f,0x670066,0x3f0068,0x6a0069
.4byte 0x3f006b,0x5df05de,0x5d705e0,0x5d605e1,0x5e305e2,0x5e505e4,0x8d008f,0x45b008e
.4byte 0x4630462,0x4650464,0xa700a6,0x11800a8,0x11a0119,0x4011b,0x180017,0x19
.4byte 0x1a0000,0x1c001b,0xf80004,0xfa00f9,0x9800fb,0x9b009a,0x460045f,0x810461
.4byte 0x80007f,0x5d205d1,0x5d405d3,0x5d605d5,0x5d805d7,0x5da05d9,0x3f05db,0x4b004a
.4byte 0x3f004c,0x4e004d,0x3f004f,0x406031d,0x35e0407,0x62b02e1,0x62d062c,0x62e02f8
.4byte 0x630062f,0x6320631,0x68f02e1,0x3450647,0x65003f,0x670066,0x3f0068,0x6a0069
.4byte 0x3f006b,0x5df05de,0x5d705e0,0x5d605e1,0x5e305e2,0x5e505e4,0x8d008f,0x45b008e
.4byte 0x4630462,0x4650464,0xa700a6,0x11800a8,0x11a0119,0x4011b,0x180017,0x19
.4byte 0x1a0000,0x1c001b,0x11c0004,0x11e011d,0x7e011f,0x810080,0x4530452,0x810454
.4byte 0x80007f,0x5d205d1,0x5d405d3,0x5d605d5,0x5d805d7,0x5da05d9,0x3f05db,0x4b004a
.4byte 0x3f004c,0x4e004d,0x3f004f,0x3630362,0x2e102e0,0x62c062b,0x2f8062d,0x62f062e
.4byte 0x6310630,0x2e10632,0x6570337,0x6590661,0x65003f,0x670066,0x3f0068,0x6a0069
.4byte 0x3f006b,0x5df05de,0x5d705e0,0x5d605e1,0x5e305e2,0x5e505e4,0x8d008f,0x45b008e
.4byte 0x45d045c,0x45e008b,0x8e008d,0x12b008f,0x12d012c,0x4012e,0x180017,0x19
.4byte 0x1a0000,0x1c001b,0x11c0004,0x11e011d,0x7e011f,0x810080,0x4530452,0x810454
.4byte 0x80007f,0x5d205d1,0x5d405d3,0x5d605d5,0x5d805d7,0x5da05d9,0x3f05db,0x4b004a
.4byte 0x3f004c,0x4e004d,0x3f004f,0x345031d,0x3680367,0x2e002e1,0x62b02e1,0x62d062c
.4byte 0x62e02f8,0x630062f,0x6320631,0x33702e1,0x6900648,0x3f0691,0x660065,0x680067
.4byte 0x69003f,0x6b006a,0x5de003f,0x5e005df,0x5e105d7,0x5e205d6,0x5e405e3,0x8f05e5
.4byte 0x8e008d,0x45c045b,0x8b045d,0x8d045e,0x8f008e,0x12c012b,0x12e012d,0x170004
.4byte 0x190018,0x0,0x1b001a,0x4001c,0xf900f8,0xfb00fa,0x9a0098,0x45f009b
.4byte 0x4610460,0x7f0081,0x5d10080,0x5d305d2,0x5d505d4,0x5d705d6,0x5d905d8,0x5db05da
.4byte 0x4a003f,0x4c004b,0x4d003f,0x4f004e,0x31d003f,0x417036c,0x337036e,0x2e102e0
.4byte 0x62c062b,0x2f8062d,0x62f062e,0x6310630,0x2e10632,0x30e0337,0x6930692,0x345031d
.4byte 0x65003f,0x670066,0x3f0068,0x6a0069,0x3f006b,0x5df05de,0x5d705e0,0x5d605e1
.4byte 0x5e305e2,0x5e505e4,0x8d008f,0x45b008e,0x4630462,0x4650464,0xa700a6,0x11800a8
.4byte 0x11a0119,0x4011b,0x180017,0x19,0x1a0000,0x1c001b,0xf80004,0xfa00f9
.4byte 0x9800fb,0x9b009a,0x460045f,0x810461,0x80007f,0x5d205d1,0x5d405d3,0x5d605d5
.4byte 0x5d805d7,0x5da05d9,0x3f05db,0x4b004a,0x3f004c,0x4e004d,0x3f004f,0x3b6031d
.4byte 0x3880694,0x62b02e1,0x62d062c,0x62e02f8,0x630062f,0x6320631,0x33702e1,0x69502e0
.4byte 0x3f0696,0x3f0345,0x660065,0x680067,0x69003f,0x6b006a,0x5de003f,0x5e005df
.4byte 0x5e105d7,0x5e205d6,0x5e405e3,0x8f05e5,0x8e008d,0x462045b,0x4640463,0xa60465
.4byte 0xa800a7,0x1190118,0x11b011a,0x170004,0x190018,0x0,0x1b001a,0x4001c
.4byte 0x11d011c,0x11f011e,0x80007e,0x4520081,0x4540453,0x7f0081,0x5d10080,0x5d305d2
.4byte 0x5d505d4,0x5d705d6,0x5d905d8,0x5db05da,0x4a003f,0x4c004b,0x4d003f,0x4f004e
.4byte 0x31d003f,0x3ba03b9,0x2e103bb,0x62c062b,0x2f8062d,0x62f062e,0x6310630,0x2e10632
.4byte 0x2e00337,0x660065f,0x3f0345,0x660065,0x680067,0x69003f,0x6b006a,0x5de003f
.4byte 0x5e005df,0x5e105d7,0x5e205d6,0x5e405e3,0x8f05e5,0x8e008d,0x45c045b,0x8b045d
.4byte 0x8d045e,0x8f008e,0x12c012b,0x12e012d,0x170004,0x190018,0x0,0x1b001a
.4byte 0x4001c,0x11d011c,0x11f011e,0x80007e,0x4520081,0x4540453,0x7f0081,0x5d10080
.4byte 0x5d305d2,0x5d505d4,0x5d705d6,0x5d905d8,0x5db05da,0x4a003f,0x4c004b,0x4d003f
.4byte 0x4f004e,0x31d003f,0x3be033a,0x2e103bf,0x62c062b,0x2f8062d,0x62f062e,0x6310630
.4byte 0x2e10632,0x6980697,0x3f0345,0x660065,0x680067,0x69003f,0x6b006a,0x5de003f
.4byte 0x5e005df,0x5e105d7,0x5e205d6,0x5e405e3,0x8f05e5,0x8e008d,0x45c045b,0x8b045d
.4byte 0x8d045e,0x8f008e,0x12c012b,0x12e012d,0x170004,0x190018,0x0,0x1b001a
.4byte 0x4001c,0xf900f8,0xfb00fa,0x9a0098,0x45f009b,0x4610460,0x7f0081,0x5d10080
.4byte 0x5d305d2,0x5d505d4,0x5d705d6,0x5d905d8,0x5db05da,0x4a003f,0x4c004b,0x4d003f
.4byte 0x4f004e,0x35c003f,0x35e035d,0x62b02e1,0x62d062c,0x62e02f8,0x630062f,0x6320631
.4byte 0x65d02e1,0x642065e,0x65003f,0x670066,0x3f0068,0x6a0069,0x3f006b,0x5df05de
.4byte 0x5d705e0,0x5d605e1,0x5e305e2,0x5e505e4,0x8d008f,0x45b008e,0x4630462,0x4650464
.4byte 0xa700a6,0x11800a8,0x11a0119,0x4011b,0x180017,0x19,0x1a0000,0x1c001b
.4byte 0xf80004,0xfa00f9,0x9800fb,0x9b009a,0x460045f,0x810461,0x80007f,0x5d205d1
.4byte 0x5d405d3,0x5d605d5,0x5d805d7,0x5da05d9,0x3f05db,0x4b004a,0x3f004c,0x4e004d
.4byte 0x3f004f,0x3410699,0x2e102e0,0x62c062b,0x2f8062d,0x62f062e,0x6310630,0x2e10632
.4byte 0x69a0337,0x69c069b,0x65003f,0x670066,0x3f0068,0x6a0069,0x3f006b,0x5df05de
.4byte 0x5d705e0,0x5d605e1,0x5e305e2,0x5e505e4,0x8d008f,0x45b008e,0x4630462,0x4650464
.4byte 0xa700a6,0x11800a8,0x11a0119,0x4011b,0x180017,0x19,0x1a0000,0x1c001b
.4byte 0x11c0004,0x11e011d,0x7e011f,0x810080,0x4530452,0x810454,0x80007f,0x5d205d1
.4byte 0x5d405d3,0x5d605d5,0x5d805d7,0x5da05d9,0x3f05db,0x4b004a,0x3f004c,0x4e004d
.4byte 0x3f004f,0x3930392,0x2e102e0,0x62c062b,0x2f8062d,0x62f062e,0x6310630,0x2e10632
.4byte 0x69a0337,0x69e069d,0x65003f,0x670066,0x3f0068,0x6a0069,0x3f006b,0x5df05de
.4byte 0x5d705e0,0x5d605e1,0x5e305e2,0x5e505e4,0x8d008f,0x45b008e,0x45d045c,0x45e008b
.4byte 0x8e008d,0x12b008f,0x12d012c,0x4012e,0x180017,0x19,0x1a0000,0x1c001b
.4byte 0x11c0004,0x11e011d,0x7e011f,0x810080,0x4530452,0x810454,0x80007f,0x5d205d1
.4byte 0x5d405d3,0x5d605d5,0x5d805d7,0x5da05d9,0x3f05db,0x4b004a,0x3f004c,0x4e004d
.4byte 0x3f004f,0x34b031d,0x6a0069f,0x32906a1,0x2e1030e,0x62c062b,0x2f8062d,0x62f062e
.4byte 0x6310630,0x2e10632,0x66902e0,0x6a306a2,0x6a506a4,0x3f031d,0x660065,0x680067
.4byte 0x69003f,0x6b006a,0x5de003f,0x5e005df,0x5e105d7,0x5e205d6,0x5e405e3,0x8f05e5
.4byte 0x8e008d,0x45c045b,0x8b045d,0x8d045e,0x8f008e,0x12c012b,0x12e012d,0x170004
.4byte 0x190018,0x0,0x1b001a,0x4001c,0xf900f8,0xfb00fa,0x9a0098,0x45f009b
.4byte 0x4610460,0x7f0081,0x5d10080,0x5d305d2,0x5d505d4,0x5d705d6,0x5d905d8,0x5db05da
.4byte 0x4a003f,0x4c004b,0x4d003f,0x4f004e,0x50003f,0x6a706a6,0x30e0669,0x62b02e1
.4byte 0x62d062c,0x62e02f8,0x630062f,0x6320631,0x33102e1,0x6a906a8,0x6406aa,0x65003f
.4byte 0x670066,0x3f0068,0x6a0069,0x3f006b,0x5df05de,0x5d705e0,0x5d605e1,0x5e305e2
.4byte 0x5e505e4,0x8d008f,0x45b008e,0x4630462,0x4650464,0xa700a6,0x11800a8,0x11a0119
.4byte 0x4011b,0x180017,0x19,0x1a0000,0x1c001b,0x6ab0004,0x2e006ac,0x62b02e1
.4byte 0x62d062c,0x62e02f8,0x630062f,0x6320631,0x33702e1,0x6ae06ad,0x406af,0x180017
.4byte 0x19,0x1a0000,0x1c001b,0x6b00004,0x62a0629,0x62b02e1,0x62d062c,0x62e02f8
.4byte 0x630062f,0x6320631,0x33702e1,0x6b10633,0x40635,0x180017,0x19,0x7a0000
.4byte 0x7c007b,0x7e007d,0x80007f,0x820081,0x830041,0x43003f,0x450044,0x46003f
.4byte 0x480047,0x3f0049,0x4b004a,0x3f004c,0x4e004d,0x3f004f,0x510050,0x3f0052
.4byte 0x35d035c,0x2e1035e,0x62c062b,0x2f8062d,0x62f062e,0x6310630,0x2e10632,0x65e065d
.4byte 0x610642,0x630062,0x3f0064,0x660065,0x680067,0x69003f,0x6b006a,0x6c003f
.4byte 0x6e006d,0x6f003f,0x710070,0x89003f,0x8b008a,0x8d008c,0x8f008e,0x910090
.4byte 0x930092,0x0,0x950094,0x970096,0x990098,0x9b009a,0x41009c,0x3f009d
.4byte 0x440043,0x3f0045,0x470046,0x490048,0x4a003f,0x4c004b,0x4d003f,0x4f004e
.4byte 0x50003f,0x520051,0x31d003f,0x3be033a,0x2e1033c,0x62c062b,0x2f8062d,0x62f062e
.4byte 0x6310630,0x2e10632,0x6b306b2,0x3f0345,0x620061,0x640063,0x65003f,0x670066
.4byte 0x3f0068,0x6a0069,0x3f006b,0x6d006c,0x3f006e,0x70006f,0x3f0071,0xa300a2
.4byte 0xa500a4,0xa700a6,0xa900a8,0xab00aa,0xac,0x940000,0x960095,0x980097
.4byte 0x9a0099,0x9c009b,0x9d0041,0x43003f,0x450044,0x46003f,0x480047,0x3f0049
.4byte 0x4b004a,0x3f004c,0x4e004d,0x3f004f,0x510050,0x3f0052,0x651031d,0x68c06b4
.4byte 0x62b02e1,0x62d062c,0x62e02f8,0x630062f,0x6320631,0x33702e1,0x6b502e0,0x3f06b6
.4byte 0x3f0345,0x620061,0x640063,0x65003f,0x670066,0x3f0068,0x6a0069,0x3f006b
.4byte 0x6d006c,0x3f006e,0x70006f,0x3f0071,0xa300a2,0xa500a4,0xa700a6,0xa900a8
.4byte 0xab00aa,0xac,0x7a0000,0x7c007b,0x7e007d,0x80007f,0x820081,0x830041
.4byte 0x43003f,0x450044,0x46003f,0x480047,0x3f0049,0x4b004a,0x3f004c,0x4e004d
.4byte 0x3f004f,0x510050,0x3f0052,0x3a2031d,0x3ff06b7,0x2e00337,0x62b02e1,0x62d062c
.4byte 0x62e02f8,0x630062f,0x6320631,0x33702e1,0x6b80663,0x3f0665,0x620061,0x640063
.4byte 0x65003f,0x670066,0x3f0068,0x6a0069,0x3f006b,0x6d006c,0x3f006e,0x70006f
.4byte 0x3f0071,0x8a0089,0x8c008b,0x8e008d,0x90008f,0x920091,0x93,0x7a0000
.4byte 0x7c007b,0x7e007d,0x80007f,0x820081,0x830041,0x43003f,0x450044,0x46003f
.4byte 0x480047,0x3f0049,0x4b004a,0x3f004c,0x4e004d,0x3f004f,0x510050,0x3f0052
.4byte 0x345031d,0x6b903fb,0x2e002e1,0x62b02e1,0x62d062c,0x62e02f8,0x630062f,0x6320631
.4byte 0x33702e1,0x6ba064e,0x3f0691,0x620061,0x640063,0x65003f,0x670066,0x3f0068
.4byte 0x6a0069,0x3f006b,0x6d006c,0x3f006e,0x70006f,0x3f0071,0x8a0089,0x8c008b
.4byte 0x8e008d,0x90008f,0x920091,0x93,0x940000,0x960095,0x980097,0x9a0099
.4byte 0x9c009b,0x9d0041,0x43003f,0x450044,0x46003f,0x480047,0x3f0049,0x4b004a
.4byte 0x3f004c,0x4e004d,0x3f004f,0x510050,0x3f0052,0x3410699,0x2e102e0,0x62c062b
.4byte 0x2f8062d,0x62f062e,0x6310630,0x2e10632,0x69a0337,0x69c069b,0x61003f,0x630062
.4byte 0x3f0064,0x660065,0x680067,0x69003f,0x6b006a,0x6c003f,0x6e006d,0x6f003f
.4byte 0x710070,0xa2003f,0xa400a3,0xa600a5,0xa800a7,0xaa00a9,0xac00ab,0x0
.4byte 0x950094,0x970096,0x990098,0x9b009a,0x41009c,0x3f009d,0x440043,0x3f0045
.4byte 0x470046,0x490048,0x4a003f,0x4c004b,0x4d003f,0x4f004e,0x50003f,0x520051
.4byte 0x31d003f,0x6bb03b9,0x2e1068c,0x62c062b,0x2f8062d,0x62f062e,0x6310630,0x2e10632
.4byte 0x2e00337,0x6b606b5,0x3f0345,0x620061,0x640063,0x65003f,0x670066,0x3f0068
.4byte 0x6a0069,0x3f006b,0x6d006c,0x3f006e,0x70006f,0x3f0071,0xa300a2,0xa500a4
.4byte 0xa700a6,0xa900a8,0xab00aa,0xac,0x7a0000,0x7c007b,0x7e007d,0x80007f
.4byte 0x820081,0x830041,0x43003f,0x450044,0x46003f,0x480047,0x3f0049,0x4b004a
.4byte 0x3f004c,0x4e004d,0x3f004f,0x510050,0x3f0052,0x345031d,0x3d903d8,0x2e002e1
.4byte 0x62b02e1,0x62d062c,0x62e02f8,0x630062f,0x6320631,0x33702e1,0x6bc0648,0x3f06bd
.4byte 0x620061,0x640063,0x65003f,0x670066,0x3f0068,0x6a0069,0x3f006b,0x6d006c
.4byte 0x3f006e,0x70006f,0x3f0071,0x8a0089,0x8c008b,0x8e008d,0x90008f,0x920091
.4byte 0x93,0x7a0000,0x7c007b,0x7e007d,0x80007f,0x820081,0x830041,0x43003f
.4byte 0x450044,0x46003f,0x480047,0x3f0049,0x4b004a,0x3f004c,0x4e004d,0x3f004f
.4byte 0x510050,0x3f0052,0x406031d,0x35e0420,0x62b02e1,0x62d062c,0x62e02f8,0x630062f
.4byte 0x6320631,0x64602e1,0x3450647,0x61003f,0x630062,0x3f0064,0x660065,0x680067
.4byte 0x69003f,0x6b006a,0x6c003f,0x6e006d,0x6f003f,0x710070,0x89003f,0x8b008a
.4byte 0x8d008c,0x8f008e,0x910090,0x930092,0x0,0x950094,0x970096,0x990098
.4byte 0x9b009a,0x41009c,0x3f009d,0x440043,0x3f0045,0x470046,0x490048,0x4a003f
.4byte 0x4c004b,0x4d003f,0x4f004e,0x50003f,0x520051,0x31d003f,0x34c034b,0x2e1034d
.4byte 0x62c062b,0x2f8062d,0x62f062e,0x6310630,0x2e10632,0x6430337,0x6bf06be,0x345031d
.4byte 0x61003f,0x630062,0x3f0064,0x660065,0x680067,0x69003f,0x6b006a,0x6c003f
.4byte 0x6e006d,0x6f003f,0x710070,0xa2003f,0xa400a3,0xa600a5,0xa800a7,0xaa00a9
.4byte 0xac00ab,0x0,0x950094,0x970096,0x990098,0x9b009a,0x41009c,0x3f009d
.4byte 0x440043,0x3f0045,0x470046,0x490048,0x4a003f,0x4c004b,0x4d003f,0x4f004e
.4byte 0x50003f,0x520051,0x31d003f,0x33b033a,0x2e1033c,0x62c062b,0x2f8062d,0x62f062e
.4byte 0x6310630,0x2e10632,0x6b306c0,0x3f0345,0x620061,0x640063,0x65003f,0x670066
.4byte 0x3f0068,0x6a0069,0x3f006b,0x6d006c,0x3f006e,0x70006f,0x3f0071,0xa300a2
.4byte 0xa500a4,0xa700a6,0xa900a8,0xab00aa,0xac,0x7a0000,0x7c007b,0x7e007d
.4byte 0x80007f,0x820081,0x830041,0x43003f,0x450044,0x46003f,0x480047,0x3f0049
.4byte 0x4b004a,0x3f004c,0x4e004d,0x3f004f,0x510050,0x3f0052,0x345031d,0x41206c1
.4byte 0x2e102e0,0x62c062b,0x2f8062d,0x62f062e,0x6310630,0x2e10632,0x6850337,0x6c20686
.4byte 0x61003f,0x630062,0x3f0064,0x660065,0x680067,0x69003f,0x6b006a,0x6c003f
.4byte 0x6e006d,0x6f003f,0x710070,0x89003f,0x8b008a,0x8d008c,0x8f008e,0x910090
.4byte 0x930092,0x0,0x7b007a,0x7d007c,0x7f007e,0x810080,0x410082,0x3f0083
.4byte 0x440043,0x3f0045,0x470046,0x490048,0x4a003f,0x4c004b,0x4d003f,0x4f004e
.4byte 0x50003f,0x520051,0x6c3003f,0x6c506c4,0x2e1039e,0x62c062b,0x2f8062d,0x62f062e
.4byte 0x6310630,0x2e10632,0x6430337,0x6c706c6,0x34506c8,0x61003f,0x630062,0x3f0064
.4byte 0x660065,0x680067,0x69003f,0x6b006a,0x6c003f,0x6e006d,0x6f003f,0x710070
.4byte 0x89003f,0x8b008a,0x8d008c,0x8f008e,0x910090,0x930092,0x0,0x950094
.4byte 0x970096,0x990098,0x9b009a,0x41009c,0x3f009d,0x440043,0x3f0045,0x470046
.4byte 0x490048,0x4a003f,0x4c004b,0x4d003f,0x4f004e,0x50003f,0x520051,0x53003f
.4byte 0x550054,0x36d06c9,0x33703ff,0x2e102e0,0x62c062b,0x2f8062d,0x62f062e,0x6310630
.4byte 0x2e10632,0x30e0337,0x6cb06ca,0x5f06cc,0x3f0060,0x620061,0x640063,0x65003f
.4byte 0x670066,0x3f0068,0x6a0069,0x3f006b,0x6d006c,0x3f006e,0x70006f,0x3f0071
.4byte 0xa300a2,0xa500a4,0xa700a6,0xa900a8,0xab00aa,0xac,0x940000,0x960095
.4byte 0x980097,0x9a0099,0x9c009b,0x9d0041,0x43003f,0x450044,0x46003f,0x480047
.4byte 0x3f0049,0x4b004a,0x3f004c,0x4e004d,0x3f004f,0x510050,0x3f0052,0x540053
.4byte 0x560055,0x6cd031d,0x6cf06ce,0x2e102e0,0x62c062b,0x2f8062d,0x62f062e,0x6310630
.4byte 0x2e10632,0x6d00643,0x31d06bf,0x5e0345,0x60005f,0x61003f,0x630062,0x3f0064
.4byte 0x660065,0x680067,0x69003f,0x6b006a,0x6c003f,0x6e006d,0x6f003f,0x710070
.4byte 0xa2003f,0xa400a3,0xa600a5,0xa800a7,0xaa00a9,0xac00ab,0x0,0x7b007a
.4byte 0x7d007c,0x7f007e,0x810080,0x410082,0x3f0083,0x440043,0x3f0045,0x470046
.4byte 0x490048,0x4a003f,0x4c004b,0x4d003f,0x4f004e,0x50003f,0x520051,0x53003f
.4byte 0x550054,0x3f0056,0x41206d1,0x2e102e0,0x62c062b,0x2f8062d,0x62f062e,0x6310630
.4byte 0x2e10632,0x6850337,0x65906d2,0x5e003f,0x60005f,0x61003f,0x630062,0x3f0064
.4byte 0x660065,0x680067,0x69003f,0x6b006a,0x6c003f,0x6e006d,0x6f003f,0x710070
.4byte 0x89003f,0x8b008a,0x8d008c,0x8f008e,0x910090,0x930092,0x0,0x7b007a
.4byte 0x7d007c,0x7f007e,0x810080,0x410082,0x3f0083,0x440043,0x3f0045,0x470046
.4byte 0x490048,0x4a003f,0x4c004b,0x4d003f,0x4f004e,0x50003f,0x520051,0x53003f
.4byte 0x550054,0x3f0056,0x3b6031d,0x38806d3,0x62b02e1,0x62d062c,0x62e02f8,0x630062f
.4byte 0x6320631,0x33702e1,0x6d402e0,0x3f0696,0x3f0345,0x5f005e,0x3f0060,0x620061
.4byte 0x640063,0x65003f,0x670066,0x3f0068,0x6a0069,0x3f006b,0x6d006c,0x3f006e
.4byte 0x70006f,0x3f0071,0x8a0089,0x8c008b,0x8e008d,0x90008f,0x920091,0x93
.4byte 0x940000,0x960095,0x980097,0x9a0099,0x9c009b,0x9d0041,0x43003f,0x450044
.4byte 0x46003f,0x480047,0x3f0049,0x4b004a,0x3f004c,0x4e004d,0x3f004f,0x510050
.4byte 0x3f0052,0x540053,0x560055,0x31d003f,0x3730372,0x2e10374,0x62c062b,0x2f8062d
.4byte 0x62f062e,0x6310630,0x2e10632,0x2e00337,0x6d606d5,0x345003f,0x5e003f,0x60005f
.4byte 0x61003f,0x630062,0x3f0064,0x660065,0x680067,0x69003f,0x6b006a,0x6c003f
.4byte 0x6e006d,0x6f003f,0x710070,0xa2003f,0xa400a3,0xa600a5,0xa800a7,0xaa00a9
.4byte 0xac00ab,0x0,0x950094,0x970096,0x990098,0x9b009a,0x41009c,0x3f009d
.4byte 0x440043,0x3f0045,0x470046,0x490048,0x4a003f,0x4c004b,0x4d003f,0x4f004e
.4byte 0x50003f,0x520051,0x53003f,0x550054,0x3f0056,0x6d70699,0x6d802e0,0x62d062c
.4byte 0x62e02f8,0x630062f,0x6d902e1,0x69c069b,0x5e003f,0x60005f,0x61003f,0x630062
.4byte 0x3f0064,0x660065,0x680067,0x69003f,0x6b006a,0x6c003f,0x6e006d,0x6f003f
.4byte 0x710070,0xa2003f,0xa400a3,0xa600a5,0xa800a7,0xaa00a9,0xac00ab,0x0
.4byte 0x7b007a,0x7d007c,0x7f007e,0x810080,0x410082,0x3f0083,0x440043,0x3f0045
.4byte 0x470046,0x490048,0x4a003f,0x4c004b,0x4d003f,0x4f004e,0x50003f,0x520051
.4byte 0x53003f,0x550054,0x3f0056,0x580057,0x6db06da,0x6dd06dc,0x6de02f8,0x6e006df
.4byte 0x6e206e1,0x5d06e3,0x5e003f,0x60005f,0x61003f,0x630062,0x3f0064,0x660065
.4byte 0x680067,0x69003f,0x6b006a,0x6c003f,0x6e006d,0x6f003f,0x710070,0x89003f
.4byte 0x8b008a,0x8d008c,0x8f008e,0x910090,0x930092,0x0,0x1b001a,0x4001c
.4byte 0x1d0005,0x7,0x1e000e,0x4001f,0x210020,0x22,0x240023,0x4001c
.4byte 0x260025,0x27,0x290028,0x4002a,0x2c002b,0x2d,0x30a0000,0x1b001af
.4byte 0x80007e,0x1200081,0x1220121,0x99009b,0x9b009a,0x2750274,0x3f0276,0x42f01ca
.4byte 0x430,0x4320431,0x4340433,0x6e40000,0x6e606e5,0x6e70000,0x6e906e8,0x6ea0000
.4byte 0x6ec06eb,0x4350000,0x4370436,0x39,0x438000e,0x43a0439,0x3c90000,0x3cb03ca
.4byte 0x43b0000,0x43d043c,0x43e0000,0x440043f,0x4410000,0x4430442,0x1b70000,0x1d70444
.4byte 0x279003f,0x27b027a,0xa6027c,0x11400a7,0x1280127,0x12a0129,0x8e008d,0x90008f
.4byte 0x920091,0x93,0x1ae0000,0x3140313,0x9a0098,0xfc009b,0xfe00fd,0x99009b
.4byte 0x9b009a,0x2750274,0x3f0276,0x42f01ca,0x430,0x4320431,0x4340433,0x6e40000
.4byte 0x6e606e5,0x6e70000,0x6e906e8,0x6ea0000,0x6ec06eb,0x4350000,0x4370436,0x39
.4byte 0x438000e,0x43a0439,0x3c90000,0x3cb03ca,0x43b0000,0x43d043c,0x43e0000,0x440043f
.4byte 0x4410000,0x4430442,0x1b70000,0x1d70444,0x279003f,0x27b027a,0xa6027c,0x11400a7
.4byte 0x1160115,0x11700a4,0xa700a6,0xa900a8,0xab00aa,0xac,0x1ae0000,0x3140313
.4byte 0x9a0098,0xfc009b,0xfe00fd,0x99009b,0x9b009a,0x2750274,0x3f0276,0x1c501b1
.4byte 0x1c6,0x4320431,0x4340433,0x6e40000,0x6e606e5,0x6e70000,0x6e906e8,0x6ea0000
.4byte 0x6ec06eb,0x4350000,0x4370436,0x39,0x438000e,0x43a0439,0x3c90000,0x3cb03ca
.4byte 0x43b0000,0x43d043c,0x43e0000,0x440043f,0x4410000,0x4430442,0x1c70000,0x3f01b9
.4byte 0x27a0279,0x27c027b,0xa700a6,0x1150114,0xa40116,0xa60117,0xa800a7,0xaa00a9
.4byte 0xac00ab,0x0,0x1af030a,0x7e01b0,0x810080,0x1210120,0x9b0122,0x9a0099
.4byte 0x274009b,0x2760275,0x1b1003f,0x1c601c5,0x4310000,0x4330432,0x434,0x6e506e4
.4byte 0x6e6,0x6e806e7,0x6e9,0x6eb06ea,0x6ec,0x4360435,0x390437,0xe0000
.4byte 0x4390438,0x43a,0x3ca03c9,0x3cb,0x43c043b,0x43d,0x43f043e,0x440
.4byte 0x4420441,0x443,0x1b901c7,0x279003f,0x27b027a,0xa6027c,0x11400a7,0x1280127
.4byte 0x12a0129,0x8e008d,0x90008f,0x920091,0x93,0x30a0000,0x1b001af,0x80007e
.4byte 0x1200081,0x1220121,0x99009b,0x9b009a,0x2750274,0x3f0276,0x4450259,0x24f
.4byte 0x4320431,0x4340433,0x6e40000,0x6e606e5,0x6e70000,0x6e906e8,0x6ea0000,0x6ec06eb
.4byte 0x4350000,0x4370436,0x39,0x438000e,0x43a0439,0x3c90000,0x3cb03ca,0x43b0000
.4byte 0x43d043c,0x43e0000,0x440043f,0x4410000,0x4430442,0x4460000,0x3f0447,0x27a0279
.4byte 0x27c027b,0xa700a6,0x1270114,0x1290128,0x8d012a,0x8f008e,0x910090,0x930092
.4byte 0x0,0x31301ae,0x980314,0x9b009a,0xfd00fc,0x9b00fe,0x9a0099,0x274009b
.4byte 0x2760275,0x259003f,0x24f0445,0x4310000,0x4330432,0x434,0x6e506e4,0x6e6
.4byte 0x6e806e7,0x6e9,0x6eb06ea,0x6ec,0x4360435,0x390437,0xe0000,0x4390438
.4byte 0x43a,0x3ca03c9,0x3cb,0x43c043b,0x43d,0x43f043e,0x440,0x4420441
.4byte 0x443,0x4470446,0x279003f,0x27b027a,0xa6027c,0x11400a7,0x1160115,0x11700a4
.4byte 0xa700a6,0xa900a8,0xab00aa,0xac,0x1ae0000,0x3140313,0x9a0098,0xfc009b
.4byte 0xfe00fd,0x99009b,0x9b009a,0x2750274,0x3f0276,0x44802b5,0x2c5,0x4320431
.4byte 0x4340433,0x6e40000,0x6e606e5,0x6e70000,0x6e906e8,0x6ea0000,0x6ec06eb,0x4350000
.4byte 0x4370436,0x39,0x438000e,0x43a0439,0x3c90000,0x3cb03ca,0x43b0000,0x43d043c
.4byte 0x43e0000,0x440043f,0x4410000,0x4430442,0x4490000,0x1e8044a,0x279003f,0x27b027a
.4byte 0xa6027c,0x11400a7,0x1160115,0x11700a4,0xa700a6,0xa900a8,0xab00aa,0xac
.4byte 0x30a0000,0x1b001af,0x80007e,0x1200081,0x1220121,0x99009b,0x9b009a,0x2750274
.4byte 0x3f0276,0x44802b5,0x2c5,0x4320431,0x4340433,0x6e40000,0x6e606e5,0x6e70000
.4byte 0x6e906e8,0x6ea0000,0x6ec06eb,0x4350000,0x4370436,0x39,0x438000e,0x43a0439
.4byte 0x3c90000,0x3cb03ca,0x43b0000,0x43d043c,0x43e0000,0x440043f,0x4410000,0x4430442
.4byte 0x4490000,0x1e8044a,0x279003f,0x27b027a,0xa6027c,0x11400a7,0x1280127,0x12a0129
.4byte 0x8e008d,0x90008f,0x920091,0x93,0x30a0000,0x1b001af,0x80007e,0x1200081
.4byte 0x1220121,0x99009b,0x9b009a,0x2750274,0x3f0276,0x44b01ee,0xd,0x4320431
.4byte 0x4340433,0x6e40000,0x6e606e5,0x6e70000,0x6e906e8,0x6ea0000,0x6ec06eb,0x4350000
.4byte 0x4370436,0x39,0x438000e,0x43a0439,0x3c90000,0x3cb03ca,0x43b0000,0x43d043c
.4byte 0x43e0000,0x440043f,0x4410000,0x4430442,0x1f00000,0x1e8044c,0x279003f,0x27b027a
.4byte 0xa6027c,0x11400a7,0x1280127,0x12a0129,0x8e008d,0x90008f,0x920091,0x93
.4byte 0x1ae0000,0x3140313,0x9a0098,0xfc009b,0xfe00fd,0x99009b,0x9b009a,0x2750274
.4byte 0x3f0276,0x44b01ee,0xd,0x4320431,0x4340433,0x6e40000,0x6e606e5,0x6e70000
.4byte 0x6e906e8,0x6ea0000,0x6ec06eb,0x4350000,0x4370436,0x39,0x438000e,0x43a0439
.4byte 0x3c90000,0x3cb03ca,0x43b0000,0x43d043c,0x43e0000,0x440043f,0x4410000,0x4430442
.4byte 0x1f00000,0x1e8044c,0x279003f,0x27b027a,0xa6027c,0x11400a7,0x1160115,0x11700a4
.4byte 0xa700a6,0xa900a8,0xab00aa,0xac,0x30a0000,0x1b001af,0x80007e,0x1200081
.4byte 0x1220121,0x99009b,0x9b009a,0x2750274,0x3f0276,0x44e044d,0x400ce,0x44000e4
.4byte 0x4410000,0x4044f,0x4510450,0x3f0064,0x27a0279,0x27c027b,0xa700a6,0x1270114
.4byte 0x1290128,0x8d012a,0x8f008e,0x910090,0x930092,0x0,0x1af030a,0x7e01b0
.4byte 0x810080,0x4530452,0x810454,0x80007f,0x4550081,0x2760456,0x44d003f,0xce044e
.4byte 0xe40004,0x440,0x44f0441,0x4500004,0x640451,0x457003f,0x4590458,0x8d045a
.4byte 0x45b008e,0x45d045c,0x45e008b,0x8e008d,0x90008f,0x920091,0x93,0x1ae0000
.4byte 0x3140313,0x9a0098,0x45f009b,0x4610460,0x7f0081,0x810080,0x4560455,0x3f0276
.4byte 0x44b01ee,0xd,0x4320431,0x4340433,0x6e40000,0x6e606e5,0x6e70000,0x6e906e8
.4byte 0x6ea0000,0x6ec06eb,0x4350000,0x4370436,0x39,0x438000e,0x43a0439,0x3c90000
.4byte 0x3cb03ca,0x43b0000,0x43d043c,0x43e0000,0x440043f,0x4410000,0x4430442,0x1f00000
.4byte 0x1e8044c,0x457003f,0x4590458,0x8d045a,0x45b008e,0x4630462,0x4650464,0xa700a6
.4byte 0xa900a8,0xab00aa,0xac,0x30a0000,0x1b001af,0x80007e,0x4520081,0x4540453
.4byte 0x7f0081,0x810080,0x4560455,0x3f0276,0x44b01ee,0xd,0x4320431,0x4340433
.4byte 0x6e40000,0x6e606e5,0x6e70000,0x6e906e8,0x6ea0000,0x6ec06eb,0x4350000,0x4370436
.4byte 0x39,0x438000e,0x43a0439,0x3c90000,0x3cb03ca,0x43b0000,0x43d043c,0x43e0000
.4byte 0x440043f,0x4410000,0x4430442,0x1f00000,0x1e8044c,0x457003f,0x4590458,0x8d045a
.4byte 0x45b008e,0x45d045c,0x45e008b,0x8e008d,0x90008f,0x920091,0x93,0x30a0000
.4byte 0x1b001af,0x80007e,0x4520081,0x4540453,0x7f0081,0x810080,0x4560455,0x3f0276
.4byte 0x44802b5,0x2c5,0x4320431,0x4340433,0x6e40000,0x6e606e5,0x6e70000,0x6e906e8
.4byte 0x6ea0000,0x6ec06eb,0x4350000,0x4370436,0x39,0x438000e,0x43a0439,0x3c90000
.4byte 0x3cb03ca,0x43b0000,0x43d043c,0x43e0000,0x440043f,0x4410000,0x4430442,0x4490000
.4byte 0x1e8044a,0x457003f,0x4590458,0x8d045a,0x45b008e,0x45d045c,0x45e008b,0x8e008d
.4byte 0x90008f,0x920091,0x93,0x1ae0000,0x3140313,0x9a0098,0x45f009b,0x4610460
.4byte 0x7f0081,0x810080,0x4560455,0x3f0276,0x44802b5,0x2c5,0x4320431,0x4340433
.4byte 0x6e40000,0x6e606e5,0x6e70000,0x6e906e8,0x6ea0000,0x6ec06eb,0x4350000,0x4370436
.4byte 0x39,0x438000e,0x43a0439,0x3c90000,0x3cb03ca,0x43b0000,0x43d043c,0x43e0000
.4byte 0x440043f,0x4410000,0x4430442,0x4490000,0x1e8044a,0x457003f,0x4590458,0x8d045a
.4byte 0x45b008e,0x4630462,0x4650464,0xa700a6,0xa900a8,0xab00aa,0xac,0x1ae0000
.4byte 0x3140313,0x9a0098,0x45f009b,0x4610460,0x7f0081,0x810080,0x4560455,0x3f0276
.4byte 0x4450259,0x24f,0x4320431,0x4340433,0x6e40000,0x6e606e5,0x6e70000,0x6e906e8
.4byte 0x6ea0000,0x6ec06eb,0x4350000,0x4370436,0x39,0x438000e,0x43a0439,0x3c90000
.4byte 0x3cb03ca,0x43b0000,0x43d043c,0x43e0000,0x440043f,0x4410000,0x4430442,0x4460000
.4byte 0x3f0447,0x4580457,0x45a0459,0x8e008d,0x462045b,0x4640463,0xa60465,0xa800a7
.4byte 0xaa00a9,0xac00ab,0x0,0x1af030a,0x7e01b0,0x810080,0x4530452,0x810454
.4byte 0x80007f,0x4550081,0x2760456,0x259003f,0x24f0445,0x4310000,0x4330432,0x434
.4byte 0x6e506e4,0x6e6,0x6e806e7,0x6e9,0x6eb06ea,0x6ec,0x4360435,0x390437
.4byte 0xe0000,0x4390438,0x43a,0x3ca03c9,0x3cb,0x43c043b,0x43d,0x43f043e
.4byte 0x440,0x4420441,0x443,0x4470446,0x457003f,0x4590458,0x8d045a,0x45b008e
.4byte 0x45d045c,0x45e008b,0x8e008d,0x90008f,0x920091,0x93,0x30a0000,0x1b001af
.4byte 0x80007e,0x4520081,0x4540453,0x7f0081,0x810080,0x4560455,0x3f0276,0x1c501b1
.4byte 0x1c6,0x4320431,0x4340433,0x6e40000,0x6e606e5,0x6e70000,0x6e906e8,0x6ea0000
.4byte 0x6ec06eb,0x4350000,0x4370436,0x39,0x438000e,0x43a0439,0x3c90000,0x3cb03ca
.4byte 0x43b0000,0x43d043c,0x43e0000,0x440043f,0x4410000,0x4430442,0x1c70000,0x3f01b9
.4byte 0x4580457,0x45a0459,0x8e008d,0x45c045b,0x8b045d,0x8d045e,0x8f008e,0x910090
.4byte 0x930092,0x0,0x31301ae,0x980314,0x9b009a,0x460045f,0x810461,0x80007f
.4byte 0x4550081,0x2760456,0x1b1003f,0x1c601c5,0x4310000,0x4330432,0x434,0x6e506e4
.4byte 0x6e6,0x6e806e7,0x6e9,0x6eb06ea,0x6ec,0x4360435,0x390437,0xe0000
.4byte 0x4390438,0x43a,0x3ca03c9,0x3cb,0x43c043b,0x43d,0x43f043e,0x440
.4byte 0x4420441,0x443,0x1b901c7,0x457003f,0x4590458,0x8d045a,0x45b008e,0x4630462
.4byte 0x4650464,0xa700a6,0xa900a8,0xab00aa,0xac,0x1ae0000,0x3140313,0x9a0098
.4byte 0x45f009b,0x4610460,0x7f0081,0x810080,0x4560455,0x3f0276,0x42f01ca,0x430
.4byte 0x4320431,0x4340433,0x6e40000,0x6e606e5,0x6e70000,0x6e906e8,0x6ea0000,0x6ec06eb
.4byte 0x4350000,0x4370436,0x39,0x438000e,0x43a0439,0x3c90000,0x3cb03ca,0x43b0000
.4byte 0x43d043c,0x43e0000,0x440043f,0x4410000,0x4430442,0x1b70000,0x1d70444,0x457003f
.4byte 0x4590458,0x8d045a,0x45b008e,0x4630462,0x4650464,0xa700a6,0xa900a8,0xab00aa
.4byte 0xac,0x30a0000,0x1b001af,0x80007e,0x4520081,0x4540453,0x7f0081,0x810080
.4byte 0x4560455,0x3f0276,0x42f01ca,0x430,0x4320431,0x4340433,0x6e40000,0x6e606e5
.4byte 0x6e70000,0x6e906e8,0x6ea0000,0x6ec06eb,0x4350000,0x4370436,0x39,0x438000e
.4byte 0x43a0439,0x3c90000,0x3cb03ca,0x43b0000,0x43d043c,0x43e0000,0x440043f,0x4410000
.4byte 0x4430442,0x1b70000,0x1d70444,0x457003f,0x4590458,0x8d045a,0x45b008e,0x45d045c
.4byte 0x45e008b,0x8e008d,0x90008f,0x920091,0x93,0x30a0000,0x1b001af,0x80007e
.4byte 0x1200081,0x1220121,0x99009b,0x9b009a,0x2750274,0x3f0276,0x42f01ca,0x430
.4byte 0x4320431,0x4340433,0x6e40000,0x6e606e5,0x6e70000,0x6e906e8,0x6ea0000,0x6ec06eb
.4byte 0x4350000,0x4370436,0x39,0x438000e,0x43a0439,0x3c90000,0x3cb03ca,0x43b0000
.4byte 0x43d043c,0x43e0000,0x440043f,0x6ed0000,0x6ef06ee,0x1da,0x6f00542,0x6f206f1
.4byte 0x6f30000,0x6f506f4,0x4410000,0x4430442,0x1b70000,0x1d70444,0x279003f,0x27b027a
.4byte 0xa6027c,0x11400a7,0x1280127,0x12a0129,0x8e008d,0x90008f,0x920091,0x93
.4byte 0x1ae0000,0x3140313,0x9a0098,0xfc009b,0xfe00fd,0x99009b,0x9b009a,0x2750274
.4byte 0x3f0276,0x42f01ca,0x430,0x4320431,0x4340433,0x6e40000,0x6e606e5,0x6e70000
.4byte 0x6e906e8,0x6ea0000,0x6ec06eb,0x4350000,0x4370436,0x39,0x438000e,0x43a0439
.4byte 0x3c90000,0x3cb03ca,0x43b0000,0x43d043c,0x43e0000,0x440043f,0x6ed0000,0x6ef06ee
.4byte 0x1da,0x6f00542,0x6f206f1,0x6f30000,0x6f506f4,0x4410000,0x4430442,0x1b70000
.4byte 0x1d70444,0x279003f,0x27b027a,0xa6027c,0x11400a7,0x1160115,0x11700a4,0xa700a6
.4byte 0xa900a8,0xab00aa,0xac,0x1ae0000,0x3140313,0x9a0098,0xfc009b,0xfe00fd
.4byte 0x99009b,0x9b009a,0x2750274,0x3f0276,0x1c501b1,0x1c6,0x4320431,0x4340433
.4byte 0x6e40000,0x6e606e5,0x6e70000,0x6e906e8,0x6ea0000,0x6ec06eb,0x4350000,0x4370436
.4byte 0x39,0x438000e,0x43a0439,0x3c90000,0x3cb03ca,0x43b0000,0x43d043c,0x43e0000
.4byte 0x440043f,0x6ed0000,0x6ef06ee,0x1da,0x6f00542,0x6f206f1,0x6f30000,0x6f506f4
.4byte 0x4410000,0x4430442,0x1c70000,0x3f01b9,0x27a0279,0x27c027b,0xa700a6,0x1150114
.4byte 0xa40116,0xa60117,0xa800a7,0xaa00a9,0xac00ab,0x0,0x1af030a,0x7e01b0
.4byte 0x810080,0x1210120,0x9b0122,0x9a0099,0x274009b,0x2760275,0x1b1003f,0x1c601c5
.4byte 0x4310000,0x4330432,0x434,0x6e506e4,0x6e6,0x6e806e7,0x6e9,0x6eb06ea
.4byte 0x6ec,0x4360435,0x390437,0xe0000,0x4390438,0x43a,0x3ca03c9,0x3cb
.4byte 0x43c043b,0x43d,0x43f043e,0x440,0x6ee06ed,0x1da06ef,0x5420000,0x6f106f0
.4byte 0x6f2,0x6f406f3,0x6f5,0x4420441,0x443,0x1b901c7,0x279003f,0x27b027a
.4byte 0xa6027c,0x11400a7,0x1280127,0x12a0129,0x8e008d,0x90008f,0x920091,0x93
.4byte 0x30a0000,0x1b001af,0x80007e,0x1200081,0x1220121,0x99009b,0x9b009a,0x2750274
.4byte 0x3f0276,0x4450259,0x24f,0x4320431,0x4340433,0x6e40000,0x6e606e5,0x6e70000
.4byte 0x6e906e8,0x6ea0000,0x6ec06eb,0x4350000,0x4370436,0x39,0x438000e,0x43a0439
.4byte 0x3c90000,0x3cb03ca,0x43b0000,0x43d043c,0x43e0000,0x440043f,0x6ed0000,0x6ef06ee
.4byte 0x1da,0x6f00542,0x6f206f1,0x6f30000,0x6f506f4,0x4410000,0x4430442,0x4460000
.4byte 0x3f0447,0x27a0279,0x27c027b,0xa700a6,0x1270114,0x1290128,0x8d012a,0x8f008e
.4byte 0x910090,0x930092,0x0,0x31301ae,0x980314,0x9b009a,0xfd00fc,0x9b00fe
.4byte 0x9a0099,0x274009b,0x2760275,0x259003f,0x24f0445,0x4310000,0x4330432,0x434
.4byte 0x6e506e4,0x6e6,0x6e806e7,0x6e9,0x6eb06ea,0x6ec,0x4360435,0x390437
.4byte 0xe0000,0x4390438,0x43a,0x3ca03c9,0x3cb,0x43c043b,0x43d,0x43f043e
.4byte 0x440,0x6ee06ed,0x1da06ef,0x5420000,0x6f106f0,0x6f2,0x6f406f3,0x6f5
.4byte 0x4420441,0x443,0x4470446,0x279003f,0x27b027a,0xa6027c,0x11400a7,0x1160115
.4byte 0x11700a4,0xa700a6,0xa900a8,0xab00aa,0xac,0x1ae0000,0x3140313,0x9a0098
.4byte 0xfc009b,0xfe00fd,0x99009b,0x9b009a,0x2750274,0x3f0276,0x44802b5,0x2c5
.4byte 0x4320431,0x4340433,0x6e40000,0x6e606e5,0x6e70000,0x6e906e8,0x6ea0000,0x6ec06eb
.4byte 0x4350000,0x4370436,0x39,0x438000e,0x43a0439,0x3c90000,0x3cb03ca,0x43b0000
.4byte 0x43d043c,0x43e0000,0x440043f,0x6ed0000,0x6ef06ee,0x1da,0x6f00542,0x6f206f1
.4byte 0x6f30000,0x6f506f4,0x4410000,0x4430442,0x4490000,0x1e8044a,0x279003f,0x27b027a
.4byte 0xa6027c,0x11400a7,0x1160115,0x11700a4,0xa700a6,0xa900a8,0xab00aa,0xac
.4byte 0x30a0000,0x1b001af,0x80007e,0x1200081,0x1220121,0x99009b,0x9b009a,0x2750274
.4byte 0x3f0276,0x44802b5,0x2c5,0x4320431,0x4340433,0x6e40000,0x6e606e5,0x6e70000
.4byte 0x6e906e8,0x6ea0000,0x6ec06eb,0x4350000,0x4370436,0x39,0x438000e,0x43a0439
.4byte 0x3c90000,0x3cb03ca,0x43b0000,0x43d043c,0x43e0000,0x440043f,0x6ed0000,0x6ef06ee
.4byte 0x1da,0x6f00542,0x6f206f1,0x6f30000,0x6f506f4,0x4410000,0x4430442,0x4490000
.4byte 0x1e8044a,0x279003f,0x27b027a,0xa6027c,0x11400a7,0x1280127,0x12a0129,0x8e008d
.4byte 0x90008f,0x920091,0x93,0x30a0000,0x1b001af,0x80007e,0x1200081,0x1220121
.4byte 0x99009b,0x9b009a,0x2750274,0x3f0276,0x44b01ee,0xd,0x4320431,0x4340433
.4byte 0x6e40000,0x6e606e5,0x6e70000,0x6e906e8,0x6ea0000,0x6ec06eb,0x4350000,0x4370436
.4byte 0x39,0x438000e,0x43a0439,0x3c90000,0x3cb03ca,0x43b0000,0x43d043c,0x43e0000
.4byte 0x440043f,0x6ed0000,0x6ef06ee,0x1da,0x6f00542,0x6f206f1,0x6f30000,0x6f506f4
.4byte 0x4410000,0x4430442,0x1f00000,0x1e8044c,0x279003f,0x27b027a,0xa6027c,0x11400a7
.4byte 0x1280127,0x12a0129,0x8e008d,0x90008f,0x920091,0x93,0x1ae0000,0x3140313
.4byte 0x9a0098,0xfc009b,0xfe00fd,0x99009b,0x9b009a,0x2750274,0x3f0276,0x44b01ee
.4byte 0xd,0x4320431,0x4340433,0x6e40000,0x6e606e5,0x6e70000,0x6e906e8,0x6ea0000
.4byte 0x6ec06eb,0x4350000,0x4370436,0x39,0x438000e,0x43a0439,0x3c90000,0x3cb03ca
.4byte 0x43b0000,0x43d043c,0x43e0000,0x440043f,0x6ed0000,0x6ef06ee,0x1da,0x6f00542
.4byte 0x6f206f1,0x6f30000,0x6f506f4,0x4410000,0x4430442,0x1f00000,0x1e8044c,0x279003f
.4byte 0x27b027a,0xa6027c,0x11400a7,0x1160115,0x11700a4,0xa700a6,0xa900a8,0xab00aa
.4byte 0xac,0x30a0000,0x1b001af,0x80007e,0x1200081,0x1220121,0x99009b,0x9b009a
.4byte 0x2750274,0x3f0276,0x44e044d,0x400ce,0x4510450,0x3f0064,0x27a0279,0x27c027b
.4byte 0xa700a6,0x1270114,0x1290128,0x8d012a,0x8f008e,0x910090,0x930092,0x0
.4byte 0x1af030a,0x7e01b0,0x810080,0x4530452,0x810454,0x80007f,0x4550081,0x2760456
.4byte 0x44d003f,0xce044e,0x4500004,0x640451,0x457003f,0x4590458,0x8d045a,0x45b008e
.4byte 0x45d045c,0x45e008b,0x8e008d,0x90008f,0x920091,0x93,0x1ae0000,0x3140313
.4byte 0x9a0098,0x45f009b,0x4610460,0x7f0081,0x810080,0x4560455,0x3f0276,0x44b01ee
.4byte 0xd,0x4320431,0x4340433,0x6e40000,0x6e606e5,0x6e70000,0x6e906e8,0x6ea0000
.4byte 0x6ec06eb,0x4350000,0x4370436,0x39,0x438000e,0x43a0439,0x3c90000,0x3cb03ca
.4byte 0x43b0000,0x43d043c,0x43e0000,0x440043f,0x6ed0000,0x6ef06ee,0x1da,0x6f00542
.4byte 0x6f206f1,0x6f30000,0x6f506f4,0x4410000,0x4430442,0x1f00000,0x1e8044c,0x457003f
.4byte 0x4590458,0x8d045a,0x45b008e,0x4630462,0x4650464,0xa700a6,0xa900a8,0xab00aa
.4byte 0xac,0x30a0000,0x1b001af,0x80007e,0x4520081,0x4540453,0x7f0081,0x810080
.4byte 0x4560455,0x3f0276,0x44b01ee,0xd,0x4320431,0x4340433,0x6e40000,0x6e606e5
.4byte 0x6e70000,0x6e906e8,0x6ea0000,0x6ec06eb,0x4350000,0x4370436,0x39,0x438000e
.4byte 0x43a0439,0x3c90000,0x3cb03ca,0x43b0000,0x43d043c,0x43e0000,0x440043f,0x6ed0000
.4byte 0x6ef06ee,0x1da,0x6f00542,0x6f206f1,0x6f30000,0x6f506f4,0x4410000,0x4430442
.4byte 0x1f00000,0x1e8044c,0x457003f,0x4590458,0x8d045a,0x45b008e,0x45d045c,0x45e008b
.4byte 0x8e008d,0x90008f,0x920091,0x93,0x30a0000,0x1b001af,0x80007e,0x4520081
.4byte 0x4540453,0x7f0081,0x810080,0x4560455,0x3f0276,0x44802b5,0x2c5,0x4320431
.4byte 0x4340433,0x6e40000,0x6e606e5,0x6e70000,0x6e906e8,0x6ea0000,0x6ec06eb,0x4350000
.4byte 0x4370436,0x39,0x438000e,0x43a0439,0x3c90000,0x3cb03ca,0x43b0000,0x43d043c
.4byte 0x43e0000,0x440043f,0x6ed0000,0x6ef06ee,0x1da,0x6f00542,0x6f206f1,0x6f30000
.4byte 0x6f506f4,0x4410000,0x4430442,0x4490000,0x1e8044a,0x457003f,0x4590458,0x8d045a
.4byte 0x45b008e,0x45d045c,0x45e008b,0x8e008d,0x90008f,0x920091,0x93,0x1ae0000
.4byte 0x3140313,0x9a0098,0x45f009b,0x4610460,0x7f0081,0x810080,0x4560455,0x3f0276
.4byte 0x44802b5,0x2c5,0x4320431,0x4340433,0x6e40000,0x6e606e5,0x6e70000,0x6e906e8
.4byte 0x6ea0000,0x6ec06eb,0x4350000,0x4370436,0x39,0x438000e,0x43a0439,0x3c90000
.4byte 0x3cb03ca,0x43b0000,0x43d043c,0x43e0000,0x440043f,0x6ed0000,0x6ef06ee,0x1da
.4byte 0x6f00542,0x6f206f1,0x6f30000,0x6f506f4,0x4410000,0x4430442,0x4490000,0x1e8044a
.4byte 0x457003f,0x4590458,0x8d045a,0x45b008e,0x4630462,0x4650464,0xa700a6,0xa900a8
.4byte 0xab00aa,0xac,0x1ae0000,0x3140313,0x9a0098,0x45f009b,0x4610460,0x7f0081
.4byte 0x810080,0x4560455,0x3f0276,0x4450259,0x24f,0x4320431,0x4340433,0x6e40000
.4byte 0x6e606e5,0x6e70000,0x6e906e8,0x6ea0000,0x6ec06eb,0x4350000,0x4370436,0x39
.4byte 0x438000e,0x43a0439,0x3c90000,0x3cb03ca,0x43b0000,0x43d043c,0x43e0000,0x440043f
.4byte 0x6ed0000,0x6ef06ee,0x1da,0x6f00542,0x6f206f1,0x6f30000,0x6f506f4,0x4410000
.4byte 0x4430442,0x4460000,0x3f0447,0x4580457,0x45a0459,0x8e008d,0x462045b,0x4640463
.4byte 0xa60465,0xa800a7,0xaa00a9,0xac00ab,0x0,0x1af030a,0x7e01b0,0x810080
.4byte 0x4530452,0x810454,0x80007f,0x4550081,0x2760456,0x259003f,0x24f0445,0x4310000
.4byte 0x4330432,0x434,0x6e506e4,0x6e6,0x6e806e7,0x6e9,0x6eb06ea,0x6ec
.4byte 0x4360435,0x390437,0xe0000,0x4390438,0x43a,0x3ca03c9,0x3cb,0x43c043b
.4byte 0x43d,0x43f043e,0x440,0x6ee06ed,0x1da06ef,0x5420000,0x6f106f0,0x6f2
.4byte 0x6f406f3,0x6f5,0x4420441,0x443,0x4470446,0x457003f,0x4590458,0x8d045a
.4byte 0x45b008e,0x45d045c,0x45e008b,0x8e008d,0x90008f,0x920091,0x93,0x30a0000
.4byte 0x1b001af,0x80007e,0x4520081,0x4540453,0x7f0081,0x810080,0x4560455,0x3f0276
.4byte 0x1c501b1,0x1c6,0x4320431,0x4340433,0x6e40000,0x6e606e5,0x6e70000,0x6e906e8
.4byte 0x6ea0000,0x6ec06eb,0x4350000,0x4370436,0x39,0x438000e,0x43a0439,0x3c90000
.4byte 0x3cb03ca,0x43b0000,0x43d043c,0x43e0000,0x440043f,0x6ed0000,0x6ef06ee,0x1da
.4byte 0x6f00542,0x6f206f1,0x6f30000,0x6f506f4,0x4410000,0x4430442,0x1c70000,0x3f01b9
.4byte 0x4580457,0x45a0459,0x8e008d,0x45c045b,0x8b045d,0x8d045e,0x8f008e,0x910090
.4byte 0x930092,0x0,0x31301ae,0x980314,0x9b009a,0x460045f,0x810461,0x80007f
.4byte 0x4550081,0x2760456,0x1b1003f,0x1c601c5,0x4310000,0x4330432,0x434,0x6e506e4
.4byte 0x6e6,0x6e806e7,0x6e9,0x6eb06ea,0x6ec,0x4360435,0x390437,0xe0000
.4byte 0x4390438,0x43a,0x3ca03c9,0x3cb,0x43c043b,0x43d,0x43f043e,0x440
.4byte 0x6ee06ed,0x1da06ef,0x5420000,0x6f106f0,0x6f2,0x6f406f3,0x6f5,0x4420441
.4byte 0x443,0x1b901c7,0x457003f,0x4590458,0x8d045a,0x45b008e,0x4630462,0x4650464
.4byte 0xa700a6,0xa900a8,0xab00aa,0xac,0x1ae0000,0x3140313,0x9a0098,0x45f009b
.4byte 0x4610460,0x7f0081,0x810080,0x4560455,0x3f0276,0x42f01ca,0x430,0x4320431
.4byte 0x4340433,0x6e40000,0x6e606e5,0x6e70000,0x6e906e8,0x6ea0000,0x6ec06eb,0x4350000
.4byte 0x4370436,0x39,0x438000e,0x43a0439,0x3c90000,0x3cb03ca,0x43b0000,0x43d043c
.4byte 0x43e0000,0x440043f,0x6ed0000,0x6ef06ee,0x1da,0x6f00542,0x6f206f1,0x6f30000
.4byte 0x6f506f4,0x4410000,0x4430442,0x1b70000,0x1d70444,0x457003f,0x4590458,0x8d045a
.4byte 0x45b008e,0x4630462,0x4650464,0xa700a6,0xa900a8,0xab00aa,0xac,0x30a0000
.4byte 0x1b001af,0x80007e,0x4520081,0x4540453,0x7f0081,0x810080,0x4560455,0x3f0276
.4byte 0x42f01ca,0x430,0x4320431,0x4340433,0x6e40000,0x6e606e5,0x6e70000,0x6e906e8
.4byte 0x6ea0000,0x6ec06eb,0x4350000,0x4370436,0x39,0x438000e,0x43a0439,0x3c90000
.4byte 0x3cb03ca,0x43b0000,0x43d043c,0x43e0000,0x440043f,0x6ed0000,0x6ef06ee,0x1da
.4byte 0x6f00542,0x6f206f1,0x6f30000,0x6f506f4,0x4410000,0x4430442,0x1b70000,0x1d70444
.4byte 0x457003f,0x4590458,0x8d045a,0x45b008e,0x45d045c,0x45e008b,0x8e008d,0x90008f
.4byte 0x920091,0x93
