// GENERATED -- do not edit by hand.
// One .4byte per four bytes of the table, little endian.
.4byte 0x10101e2,0x1010111,0x101010f,0x1010112,0x101010e,0x1010112,0x101010f,0x101010a
.4byte 0x1010303,0x1010901,0x1010f01,0x1011201,0x1010f01,0x1011101,0x1010f01,0x1011201
.4byte 0x1010f01,0x1011101,0x1010f01,0x1011201,0x1010f01,0x1011101,0x1010f01,0x1011201
.4byte 0x1010f01,0x1010112,0x101010f,0x101010a,0x1010303,0x15dff01,0xf030101,0x10010101
.4byte 0x10010101,0x10010101,0x1010101,0x1010110,0x1010110,0x1010110,0x1010110,0x1010f01
.4byte 0x1100101,0x1100101,0x1100101,0xf010101,0x1010101,0x1010110,0x1010110,0x1010110
.4byte 0x1010110,0x1010f01,0xe0f0101,0x1010101,0x10d0101,0x10010101,0x10010101,0x1010101
.4byte 0x1010110,0x1010110,0x1010110,0x1010110,0x1010f01,0x1010101,0x101010c,0x1100101
.4byte 0x1100101,0xf010101,0x1010101,0x1010110,0x1010110,0x1010110,0x1010110,0x10d0101
.4byte 0x1010101,0x1010e0f,0x1010101,0x101010d,0x1011001,0x1011001,0x1100101,0x1100101
.4byte 0x1100101,0x1100101,0xd010101,0x16010101,0xd010101,0x10010101,0x1010101,0x101010f
.4byte 0x1011001,0x1011001,0x1011001,0x1011001,0xd010101,0x1010101,0x10e0f01,0x1010101
.4byte 0x1010d01,0x1100101,0x1100101,0x10010101,0x10010101,0x10010101,0x10010101,0x1010101
.4byte 0x1010109,0x101011d,0x101010a,0x1010110,0x1010f01,0x1100101,0x1100101,0x1100101
.4byte 0x1100101,0x1010101,0x101010d,0xe0f0101,0x1010101,0x10d0101,0x10010101,0x10010101
.4byte 0x1010101,0x1010110,0x1010110,0x1010110,0x1010110,0x1010601,0x1012301,0x1010701
.4byte 0x1011001,0x10f0101,0x10010101,0x10010101,0x10010101,0x10010101,0x1010101,0x1010d01
.4byte 0xf010101,0x101010e,0xd010101,0x1010101,0x1010110,0x1010110,0x1011001,0x1011001
.4byte 0x1011001,0x1011001,0x1040101,0x1280101,0x1040101,0x1100101,0xf010101,0x1010101
.4byte 0x1010110,0x1010110,0x1010110,0x1010110,0x10d0101,0x1010101,0x1010e0f,0x1010101
.4byte 0x101010d,0x1011001,0x1011001,0x1100101,0x1100101,0x1100101,0x1100101,0x1010101
.4byte 0x2d010101,0x2010101,0x10010101,0x1010101,0x101010f,0x1011001,0x1011001,0x1011001
.4byte 0x1011001,0xd010101,0x1010101,0x10e0f01,0x1010101,0x1010d01,0x1100101,0x1100101
.4byte 0x10010101,0x10010101,0x10010101,0x10010101,0x1010101,0x1310101,0x1010101,0x1011001
.4byte 0x10f0101,0x10010101,0x10010101,0x10010101,0x10010101,0x1010101,0x1010d01,0xf010101
.4byte 0x101010e,0xd010101,0x1010101,0x1010110,0x1010110,0x1011001,0x1011001,0x1011001
.4byte 0x1011001,0x1350101,0x10010101,0x1010101,0x101010f,0x1011001,0x1011001,0x1011001
.4byte 0x1011001,0xd010101,0x1010101,0x10e0f01,0x1010101,0x1010d01,0x1100101,0x1100101
.4byte 0x10010101,0x10010101,0x10010101,0x10010101,0x38010101,0xf010101,0x1010101,0x101010f
.4byte 0x1011001,0x1011001,0x1011001,0x1011001,0xd010101,0x1010101,0x10e0f01,0x1010101
.4byte 0x1010d01,0x1100101,0x1100101,0x10010101,0x10010101,0x10010101,0xe010101,0x3c010101
.4byte 0xd010101,0x1010101,0x101010f,0x1011001,0x1011001,0x1011001,0x1011001,0xd010101
.4byte 0x1010101,0x10e0f01,0x1010101,0x1010d01,0x1100101,0x1100101,0x10010101,0x10010101
.4byte 0x10010101,0xc010101,0x3f010101,0xc010101,0x1010101,0x101010f,0x1011001,0x1011001
.4byte 0x1011001,0x1011001,0xd010101,0x1010101,0x10e0f01,0x1010101,0x1010d01,0x1100101
.4byte 0x1100101,0x10010101,0x10010101,0x10010101,0xb010101,0x42010101,0xa010101,0x1010101
.4byte 0x101010f,0x1011001,0x1011001,0x1011001,0x1011001,0xd010101,0x1010101,0x10e0f01
.4byte 0x1010101,0x1010d01,0x1100101,0x1100101,0x10010101,0x10010101,0x10010101,0x9010101
.4byte 0x45010101,0x9010101,0x1010101,0x101010f,0x1011001,0x1011001,0x1011001,0x1011001
.4byte 0xd010101,0x1010101,0x10e0f01,0x1010101,0x1010d01,0x1100101,0x1100101,0x10010101
.4byte 0x10010101,0x10010101,0x8010101,0x48010101,0x1080101,0xf010101,0x1010101,0x1010110
.4byte 0x1010110,0x1010110,0x1010110,0x10d0101,0x1010101,0x1010e0f,0x1010101,0x101010d
.4byte 0x1011001,0x1011001,0x1100101,0x1100101,0x1100101,0x1070101,0x14a0101,0x1060101
.4byte 0xf010101,0x1010101,0x1010110,0x1010110,0x1010110,0x1010110,0x10d0101,0x1010101
.4byte 0x1010e0f,0x1010101,0x101010d,0x1011001,0x1011001,0x1100101,0x1100101,0x1100101
.4byte 0x1060101,0x1014d01,0x1010501,0x10f0101,0x10010101,0x10010101,0x10010101,0x10010101
.4byte 0x1010101,0x1010d01,0xf010101,0x101010e,0xd010101,0x1010101,0x1010110,0x1010110
.4byte 0x1011001,0x1011001,0x1011001,0x1010401,0x1014f01,0x1010401,0x10f0101,0x10010101
.4byte 0x10010101,0x10010101,0x10010101,0x1010101,0x1010d01,0xf010101,0x101010e,0xd010101
.4byte 0x1010101,0x1010110,0x1010110,0x1011001,0x1011001,0x1011001,0x1010301,0x1015201
.4byte 0x1010103,0x1010f01,0x1100101,0x1100101,0x1100101,0x1100101,0x1010101,0x101010d
.4byte 0xe0f0101,0x1010101,0x10d0101,0x10010101,0x10010101,0x1010101,0x1010110,0x1010110
.4byte 0x1010110,0x1010102,0x1010154,0x1010101,0x1010f01,0x1100101,0x1100101,0x1100101
.4byte 0x1100101,0x1010101,0x101010d,0xe0f0101,0x1010101,0x10d0101,0x10010101,0x10010101
.4byte 0x1010101,0x1010110,0x1010110,0x1010110,0x1010101,0x1010156,0x1010101,0x101010f
.4byte 0x1011001,0x1011001,0x1011001,0x1011001,0xd010101,0x1010101,0x1030f01,0x1860101
.4byte 0x14a0101,0x1860101,0x3030101,0x8010101,0x1010101,0x1010e01,0x1010101,0x101010d
.4byte 0x10e0101,0x1010101,0x1010110,0x1010110,0x1010110,0x1010601,0x1014a01,0x1010601
.4byte 0x10f0101,0x10010101,0x10010101,0x1010101,0x1010d01,0x1010101,0x101010d,0xd010101
.4byte 0x1010101,0x1010901,0x1030301,0x1080101,0x1010101,0x101010e,0xd010101,0x1010101
.4byte 0x1010e01,0x10010101,0x10010101,0x10010101,0x1080101,0x14a0101,0x1070101,0x10f0101
.4byte 0x10010101,0x10010101,0x1010101,0x1010d01,0x1010101,0x101010d,0xd010101,0x1010101
.4byte 0x1010901,0x1030301,0x1080101,0x1010101,0x101010e,0xd010101,0x1010101,0x1010e01
.4byte 0x10010101,0x10010101,0xf010101,0x8010101,0x4a010101,0x8010101,0xe010101,0x1010101
.4byte 0x1010110,0x1010110,0x10d0101,0x1010101,0x1010d01,0x1010101,0x101010d,0x1090101
.4byte 0x3030101,0x8010101,0x1010101,0x1010e01,0x1010101,0x101010d,0x10e0101,0x1010101
.4byte 0x1010110,0x1010110,0x101010e,0x1010109,0x101014a,0x1010109,0x101010d,0x1011001
.4byte 0x1011001,0xd010101,0x1010101,0x10d0101,0x1010101,0x1010d01,0x9010101,0x3010101
.4byte 0x1010103,0x1010108,0x10e0101,0x1010101,0x1010d01,0xe010101,0x1010101,0x1011001
.4byte 0x1011001,0x1010d01,0x1010a01,0x1014a01,0x1010a01,0x1010c01,0x1100101,0x1100101
.4byte 0x1010101,0x101010d,0xd010101,0x1010101,0x10d0101,0x1010101,0x1010109,0x1010303
.4byte 0x1010801,0xe010101,0x1010101,0x10d0101,0x1010101,0x101010e,0x1100101,0x1100101
.4byte 0x10c0101,0x10b0101,0x14a0101,0x10b0101,0x10b0101,0x10010101,0x10010101,0x1010101
.4byte 0x1010d01,0x1010101,0x101010d,0xd010101,0x1010101,0x1010901,0x1030301,0x1080101
.4byte 0x1010101,0x101010e,0xd010101,0x1010101,0x1010e01,0x10010101,0x10010101,0xb010101
.4byte 0xc010101,0x4a010101,0xc010101,0x10b0101,0x10010101,0x10010101,0x1010101,0x1010d01
.4byte 0x1010101,0x101010d,0xd010101,0x1010101,0x1010901,0x1030301,0x1080101,0x1010101
.4byte 0x101010e,0xd010101,0x1010101,0x1010e01,0x10010101,0x10010101,0xa010101,0xd010101
.4byte 0x4a010101,0xc010101,0xa010101,0x1010101,0x1010110,0x1010110,0x10d0101,0x1010101
.4byte 0x1010d01,0x1010101,0x101010d,0x1090101,0x3030101,0x8010101,0x1010101,0x1010e01
.4byte 0x1010101,0x101010d,0x10e0101,0x1010101,0x1010110,0x1010110,0x1010109,0x101010e
.4byte 0x101014a,0x101010d,0x1010109,0x1011001,0x1011001,0xd010101,0x1010101,0x10d0101
.4byte 0x1010101,0x1010d01,0x9010101,0x3010101,0x1010103,0x1010108,0x10e0101,0x1010101
.4byte 0x1010d01,0xe010101,0x1010101,0x1011001,0x1011001,0x1010901,0x101010f,0x101014a
.4byte 0x101010e,0x1010108,0x1011001,0x1011001,0xd010101,0x1010101,0x10d0101,0x1010101
.4byte 0x1010d01,0x9010101,0x3010101,0x1010103,0x1010108,0x10e0101,0x1010101,0x1010d01
.4byte 0xe010101,0x1010101,0x1011001,0x1011001,0x1010801,0x1010f01,0x1014a01,0x1010f01
.4byte 0x1010701,0x1100101,0x1100101,0x1010101,0x101010d,0xd010101,0x1010101,0x10d0101
.4byte 0x1010101,0x1010109,0x1010303,0x1010801,0xe010101,0x1010101,0x10d0101,0x1010101
.4byte 0x101010e,0x1100101,0x1100101,0x1070101,0x1100101,0x14a0101,0x1100101,0x1060101
.4byte 0x10010101,0x10010101,0x1010101,0x1010d01,0x1010101,0x101010d,0xd010101,0x1010101
.4byte 0x1010901,0x1030301,0x1080101,0x1010101,0x101010e,0xd010101,0x1010101,0x1010e01
.4byte 0x10010101,0x10010101,0x6010101,0x11010101,0x4a010101,0x11010101,0x1060101,0x10010101
.4byte 0x10010101,0x1010101,0x1010d01,0x1010101,0x101010d,0xd010101,0x1010101,0x1010901
.4byte 0x1030301,0x1080101,0x1010101,0x101010e,0xd010101,0x1010101,0x1010e01,0x10010101
.4byte 0x10010101,0x5010101,0x12010101,0x4a010101,0x11010101,0x5010101,0x1010101,0x1010110
.4byte 0x1010110,0x10d0101,0x1010101,0x1010d01,0x1010101,0x101010d,0x1090101,0x3030101
.4byte 0x8010101,0x1010101,0x1010e01,0x1010101,0x101010d,0x10e0101,0x1010101,0x1010110
.4byte 0x1010110,0x13010105,0x4a010101,0x12010101,0x4010101,0x1010101,0x1010110,0x1010110
.4byte 0x10d0101,0x1010101,0x1010d01,0x1010101,0x101010d,0x1090101,0x3030101,0x8010101
.4byte 0x1010101,0x1010e01,0x1010101,0x101010d,0x10e0101,0x1010101,0x1010110,0x1010110
.4byte 0x1010104,0x1010113,0x101014a,0x1010113,0x1010103,0x1011001,0x1011001,0xd010101
.4byte 0x1010101,0x10d0101,0x1010101,0x1010d01,0x9010101,0x3010101,0x1010103,0x1010108
.4byte 0x10e0101,0x1010101,0x1010d01,0xe010101,0x1010101,0x1011001,0x1011001,0x1010301
.4byte 0x1011401,0x1014a01,0x1011401,0x1010103,0x1011001,0x1011001,0xd010101,0x1010101
.4byte 0x10d0101,0x1010101,0x1010d01,0x9010101,0x3010101,0x1010103,0x1010108,0x10e0101
.4byte 0x1010101,0x1010d01,0xe010101,0x1010101,0x1011001,0x1011001,0x1010201,0x1011501
.4byte 0x1014a01,0x1011401,0x1010201,0x1100101,0x1100101,0x1010101,0x101010d,0xd010101
.4byte 0x1010101,0x10d0101,0x1010101,0x1010109,0x1010303,0x1010801,0xe010101,0x1010101
.4byte 0x10d0101,0x1010101,0x101010e,0x1100101,0x1100101,0x1020101,0x1011601,0x1014a01
.4byte 0x1011501,0x1010101,0x1100101,0x1100101,0x1010101,0x101010d,0xd010101,0x1010101
.4byte 0x10d0101,0x1010101,0x1010109,0x1010303,0x1010801,0xe010101,0x1010101,0x10d0101
.4byte 0x1010101,0x101010e,0x1100101,0x1100101,0x1010101,0x1160101,0x14a0101,0x1160101
.4byte 0x1010101,0x1100101,0x1100101,0x1010101,0x101010d,0xd010101,0x1010101,0x10d0101
.4byte 0x1010101,0x1010109,0x1010303,0x1010801,0xe010101,0x1010101,0x10d0101,0x1010101
.4byte 0x101010e,0x1100101,0x1100101,0x1010101,0x1011701,0x1014a01,0x1011601,0x1010101
.4byte 0x1011001,0x1011001,0xd010101,0x1010101,0x10d0101,0x1010101,0x1010d01,0x9010101
.4byte 0x3010101,0x1010103,0x1010108,0x10e0101,0x1010101,0x1010d01,0xe010101,0x1010101
.4byte 0x1011001,0x1011001,0x18010101,0x4a010101,0x17010101,0x1010101,0x1100101,0x1100101
.4byte 0x1010101,0x101010d,0xd010101,0x1010101,0x10d0101,0x1010101,0x1010109,0x1010303
.4byte 0x1010801,0xe010101,0x1010101,0x10d0101,0x1010101,0x101010e,0x1100101,0x1100101
.4byte 0x1010101,0x1010118,0x101014a,0x1010118,0x1100101,0x1100101,0x1010101,0x101010d
.4byte 0xd010101,0x1010101,0x10d0101,0x1010101,0x1010109,0x1010303,0x1010801,0xe010101
.4byte 0x1010101,0x10d0101,0x1010101,0x101010e,0x1100101,0x1100101,0x19010101,0x4a010101
.4byte 0x18010101,0x1010101,0x1011001,0x1011001,0xd010101,0x1010101,0x10d0101,0x1010101
.4byte 0x1010d01,0x9010101,0x3010101,0x1010103,0x1010108,0x10e0101,0x1010101,0x1010d01
.4byte 0xe010101,0x1010101,0x1011001,0x1011001,0x1011a01,0x1014a01,0x1011901,0x1100101
.4byte 0x1100101,0x1010101,0x101010d,0xd010101,0x1010101,0x10d0101,0x1010101,0x1010109
.4byte 0x1010303,0x1010801,0xe010101,0x1010101,0x10d0101,0x1010101,0x101010e,0x1100101
.4byte 0x1100101,0x1011b01,0x1014a01,0x1011b01,0x1010110,0x1010110,0x10d0101,0x1010101
.4byte 0x1010d01,0x1010101,0x101010d,0x1090101,0x3030101,0x8010101,0x1010101,0x1010e01
.4byte 0x1010101,0x101010d,0x10e0101,0x1010101,0x1010110,0x1b010110,0x4a010101,0x1b010101
.4byte 0x1100101,0x1100101,0x1010101,0x101010d,0xd010101,0x1010101,0x10d0101,0x1010101
.4byte 0x1010109,0x1010303,0x1010801,0xe010101,0x1010101,0x10d0101,0x1010101,0x101010e
.4byte 0x1100101,0x10f0101,0x11b0101,0x14a0101,0x11b0101,0x10f0101,0x1100101,0x1010101
.4byte 0x101010d,0xd010101,0x1010101,0x10d0101,0x1010101,0x1010109,0x1010303,0x1010801
.4byte 0xe010101,0x1010101,0x10d0101,0x1010101,0x101010e,0x1100101,0x10e0101,0x11c0101
.4byte 0x14a0101,0x11c0101,0x1010f01,0x1011001,0xd010101,0x1010101,0x10d0101,0x1010101
.4byte 0x1010d01,0x9010101,0x3010101,0x1010103,0x1010108,0x10e0101,0x1010101,0x1010d01
.4byte 0xe010101,0x1010101,0x1011001,0x1010d01,0x1011d01,0x1014a01,0x1011c01,0x1010e01
.4byte 0x1011001,0xd010101,0x1010101,0x10d0101,0x1010101,0x1010d01,0x9010101,0x3010101
.4byte 0x1010103,0x1010108,0x10e0101,0x1010101,0x1010d01,0xe010101,0x1010101,0x1011001
.4byte 0x1010d01,0x1011d01,0x1014a01,0x1011d01,0x1010d01,0x1011001,0xd010101,0x1010101
.4byte 0x10d0101,0x1010101,0x1010d01,0x9010101,0x3010101,0x1010103,0x1010108,0x10e0101
.4byte 0x1010101,0x1010d01,0xe010101,0x1010101,0x1011001,0x1010c01,0x1011e01,0x1014a01
.4byte 0x1011d01,0x1010d01,0x1011001,0xd010101,0x1010101,0x10d0101,0x1010101,0x1010d01
.4byte 0x9010101,0x3010101,0x1010103,0x1010108,0x10e0101,0x1010101,0x1010d01,0xe010101
.4byte 0x1010101,0x1011001,0x1010c01,0x1011e01,0x1014a01,0x1011e01,0x1010c01,0x1011001
.4byte 0xd010101,0x1010101,0x10d0101,0x1010101,0x1010d01,0x9010101,0x3010101,0x1010103
.4byte 0x1010108,0x10e0101,0x1010101,0x1010d01,0xe010101,0x1010101,0x1011001,0x1010b01
.4byte 0x1011f01,0x1014a01,0x1011f01,0x101010c,0x1010110,0x10d0101,0x1010101,0x1010d01
.4byte 0x1010101,0x101010d,0x1090101,0x3030101,0x8010101,0x1010101,0x1010e01,0x1010101
.4byte 0x101010d,0x10e0101,0x1010101,0x1010110,0x2001010b,0x4a010101,0x1f010101,0xb010101
.4byte 0x10010101,0x1010101,0x1010d01,0x1010101,0x101010d,0xd010101,0x1010101,0x1010901
.4byte 0x1030301,0x1080101,0x1010101,0x101010e,0xd010101,0x1010101,0x1010e01,0x10010101
.4byte 0xa010101,0x20010101,0x4a010101,0x20010101,0x10b0101,0x1100101,0x1010101,0x101010d
.4byte 0xd010101,0x1010101,0x10d0101,0x1010101,0x1010109,0x1010303,0x1010801,0xe010101
.4byte 0x1010101,0x10d0101,0x1010101,0x101010e,0x1100101,0x1090101,0x1210101,0x14a0101
.4byte 0x1200101,0x10a0101,0x1100101,0x1010101,0x101010d,0xd010101,0x1010101,0x10d0101
.4byte 0x1010101,0x1010109,0x1010303,0x1010801,0xe010101,0x1010101,0x10d0101,0x1010101
.4byte 0x101010e,0x1100101,0x1090101,0x1210101,0x14a0101,0x1210101,0x1090101,0x1100101
.4byte 0x1010101,0x101010d,0xd010101,0x1010101,0x10d0101,0x1010101,0x1010109,0x1010303
.4byte 0x1010801,0xe010101,0x1010101,0x10d0101,0x1010101,0x101010e,0x1100101,0x1080101
.4byte 0x1220101,0x14a0101,0x1210101,0x1090101,0x1100101,0x1010101,0x101010d,0xd010101
.4byte 0x1010101,0x10d0101,0x1010101,0x1010109,0x1010303,0x1010801,0xe010101,0x1010101
.4byte 0x10d0101,0x1010101,0x101010e,0x1100101,0x1080101,0x1220101,0x14a0101,0x1220101
.4byte 0x1080101,0x1100101,0x1010101,0x101010d,0xd010101,0x1010101,0x10d0101,0x1010101
.4byte 0x1010109,0x1010303,0x1011d01,0x1010e01,0xe010101,0x1010101,0x1011a01,0x1011001
.4byte 0x1017001,0x1010f01,0x1011c01,0x10d0101,0x1010101,0x1010e01,0x1011d01,0x1030301
.4byte 0x1060101,0x1010101,0x10e0101,0x1010101,0x1010d01,0xe010101,0x1010101,0x1011001
.4byte 0x1010601,0x1011101,0x1010601,0x1016701,0x1011001,0x1010701,0x1011001,0xd010101
.4byte 0x1010101,0x10d0101,0x1010101,0x1010d01,0xf010101,0x1010103,0x1010109,0x1010e01
.4byte 0x1010101,0x101010d,0x10e0101,0x1010101,0x1010110,0x12010106,0x6010101,0x67010101
.4byte 0x11010101,0x6010101,0x10010101,0x1010101,0x1010d01,0x1010101,0x101010d,0xd010101
.4byte 0x1010101,0x1030f01,0x1090101,0xe010101,0x1010101,0x10d0101,0x1010101,0x101010e
.4byte 0x1100101,0x1050101,0x1120101,0x1060101,0x1670101,0x1120101,0x1010601,0x1011001
.4byte 0xd010101,0x1010101,0x10d0101,0x1010101,0x1010d01,0xf010101,0x1010103,0x1010106
.4byte 0x1010101,0x101010e,0xd010101,0x1010101,0x1010e01,0x10010101,0x5010101,0x1130101
.4byte 0x1060101,0x1670101,0x1120101,0x1050101,0x1100101,0x1010101,0x101010d,0xd010101
.4byte 0x1010101,0x10d0101,0x1010101,0x101030f,0x1010601,0x1010101,0x1010e01,0x1010101
.4byte 0x101010d,0x10e0101,0x1010101,0x1010110,0x1010104,0x1010113,0x1010106,0x1010167
.4byte 0x1010112,0x1010105,0x1010110,0x10d0101,0x1010101,0x1010d01,0x1010101,0x101010d
.4byte 0x30f0101,0x9010101,0x1010101,0x101010e,0xd010101,0x1010101,0x1010e01,0x10010101
.4byte 0x4010101,0x13010101,0x6010101,0x67010101,0x13010101,0x4010101,0x10010101,0x1010101
.4byte 0x1010d01,0x1010101,0x101010d,0xd010101,0x1010101,0x1030f01,0x1090101,0xe010101
.4byte 0x1010101,0x10d0101,0x1010101,0x101010e,0x1100101,0x1030101,0x1140101,0x1060101
.4byte 0x1670101,0x1130101,0x1040101,0x1100101,0x1010101,0x101010d,0xd010101,0x1010101
.4byte 0x10d0101,0x1010101,0x101030f,0x1010601,0x1010101,0x1010e01,0x1010101,0x101010d
.4byte 0x10e0101,0x1010101,0x1010110,0x1010103,0x1010114,0x1010106,0x1010167,0x1010114
.4byte 0x1010103,0x1010110,0x10d0101,0x1010101,0x1010d01,0x1010101,0x101010d,0x30f0101
.4byte 0x6010101,0x1010101,0xe010101,0x1010101,0x10d0101,0x1010101,0x101010e,0x1100101
.4byte 0x1020101,0x1150101,0x1060101,0x1670101,0x1140101,0x1030101,0x1100101,0x1010101
.4byte 0x101010d,0xd010101,0x1010101,0x10d0101,0x1010101,0x101030f,0x1010901,0x10e0101
.4byte 0x1010101,0x1010d01,0xe010101,0x1010101,0x1011001,0x1010201,0x1011501,0x1010601
.4byte 0x1016701,0x1011501,0x1010201,0x1011001,0xd010101,0x1010101,0x10d0101,0x1010101
.4byte 0x1010d01,0xf010101,0x1010103,0x1010109,0x1010e01,0x1010101,0x101010d,0x10e0101
.4byte 0x1010101,0x1010110,0x1010101,0x1010116,0x1010106,0x1010167,0x1010115,0x1010102
.4byte 0x1010110,0x10d0101,0x1010101,0x1010d01,0x1010101,0x101010d,0x30f0101,0x6010101
.4byte 0x1010101,0xe010101,0x1010101,0x10d0101,0x1010101,0x101010e,0x1100101,0x1010101
.4byte 0x1160101,0x1060101,0x1670101,0x1160101,0x1010101,0x1100101,0x1010101,0x101010d
.4byte 0xd010101,0x1010101,0x10d0101,0x1010101,0x101030f,0x1010601,0x1010101,0x1010e01
.4byte 0x1010101,0x101010d,0x10e0101,0x1010101,0x1010110,0x17010101,0x6010101,0x67010101
.4byte 0x16010101,0x1010101,0x10010101,0x1010101,0x1010d01,0x1010101,0x101010d,0xd010101
.4byte 0x1010101,0x1030f01,0x1090101,0xe010101,0x1010101,0x10d0101,0x1010101,0x101010e
.4byte 0x1100101,0x1010101,0x1011701,0x1010601,0x1016701,0x1011701,0x1010101,0x1010110
.4byte 0x10d0101,0x1010101,0x1010d01,0x1010101,0x101010d,0x30f0101,0x9010101,0x1010101
.4byte 0x101010e,0xd010101,0x1010101,0x1010e01,0x10010101,0x1010101,0x1011801,0x1010601
.4byte 0x1016701,0x1011701,0x1010101,0x1010110,0x10d0101,0x1010101,0x1010d01,0x1010101
.4byte 0x101010d,0x30f0101,0x6010101,0x1010101,0xe010101,0x1010101,0x10d0101,0x1010101
.4byte 0x101010e,0x1100101,0x1010101,0x1010118,0x1010106,0x1010167,0x1010118,0x1100101
.4byte 0x1010101,0x101010d,0xd010101,0x1010101,0x10d0101,0x1010101,0x101030f,0x1010601
.4byte 0x1010101,0x1010e01,0x1010101,0x101010d,0x10e0101,0x1010101,0x1010110,0x1180101
.4byte 0x1060101,0x1670101,0x1180101,0x1010101,0x1010110,0x10d0101,0x1010101,0x1010d01
.4byte 0x1010101,0x101010d,0x30f0101,0x9010101,0x1010101,0x101010e,0xd010101,0x1010101
.4byte 0x1010e01,0x10010101,0x1010101,0x1010119,0x1010106,0x1010167,0x1010118,0x1100101
.4byte 0x1010101,0x101010d,0xd010101,0x1010101,0x10d0101,0x1010101,0x101030f,0x1010901
.4byte 0x10e0101,0x1010101,0x1010d01,0xe010101,0x1010101,0x1011001,0x1011a01,0x1010601
.4byte 0x1016701,0x1011901,0x1100101,0x1010101,0x101010d,0xd010101,0x1010101,0x10d0101
.4byte 0x1010101,0x101030f,0x1010601,0x1010101,0x1010e01,0x1010101,0x101010d,0x10e0101
.4byte 0x1010101,0x1010110,0x101011a,0x1010106,0x1010167,0x101011a,0x1010110,0x10d0101
.4byte 0x1010101,0x1010d01,0x1010101,0x101010d,0x30f0101,0x6010101,0x1010101,0xe010101
.4byte 0x1010101,0x10d0101,0x1010101,0x101010e,0x1100101,0x1011b01,0x1010601,0x1016701
.4byte 0x1011a01,0x1011001,0xd010101,0x1010101,0x10d0101,0x1010101,0x1010d01,0xf010101
.4byte 0x1010103,0x1010109,0x1010e01,0x1010101,0x101010d,0x10e0101,0x1010101,0x1b010110
.4byte 0x6010101,0x67010101,0x1a010101,0x10010101,0x1010101,0x1010d01,0x1010101,0x101010d
.4byte 0xd010101,0x1010101,0x1030f01,0x1090101,0xe010101,0x1010101,0x10d0101,0x1010101
.4byte 0x101010e,0x10f0101,0x11b0101,0x1060101,0x1670101,0x11a0101,0x1100101,0x1010101
.4byte 0x101010d,0xd010101,0x1010101,0x10d0101,0x1010101,0x101030f,0x1010601,0x1010101
.4byte 0x1010e01,0x1010101,0x101010d,0x10e0101,0x1010101,0x101010f,0x101011b,0x1010106
.4byte 0x1010167,0x101011b,0x101010f,0x10d0101,0x1010101,0x1010d01,0x1010101,0x101010d
.4byte 0x30f0101,0x6010101,0x1010101,0xe010101,0x1010101,0x10d0101,0x1010101,0x101010e
.4byte 0x10e0101,0x11c0101,0x1060101,0x1670101,0x11b0101,0x10f0101,0x1010101,0x101010d
.4byte 0xd010101,0x1010101,0x10d0101,0x1010101,0x101030f,0x1010901,0x10e0101,0x1010101
.4byte 0x1010d01,0xe010101,0x1010101,0x1010e01,0x1011c01,0x1010601,0x1016701,0x1011c01
.4byte 0x101010f,0x10d0101,0x1010101,0x1010d01,0x1010101,0x101010d,0x30f0101,0x9010101
.4byte 0x1010101,0x101010e,0xd010101,0x1010101,0x1010e01,0xe010101,0x1c010101,0x6010101
.4byte 0x67010101,0x1c010101,0xe010101,0x1010101,0x1010d01,0x1010101,0x101010d,0xd010101
.4byte 0x1010101,0x1030f01,0x1060101,0x1010101,0x10e0101,0x1010101,0x1010d01,0xe010101
.4byte 0x1010101,0x1010d01,0x1011d01,0x1010601,0x1016701,0x1011c01,0x1010e01,0xd010101
.4byte 0x1010101,0x10d0101,0x1010101,0x1010d01,0xf010101,0x1010103,0x1010106,0x1010101
.4byte 0x101010e,0xd010101,0x1010101,0x1010e01,0xd010101,0x1d010101,0x6010101,0x67010101
.4byte 0x1d010101,0xd010101,0x1010101,0x1010d01,0x1010101,0x101010d,0xd010101,0x1010101
.4byte 0x1030f01,0x1090101,0xe010101,0x1010101,0x10d0101,0x1010101,0x101010e,0x10d0101
.4byte 0x1011e01,0x1010601,0x1016701,0x1011d01,0x1010d01,0xd010101,0x1010101,0x10d0101
.4byte 0x1010101,0x1010d01,0xf010101,0x1010103,0x1010109,0x1010e01,0x1010101,0x101010d
.4byte 0x10e0101,0x1010101,0x101010c,0x101011e,0x1010106,0x1010167,0x101011d,0x101010d
.4byte 0x10d0101,0x1010101,0x1010d01,0x1010101,0x101010d,0x30f0101,0x6010101,0x1010101
.4byte 0xe010101,0x1010101,0x10d0101,0x1010101,0x101010e,0x10c0101,0x11e0101,0x1060101
.4byte 0x1670101,0x11e0101,0x10c0101,0x1010101,0x101010d,0xd010101,0x1010101,0x10d0101
.4byte 0x1010101,0x101030f,0x1010601,0x1010101,0x1010e01,0x1010101,0x101010d,0x10e0101
.4byte 0x1010101,0x101010b,0x101011f,0x1010106,0x1010167,0x101011e,0x101010c,0x10d0101
.4byte 0x1010101,0x1010d01,0x1010101,0x101010d,0x30f0101,0x9010101,0x1010101,0x101010e
.4byte 0xd010101,0x1010101,0x1010e01,0xb010101,0x1f010101,0x6010101,0x67010101,0x1f010101
.4byte 0x10c0101,0x1010101,0x101010d,0xd010101,0x1010101,0x10d0101,0x1010101,0x101030f
.4byte 0x1010901,0x10e0101,0x1010101,0x1010d01,0xe010101,0x1010101,0x1010b01,0x1011f01
.4byte 0x1010601,0x1016701,0x1011f01,0x1010b01,0xd010101,0x1010101,0x10d0101,0x1010101
.4byte 0x1010d01,0xf010101,0x1010103,0x1010106,0x1010101,0x101010e,0xd010101,0x1010101
.4byte 0x1010e01,0xa010101,0x20010101,0x6010101,0x67010101,0x1f010101,0xb010101,0x1010101
.4byte 0x1010d01,0x1010101,0x101010d,0xd010101,0x1010101,0x1030f01,0x1060101,0x1010101
.4byte 0x10e0101,0x1010101,0x1010d01,0xe010101,0x1010101,0x1010a01,0x1012001,0x1010601
.4byte 0x1016701,0x1012001,0x101010b,0x10d0101,0x1010101,0x1010d01,0x1010101,0x101010d
.4byte 0x30f0101,0x9010101,0x1010101,0x101010e,0xd010101,0x1010101,0x1010e01,0xa010101
.4byte 0x20010101,0x6010101,0x67010101,0x20010101,0xa010101,0x1010101,0x1010d01,0x1010101
.4byte 0x101010d,0xd010101,0x1010101,0x1030f01,0x1090101,0xe010101,0x1010101,0x10d0101
.4byte 0x1010101,0x101010e,0x1090101,0x1210101,0x1060101,0x1670101,0x1200101,0x10a0101
.4byte 0x1010101,0x101010d,0xd010101,0x1010101,0x10d0101,0x1010101,0x101030f,0x1010601
.4byte 0x1010101,0x1010e01,0x1010101,0x101010d,0x10e0101,0x1010101,0x1010109,0x1010121
.4byte 0x1010106,0x1010167,0xa010121,0x1010101,0x1010d01,0x1010101,0x101010d,0xd010101
.4byte 0x1010101,0x1030f01,0x11d0101,0x10f0101,0x11d0101,0x1090101,0x10b0101,0x10a0101
.4byte 0x10b0101,0x10a0101,0x10b0101,0x10a0101,0x10b0101,0x10a0101,0x10b0101,0x10a0101
.4byte 0x10b0101,0x10a0101,0x10a0101,0x11c0101,0xf010101,0x1d010101,0x3010101,0x1010103
.4byte 0x101011d,0x101010f,0x101011c,0x101010a,0x101010b,0x101010a,0x101010b,0x101010a
.4byte 0x101010b,0x101010a,0x101010b,0x101010a,0x101010b,0x101010a,0x101010b,0x101010a
.4byte 0x101010a,0x101011c,0x1010f01,0x1011d01,0x1030301,0x1080101,0x1010101,0x101010e
.4byte 0xd010101,0x1010101,0x1010110,0x1010801,0x1010a01,0x1010b01,0x1010a01,0x1010b01
.4byte 0x1010a01,0x1010b01,0x1010a01,0x1010b01,0x1010a01,0x1010b01,0x1010a01,0x1010b01
.4byte 0x1010a01,0x1010b01,0x1010109,0x1010110,0x10d0101,0x1010101,0x1010d01,0x9010101
.4byte 0x3010101,0x1010103,0x1010108,0x10e0101,0x1010101,0x1010d01,0x1100101,0x7010101
.4byte 0x1010101,0x101010a,0x101010b,0x101010a,0x101010b,0x101010a,0x101010b,0x101010a
.4byte 0x101010b,0x101010a,0x101010b,0x101010a,0x101010b,0x101010a,0x101010b,0x1010108
.4byte 0x1010110,0x10d0101,0x1010101,0x1010d01,0x9010101,0x3010101,0x1010103,0x1010108
.4byte 0x10e0101,0x1010101,0x1010d01,0x1100101,0x7010101,0x1010101,0x101010a,0x101010b
.4byte 0x101010a,0x101010b,0x101010a,0x101010b,0x101010a,0x101010b,0x101010a,0x101010b
.4byte 0x101010a,0x101010b,0x101010a,0x101010b,0x1010108,0x1010110,0x10d0101,0x1010101
.4byte 0x1010d01,0x9010101,0x3010101,0x1010103,0x1010108,0x10e0101,0x1010101,0x1010d01
.4byte 0x1100101,0x7010101,0x1010101,0x101010a,0x101010b,0x101010a,0x101010b,0x101010a
.4byte 0x101010b,0x101010a,0x101010b,0x101010a,0x101010b,0x101010a,0x101010b,0x101010a
.4byte 0x101010b,0x1010108,0x1010110,0x10d0101,0x1010101,0x1010d01,0x9010101,0x3010101
.4byte 0x1010103,0x1010108,0x10e0101,0x1010101,0x1010d01,0x1100101,0x7010101,0x1010101
.4byte 0x101010a,0x101010b,0x101010a,0x101010b,0x101010a,0x101010b,0x101010a,0x101010b
.4byte 0x101010a,0x101010b,0x101010a,0x101010b,0x101010a,0x101010b,0x1010701,0x1011001
.4byte 0xd010101,0x1010101,0x10d0101,0x1010101,0x1010109,0x1010303,0x1010801,0xe010101
.4byte 0x1010101,0x10d0101,0x10010101,0x1010101,0x1010106,0x10a0101,0x10b0101,0x10a0101
.4byte 0x10b0101,0x10a0101,0x10b0101,0x10a0101,0x10b0101,0x10a0101,0x10b0101,0x10a0101
.4byte 0x10b0101,0x10a0101,0x10b0101,0x7010101,0x10010101,0x1010101,0x1010d01,0x1010101
.4byte 0x101010d,0x1090101,0x3030101,0x8010101,0x1010101,0x1010e01,0x1010101,0x101010d
.4byte 0x1011001,0x1060101,0x1010101,0x101010a,0x101010b,0x101010a,0x101010b,0x101010a
.4byte 0x101010b,0x101010a,0x101010b,0x101010a,0x101010b,0x101010a,0x101010b,0x101010a
.4byte 0x101010b,0x1010701,0x1011001,0xd010101,0x1010101,0x10d0101,0x1010101,0x1010109
.4byte 0x1010303,0x1010801,0xe010101,0x1010101,0x10d0101,0x10010101,0x1010101,0x1010106
.4byte 0x10a0101,0x10b0101,0x10a0101,0x10b0101,0x10a0101,0x10b0101,0x10a0101,0x10b0101
.4byte 0x10a0101,0x10b0101,0x10a0101,0x10b0101,0x10a0101,0x10b0101,0x7010101,0x10010101
.4byte 0x1010101,0x1010d01,0x1010101,0x101010d,0x1090101,0x3030101,0x8010101,0x1010101
.4byte 0x1010e01,0x1010101,0x101010d,0x1011001,0x1060101,0x1010101,0x101010a,0x101010b
.4byte 0x101010a,0x101010b,0x101010a,0x101010b,0x101010a,0x101010b,0x101010a,0x101010b
.4byte 0x101010a,0x101010b,0x101010a,0x101010b,0x1060101,0x1100101,0x1010101,0x101010d
.4byte 0xd010101,0x1010101,0x1010901,0x1030301,0x1080101,0x1010101,0x101010e,0xd010101
.4byte 0x1010101,0x1010110,0x1010501,0x1010101,0x101010a,0x101010b,0x101010a,0x101010b
.4byte 0x101010a,0x101010b,0x101010a,0x101010b,0x101010a,0x101010b,0x101010a,0x101010b
.4byte 0x101010a,0x101010b,0x1060101,0x1100101,0x1010101,0x101010d,0xd010101,0x1010101
.4byte 0x1010901,0x1030301,0x1080101,0x1010101,0x101010e,0xd010101,0x1010101,0x1010110
.4byte 0x1010501,0x1010101,0x101010a,0x101010b,0x101010a,0x101010b,0x101010a,0x101010b
.4byte 0x101010a,0x101010b,0x101010a,0x101010b,0x101010a,0x101010b,0x101010a,0x101010b
.4byte 0x1060101,0x1100101,0x1010101,0x101010d,0xd010101,0x1010101,0x1010901,0x1030301
.4byte 0x1080101,0x1010101,0x101010e,0xd010101,0x1010101,0x1010110,0x1010501,0x1010101
.4byte 0x101010a,0x101010b,0x101010a,0x101010b,0x101010a,0x101010b,0x101010a,0x101010b
.4byte 0x101010a,0x101010b,0x101010a,0x101010b,0x101010a,0x101010b,0x5010101,0x10010101
.4byte 0x1010101,0x1010d01,0x1010101,0x101010d,0x1090101,0x3030101,0x8010101,0x1010101
.4byte 0x1010e01,0x1010101,0x101010d,0x1011001,0x1040101,0x1010101,0x10a0101,0x10b0101
.4byte 0x10a0101,0x10b0101,0x10a0101,0x10b0101,0x10a0101,0x10b0101,0x10a0101,0x10b0101
.4byte 0x10a0101,0x10b0101,0x10a0101,0x10b0101,0x1010101,0x1010501,0x1011001,0xd010101
.4byte 0x1010101,0x10d0101,0x1010101,0x1010109,0x1010303,0x1010801,0xe010101,0x1010101
.4byte 0x10d0101,0x10010101,0x1010101,0x1010104,0x1010101,0x101010a,0x101010b,0x101010a
.4byte 0x101010b,0x101010a,0x101010b,0x101010a,0x101010b,0x101010a,0x101010b,0x101010a
.4byte 0x101010b,0x101010a,0x101010b,0x5010101,0x10010101,0x1010101,0x1010d01,0x1010101
.4byte 0x101010d,0x1090101,0x3030101,0x8010101,0x1010101,0x1010e01,0x1010101,0x101010d
.4byte 0x1011001,0x1040101,0x1010101,0x10a0101,0x10b0101,0x10a0101,0x10b0101,0x10a0101
.4byte 0x10b0101,0x10a0101,0x10b0101,0x10a0101,0x10b0101,0x10a0101,0x10b0101,0x10a0101
.4byte 0x10b0101,0x1010101,0x1010501,0x1011001,0xd010101,0x1010101,0x10d0101,0x1010101
.4byte 0x1010109,0x1010303,0x1010801,0xe010101,0x1010101,0x10d0101,0x10010101,0x1010101
.4byte 0x2010104,0xa010101,0xb010101,0xa010101,0xb010101,0xa010101,0xb010101,0xa010101
.4byte 0xb010101,0xa010101,0xb010101,0xa010101,0xb010101,0xa010101,0xb010101,0x1010101
.4byte 0x4010101,0x10010101,0x1010101,0x1010d01,0x1010101,0x101010d,0x1090101,0x3030101
.4byte 0x8010101,0x1010101,0x1010e01,0x1010101,0x101010d,0x1011001,0x1030101,0x1020101
.4byte 0x10a0101,0x10b0101,0x10a0101,0x10b0101,0x10a0101,0x10b0101,0x10a0101,0x10b0101
.4byte 0x10a0101,0x10b0101,0x10a0101,0x10b0101,0x10a0101,0x10b0101,0x1010101,0x1040101
.4byte 0x1100101,0x1010101,0x101010d,0xd010101,0x1010101,0x1010901,0x1030301,0x1080101
.4byte 0x1010101,0x101010e,0xd010101,0x1010101,0x1010110,0x1010301,0x1010201,0x1010a01
.4byte 0x1010b01,0x1010a01,0x1010b01,0x1010a01,0x1010b01,0x1010a01,0x1010b01,0x1010a01
.4byte 0x1010b01,0x1010a01,0x1010b01,0x1010a01,0x1010b01,0x1010201,0x1010104,0x1010110
.4byte 0x10d0101,0x1010101,0x1010d01,0x9010101,0x3010101,0x1010103,0x1010108,0x10e0101
.4byte 0x1010101,0x1010d01,0x1100101,0x3010101,0x2010101,0xa010101,0xb010101,0xa010101
.4byte 0xb010101,0xa010101,0xb010101,0xa010101,0xb010101,0xa010101,0xb010101,0xa010101
.4byte 0xb010101,0xa010101,0xb010101,0x2010101,0x3010101,0x10010101,0x1010101,0x1010d01
.4byte 0x1010101,0x101010d,0x1090101,0x3030101,0x8010101,0x1010101,0x1010e01,0x1010101
.4byte 0x101010d,0x1011001,0x1020101,0x1030101,0x10a0101,0x10b0101,0x10a0101,0x10b0101
.4byte 0x10a0101,0x10b0101,0x10a0101,0x10b0101,0x10a0101,0x10b0101,0x10a0101,0x10b0101
.4byte 0x10a0101,0x10b0101,0x1020101,0x1030101,0x1100101,0x1010101,0x101010d,0xd010101
.4byte 0x1010101,0x1010901,0x1030301,0x1080101,0x1010101,0x101010e,0xd010101,0x1010101
.4byte 0x1010110,0x1010201,0x1010301,0x1010a01,0x1010b01,0x1010a01,0x1010b01,0x1010a01
.4byte 0x1010b01,0x1010a01,0x1010b01,0x1010a01,0x1010b01,0x1010a01,0x1010b01,0x1010a01
.4byte 0x1010b01,0x1010201,0x1010301,0x1011001,0xd010101,0x1010101,0x10d0101,0x1010101
.4byte 0x1010109,0x1010303,0x1010801,0xe010101,0x1010101,0x10d0101,0x10010101,0x1010101
.4byte 0x1010102,0x1010103,0x101010a,0x101010b,0x101010a,0x101010b,0x101010a,0x101010b
.4byte 0x101010a,0x101010b,0x101010a,0x101010b,0x101010a,0x101010b,0x101010a,0x101010b
.4byte 0x3010103,0x10010101,0x1010101,0x1010d01,0x1010101,0x101010d,0x1090101,0x3030101
.4byte 0x8010101,0x1010101,0x1010e01,0x1010101,0x101010d,0x1011001,0x1020101,0x1030101
.4byte 0x10a0101,0x10b0101,0x10a0101,0x10b0101,0x10a0101,0x10b0101,0x10a0101,0x10b0101
.4byte 0x10a0101,0x10b0101,0x10a0101,0x10b0101,0x10a0101,0x10b0101,0x1030101,0x1020101
.4byte 0x1100101,0x1010101,0x101010d,0xd010101,0x1010101,0x1010901,0x1030301,0x1080101
.4byte 0x1010101,0x101010e,0xd010101,0x1010101,0x1010110,0x1010101,0x1010401,0x1010a01
.4byte 0x1010b01,0x1010a01,0x1010b01,0x1010a01,0x1010b01,0x1010a01,0x1010b01,0x1010a01
.4byte 0x1010b01,0x1010a01,0x1010b01,0x1010a01,0x1010b01,0x1010301,0x1010201,0x1011001
.4byte 0xd010101,0x1010101,0x10d0101,0x1010101,0x1010109,0x1010303,0x1010801,0xe010101
.4byte 0x1010101,0x10d0101,0x10010101,0x1010101,0x1010101,0x1010104,0x101010a,0x101010b
.4byte 0x101010a,0x101010b,0x101010a,0x101010b,0x101010a,0x101010b,0x101010a,0x101010b
.4byte 0x101010a,0x101010b,0x101010a,0x101010b,0x1010103,0x1010102,0x1010110,0x10d0101
.4byte 0x1010101,0x1010d01,0x9010101,0x3010101,0x1010103,0x1010108,0x10e0101,0x1010101
.4byte 0x1010d01,0x1100101,0x1010101,0x4010101,0xa010101,0xb010101,0xa010101,0xb010101
.4byte 0xa010101,0xb010101,0xa010101,0xb010101,0xa010101,0xb010101,0xa010101,0xb010101
.4byte 0xa010101,0xb010101,0x4010101,0x1020101,0x1100101,0x1010101,0x101010d,0xd010101
.4byte 0x1010101,0x1010901,0x1030301,0x1080101,0x1010101,0x101010e,0xd010101,0x1010101
.4byte 0x1010110,0x1010101,0x1010401,0x1010a01,0x1010b01,0x1010a01,0x1010b01,0x1010a01
.4byte 0x1010b01,0x1010a01,0x1010b01,0x1010a01,0x1010b01,0x1010a01,0x1010b01,0x1010a01
.4byte 0x1010b01,0x1010401,0x1010101,0x1011001,0xd010101,0x1010101,0x10d0101,0x1010101
.4byte 0x1010109,0x1010303,0x1010801,0xe010101,0x1010101,0x10d0101,0x10010101,0x1010101
.4byte 0x5010101,0xa010101,0xb010101,0xa010101,0xb010101,0xa010101,0xb010101,0xa010101
.4byte 0xb010101,0xa010101,0xb010101,0xa010101,0xb010101,0xa010101,0xb010101,0x4010101
.4byte 0x1010101,0x10010101,0x1010101,0x1010d01,0x1010101,0x101010d,0x1090101,0x3030101
.4byte 0x8010101,0x1010101,0x1010e01,0x1010101,0x101010d,0x1011001,0x1010101,0x1010501
.4byte 0x1010a01,0x1010b01,0x1010a01,0x1010b01,0x1010a01,0x1010b01,0x1010a01,0x1010b01
.4byte 0x1010a01,0x1010b01,0x1010a01,0x1010b01,0x1010a01,0x1010b01,0x1010401,0x1010101
.4byte 0x1011001,0xd010101,0x1010101,0x10d0101,0x1010101,0x1010109,0x1010303,0x1010801
.4byte 0xe010101,0x1010101,0x10d0101,0x10010101,0x1010101,0x5010101,0xa010101,0xb010101
.4byte 0xa010101,0xb010101,0xa010101,0xb010101,0xa010101,0xb010101,0xa010101,0xb010101
.4byte 0xa010101,0xb010101,0xa010101,0xb010101,0x5010101,0x1010101,0x1100101,0x1010101
.4byte 0x101010d,0xd010101,0x1010101,0x1010901,0x1030301,0x1080101,0x1010101,0x101010e
.4byte 0xd010101,0x1010101,0x1010110,0x1010101,0x1010105,0x101010a,0x101010b,0x101010a
.4byte 0x101010b,0x101010a,0x101010b,0x101010a,0x101010b,0x101010a,0x101010b,0x101010a
.4byte 0x101010b,0x101010a,0x101010b,0x1010105,0x10010101,0x1010101,0x1010d01,0x1010101
.4byte 0x101010d,0x1090101,0x3030101,0x8010101,0x1010101,0x1010e01,0x1010101,0x101010d
.4byte 0x1011001,0x1010101,0x1010106,0x101010a,0x101010b,0x101010a,0x101010b,0x101010a
.4byte 0x101010b,0x101010a,0x101010b,0x101010a,0x101010b,0x101010a,0x101010b,0x101010a
.4byte 0x101010b,0x1010105,0x10010101,0x1010101,0x1010d01,0x1010101,0x101010d,0x1090101
.4byte 0x3030101,0x8010101,0x1010101,0x1010e01,0x1010101,0x101010d,0x1011001,0x1010101
.4byte 0x1010106,0x101010a,0x101010b,0x101010a,0x101010b,0x101010a,0x101010b,0x101010a
.4byte 0x101010b,0x101010a,0x101010b,0x101010a,0x101010b,0x101010a,0x101010b,0x1010105
.4byte 0x10010101,0x1010101,0x1010d01,0x1010101,0x101010d,0x1090101,0x3030101,0x8010101
.4byte 0x1010101,0x1010e01,0x1010101,0x101010d,0x1011001,0x1010101,0x1010106,0x101010a
.4byte 0x101010b,0x101010a,0x101010b,0x101010a,0x101010b,0x101010a,0x101010b,0x101010a
.4byte 0x101010b,0x101010a,0x101010b,0x101010a,0x101010b,0x1010106,0x1100101,0x1010101
.4byte 0x101010d,0xd010101,0x1010101,0x1010901,0x1030301,0x1080101,0x1010101,0x101010e
.4byte 0xd010101,0x1010101,0x1010110,0x6010101,0xa010101,0xb010101,0xa010101,0xb010101
.4byte 0xa010101,0xb010101,0xa010101,0xb010101,0xa010101,0xb010101,0xa010101,0xb010101
.4byte 0xa010101,0xb010101,0x6010101,0x1010101,0x1011001,0xd010101,0x1010101,0x10d0101
.4byte 0x1010101,0x1010109,0x1010303,0x1010801,0xe010101,0x1010101,0x10d0101,0x10010101
.4byte 0x1010101,0x1010701,0x1010a01,0x1010b01,0x1010a01,0x1010b01,0x1010a01,0x1010b01
.4byte 0x1010a01,0x1010b01,0x1010a01,0x1010b01,0x1010a01,0x1010b01,0x1010a01,0x1010b01
.4byte 0x1010601,0x10010101,0x1010101,0x1010d01,0x1010101,0x101010d,0x1090101,0x3030101
.4byte 0x8010101,0x1010101,0x1010e01,0x1010101,0x101010d,0x1011001,0x7010101,0xa010101
.4byte 0xb010101,0xa010101,0xb010101,0xa010101,0xb010101,0xa010101,0xb010101,0xa010101
.4byte 0xb010101,0xa010101,0xb010101,0xa010101,0xb010101,0x6010101,0x1010101,0x1011001
.4byte 0xd010101,0x1010101,0x10d0101,0x1010101,0x1010109,0x1010303,0x1010801,0xe010101
.4byte 0x1010101,0x10d0101,0x10010101,0x1010101,0x1010701,0x1010a01,0x1010b01,0x1010a01
.4byte 0x1010b01,0x1010a01,0x1010b01,0x1010a01,0x1010b01,0x1010a01,0x1010b01,0x1010a01
.4byte 0x1010b01,0x1010a01,0x1010b01,0x1010601,0x10010101,0x1010101,0x1010d01,0x1010101
.4byte 0x101010d,0x1090101,0x3030101,0x8010101,0x1010101,0x1010e01,0x1010101,0x101010d
.4byte 0x1011001,0x7010101,0xa010101,0xb010101,0xa010101,0xb010101,0xa010101,0xb010101
.4byte 0xa010101,0xb010101,0xa010101,0xb010101,0xa010101,0xb010101,0xa010101,0xb010101
.4byte 0x7010101,0x1010101,0x1010110,0x10d0101,0x1010101,0x1010d01,0x9010101,0x3010101
.4byte 0x1010103,0x1010108,0x10e0101,0x1010101,0x1010d01,0x1100101,0x1010101,0x1010107
.4byte 0x101010a,0x101010b,0x101010a,0x101010b,0x101010a,0x101010b,0x101010a,0x101010b
.4byte 0x101010a,0x101010b,0x101010a,0x101010b,0x101010a,0x101010b,0x1010107,0x1011001
.4byte 0xd010101,0x1010101,0x10d0101,0x1010101,0x1010109,0x1010303,0x1011d01,0x1010f01
.4byte 0x1011001,0x17010101,0x1010101,0x1210101,0x22010101,0x1010101,0x1220101,0x1220101
.4byte 0x1010101,0x1011601,0x1110101,0xf010101,0x1d010101,0x3010101,0x1010103,0x101011d
.4byte 0x101010f,0x1010110,0x1170101,0x1010101,0x1012101,0x1220101,0x1010101,0x1012201
.4byte 0x1012201,0x1010101,0x1010117,0x10f0101,0xf010101,0x1d010101,0x3010101,0x101010f
.4byte 0x1010e01,0x1010101,0x101010d,0x1011001,0x17010101,0x1010101,0x1210101,0x22010101
.4byte 0x1010101,0x1220101,0x1220101,0x1010101,0x1011601,0x10010101,0x1010101,0x1010d01
.4byte 0x1010101,0x101010d,0xf0f0101,0x1010101,0x101010e,0xd010101,0x1010101,0x1010110
.4byte 0x1170101,0x1010101,0x1012101,0x1220101,0x1010101,0x1012201,0x1012201,0x1010101
.4byte 0x1010116,0xf010101,0x1010101,0x1010d01,0x1010101,0x101010d,0xf0f0101,0x1010101
.4byte 0x101010e,0xd010101,0x1010101,0x1010110,0x1170101,0x1010101,0x1012101,0x1220101
.4byte 0x1010101,0x1012201,0x1012201,0x1010101,0x1010117,0x10f0101,0x1010101,0x101010d
.4byte 0xd010101,0x1010101,0x10f0f01,0xe010101,0x1010101,0x10d0101,0x10010101,0x1010101
.4byte 0x1011701,0x1010101,0x1010121,0x1012201,0x1010101,0x1010122,0x1010122,0x17010101
.4byte 0x1010101,0x1010f01,0xd010101,0x1010101,0x10d0101,0x1010101,0x1010f0f,0x10e0101
.4byte 0x1010101,0x1010d01,0x1100101,0x1010101,0x1010117,0x21010101,0x1010101,0x1010122
.4byte 0x22010101,0x22010101,0x1010101,0x1170101,0x10010101,0x1010101,0x1010d01,0x1010101
.4byte 0x101010d,0xf0f0101,0x1010101,0x101010e,0xd010101,0x1010101,0x1010110,0x1170101
.4byte 0x1010101,0x1012101,0x1220101,0x1010101,0x1012201,0x1012201,0x1010101,0x1010118
.4byte 0x1010f01,0xd010101,0x1010101,0x10d0101,0x1010101,0x1010f0f,0x10e0101,0x1010101
.4byte 0x1010d01,0x10f0101,0x19010101,0x1010101,0x1210101,0x22010101,0x1010101,0x1220101
.4byte 0x1220101,0x1010101,0x1011901,0x1010f01,0xd010101,0x1010101,0x10d0101,0x1010101
.4byte 0x1010f0f,0x10e0101,0x1010101,0x1010d01,0x1100101,0x1190101,0x1010101,0x1012101
.4byte 0x1220101,0x1010101,0x1012201,0x1012201,0x1010101,0x1010118,0x1010f01,0xd010101
.4byte 0x1010101,0x10d0101,0x1010101,0x1010f0f,0x10e0101,0x1010101,0x1010d01,0x10e0101
.4byte 0x1010101,0x1010119,0x21010101,0x1010101,0x1010122,0x22010101,0x22010101,0x1010101
.4byte 0x1180101,0xf010101,0x1010101,0x1010d01,0x1010101,0x101010d,0xf0f0101,0x1010101
.4byte 0x101010e,0xd010101,0x1010101,0x101010e,0x1011a01,0x1010101,0x1010121,0x1012201
.4byte 0x1010101,0x1010122,0x1010122,0x18010101,0x1010101,0x10d0101,0x1010101,0x101010d
.4byte 0xd010101,0x1010101,0x10f0f01,0xe010101,0x1010101,0x10d0101,0xe010101,0x1010101
.4byte 0x101011a,0x21010101,0x1010101,0x1010122,0x22010101,0x22010101,0x1010101,0x1180101
.4byte 0x1010101,0x1010d01,0xd010101,0x1010101,0x10d0101,0x1010101,0x1010f0f,0x10e0101
.4byte 0x1010101,0x1010d01,0x10e0101,0x1a010101,0x1010101,0x1210101,0x22010101,0x1010101
.4byte 0x1220101,0x1220101,0x1010101,0x1011a01,0x10d0101,0x1010101,0x101010d,0xd010101
.4byte 0x1010101,0x10f0f01,0xe010101,0x1010101,0x10d0101,0xf010101,0x1a010101,0x1010101
.4byte 0x1210101,0x22010101,0x1010101,0x1220101,0x1220101,0x1010101,0x1011a01,0x1010e01
.4byte 0xd010101,0x1010101,0x10d0101,0x1010101,0x1010f0f,0x10e0101,0x1010101,0x1010d01
.4byte 0x10f0101,0x1190201,0x1010101,0x1012101,0x1220101,0x1010101,0x1012201,0x1012201
.4byte 0x1010101,0x1010119,0x1010e01,0xd010101,0x1010101,0x10d0101,0x1010101,0x1010f0f
.4byte 0x10e0101,0x1010101,0x1010d01,0x10d0101,0x1010101,0x1011901,0x1010101,0x1010121
.4byte 0x1012201,0x1010101,0x1010122,0x1010122,0x19010101,0x1010101,0x101010e,0x10d0101
.4byte 0x1010101,0x1010d01,0xf010101,0x101010f,0x1010e01,0x1010101,0x101010d,0x1010d01
.4byte 0x1010101,0x1010119,0x21010101,0x1010101,0x1010122,0x22010101,0x22010101,0x1010101
.4byte 0x1190101,0x1010101,0x1010c01,0xd010101,0x1010101,0x10d0101,0x1010101,0x1010f0f
.4byte 0x10e0101,0x1010101,0x1010d01,0x10d0101,0x1b010101,0x1010101,0x1210101,0x22010101
.4byte 0x1010101,0x1220101,0x1220101,0x1010101,0x1011901,0x1010101,0x101010c,0x10d0101
.4byte 0x1010101,0x1010d01,0xf010101,0x101010f,0x1010e01,0x1010101,0x101010d,0x1010d01
.4byte 0x11b0101,0x1010101,0x1012101,0x1220101,0x1010101,0x1012201,0x1012201,0x1010101
.4byte 0x101011a,0x10c0101,0x1010101,0x101010d,0xd010101,0x1010101,0x10f0f01,0xe010101
.4byte 0x1010101,0x10d0101,0xd010101,0x1010101,0x101011b,0x21010101,0x1010101,0x1010122
.4byte 0x22010101,0x22010101,0x1010101,0x11a0101,0xd010101,0x1010101,0x1010d01,0x1010101
.4byte 0x101010d,0xf0f0101,0x1010101,0x101010e,0xd010101,0x1010101,0x101010c,0x1a010101
.4byte 0x1010101,0x1210101,0x22010101,0x1010101,0x1220101,0x1220101,0x1010101,0x1011a01
.4byte 0x10d0101,0x1010101,0x101010d,0xd010101,0x1010101,0x10f0f01,0xe010101,0x1010101
.4byte 0x10d0101,0xc010101,0x1010101,0x11a0101,0x1010101,0x1012101,0x1220101,0x1010101
.4byte 0x1012201,0x1012201,0x1010101,0x101011a,0xb010101,0x1010101,0x1010d01,0x1010101
.4byte 0x101010d,0xf0f0101,0x1010101,0x101010e,0xd010101,0x1010101,0x101010c,0x1011c01
.4byte 0x1010101,0x1010121,0x1012201,0x1010101,0x1010122,0x1010122,0x1a010101,0x1010101
.4byte 0x10b0101,0x1010101,0x101010d,0xd010101,0x1010101,0x10f0f01,0xe010101,0x1010101
.4byte 0x10d0101,0xc010101,0x1010101,0x101011c,0x21010101,0x1010101,0x1010122,0x22010101
.4byte 0x22010101,0x1010101,0x11c0101,0xb010101,0x1010101,0x1010d01,0x1010101,0x101010d
.4byte 0xf0f0101,0x1010101,0x101010e,0xd010101,0x1010101,0x101010d,0x101011c,0x21010101
.4byte 0x1010101,0x1010122,0x22010101,0x22010101,0x1010101,0x11b0101,0xc010101,0x1010101
.4byte 0x1010d01,0x1010101,0x101010d,0xf0f0101,0x1010101,0x101010e,0xd010101,0x1010101
.4byte 0x101010d,0x101011c,0x21010101,0x1010101,0x1010122,0x22010101,0x22010101,0x1010101
.4byte 0x11b0101,0xc010101,0x1010101,0x1010d01,0x1010101,0x101010d,0xf0f0101,0x1010101
.4byte 0x101010e,0xd010101,0x1010101,0x101010b,0x1b010101,0x1010101,0x1210101,0x22010101
.4byte 0x1010101,0x1220101,0x1220101,0x1010101,0x1011b01,0x10c0101,0x1010101,0x101010d
.4byte 0xd010101,0x1010101,0x10f0f01,0xe010101,0x1010101,0x10d0101,0xb010101,0x1010101
.4byte 0x101011d,0x21010101,0x1010101,0x1010122,0x22010101,0x22010101,0x1010101,0x11b0101
.4byte 0x1010101,0x1010a01,0xd010101,0x1010101,0x10d0101,0x1010101,0x1010f0f,0x10e0101
.4byte 0x1010101,0x1010d01,0x10b0101,0x1010101,0x1011b01,0x1010101,0x1010121,0x1012201
.4byte 0x1010101,0x1010122,0x1010122,0x1b010101,0x1010101,0x101010c,0x10d0101,0x1010101
.4byte 0x1010d01,0xf010101,0x101010f,0x1010e01,0x1010101,0x101010d,0x1010b01,0x11d0101
.4byte 0x1010101,0x1012101,0x1220101,0x1010101,0x1012201,0x1012201,0x1010101,0x101011b
.4byte 0xa010101,0x1010101,0x1010d01,0x1010101,0x101010d,0xf0f0101,0x1010101,0x101010e
.4byte 0xd010101,0x1010101,0x101010b,0x1011d01,0x1010101,0x1010121,0x1012201,0x1010101
.4byte 0x1010122,0x1010122,0x1c010101,0x1010101,0x1010a01,0xd010101,0x1010101,0x10d0101
.4byte 0x1010101,0x1010f0f,0x10e0101,0x1010101,0x1010d01,0x10c0101,0x11d0101,0x1010101
.4byte 0x1012101,0x1220101,0x1010101,0x1012201,0x1012201,0x1010101,0x101011d,0x101010b
.4byte 0x10d0101,0x1010101,0x1010d01,0xf010101,0x101010f,0x1010e01,0x1010101,0x101010d
.4byte 0x1010c01,0x1011d01,0x1010101,0x1010121,0x1012201,0x1010101,0x1010122,0x1010122
.4byte 0x1c010101,0x1010101,0x101010b,0x10d0101,0x1010101,0x1010d01,0xf010101,0x101010f
.4byte 0x1010e01,0x1010101,0x101010d,0x1010a01,0x1d010101,0x1010101,0x1210101,0x22010101
.4byte 0x1010101,0x1220101,0x1220101,0x1010101,0x1011c01,0x10b0101,0x1010101,0x101010d
.4byte 0xd010101,0x1010101,0x10f0f01,0xe010101,0x1010101,0x10d0101,0xa010101,0x1010101
.4byte 0x11c0101,0x1010101,0x1012101,0x1220101,0x1010101,0x1012201,0x1012201,0x1010101
.4byte 0x101011c,0x9010101,0x1010101,0x1010d01,0x1010101,0x101010d,0xf0f0101,0x1010101
.4byte 0x101010e,0xd010101,0x1010101,0x101010a,0x1c010101,0x1010101,0x1210101,0x22010101
.4byte 0x1010101,0x1220101,0x1220101,0x1010101,0x1011c01,0x1010101,0x1010109,0x10d0101
.4byte 0x1010101,0x1010d01,0xf010101,0x101010f,0x1010e01,0x1010101,0x101010d,0x1010a01
.4byte 0x11e0101,0x1010101,0x1012101,0x1220101,0x1010101,0x1012201,0x1012201,0x1010101
.4byte 0x101011c,0x9010101,0x1010101,0x1010d01,0x1010101,0x101010d,0xf0f0101,0x1010101
.4byte 0x101010e,0xd010101,0x1010101,0x101010a,0x1011e01,0x1010101,0x1010121,0x1012201
.4byte 0x1010101,0x1010122,0x1010122,0x1c010101,0x1010101,0x1010a01,0xd010101,0x1010101
.4byte 0x10d0101,0x1010101,0x1010f0f,0x10e0101,0x1010101,0x1010d01,0x10a0101,0x1e010101
.4byte 0x1010101,0x1210101,0x22010101,0x1010101,0x1220101,0x1220101,0x1010101,0x1011e01
.4byte 0x1010a01,0xd010101,0x1010101,0x10d0101,0x1010101,0x1010f0f,0x10e0101,0x1010101
.4byte 0x1010d01,0x10a0101,0x1e010101,0x1010101,0x1210101,0x22010101,0x1010101,0x1220101
.4byte 0x1220101,0x1010101,0x1011c01,0xa010101,0x1010101,0x1010d01,0x1010101,0x101010d
.4byte 0xf0f0101,0x1010101,0x101010e,0xd010101,0x1010101,0x101010a,0x1011e01,0x1010101
.4byte 0x1010121,0x1012201,0x1010101,0x1010122,0x1010122,0x1e010101,0xa010101,0x1010101
.4byte 0x1010d01,0x1010101,0x101010d,0x30f0101,0x1d010101,0xf010101,0xa010101,0x1010101
.4byte 0x1011d01,0x1010101,0x1010121,0x1011b01,0x1010501,0x1010501,0x1010101,0x1010119
.4byte 0x1010122,0x1d010101,0x1010101,0x101010a,0x1010f01,0x1011d01,0x1030301,0x11d0101
.4byte 0x10f0101,0x1090101,0x1010101,0x101011e,0x21010101,0x1010101,0x101011b,0x1010105
.4byte 0x1010105,0x19010101,0x22010101,0x1010101,0x11d0101,0xa010101,0x1010101,0x101010f
.4byte 0x101011d,0x1010303,0x1010801,0xe010101,0x1010101,0x10d0101,0x9010101,0x1010101
.4byte 0x11d0101,0x1010101,0x1012101,0x11b0101,0x1050101,0x1050101,0x1010101,0x1011901
.4byte 0x1012201,0x1010101,0x101011d,0x1010a01,0xd010101,0x1010101,0x10d0101,0x1010101
.4byte 0x1010109,0x1010303,0x1010801,0xe010101,0x1010101,0x10d0101,0x9010101,0x1010101
.4byte 0x1011e01,0x1010101,0x1010121,0x1011b01,0x1010501,0x1010501,0x1010101,0x1010119
.4byte 0x1010122,0x1d010101,0x1010101,0x1080101,0x1010101,0x101010d,0xd010101,0x1010101
.4byte 0x1010901,0x1030301,0x1080101,0x1010101,0x101010e,0xd010101,0x1010101,0x1010109
.4byte 0x1d010101,0x1010101,0x1210101,0x1b010101,0x5010101,0x5010101,0x1010101,0x1190101
.4byte 0x1220101,0x1010101,0x1011d01,0x1010101,0x1010108,0x10d0101,0x1010101,0x1010d01
.4byte 0x9010101,0x3010101,0x1010103,0x1010108,0x10e0101,0x1010101,0x1010d01,0x1090101
.4byte 0x1f010101,0x1010101,0x1210101,0x1b010101,0x5010101,0x5010101,0x1010101,0x1190101
.4byte 0x1220101,0x1010101,0x1011d01,0x1010101,0x1010108,0x10d0101,0x1010101,0x1010d01
.4byte 0x9010101,0x3010101,0x1010103,0x1010108,0x10e0101,0x1010101,0x1010d01,0x1090101
.4byte 0x1f010101,0x1010101,0x1210101,0x1b010101,0x5010101,0x5010101,0x1010101,0x1190101
.4byte 0x1220101,0x1010101,0x1011f01,0x1080101,0x1010101,0x101010d,0xd010101,0x1010101
.4byte 0x1010901,0x1030301,0x1080101,0x1010101,0x101010e,0xd010101,0x1010101,0x1010109
.4byte 0x1011f01,0x1010101,0x1010121,0x1011b01,0x1010501,0x1010501,0x1010101,0x1010119
.4byte 0x1010122,0x1f010101,0x9010101,0x1010101,0x1010d01,0x1010101,0x101010d,0x1090101
.4byte 0x3030101,0x8010101,0x1010101,0x1010e01,0x1010101,0x101010d,0x1010a01,0x11e0101
.4byte 0x1010101,0x1012101,0x11b0101,0x1050101,0x1050101,0x1010101,0x1011901,0x1012201
.4byte 0x1010101,0x101011e,0x1010901,0xd010101,0x1010101,0x10d0101,0x1010101,0x1010109
.4byte 0x1010303,0x1010801,0xe010101,0x1010101,0x10d0101,0x9010101,0x1010101,0x1011e01
.4byte 0x1010101,0x1010121,0x1011b01,0x1010501,0x1010501,0x1010101,0x1010119,0x1010122
.4byte 0x1e010101,0x1010101,0x1010109,0x10d0101,0x1010101,0x1010d01,0x9010101,0x3010101
.4byte 0x1010103,0x1010108,0x10e0101,0x1010101,0x1010d01,0x1080101,0x1010101,0x101011f
.4byte 0x21010101,0x1010101,0x101011b,0x1010105,0x1010105,0x19010101,0x22010101,0x1010101
.4byte 0x11e0101,0x9010101,0x1010101,0x1010d01,0x1010101,0x101010d,0x1090101,0x3030101
.4byte 0x8010101,0x1010101,0x1010e01,0x1010101,0x101010d,0x1010801,0x1010101,0x101011e
.4byte 0x21010101,0x1010101,0x101011b,0x1010105,0x1010105,0x19010101,0x22010101,0x1010101
.4byte 0x11e0101,0x9010101,0x1010101,0x1010d01,0x1010101,0x101010d,0x1090101,0x3030101
.4byte 0x8010101,0x1010101,0x1010e01,0x1010101,0x101010d,0x1010801,0x1200101,0x1010101
.4byte 0x1012101,0x11b0101,0x1050101,0x1050101,0x1010101,0x1011901,0x1012201,0x1010101
.4byte 0x101011e,0x7010101,0x1010101,0x1010d01,0x1010101,0x101010d,0x1090101,0x3030101
.4byte 0x8010101,0x1010101,0x1010e01,0x1010101,0x101010d,0x1010801,0x1010101,0x101011e
.4byte 0x21010101,0x1010101,0x101011b,0x1010105,0x1010105,0x19010101,0x22010101,0x1010101
.4byte 0x11e0101,0x1010101,0x1010701,0xd010101,0x1010101,0x10d0101,0x1010101,0x1010109
.4byte 0x1010303,0x1010801,0xe010101,0x1010101,0x10d0101,0x8010101,0x1010101,0x1010120
.4byte 0x21010101,0x1010101,0x101011b,0x1010105,0x1010105,0x19010101,0x22010101,0x1010101
.4byte 0x11e0101,0x1010101,0x1010701,0xd010101,0x1010101,0x10d0101,0x1010101,0x1010109
.4byte 0x1010303,0x1010801,0xe010101,0x1010101,0x10d0101,0x8010101,0x1010101,0x1010120
.4byte 0x21010101,0x1010101,0x101011b,0x1010105,0x1010105,0x19010101,0x22010101,0x1010101
.4byte 0x11e0101,0x1010101,0x1010701,0xd010101,0x1010101,0x10d0101,0x1010101,0x1010109
.4byte 0x1010303,0x1010801,0xe010101,0x1010101,0x10d0101,0x8010101,0x1010101,0x1010120
.4byte 0x21010101,0x1010101,0x101011b,0x1010105,0x1010105,0x19010101,0x22010101,0x1010101
.4byte 0x1200101,0x1080101,0x1010101,0x101010d,0xd010101,0x1010101,0x1010901,0x1030301
.4byte 0x1080101,0x1010101,0x101010e,0xd010101,0x1010101,0x1010108,0x1012001,0x1010101
.4byte 0x1010121,0x1011b01,0x1010501,0x1010501,0x1010101,0x1010119,0x1010122,0x20010101
.4byte 0x8010101,0x1010101,0x1010d01,0x1010101,0x101010d,0x1090101,0x3030101,0x8010101
.4byte 0x1010101,0x1010e01,0x1010101,0x101010d,0x1010801,0x1200101,0x1010101,0x1012101
.4byte 0x11b0101,0x1050101,0x1050101,0x1010101,0x1011901,0x1012201,0x1010101,0x1010120
.4byte 0x1010701,0xd010101,0x1010101,0x10d0101,0x1010101,0x1010109,0x1010303,0x1010801
.4byte 0xe010101,0x1010101,0x10d0101,0x9010101,0x1f020101,0x1010101,0x1210101,0x1b010101
.4byte 0x5010101,0x5010101,0x1010101,0x1190101,0x1220101,0x1010101,0x1011f01,0x1080101
.4byte 0x1010101,0x101010d,0xd010101,0x1010101,0x1010901,0x1030301,0x1080101,0x1010101
.4byte 0x101010e,0xd010101,0x1010101,0x1010109,0x1011f01,0x1010101,0x1010121,0x1011b01
.4byte 0x1010501,0x1010501,0x1010101,0x1010119,0x1010122,0x1f010101,0x1010101,0x1010108
.4byte 0x10d0101,0x1010101,0x1010d01,0x9010101,0x3010101,0x1010103,0x1010108,0x10e0101
.4byte 0x1010101,0x1010d01,0x1070101,0x1010101,0x1010120,0x21010101,0x1010101,0x101011b
.4byte 0x1010105,0x1010105,0x19010101,0x22010101,0x1010101,0x11f0101,0x8010101,0x1010101
.4byte 0x1010d01,0x1010101,0x101010d,0x1090101,0x3030101,0x8010101,0x1010101,0x1010e01
.4byte 0x1010101,0x101010d,0x1010701,0x1010101,0x101011f,0x21010101,0x1010101,0x101011b
.4byte 0x1010105,0x1010105,0x19010101,0x22010101,0x1010101,0x11f0101,0x8010101,0x1010101
.4byte 0x1010d01,0x1010101,0x101010d,0x1090101,0x3030101,0x8010101,0x1010101,0x1010e01
.4byte 0x1010101,0x101010d,0x1010701,0x1010101,0x101011f,0x21010101,0x1010101,0x101011b
.4byte 0x1010105,0x1010105,0x19010101,0x22010101,0x1010101,0x11f0101,0x8010101,0x1010101
.4byte 0x1010d01,0x1010101,0x101010d,0x1090101,0x3030101,0x8010101,0x1010101,0x1010e01
.4byte 0x1010101,0x101010d,0x1010701,0x1210101,0x1010101,0x1012101,0x11b0101,0x1050101
.4byte 0x1050101,0x1010101,0x1011901,0x1012201,0x1010101,0x101011f,0x6010101,0x1010101
.4byte 0x1010d01,0x1010101,0x101010d,0x1090101,0x3030101,0x8010101,0x1010101,0x1010e01
.4byte 0x1010101,0x101010d,0x1010701,0x1010101,0x101011f,0x21010101,0x1010101,0x101011b
.4byte 0x1010105,0x1010105,0x19010101,0x22010101,0x1010101,0x11f0101,0x1010101,0x1010601
.4byte 0xd010101,0x1010101,0x10d0101,0x1010101,0x1010109,0x1010303,0x1010801,0xe010101
.4byte 0x1010101,0x10d0101,0x7010101,0x1010101,0x11f0101,0x1010101,0x1012101,0x11b0101
.4byte 0x1050101,0x1050101,0x1010101,0x1011901,0x1012201,0x1010101,0x101011f,0x1010801
.4byte 0xd010101,0x1010101,0x10d0101,0x1010101,0x1010109,0x1010303,0x1010801,0xe010101
.4byte 0x1010101,0x10d0101,0x7010101,0x1010101,0x1010121,0x21010101,0x1010101,0x101011b
.4byte 0x1010105,0x1010105,0x19010101,0x22010101,0x1010101,0x11f0101,0x1010101,0x1010601
.4byte 0xd010101,0x1010101,0x10d0101,0x1010101,0x1010109,0x1010303,0x1010801,0xe010101
.4byte 0x1010101,0x10d0101,0x7010101,0x1010101,0x1010121,0x21010101,0x1010101,0x101011b
.4byte 0x1010105,0x1010105,0x19010101,0x22010101,0x1010101,0x11f0101,0x1010101,0x1010601
.4byte 0xd010101,0x1010101,0x10d0101,0x1010101,0x1010109,0x1010303,0x1010801,0xe010101
.4byte 0x1010101,0x10d0101,0x7010101,0x1010101,0x1010121,0x21010101,0x1010101,0x101011b
.4byte 0x1010105,0x1010105,0x19010101,0x22010101,0x1010101,0x11f0101,0x1010101,0x1010601
.4byte 0xd010101,0x1010101,0x10d0101,0x1010101,0x1010109,0x1010303,0x1010801,0xe010101
.4byte 0x1010101,0x10d0101,0x7010101,0x1010101,0x1010121,0x21010101,0x1010101,0x101011b
.4byte 0x1010105,0x1010105,0x19010101,0x22010101,0x1010101,0x1210101,0x6010101,0x1010101
.4byte 0x1010d01,0x1010101,0x101010d,0x1090101,0x3030101,0x8010101,0x1010101,0x1010e01
.4byte 0x1010101,0x101010d,0x1010701,0x1210101,0x1010101,0x1012101,0x11b0101,0x1050101
.4byte 0x1050101,0x1010101,0x1011901,0x1012201,0x1010101,0x1010121,0x1010601,0xd010101
.4byte 0x1010101,0x10d0101,0x1010101,0x1010109,0x1010303,0x1010801,0xe010101,0x1010101
.4byte 0x10d0101,0x7010101,0x1010101,0x1010121,0x21010101,0x1010101,0x101011b,0x1010105
.4byte 0x1010105,0x19010101,0x22010101,0x1010101,0x1210101,0x6010101,0x1010101,0x1010d01
.4byte 0x1010101,0x101010d,0x1090101,0x3030101,0x8010101,0x1010101,0x1010e01,0x1010101
.4byte 0x101010d,0x1010701,0x1210101,0x1010101,0x1012101,0x11b0101,0x1050101,0x1050101
.4byte 0x1010101,0x1011901,0x1012201,0x1010101,0x1010121,0x1010601,0xd010101,0x1010101
.4byte 0x10d0101,0x1010101,0x1010109,0x1010303,0x1010801,0xe010101,0x1010101,0x10d0101
.4byte 0x8010101,0x21010101,0x1010101,0x1210101,0x1b010101,0x5010101,0x5010101,0x1010101
.4byte 0x1190101,0x1220101,0x1010101,0x1012001,0x1070101,0x1010101,0x101010d,0xd010101
.4byte 0x1010101,0x1010901,0x1030301,0x1080101,0x1010101,0x101010e,0xd010101,0x1010101
.4byte 0x1010108,0x1010121,0x21010101,0x1010101,0x101011b,0x1010105,0x1010105,0x19010101
.4byte 0x22010101,0x1010101,0x1200101,0x7010101,0x1010101,0x1010d01,0x1010101,0x101010d
.4byte 0x1090101,0x3030101,0x8010101,0x1010101,0x1010e01,0x1010101,0x101010d,0x1010801
.4byte 0x1012002,0x1010101,0x1010121,0x1011b01,0x1010501,0x1010501,0x1010101,0x1010119
.4byte 0x1010122,0x20010101,0x1010101,0x1010107,0x10d0101,0x1010101,0x1010d01,0x9010101
.4byte 0x3010101,0x1010103,0x1010108,0x10e0101,0x1010101,0x1010d01,0x1080101,0x1200201
.4byte 0x1010101,0x1012101,0x11b0101,0x1050101,0x1050101,0x1010101,0x1011901,0x1012201
.4byte 0x1010101,0x1010120,0x1010701,0xd010101,0x1010101,0x10d0101,0x1010101,0x1010109
.4byte 0x1010303,0x1010801,0xe010101,0x1010101,0x10d0101,0x6010101,0x1010101,0x1200101
.4byte 0x1010101,0x1012101,0x11b0101,0x1050101,0x1050101,0x1010101,0x1011901,0x1012201
.4byte 0x1010101,0x1010120,0x1010701,0xd010101,0x1010101,0x10d0101,0x1010101,0x1010109
.4byte 0x1010303,0x1010801,0xe010101,0x1010101,0x10d0101,0x6010101,0x1010101,0x1200101
.4byte 0x1010101,0x1012101,0x11b0101,0x1050101,0x1050101,0x1010101,0x1011901,0x1012201
.4byte 0x1010101,0x1010120,0x1010701,0xd010101,0x1010101,0x10d0101,0x1010101,0x1010109
.4byte 0x1010303,0x1010801,0xe010101,0x1010101,0x10d0101,0x6010101,0x1010101,0x1200101
.4byte 0x1010101,0x1012101,0x11b0101,0x1050101,0x1050101,0x1010101,0x1011901,0x1012201
.4byte 0x1010101,0x1010120,0x1010701,0xd010101,0x1010101,0x10d0101,0x1010101,0x1010109
.4byte 0x1010303,0x1010801,0xe010101,0x1010101,0x10d0101,0x6010101,0x1010101,0x1200101
.4byte 0x1010101,0x1012101,0x11b0101,0x1050101,0x1050101,0x1010101,0x1011901,0x1012201
.4byte 0x1010101,0x1010120,0x1010701,0xd010101,0x1010101,0x10d0101,0x1010101,0x1010109
.4byte 0x1010303,0x1011d01,0x1010f01,0x1010601,0x1220101,0x1010101,0x1012101,0x11b0101
.4byte 0x1050101,0x1050101,0x1010101,0x1011901,0x1012201,0x1010101,0x1010120,0x5010101
.4byte 0x1010101,0x101010f,0x101011d,0x1010303,0x1011d01,0x1010f01,0x1010601,0x21010101
.4byte 0x1010101,0x1210101,0x1b010101,0x5010101,0x5010101,0x1010101,0x1190101,0x1220101
.4byte 0x1010101,0x1012101,0x5010101,0x1010101,0x101010f,0x101011d,0x1010f03,0x10e0101
.4byte 0x1010101,0x1010d01,0x1070101,0x1060101,0x49010101,0x1010101,0x101010f,0x1010601
.4byte 0x1010701,0x1011001,0x1014a01,0x1010601,0x1010701,0xd010101,0x1010101,0x10d0101
.4byte 0x1010101,0x1010f0f,0x10e0101,0x1010101,0x1010d01,0x1070101,0x1060101,0x49010101
.4byte 0x1010101,0x101010f,0x1010601,0x1010701,0x1011001,0x1014a01,0x1010601,0x1010701
.4byte 0xd010101,0x1010101,0x10d0101,0x1010101,0x1010f0f,0x10e0101,0x1010101,0x1010d01
.4byte 0x1070101,0x1060101,0x49010101,0x1010101,0x101010f,0x1010601,0x1010701,0x1011001
.4byte 0x1014a01,0x1010701,0x1010107,0x10d0101,0x1010101,0x1010d01,0xf010101,0x101010f
.4byte 0x1010e01,0x1010101,0x101010d,0x1010701,0x1010601,0x1490101,0xf010101,0x1010101
.4byte 0x1010106,0x1010107,0x1010110,0x101014a,0x7010107,0x1010101,0x1010d01,0x1010101
.4byte 0x101010d,0xf0f0101,0x1010101,0x101010e,0xd010101,0x1010101,0x1010107,0x1010106
.4byte 0x1014901,0x10f0101,0x6010101,0x7010101,0x10010101,0x4a010101,0x7010101,0x1070101
.4byte 0x1010101,0x101010d,0xd010101,0x1010101,0x10f0f01,0xe010101,0x1010101,0x10d0101
.4byte 0x7010101,0x6010101,0x1010101,0x1010149,0x1010f01,0x1060101,0x1070101,0x1100101
.4byte 0x14a0101,0x1070101,0x1010701,0xd010101,0x1010101,0x10d0101,0x1010101,0x1010f0f
.4byte 0x10e0101,0x1010101,0x1010d01,0x1070101,0x1060101,0x49010101,0x1010101,0x101010f
.4byte 0x1010601,0x1010701,0x1011001,0x1014a01,0x1010701,0x1010601,0xd010101,0x1010101
.4byte 0x10d0101,0x1010101,0x1010f0f,0x10e0101,0x1010101,0x1010d01,0x1070101,0x1060101
.4byte 0x49010101,0x1010101,0x101010f,0x1010601,0x1010701,0x1011001,0x1014a01,0x1010701
.4byte 0x1010601,0xd010101,0x1010101,0x10d0101,0x1010101,0x1010f0f,0x10e0101,0x1010101
.4byte 0x1010d01,0x1070101,0x1060101,0x49010101,0x1010101,0x101010f,0x1010601,0x1010701
.4byte 0x1011001,0x1014a01,0x1010701,0x1010601,0xd010101,0x1010101,0x10d0101,0x1010101
.4byte 0x1010f0f,0x10e0101,0x1010101,0x1010d01,0x1070101,0x1060101,0x49010101,0x1010101
.4byte 0x101010f,0x1010601,0x1010701,0x1011001,0x1014a01,0x1010701,0x1010601,0xd010101
.4byte 0x1010101,0x10d0101,0x1010101,0x1010f0f,0x10e0101,0x1010101,0x1010d01,0x1070101
.4byte 0x1080101,0x1014901,0x4a010139,0x1080101,0x1060101,0x1010101,0x101010d,0xd010101
.4byte 0x1010101,0x10f0f01,0xe010101,0x1010101,0x10d0101,0x7010101,0x8010101,0x1490101
.4byte 0x1013901,0x801014a,0x6010101,0x1010101,0x1010d01,0x1010101,0x101010d,0xf0f0101
.4byte 0x1010101,0x101010e,0xd010101,0x1010101,0x1010107,0x1010106,0x1014901,0x10f0101
.4byte 0x6010101,0x7010101,0x10010101,0x4a010101,0x7010101,0x6010101,0x1010101,0x1010d01
.4byte 0x1010101,0x101010d,0xf0f0101,0x1010101,0x101010e,0xd010101,0x1010101,0x1010107
.4byte 0x1010106,0x1014901,0x10f0101,0x6010101,0x7010101,0x10010101,0x4a010101,0x7010101
.4byte 0x6010101,0x1010101,0x1010d01,0x1010101,0x101010d,0xf0f0101,0x1010101,0x101010e
.4byte 0xd010101,0x1010101,0x1010107,0x1010106,0x1014901,0x10f0101,0x6010101,0x7010101
.4byte 0x10010101,0x4a010101,0x7010101,0x6010101,0x1010101,0x1010d01,0x1010101,0x101010d
.4byte 0xf0f0101,0x1010101,0x101010e,0xd010101,0x1010101,0x1010107,0x1010106,0x1014901
.4byte 0x10f0101,0x6010101,0x7010101,0x10010101,0x4a010101,0x7010101,0x6010101,0x1010101
.4byte 0x1010d01,0x1010101,0x101010d,0xf0f0101,0x1010101,0x101010e,0xd010101,0x1010101
.4byte 0x1010107,0x1010106,0x1014901,0x10f0101,0x6010101,0x7010101,0x10010101,0x4a010101
.4byte 0x7010101,0x1070101,0x1010101,0x101010d,0xd010101,0x1010101,0x10f0f01,0xe010101
.4byte 0x1010101,0x10d0101,0x7010101,0x6010101,0x1010101,0x1010149,0x1010f01,0x1060101
.4byte 0x1070101,0x1100101,0x14a0101,0x1070101,0x1010701,0xd010101,0x1010101,0x10d0101
.4byte 0x1010101,0x1010f0f,0x10e0101,0x1010101,0x1010d01,0x1070101,0x1060101,0x49010101
.4byte 0x1010101,0x101010f,0x1010601,0x1010701,0x1011001,0x1014a01,0x1010701,0x1010107
.4byte 0x10d0101,0x1010101,0x1010d01,0xf010101,0x101010f,0x1010e01,0x1010101,0x101010d
.4byte 0x1010701,0x1010601,0x1490101,0xf010101,0x1010101,0x1010106,0x1010107,0x1010110
.4byte 0x101014a,0x7010107,0x1010101,0x1010d01,0x1010101,0x101010d,0xf0f0101,0x1010101
.4byte 0x101010e,0xd010101,0x1010101,0x1010107,0x1010106,0x1014901,0x10f0101,0x6010101
.4byte 0x7010101,0x10010101,0x4a010101,0x6010101,0x7010101,0x1010101,0x1010d01,0x1010101
.4byte 0x101010d,0xf0f0101,0x1010101,0x101010e,0xd010101,0x1010101,0x1010107,0x1010106
.4byte 0x1014901,0x10f0101,0x6010101,0x7010101,0x10010101,0x4a010101,0x6010101,0x7010101
.4byte 0x1010101,0x1010d01,0x1010101,0x101010d,0x30f0101,0x1d010101,0xf010101,0x7010101
.4byte 0x12010101,0x1010101,0x1010101,0x1010101,0x1010101,0x1010101,0x1010101,0x1010101
.4byte 0x1010101,0x1010101,0x1010101,0x1010101,0x1010101,0x1010101,0x1010101,0x1010101
.4byte 0x1010101,0x1010101,0x1010101,0x1010101,0x1010101,0x1010101,0x7010101,0x7010101
.4byte 0x1010101,0x1010101,0x1010101,0x1010101,0x1010101,0x1010101,0x1010101,0x1010101
.4byte 0x1010101,0x1010101,0x1010101,0x1010101,0x1010101,0x1010101,0x1010101,0x1010101
.4byte 0x1010101,0x1010101,0x1010101,0x1010101,0x1010101,0x1010101,0x10f0101,0x1070101
.4byte 0xf010101,0x1d010101,0x3010101,0x1010103,0x101011d,0x101010f,0x1010107,0x1010112
.4byte 0x1010101,0x1010101,0x1010101,0x1010101,0x1010101,0x1010101,0x1010101,0x1010101
.4byte 0x1010101,0x1010101,0x1010101,0x1010101,0x1010101,0x1010101,0x1010101,0x1010101
.4byte 0x1010101,0x1010101,0x1010101,0x1010101,0x1010101,0x1010107,0x1010107,0x1010101
.4byte 0x1010101,0x1010101,0x1010101,0x1010101,0x1010101,0x1010101,0x1010101,0x1010101
.4byte 0x1010101,0x1010101,0x1010101,0x1010101,0x1010101,0x1010101,0x1010101,0x1010101
.4byte 0x1010101,0x1010101,0x1010101,0x1010101,0xf010101,0x7010101,0x1010101,0x101010f
.4byte 0x101011d,0x1010303,0x1010a01,0x1010e01,0x1010101,0x101010d,0x1010701,0x1011201
.4byte 0x1010101,0x1010101,0x1010101,0x1010101,0x1010101,0x1010101,0x1010101,0x1010101
.4byte 0x1010101,0x1010101,0x1010101,0x1010101,0x1010101,0x1010101,0x1010101,0x1010101
.4byte 0x1010101,0x1010101,0x1010101,0x1010101,0x1010101,0x1010701,0x1010701,0x1010101
.4byte 0x1010101,0x1010101,0x1010101,0x1010101,0x1010101,0x1010101,0x1010101,0x1010101
.4byte 0x1010101,0x1010101,0x1010101,0x1010101,0x1010101,0x1010101,0x1010101,0x1010101
.4byte 0x1010101,0x1010101,0x1010101,0x1010101,0x1010101,0x101010f,0x1010107,0x10d0101
.4byte 0x1010101,0x1010d01,0x9010101,0x3010101,0x1010103,0x101010a,0x101010e,0xd010101
.4byte 0x1010101,0x1010107,0x1010112,0x1010101,0x1010101,0x1010101,0x1010101,0x1010101
.4byte 0x1010101,0x1010101,0x1010101,0x1010101,0x1010101,0x1010101,0x1010101,0x1010101
.4byte 0x1010101,0x1010101,0x1010101,0x1010101,0x1010101,0x1010101,0x1010101,0x1010101
.4byte 0x1010107,0x1010107,0x1010101,0x1010101,0x1010101,0x1010101,0x1010101,0x1010101
.4byte 0x1010101,0x1010101,0x1010101,0x1010101,0x1010101,0x1010101,0x1010101,0x1010101
.4byte 0x1010101,0x1010101,0x1010101,0x1010101,0x1010101,0x1010101,0x1010101,0xf010101
.4byte 0x7010101,0x1010101,0x1010d01,0x1010101,0x101010d,0x1090101,0x3030101,0xa010101
.4byte 0xe010101,0x1010101,0x10d0101,0x7010101,0x12010101,0x1010101,0x1010101,0x1010101
.4byte 0x1010101,0x1010101,0x1010101,0x1010101,0x1010101,0x1010101,0x1010101,0x1010101
.4byte 0x1010101,0x1010101,0x1010101,0x1010101,0x1010101,0x1010101,0x1010101,0x1010101
.4byte 0x1010101,0x1010101,0x7010101,0x7010101,0x1010101,0x1010101,0x1010101,0x1010101
.4byte 0x1010101,0x1010101,0x1010101,0x1010101,0x1010101,0x1010101,0x1010101,0x1010101
.4byte 0x1010101,0x1010101,0x1010101,0x1010101,0x1010101,0x1010101,0x1010101,0x1010101
.4byte 0x1010101,0x1010101,0x10f0101,0x1070101,0x1010101,0x101010d,0xd010101,0x1010101
.4byte 0x1010901,0x1030301,0x10a0101,0x10e0101,0x1010101,0x1010d01,0x1070101,0x1120101
.4byte 0x1010101,0x1010101,0x1010101,0x1010101,0x1010101,0x1010101,0x1010101,0x1010101
.4byte 0x1010101,0x1010101,0x1010101,0x1010101,0x1010101,0x1010101,0x1010101,0x1010101
.4byte 0x1010101,0x1010101,0x1010101,0x1010101,0x1010101,0x1070101,0x1070101,0x1010101
.4byte 0x1010101,0x1010101,0x1010101,0x1010101,0x1010101,0x1010101,0x1010101,0x1010101
.4byte 0x1010101,0x1010101,0x1010101,0x1010101,0x1010101,0x1010101,0x1010101,0x1010101
.4byte 0x1010101,0x1010101,0x1010101,0x1010101,0x1010101,0x1010f01,0x1010701,0xd010101
.4byte 0x1010101,0x10d0101,0x1010101,0x1010109,0x1010303,0x1010a01,0x1010e01,0x1010101
.4byte 0x101010d,0x1010801,0x1010112,0x1010101,0x1010101,0x1010101,0x1010101,0x1010101
.4byte 0x1010101,0x1010101,0x1010101,0x1010101,0x1010101,0x1010101,0x1010101,0x1010101
.4byte 0x1010101,0x1010101,0x1010101,0x1010101,0x1010101,0x1010101,0x1010101,0x1010101
.4byte 0x1010107,0x1010107,0x1010101,0x1010101,0x1010101,0x1010101,0x1010101,0x1010101
.4byte 0x1010101,0x1010101,0x1010101,0x1010101,0x1010101,0x1010101,0x1010101,0x1010101
.4byte 0x1010101,0x1010101,0x1010101,0x1010101,0x1010101,0x1010101,0x1010101,0xf010101
.4byte 0x7010101,0x1010101,0x1010d01,0x1010101,0x101010d,0x1090101,0x3030101,0xa010101
.4byte 0xe010101,0x1010101,0x10d0101,0x8010101,0x1120101,0x1010101,0x1010101,0x1010101
.4byte 0x1010101,0x1010101,0x1010101,0x1010101,0x1010101,0x1010101,0x1010101,0x1010101
.4byte 0x1010101,0x1010101,0x1010101,0x1010101,0x1010101,0x1010101,0x1010101,0x1010101
.4byte 0x1010101,0x1010101,0x1070101,0x1070101,0x1010101,0x1010101,0x1010101,0x1010101
.4byte 0x1010101,0x1010101,0x1010101,0x1010101,0x1010101,0x1010101,0x1010101,0x1010101
.4byte 0x1010101,0x1010101,0x1010101,0x1010101,0x1010101,0x1010101,0x1010101,0x1010101
.4byte 0x1010101,0x1010101,0x1010f01,0x1010701,0xd010101,0x1010101,0x10d0101,0x1010101
.4byte 0x1010109,0x1010303,0x1010a01,0x1010e01,0x1010101,0x101010d,0x1010801,0x1010112
.4byte 0x1010101,0x1010101,0x1010101,0x1010101,0x1010101,0x1010101,0x1010101,0x1010101
.4byte 0x1010101,0x1010101,0x1010101,0x1010101,0x1010101,0x1010101,0x1010101,0x1010101
.4byte 0x1010101,0x1010101,0x1010101,0x1010101,0x1010101,0x1010107,0x1010107,0x1010101
.4byte 0x1010101,0x1010101,0x1010101,0x1010101,0x1010101,0x1010101,0x1010101,0x1010101
.4byte 0x1010101,0x1010101,0x1010101,0x1010101,0x1010101,0x1010101,0x1010101,0x1010101
.4byte 0x1010101,0x1010101,0x1010101,0x1010101,0xf010101,0x7010101,0x1010101,0x1010d01
.4byte 0x1010101,0x101010d,0x1090101,0x3030101,0xa010101,0xe010101,0x1010101,0x10d0101
.4byte 0x8010101,0x1120101,0x1010101,0x1010101,0x1010101,0x1010101,0x1010101,0x1010101
.4byte 0x1010101,0x1010101,0x1010101,0x1010101,0x1010101,0x1010101,0x1010101,0x1010101
.4byte 0x1010101,0x1010101,0x1010101,0x1010101,0x1010101,0x1010101,0x1010101,0x1070101
.4byte 0x1070101,0x1010101,0x1010101,0x1010101,0x1010101,0x1010101,0x1010101,0x1010101
.4byte 0x1010101,0x1010101,0x1010101,0x1010101,0x1010101,0x1010101,0x1010101,0x1010101
.4byte 0x1010101,0x1010101,0x1010101,0x1010101,0x1010101,0x1010101,0x1010101,0x1010f01
.4byte 0x1010701,0xd010101,0x1010101,0x10d0101,0x1010101,0x1010109,0x1010303,0x1010a01
.4byte 0x1010e01,0x1010101,0x101010d,0x1010801,0x1011101,0x1010101,0x1010101,0x1010101
.4byte 0x1010101,0x1010101,0x1010101,0x1010101,0x1010101,0x1010101,0x1010101,0x1010101
.4byte 0x1010101,0x1010101,0x1010101,0x1010101,0x1010101,0x1010101,0x1010101,0x1010101
.4byte 0x1010101,0x1010101,0x1010701,0x1010701,0x1010101,0x1010101,0x1010101,0x1010101
.4byte 0x1010101,0x1010101,0x1010101,0x1010101,0x1010101,0x1010101,0x1010101,0x1010101
.4byte 0x1010101,0x1010101,0x1010101,0x1010101,0x1010101,0x1010101,0x1010101,0x1010101
.4byte 0x1010101,0x1010101,0x101010f,0x1010107,0x10d0101,0x1010101,0x1010d01,0x9010101
.4byte 0x3010101,0x1010103,0x101010a,0x101010e,0xd010101,0x1010101,0x1010108,0x1010111
.4byte 0x1010101,0x1010101,0x1010101,0x1010101,0x1010101,0x1010101,0x1010101,0x1010101
.4byte 0x1010101,0x1010101,0x1010101,0x1010101,0x1010101,0x1010101,0x1010101,0x1010101
.4byte 0x1010101,0x1010101,0x1010101,0x1010101,0x1010101,0x1010107,0x1010107,0x1010101
.4byte 0x1010101,0x1010101,0x1010101,0x1010101,0x1010101,0x1010101,0x1010101,0x1010101
.4byte 0x1010101,0x1010101,0x1010101,0x1010101,0x1010101,0x1010101,0x1010101,0x1010101
.4byte 0x1010101,0x1010101,0x1010101,0x1010101,0xf010101,0x7010101,0x1010101,0x1010d01
.4byte 0x1010101,0x101010d,0x1090101,0x3030101,0xa010101,0xe010101,0x1010101,0x10d0101
.4byte 0x8010101,0x11010101,0x1010101,0x1010101,0x1010101,0x1010101,0x1010101,0x1010101
.4byte 0x1010101,0x1010101,0x1010101,0x1010101,0x1010101,0x1010101,0x1010101,0x1010101
.4byte 0x1010101,0x1010101,0x1010101,0x1010101,0x1010101,0x1010101,0x1010101,0x7010101
.4byte 0x7010101,0x1010101,0x1010101,0x1010101,0x1010101,0x1010101,0x1010101,0x1010101
.4byte 0x1010101,0x1010101,0x1010101,0x1010101,0x1010101,0x1010101,0x1010101,0x1010101
.4byte 0x1010101,0x1010101,0x1010101,0x1010101,0x1010101,0x1010101,0x1010101,0x10f0101
.4byte 0x1070101,0x1010101,0x101010d,0xd010101,0x1010101,0x1010901,0x1030301,0x10a0101
.4byte 0x10e0101,0x1010101,0x1010d01,0x1080101,0x1110101,0x1010101,0x1010101,0x1010101
.4byte 0x1010101,0x1010101,0x1010101,0x1010101,0x1010101,0x1010101,0x1010101,0x1010101
.4byte 0x1010101,0x1010101,0x1010101,0x1010101,0x1010101,0x1010101,0x1010101,0x1010101
.4byte 0x1010101,0x1010101,0x1070101,0x1070101,0x1010101,0x1010101,0x1010101,0x1010101
.4byte 0x1010101,0x1010101,0x1010101,0x1010101,0x1010101,0x1010101,0x1010101,0x1010101
.4byte 0x1010101,0x1010101,0x1010101,0x1010101,0x1010101,0x1010101,0x1010101,0x1010101
.4byte 0x1010101,0x1010101,0x1010f01,0x1010701,0xd010101,0x1010101,0x10d0101,0x1010101
.4byte 0x1010109,0x1010303,0x1010a01,0x1010e01,0x1010101,0x101010d,0x1010801,0x1011101
.4byte 0x1010101,0x1010101,0x1010101,0x1010101,0x1010101,0x1010101,0x1010101,0x1010101
.4byte 0x1010101,0x1010101,0x1010101,0x1010101,0x1010101,0x1010101,0x1010101,0x1010101
.4byte 0x1010101,0x1010101,0x1010101,0x1010101,0x1010101,0x1010701,0x1010701,0x1010101
.4byte 0x1010101,0x1010101,0x1010101,0x1010101,0x1010101,0x1010101,0x1010101,0x1010101
.4byte 0x1010101,0x1010101,0x1010101,0x1010101,0x1010101,0x1010101,0x1010101,0x1010101
.4byte 0x1010101,0x1010101,0x1010101,0x1010101,0x1010101,0x101010f,0x1010107,0x10d0101
.4byte 0x1010101,0x1010d01,0x9010101,0x3010101,0x1010103,0x101010a,0x101010e,0xd010101
.4byte 0x1010101,0x1010108,0x1010111,0x1010101,0x1010101,0x1010101,0x1010101,0x1010101
.4byte 0x1010101,0x1010101,0x1010101,0x1010101,0x1010101,0x1010101,0x1010101,0x1010101
.4byte 0x1010101,0x1010101,0x1010101,0x1010101,0x1010101,0x1010101,0x1010101,0x1010101
.4byte 0x1010107,0x1010107,0x1010101,0x1010101,0x1010101,0x1010101,0x1010101,0x1010101
.4byte 0x1010101,0x1010101,0x1010101,0x1010101,0x1010101,0x1010101,0x1010101,0x1010101
.4byte 0x1010101,0x1010101,0x1010101,0x1010101,0x1010101,0x1010101,0x1010101,0xf010101
.4byte 0x7010101,0x1010101,0x1010d01,0x1010101,0x101010d,0x1090101,0x3030101,0xa010101
.4byte 0xe010101,0x1010101,0x10d0101,0x8010101,0x11010101,0x1010101,0x1010101,0x1010101
.4byte 0x1010101,0x1010101,0x1010101,0x1010101,0x1010101,0x1010101,0x1010101,0x1010101
.4byte 0x1010101,0x1010101,0x1010101,0x1010101,0x1010101,0x1010101,0x1010101,0x1010101
.4byte 0x1010101,0x1010101,0x7010101,0x7010101,0x1010101,0x1010101,0x1010101,0x1010101
.4byte 0x1010101,0x1010101,0x1010101,0x1010101,0x1010101,0x1010101,0x1010101,0x1010101
.4byte 0x1010101,0x1010101,0x1010101,0x1010101,0x1010101,0x1010101,0x1010101,0x1010101
.4byte 0x1010101,0x1010101,0x10f0101,0x1010801,0xd010101,0x1010101,0x10d0101,0x1010101
.4byte 0x1010109,0x1010303,0x1010a01,0x1010e01,0x1010101,0x101010d,0x1010801,0x1011101
.4byte 0x1010101,0x1010101,0x1010101,0x1010101,0x1010101,0x1010101,0x1010101,0x1010101
.4byte 0x1010101,0x1010101,0x1010101,0x1010101,0x1010101,0x1010101,0x1010101,0x1010101
.4byte 0x1010101,0x1010101,0x1010101,0x1010101,0x1010101,0x1010701,0x1010701,0x1010101
.4byte 0x1010101,0x1010101,0x1010101,0x1010101,0x1010101,0x1010101,0x1010101,0x1010101
.4byte 0x1010101,0x1010101,0x1010101,0x1010101,0x1010101,0x1010101,0x1010101,0x1010101
.4byte 0x1010101,0x1010101,0x1010101,0x1010101,0x1010101,0x801010f,0x1010101,0x1010d01
.4byte 0x1010101,0x101010d,0x1090101,0x3030101,0xa010101,0xe010101,0x1010101,0x10d0101
.4byte 0x8010101,0x11010101,0x1010101,0x1010101,0x1010101,0x1010101,0x1010101,0x1010101
.4byte 0x1010101,0x1010101,0x1010101,0x1010101,0x1010101,0x1010101,0x1010101,0x1010101
.4byte 0x1010101,0x1010101,0x1010101,0x1010101,0x1010101,0x1010101,0x1010101,0x7010101
.4byte 0x7010101,0x1010101,0x1010101,0x1010101,0x1010101,0x1010101,0x1010101,0x1010101
.4byte 0x1010101,0x1010101,0x1010101,0x1010101,0x1010101,0x1010101,0x1010101,0x1010101
.4byte 0x1010101,0x1010101,0x1010101,0x1010101,0x1010101,0x1010101,0x1010101,0x10e0101
.4byte 0x1080101,0x1010101,0x101010d,0xd010101,0x1010101,0x1010901,0x1030301,0x10a0101
.4byte 0x10e0101,0x1010101,0x1010d01,0x1080101,0x1110101,0x1010101,0x1010101,0x1010101
.4byte 0x1010101,0x1010101,0x1010101,0x1010101,0x1010101,0x1010101,0x1010101,0x1010101
.4byte 0x1010101,0x1010101,0x1010101,0x1010101,0x1010101,0x1010101,0x1010101,0x1010101
.4byte 0x1010101,0x1010101,0x1070101,0x1070101,0x1010101,0x1010101,0x1010101,0x1010101
.4byte 0x1010101,0x1010101,0x1010101,0x1010101,0x1010101,0x1010101,0x1010101,0x1010101
.4byte 0x1010101,0x1010101,0x1010101,0x1010101,0x1010101,0x1010101,0x1010101,0x1010101
.4byte 0x1010101,0x1010101,0x1010e01,0x1010801,0xd010101,0x1010101,0x10d0101,0x1010101
.4byte 0x1010109,0x1010303,0x1010a01,0x1010e01,0x1010101,0x101010d,0x1010801,0x1011101
.4byte 0x1010101,0x1010101,0x1010101,0x1010101,0x1010101,0x1010101,0x1010101,0x1010101
.4byte 0x1010101,0x1010101,0x1010101,0x1010101,0x1010101,0x1010101,0x1010101,0x1010101
.4byte 0x1010101,0x1010101,0x1010101,0x1010101,0x1010101,0x1010701,0x1010701,0x1010101
.4byte 0x1010101,0x1010101,0x1010101,0x1010101,0x1010101,0x1010101,0x1010101,0x1010101
.4byte 0x1010101,0x1010101,0x1010101,0x1010101,0x1010101,0x1010101,0x1010101,0x1010101
.4byte 0x1010101,0x1010101,0x1010101,0x1010101,0x1010101,0x101010e,0x1010108,0x10d0101
.4byte 0x1010101,0x1010d01,0x9010101,0x3010101,0x1010103,0x101010a,0x101010e,0xd010101
.4byte 0x1010101,0x1010108,0x1010111,0x1010101,0x1010101,0x1010101,0x1010101,0x1010101
.4byte 0x1010101,0x1010101,0x1010101,0x1010101,0x1010101,0x1010101,0x1010101,0x1010101
.4byte 0x1010101,0x1010101,0x1010101,0x1010101,0x1010101,0x1010101,0x1010101,0x1010101
.4byte 0x1010107,0x1010107,0x1010101,0x1010101,0x1010101,0x1010101,0x1010101,0x1010101
.4byte 0x1010101,0x1010101,0x1010101,0x1010101,0x1010101,0x1010101,0x1010101,0x1010101
.4byte 0x1010101,0x1010101,0x1010101,0x1010101,0x1010101,0x1010101,0x1010101,0xe010101
.4byte 0x8010101,0x1010101,0x1010d01,0x1010101,0x101010d,0x1090101,0x3030101,0xa010101
.4byte 0xe010101,0x1010101,0x10d0101,0x9010101,0x1110101,0x1010101,0x1010101,0x1010101
.4byte 0x1010101,0x1010101,0x1010101,0x1010101,0x1010101,0x1010101,0x1010101,0x1010101
.4byte 0x1010101,0x1010101,0x1010101,0x1010101,0x1010101,0x1010101,0x1010101,0x1010101
.4byte 0x1010101,0x1010101,0x1070101,0x1070101,0x1010101,0x1010101,0x1010101,0x1010101
.4byte 0x1010101,0x1010101,0x1010101,0x1010101,0x1010101,0x1010101,0x1010101,0x1010101
.4byte 0x1010101,0x1010101,0x1010101,0x1010101,0x1010101,0x1010101,0x1010101,0x1010101
.4byte 0x1010101,0x1010101,0x1010e01,0x1010801,0xd010101,0x1010101,0x10d0101,0x1010101
.4byte 0x1010109,0x1010303,0x1010a01,0x1010e01,0x1010101,0x101010d,0x1010901,0x1010111
.4byte 0x1010101,0x1010101,0x1010101,0x1010101,0x1010101,0x1010101,0x1010101,0x1010101
.4byte 0x1010101,0x1010101,0x1010101,0x1010101,0x1010101,0x1010101,0x1010101,0x1010101
.4byte 0x1010101,0x1010101,0x1010101,0x1010101,0x1010101,0x1010107,0x1010107,0x1010101
.4byte 0x1010101,0x1010101,0x1010101,0x1010101,0x1010101,0x1010101,0x1010101,0x1010101
.4byte 0x1010101,0x1010101,0x1010101,0x1010101,0x1010101,0x1010101,0x1010101,0x1010101
.4byte 0x1010101,0x1010101,0x1010101,0x1010101,0xe010101,0x8010101,0x1010101,0x1010d01
.4byte 0x1010101,0x101010d,0x1090101,0x3030101,0xa010101,0xe010101,0x1010101,0x10d0101
.4byte 0x9010101,0x10010101,0x1010101,0x1010101,0x1010101,0x1010101,0x1010101,0x1010101
.4byte 0x1010101,0x1010101,0x1010101,0x1010101,0x1010101,0x1010101,0x1010101,0x1010101
.4byte 0x1010101,0x1010101,0x1010101,0x1010101,0x1010101,0x1010101,0x1010101,0x7010101
.4byte 0x7010101,0x1010101,0x1010101,0x1010101,0x1010101,0x1010101,0x1010101,0x1010101
.4byte 0x1010101,0x1010101,0x1010101,0x1010101,0x1010101,0x1010101,0x1010101,0x1010101
.4byte 0x1010101,0x1010101,0x1010101,0x1010101,0x1010101,0x1010101,0x1010101,0x10e0101
.4byte 0x1080101,0x1010101,0x101010d,0xd010101,0x1010101,0x1010901,0x1030301,0x10a0101
.4byte 0x10e0101,0x1010101,0x1010d01,0x1090101,0x1100101,0x1010101,0x1010101,0x1010101
.4byte 0x1010101,0x1010101,0x1010101,0x1010101,0x1010101,0x1010101,0x1010101,0x1010101
.4byte 0x1010101,0x1010101,0x1010101,0x1010101,0x1010101,0x1010101,0x1010101,0x1010101
.4byte 0x1010101,0x1010101,0x1070101,0x1070101,0x1010101,0x1010101,0x1010101,0x1010101
.4byte 0x1010101,0x1010101,0x1010101,0x1010101,0x1010101,0x1010101,0x1010101,0x1010101
.4byte 0x1010101,0x1010101,0x1010101,0x1010101,0x1010101,0x1010101,0x1010101,0x1010101
.4byte 0x1010101,0x1010101,0x1010e01,0x1010801,0xd010101,0x1010101,0x10d0101,0x1010101
.4byte 0x1010109,0x1010303,0x1010a01,0x1010e01,0x1010101,0x101010d,0x1010901,0x1011001
.4byte 0x1010101,0x1010101,0x1010101,0x1010101,0x1010101,0x1010101,0x1010101,0x1010101
.4byte 0x1010101,0x1010101,0x1010101,0x1010101,0x1010101,0x1010101,0x1010101,0x1010101
.4byte 0x1010101,0x1010101,0x1010101,0x1010101,0x1010101,0x1010701,0x1010701,0x1010101
.4byte 0x1010101,0x1010101,0x1010101,0x1010101,0x1010101,0x1010101,0x1010101,0x1010101
.4byte 0x1010101,0x1010101,0x1010101,0x1010101,0x1010101,0x1010101,0x1010101,0x1010101
.4byte 0x1010101,0x1010101,0x1010101,0x1010101,0x1010101,0x101010e,0x1010108,0x10d0101
.4byte 0x1010101,0x1010d01,0x9010101,0x3010101,0x1010103,0x101010a,0x101010e,0xd010101
.4byte 0x1010101,0x1010109,0x1010110,0x1010101,0x1010101,0x1010101,0x1010101,0x1010101
.4byte 0x1010101,0x1010101,0x1010101,0x1010101,0x1010101,0x1010101,0x1010101,0x1010101
.4byte 0x1010101,0x1010101,0x1010101,0x1010101,0x1010101,0x1010101,0x1010101,0x1010101
.4byte 0x1010107,0x1010107,0x1010101,0x1010101,0x1010101,0x1010101,0x1010101,0x1010101
.4byte 0x1010101,0x1010101,0x1010101,0x1010101,0x1010101,0x1010101,0x1010101,0x1010101
.4byte 0x1010101,0x1010101,0x1010101,0x1010101,0x1010101,0x1010101,0x1010101,0xe010101
.4byte 0x8010101,0x1010101,0x1010d01,0x1010101,0x101010d,0x1090101,0x3030101,0xa010101
.4byte 0xe010101,0x1010101,0x10d0101,0x9010101,0x10010101,0x1010101,0x1010101,0x1010101
.4byte 0x1010101,0x1010101,0x1010101,0x1010101,0x1010101,0x1010101,0x1010101,0x1010101
.4byte 0x1010101,0x1010101,0x1010101,0x1010101,0x1010101,0x1010101,0x1010101,0x1010101
.4byte 0x1010101,0x1010101,0x7010101,0x7010101,0x1010101,0x1010101,0x1010101,0x1010101
.4byte 0x1010101,0x1010101,0x1010101,0x1010101,0x1010101,0x1010101,0x1010101,0x1010101
.4byte 0x1010101,0x1010101,0x1010101,0x1010101,0x1010101,0x1010101,0x1010101,0x1010101
.4byte 0x1010101,0x1010101,0x10e0101,0x1010901,0xd010101,0x1010101,0x10d0101,0x1010101
.4byte 0x1010109,0x1010303,0x1010a01,0x1010e01,0x1010101,0x101010d,0x1010901,0x1011001
.4byte 0x1010101,0x1010101,0x1010101,0x1010101,0x1010101,0x1010101,0x1010101,0x1010101
.4byte 0x1010101,0x1010101,0x1010101,0x1010101,0x1010101,0x1010101,0x1010101,0x1010101
.4byte 0x1010101,0x1010101,0x1010101,0x1010101,0x1010101,0x1010701,0x1010701,0x1010101
.4byte 0x1010101,0x1010101,0x1010101,0x1010101,0x1010101,0x1010101,0x1010101,0x1010101
.4byte 0x1010101,0x1010101,0x1010101,0x1010101,0x1010101,0x1010101,0x1010101,0x1010101
.4byte 0x1010101,0x1010101,0x1010101,0x1010101,0x1010101,0x901010e,0x1010101,0x1010d01
.4byte 0x1010101,0x101010d,0x1090101,0x3030101,0xa010101,0xe010101,0x1010101,0x10d0101
.4byte 0x9010101,0x10010101,0x1010101,0x1010101,0x1010101,0x1010101,0x1010101,0x1010101
.4byte 0x1010101,0x1010101,0x1010101,0x1010101,0x1010101,0x1010101,0x1010101,0x1010101
.4byte 0x1010101,0x1010101,0x1010101,0x1010101,0x1010101,0x1010101,0x1010101,0x7010101
.4byte 0x7010101,0x1010101,0x1010101,0x1010101,0x1010101,0x1010101,0x1010101,0x1010101
.4byte 0x1010101,0x1010101,0x1010101,0x1010101,0x1010101,0x1010101,0x1010101,0x1010101
.4byte 0x1010101,0x1010101,0x1010101,0x1010101,0x1010101,0x1010101,0x1010101,0x10d0101
.4byte 0x1090101,0x1010101,0x101010d,0xd010101,0x1010101,0x1010901,0x1030301,0x10a0101
.4byte 0x10e0101,0x1010101,0x1010d01,0x1090101,0x1100101,0x1010101,0x1010101,0x1010101
.4byte 0x1010101,0x1010101,0x1010101,0x1010101,0x1010101,0x1010101,0x1010101,0x1010101
.4byte 0x1010101,0x1010101,0x1010101,0x1010101,0x1010101,0x1010101,0x1010101,0x1010101
.4byte 0x1010101,0x1010101,0x1070101,0x1070101,0x1010101,0x1010101,0x1010101,0x1010101
.4byte 0x1010101,0x1010101,0x1010101,0x1010101,0x1010101,0x1010101,0x1010101,0x1010101
.4byte 0x1010101,0x1010101,0x1010101,0x1010101,0x1010101,0x1010101,0x1010101,0x1010101
.4byte 0x1010101,0x1010101,0x1010d01,0x1010901,0xd010101,0x1010101,0x10d0101,0x1010101
.4byte 0x1010109,0x1010303,0x1010a01,0x1010e01,0x1010101,0x101010d,0x1010901,0x1011001
.4byte 0x1010101,0x1010101,0x1010101,0x1010101,0x1010101,0x1010101,0x1010101,0x1010101
.4byte 0x1010101,0x1010101,0x1010101,0x1010101,0x1010101,0x1010101,0x1010101,0x1010101
.4byte 0x1010101,0x1010101,0x1010101,0x1010101,0x1010101,0x1010701,0x1010701,0x1010101
.4byte 0x1010101,0x1010101,0x1010101,0x1010101,0x1010101,0x1010101,0x1010101,0x1010101
.4byte 0x1010101,0x1010101,0x1010101,0x1010101,0x1010101,0x1010101,0x1010101,0x1010101
.4byte 0x1010101,0x1010101,0x1010101,0x1010101,0x1010101,0x101010d,0x1010109,0x10d0101
.4byte 0x1010101,0x1010d01,0x9010101,0x3010101,0x1010103,0x101010a,0x101010e,0xd010101
.4byte 0x1010101,0x1001010a,0x1010101,0x1010101,0x1010101,0x1010101,0x1010101,0x1010101
.4byte 0x1010101,0x1010101,0x1010101,0x1010101,0x1010101,0x1010101,0x1010101,0x1010101
.4byte 0x1010101,0x1010101,0x1010101,0x1010101,0x1010101,0x1010101,0x1010101,0x7010101
.4byte 0x7010101,0x1010101,0x1010101,0x1010101,0x1010101,0x1010101,0x1010101,0x1010101
.4byte 0x1010101,0x1010101,0x1010101,0x1010101,0x1010101,0x1010101,0x1010101,0x1010101
.4byte 0x1010101,0x1010101,0x1010101,0x1010101,0x1010101,0x1010101,0x1010101,0x10d0101
.4byte 0x1090101,0x1010101,0x101010d,0xd010101,0x1010101,0x1010901,0x1030301,0x10a0101
.4byte 0x10e0101,0x1010101,0x1010d01,0x10a0101,0x1011001,0x1010101,0x1010101,0x1010101
.4byte 0x1010101,0x1010101,0x1010101,0x1010101,0x1010101,0x1010101,0x1010101,0x1010101
.4byte 0x1010101,0x1010101,0x1010101,0x1010101,0x1010101,0x1010101,0x1010101,0x1010101
.4byte 0x1010101,0x1010101,0x1010701,0x1010701,0x1010101,0x1010101,0x1010101,0x1010101
.4byte 0x1010101,0x1010101,0x1010101,0x1010101,0x1010101,0x1010101,0x1010101,0x1010101
.4byte 0x1010101,0x1010101,0x1010101,0x1010101,0x1010101,0x1010101,0x1010101,0x1010101
.4byte 0x1010101,0x1010101,0x101010d,0x1010109,0x10d0101,0x1010101,0x1010d01,0x9010101
.4byte 0x3010101,0x1010103,0x101010a,0x101010e,0xd010101,0x1010101,0x101010a,0x101010f
.4byte 0x1010101,0x1010101,0x1010101,0x1010101,0x1010101,0x1010101,0x1010101,0x1010101
.4byte 0x1010101,0x1010101,0x1010101,0x1010101,0x1010101,0x1010101,0x1010101,0x1010101
.4byte 0x1010101,0x1010101,0x1010101,0x1010101,0x1010101,0x1010107,0x1010107,0x1010101
.4byte 0x1010101,0x1010101,0x1010101,0x1010101,0x1010101,0x1010101,0x1010101,0x1010101
.4byte 0x1010101,0x1010101,0x1010101,0x1010101,0x1010101,0x1010101,0x1010101,0x1010101
.4byte 0x1010101,0x1010101,0x1010101,0x1010101,0xd010101,0x9010101,0x1010101,0x1010d01
.4byte 0x1010101,0x101010d,0x1090101,0x3030101,0xa010101,0xe010101,0x1010101,0x10d0101
.4byte 0xa010101,0xf010101,0x1010101,0x1010101,0x1010101,0x1010101,0x1010101,0x1010101
.4byte 0x1010101,0x1010101,0x1010101,0x1010101,0x1010101,0x1010101,0x1010101,0x1010101
.4byte 0x1010101,0x1010101,0x1010101,0x1010101,0x1010101,0x1010101,0x1010101,0x7010101
.4byte 0x7010101,0x1010101,0x1010101,0x1010101,0x1010101,0x1010101,0x1010101,0x1010101
.4byte 0x1010101,0x1010101,0x1010101,0x1010101,0x1010101,0x1010101,0x1010101,0x1010101
.4byte 0x1010101,0x1010101,0x1010101,0x1010101,0x1010101,0x1010101,0x1010101,0x10d0101
.4byte 0x1090101,0x1010101,0x101010d,0xd010101,0x1010101,0x1010901,0x1030301,0x10a0101
.4byte 0x10e0101,0x1010101,0x1010d01,0x10a0101,0x10f0101,0x1010101,0x1010101,0x1010101
.4byte 0x1010101,0x1010101,0x1010101,0x1010101,0x1010101,0x1010101,0x1010101,0x1010101
.4byte 0x1010101,0x1010101,0x1010101,0x1010101,0x1010101,0x1010101,0x1010101,0x1010101
.4byte 0x1010101,0x1010101,0x1070101,0x1070101,0x1010101,0x1010101,0x1010101,0x1010101
.4byte 0x1010101,0x1010101,0x1010101,0x1010101,0x1010101,0x1010101,0x1010101,0x1010101
.4byte 0x1010101,0x1010101,0x1010101,0x1010101,0x1010101,0x1010101,0x1010101,0x1010101
.4byte 0x1010101,0x1010101,0x1010d01,0x1010901,0xd010101,0x1010101,0x10d0101,0x1010101
.4byte 0x1010109,0x1010303,0x1010a01,0x1010e01,0x1010101,0x101010d,0x1010a01,0x1010f01
.4byte 0x1010101,0x1010101,0x1010101,0x1010101,0x1010101,0x1010101,0x1010101,0x1010101
.4byte 0x1010101,0x1010101,0x1010101,0x1010101,0x1010101,0x1010101,0x1010101,0x1010101
.4byte 0x1010101,0x1010101,0x1010101,0x1010101,0x1010101,0x1010701,0x1010701,0x1010101
.4byte 0x1010101,0x1010101,0x1010101,0x1010101,0x1010101,0x1010101,0x1010101,0x1010101
.4byte 0x1010101,0x1010101,0x1010101,0x1010101,0x1010101,0x1010101,0x1010101,0x1010101
.4byte 0x1010101,0x1010101,0x1010101,0x1010101,0x1010101,0xa01010d,0x1010101,0x1010d01
.4byte 0x1010101,0x101010d,0x1090101,0x3030101,0xa010101,0xe010101,0x1010101,0x10d0101
.4byte 0xa010101,0xf010101,0x1010101,0x1010101,0x1010101,0x1010101,0x1010101,0x1010101
.4byte 0x1010101,0x1010101,0x1010101,0x1010101,0x1010101,0x1010101,0x1010101,0x1010101
.4byte 0x1010101,0x1010101,0x1010101,0x1010101,0x1010101,0x1010101,0x1010101,0x7010101
.4byte 0x7010101,0x1010101,0x1010101,0x1010101,0x1010101,0x1010101,0x1010101,0x1010101
.4byte 0x1010101,0x1010101,0x1010101,0x1010101,0x1010101,0x1010101,0x1010101,0x1010101
.4byte 0x1010101,0x1010101,0x1010101,0x1010101,0x1010101,0x1010101,0x1010101,0x10d0101
.4byte 0x1010a01,0xd010101,0x1010101,0x10d0101,0x1010101,0x1010109,0x1010303,0x1010a01
.4byte 0x1010e01,0x1010101,0x101010d,0x1010a01,0x1010f01,0x1010101,0x1010101,0x1010101
.4byte 0x1010101,0x1010101,0x1010101,0x1010101,0x1010101,0x1010101,0x1010101,0x1010101
.4byte 0x1010101,0x1010101,0x1010101,0x1010101,0x1010101,0x1010101,0x1010101,0x1010101
.4byte 0x1010101,0x1010101,0x1010701,0x1010701,0x1010101,0x1010101,0x1010101,0x1010101
.4byte 0x1010101,0x1010101,0x1010101,0x1010101,0x1010101,0x1010101,0x1010101,0x1010101
.4byte 0x1010101,0x1010101,0x1010101,0x1010101,0x1010101,0x1010101,0x1010101,0x1010101
.4byte 0x1010101,0x1010101,0x101010c,0x101010a,0x10d0101,0x1010101,0x1010d01,0x9010101
.4byte 0x3010101,0x1010103,0x101010a,0x101010e,0xd010101,0x1010101,0x101010a,0x101010f
.4byte 0x1010101,0x1010101,0x1010101,0x1010101,0x1010101,0x1010101,0x1010101,0x1010101
.4byte 0x1010101,0x1010101,0x1010101,0x1010101,0x1010101,0x1010101,0x1010101,0x1010101
.4byte 0x1010101,0x1010101,0x1010101,0x1010101,0x1010101,0x1010107,0x1010107,0x1010101
.4byte 0x1010101,0x1010101,0x1010101,0x1010101,0x1010101,0x1010101,0x1010101,0x1010101
.4byte 0x1010101,0x1010101,0x1010101,0x1010101,0x1010101,0x1010101,0x1010101,0x1010101
.4byte 0x1010101,0x1010101,0x1010101,0x1010101,0xc010101,0xa010101,0x1010101,0x1010d01
.4byte 0x1010101,0x101010d,0x1090101,0x3030101,0x1d010101,0xf010101,0xa010101,0xf010101
.4byte 0x1010101,0x1010101,0x1010101,0x1010101,0x1010101,0x1010101,0x1010101,0x1010101
.4byte 0x1010101,0x1010101,0x1010101,0x1010101,0x1010101,0x1010101,0x1010101,0x1010101
.4byte 0x1010101,0x1010101,0x1010101,0x1010101,0x1010101,0x1010101,0x1010101,0x1010101
.4byte 0x1010101,0x1010101,0x1010101,0x1010101,0x1010101,0x1010101,0x1010101,0x1010101
.4byte 0x1010101,0x1010101,0x1010101,0x1010101,0x1010101,0x1010101,0x1010101,0x1010101
.4byte 0x1010101,0x1010101,0x1010101,0x1010101,0x1010101,0x1010101,0x1010101,0x1010101
.4byte 0x10c0101,0x10a0101,0xf010101,0x1d010101,0x3010101,0x1010103,0x101011d,0x101010f
.4byte 0x101010b,0x101010e,0x1010101,0x1010101,0x1010101,0x1010101,0x1010101,0x1010101
.4byte 0x1010101,0x1010101,0x1010101,0x1010101,0x1010101,0x1010101,0x1010101,0x1010101
.4byte 0x1010101,0x1010101,0x1010101,0x1010101,0x1010101,0x1010101,0x1010101,0x1010101
.4byte 0x1010101,0x1010101,0x1010101,0x1010101,0x1010101,0x1010101,0x1010101,0x1010101
.4byte 0x1010101,0x1010101,0x1010101,0x1010101,0x1010101,0x1010101,0x1010101,0x1010101
.4byte 0x1010101,0x1010101,0x1010101,0x1010101,0x1010101,0x1010101,0x1010101,0x1010101
.4byte 0x1010101,0xc010101,0xa010101,0x1010101,0x101010f,0x101011d,0x1010f03,0x10e0101
.4byte 0x1010101,0x1010d01,0x10b0101,0x10e0101,0x1010101,0x1010101,0x1010101,0x1010101
.4byte 0x1010101,0x1010101,0x1010101,0x1010101,0x1010101,0x1010101,0x1010101,0x1010101
.4byte 0x1010101,0x1010101,0x1010101,0x1010101,0x1010101,0x1010101,0x1010101,0x1010101
.4byte 0x1010101,0x1010101,0x1010101,0x1010101,0x1010101,0x1010101,0x1010101,0x1010101
.4byte 0x1010101,0x1010101,0x1010101,0x1010101,0x1010101,0x1010101,0x1010101,0x1010101
.4byte 0x1010101,0x1010101,0x1010101,0x1010101,0x1010101,0x1010101,0x1010101,0x1010101
.4byte 0x1010101,0x1010101,0x1010101,0x1010101,0x1010c01,0x1010a01,0xd010101,0x1010101
.4byte 0x10d0101,0x1010101,0x1010f0f,0x10e0101,0x1010101,0x1010d01,0x10b0101,0x10e0101
.4byte 0x1010101,0x1010101,0x1010101,0x1010101,0x1010101,0x1010101,0x1010101,0x1010101
.4byte 0x1010101,0x1010101,0x1010101,0x1010101,0x1010101,0x1010101,0x1010101,0x1010101
.4byte 0x1010101,0x1010101,0x1010101,0x1010101,0x1010101,0x1010101,0x1010101,0x1010101
.4byte 0x1010101,0x1010101,0x1010101,0x1010101,0x1010101,0x1010101,0x1010101,0x1010101
.4byte 0x1010101,0x1010101,0x1010101,0x1010101,0x1010101,0x1010101,0x1010101,0x1010101
.4byte 0x1010101,0x1010101,0x1010101,0x1010101,0x1010101,0x1010101,0x1010101,0x1010101
.4byte 0x1010c01,0x1010a01,0xd010101,0x1010101,0x10d0101,0x1010101,0x1010f0f,0x10e0101
.4byte 0x1010101,0x1010d01,0x10b0101,0x10e0101,0x1010101,0x1010101,0x1010101,0x1010101
.4byte 0x1010101,0x1010101,0x1010101,0x1010101,0x1010101,0x1010101,0x1010101,0x1010101
.4byte 0x1010101,0x1010101,0x1010101,0x1010101,0x1010101,0x1010101,0x1010101,0x1010101
.4byte 0x1010101,0x1010101,0x1010101,0x1010101,0x1010101,0x1010101,0x1010101,0x1010101
.4byte 0x1010101,0x1010101,0x1010101,0x1010101,0x1010101,0x1010101,0x1010101,0x1010101
.4byte 0x1010101,0x1010101,0x1010101,0x1010101,0x1010101,0x1010101,0x1010101,0x1010101
.4byte 0x1010101,0x1010101,0x1010101,0x1010101,0x1010c01,0x1010a01,0xd010101,0x1010101
.4byte 0x10d0101,0x1010101,0x1010f0f,0x10e0101,0x1010101,0x1010d01,0x10b0101,0x10e0101
.4byte 0x1010101,0x1010101,0x1010101,0x1010101,0x1010101,0x1010101,0x1010101,0x1010101
.4byte 0x1010101,0x1010101,0x1010101,0x1010101,0x1010101,0x1010101,0x1010101,0x1010101
.4byte 0x1010101,0x1010101,0x1010101,0x1010101,0x1010101,0x1010101,0x1010101,0x1010101
.4byte 0x1010101,0x1010101,0x1010101,0x1010101,0x1010101,0x1010101,0x1010101,0x1010101
.4byte 0x1010101,0x1010101,0x1010101,0x1010101,0x1010101,0x1010101,0x1010101,0x1010101
.4byte 0x1010101,0x1010101,0x1010101,0x1010101,0x1010101,0x1010101,0x1010101,0x1010101
.4byte 0x1010c01,0x101010b,0x10d0101,0x1010101,0x1010d01,0xf010101,0x101010f,0x1010e01
.4byte 0x1010101,0x101010d,0x1010b01,0x1010e01,0x1010101,0x1010101,0x1010101,0x1010101
.4byte 0x1010101,0x1010101,0x1010101,0x1010101,0x1010101,0x1010101,0x1010101,0x1010101
.4byte 0x1010101,0x1010101,0x1010101,0x1010101,0x1010101,0x1010101,0x1010101,0x1010101
.4byte 0x1010101,0x1010101,0x1010101,0x1010101,0x1010101,0x1010101,0x1010101,0x1010101
.4byte 0x1010101,0x1010101,0x1010101,0x1010101,0x1010101,0x1010101,0x1010101,0x1010101
.4byte 0x1010101,0x1010101,0x1010101,0x1010101,0x1010101,0x1010101,0x1010101,0x1010101
.4byte 0x1010101,0x1010101,0x1010101,0x1010101,0x101010b,0x101010b,0x10d0101,0x1010101
.4byte 0x1010d01,0xf010101,0x101010f,0x1010e01,0x1010101,0x101010d,0x1010b01,0x1010e01
.4byte 0x1010101,0x1010101,0x1010101,0x1010101,0x1010101,0x1010101,0x1010101,0x1010101
.4byte 0x1010101,0x1010101,0x1010101,0x1010101,0x1010101,0x1010101,0x1010101,0x1010101
.4byte 0x1010101,0x1010101,0x1010101,0x1010101,0x1010101,0x1010101,0x1010101,0x1010101
.4byte 0x1010101,0x1010101,0x1010101,0x1010101,0x1010101,0x1010101,0x1010101,0x1010101
.4byte 0x1010101,0x1010101,0x1010101,0x1010101,0x1010101,0x1010101,0x1010101,0x1010101
.4byte 0x1010101,0x1010101,0x1010101,0x1010101,0x1010101,0x1010101,0x1010101,0x1010101
.4byte 0x101010b,0x101010b,0x10d0101,0x1010101,0x1010d01,0xf010101,0x101010f,0x1010e01
.4byte 0x1010101,0x101010d,0x1010b01,0x1010e01,0x1010101,0x1010101,0x1010101,0x1010101
.4byte 0x1010101,0x1010101,0x1010101,0x1010101,0x1010101,0x1010101,0x1010101,0x1010101
.4byte 0x1010101,0x1010101,0x1010101,0x1010101,0x1010101,0x1010101,0x1010101,0x1010101
.4byte 0x1010101,0x1010101,0x1010101,0x1010101,0x1010101,0x1010101,0x1010101,0x1010101
.4byte 0x1010101,0x1010101,0x1010101,0x1010101,0x1010101,0x1010101,0x1010101,0x1010101
.4byte 0x1010101,0x1010101,0x1010101,0x1010101,0x1010101,0x1010101,0x1010101,0x1010101
.4byte 0x1010101,0x1010101,0x1010101,0x1010101,0x101010b,0x101010b,0x10d0101,0x1010101
.4byte 0x1010d01,0xf010101,0x101010f,0x1010e01,0x1010101,0x101010d,0x1010c01,0x101010e
.4byte 0x1010101,0x1010101,0x1010101,0x1010101,0x1010101,0x1010101,0x1010101,0x1010101
.4byte 0x1010101,0x1010101,0x1010101,0x1010101,0x1010101,0x1010101,0x1010101,0x1010101
.4byte 0x1010101,0x1010101,0x1010101,0x1010101,0x1010101,0x1010101,0x1010101,0x1010101
.4byte 0x1010101,0x1010101,0x1010101,0x1010101,0x1010101,0x1010101,0x1010101,0x1010101
.4byte 0x1010101,0x1010101,0x1010101,0x1010101,0x1010101,0x1010101,0x1010101,0x1010101
.4byte 0x1010101,0x1010101,0x1010101,0x1010101,0x1010101,0x1010101,0x1010101,0xb010101
.4byte 0xb010101,0x1010101,0x1010d01,0x1010101,0x101010d,0xf0f0101,0x1010101,0x101010e
.4byte 0xd010101,0x1010101,0x101010c,0x101010d,0x1010101,0x1010101,0x1010101,0x1010101
.4byte 0x1010101,0x1010101,0x1010101,0x1010101,0x1010101,0x1010101,0x1010101,0x1010101
.4byte 0x1010101,0x1010101,0x1010101,0x1010101,0x1010101,0x1010101,0x1010101,0x1010101
.4byte 0x1010101,0x1010101,0x1010101,0x1010101,0x1010101,0x1010101,0x1010101,0x1010101
.4byte 0x1010101,0x1010101,0x1010101,0x1010101,0x1010101,0x1010101,0x1010101,0x1010101
.4byte 0x1010101,0x1010101,0x1010101,0x1010101,0x1010101,0x1010101,0x1010101,0x1010101
.4byte 0x1010101,0x1010101,0x1010101,0xb010101,0xb010101,0x1010101,0x1010d01,0x1010101
.4byte 0x101010d,0xf0f0101,0x1010101,0x101010e,0xd010101,0x1010101,0x101010c,0x101010d
.4byte 0x1010101,0x1010101,0x1010101,0x1010101,0x1010101,0x1010101,0x1010101,0x1010101
.4byte 0x1010101,0x1010101,0x1010101,0x1010101,0x1010101,0x1010101,0x1010101,0x1010101
.4byte 0x1010101,0x1010101,0x1010101,0x1010101,0x1010101,0x1010101,0x1010101,0x1010101
.4byte 0x1010101,0x1010101,0x1010101,0x1010101,0x1010101,0x1010101,0x1010101,0x1010101
.4byte 0x1010101,0x1010101,0x1010101,0x1010101,0x1010101,0x1010101,0x1010101,0x1010101
.4byte 0x1010101,0x1010101,0x1010101,0x1010101,0x1010101,0x1010101,0x1010101,0xb010101
.4byte 0xb010101,0x1010101,0x1010d01,0x1010101,0x101010d,0xf0f0101,0x1010101,0x101010e
.4byte 0xd010101,0x1010101,0x101010c,0x101010d,0x1010101,0x1010101,0x1010101,0x1010101
.4byte 0x1010101,0x1010101,0x1010101,0x1010101,0x1010101,0x1010101,0x1010101,0x1010101
.4byte 0x1010101,0x1010101,0x1010101,0x1010101,0x1010101,0x1010101,0x1010101,0x1010101
.4byte 0x1010101,0x1010101,0x1010101,0x1010101,0x1010101,0x1010101,0x1010101,0x1010101
.4byte 0x1010101,0x1010101,0x1010101,0x1010101,0x1010101,0x1010101,0x1010101,0x1010101
.4byte 0x1010101,0x1010101,0x1010101,0x1010101,0x1010101,0x1010101,0x1010101,0x1010101
.4byte 0x1010101,0x1010101,0x1010101,0xb010101,0x10c0101,0x1010101,0x101010d,0xd010101
.4byte 0x1010101,0x10f0f01,0xe010101,0x1010101,0x10d0101,0xc010101,0xd010101,0x1010101
.4byte 0x1010101,0x1010101,0x1010101,0x1010101,0x1010101,0x1010101,0x1010101,0x1010101
.4byte 0x1010101,0x1010101,0x1010101,0x1010101,0x1010101,0x1010101,0x1010101,0x1010101
.4byte 0x1010101,0x1010101,0x1010101,0x1010101,0x1010101,0x1010101,0x1010101,0x1010101
.4byte 0x1010101,0x1010101,0x1010101,0x1010101,0x1010101,0x1010101,0x1010101,0x1010101
.4byte 0x1010101,0x1010101,0x1010101,0x1010101,0x1010101,0x1010101,0x1010101,0x1010101
.4byte 0x1010101,0x1010101,0x1010101,0x1010101,0x1010101,0x1010101,0x1010101,0x10a0101
.4byte 0x10c0101,0x1010101,0x101010d,0xd010101,0x1010101,0x10f0f01,0xe010101,0x1010101
.4byte 0x10d0101,0xc010101,0xd010101,0x1010101,0x1010101,0x1010101,0x1010101,0x1010101
.4byte 0x1010101,0x1010101,0x1010101,0x1010101,0x1010101,0x1010101,0x1010101,0x1010101
.4byte 0x1010101,0x1010101,0x1010101,0x1010101,0x1010101,0x1010101,0x1010101,0x1010101
.4byte 0x1010101,0x1010101,0x1010101,0x1010101,0x1010101,0x1010101,0x1010101,0x1010101
.4byte 0x1010101,0x1010101,0x1010101,0x1010101,0x1010101,0x1010101,0x1010101,0x1010101
.4byte 0x1010101,0x1010101,0x1010101,0x1010101,0x1010101,0x1010101,0x1010101,0x1010101
.4byte 0x1010101,0x1010101,0x1010101,0x10a0101,0x10c0101,0x1010101,0x101010d,0xd010101
.4byte 0x1010101,0x10f0f01,0xe010101,0x1010101,0x10d0101,0xc010101,0xd010101,0x1010101
.4byte 0x1010101,0x1010101,0x1010101,0x1010101,0x1010101,0x1010101,0x1010101,0x1010101
.4byte 0x1010101,0x1010101,0x1010101,0x1010101,0x1010101,0x1010101,0x1010101,0x1010101
.4byte 0x1010101,0x1010101,0x1010101,0x1010101,0x1010101,0x1010101,0x1010101,0x1010101
.4byte 0x1010101,0x1010101,0x1010101,0x1010101,0x1010101,0x1010101,0x1010101,0x1010101
.4byte 0x1010101,0x1010101,0x1010101,0x1010101,0x1010101,0x1010101,0x1010101,0x1010101
.4byte 0x1010101,0x1010101,0x1010101,0x1010101,0x1010101,0x1010101,0x1010101,0x10a0101
.4byte 0x10c0101,0x1010101,0x101010d,0xd010101,0x1010101,0x10f0f01,0xe010101,0x1010101
.4byte 0x10d0101,0xd010101,0x10d0101,0x1010101,0x1010101,0x1010101,0x1010101,0x1010101
.4byte 0x1010101,0x1010101,0x1010101,0x1010101,0x1010101,0x1010101,0x1010101,0x1010101
.4byte 0x1010101,0x1010101,0x1010101,0x1010101,0x1010101,0x1010101,0x1010101,0x1010101
.4byte 0x1010101,0x1010101,0x1010101,0x1010101,0x1010101,0x1010101,0x1010101,0x1010101
.4byte 0x1010101,0x1010101,0x1010101,0x1010101,0x1010101,0x1010101,0x1010101,0x1010101
.4byte 0x1010101,0x1010101,0x1010101,0x1010101,0x1010101,0x1010101,0x1010101,0x1010101
.4byte 0x1010101,0x1010101,0x1010101,0x1010a01,0x1010c01,0xd010101,0x1010101,0x10d0101
.4byte 0x1010101,0x1010f0f,0x10e0101,0x1010101,0x1010d01,0x10d0101,0x10c0101,0x1010101
.4byte 0x1010101,0x1010101,0x1010101,0x1010101,0x1010101,0x1010101,0x1010101,0x1010101
.4byte 0x1010101,0x1010101,0x1010101,0x1010101,0x1010101,0x1010101,0x1010101,0x1010101
.4byte 0x1010101,0x1010101,0x1010101,0x1010101,0x1010101,0x1010101,0x1010101,0x1010101
.4byte 0x1010101,0x1010101,0x1010101,0x1010101,0x1010101,0x1010101,0x1010101,0x1010101
.4byte 0x1010101,0x1010101,0x1010101,0x1010101,0x1010101,0x1010101,0x1010101,0x1010101
.4byte 0x1010101,0x1010101,0x1010101,0x1010101,0x1010101,0x1010101,0x1010101,0x1010a01
.4byte 0x1010c01,0xd010101,0x1010101,0x10d0101,0x1010101,0x1010f0f,0x10e0101,0x1010101
.4byte 0x1010d01,0x10d0101,0x10c0101,0x1010101,0x1010101,0x1010101,0x1010101,0x1010101
.4byte 0x1010101,0x1010101,0x1010101,0x1010101,0x1010101,0x1010101,0x1010101,0x1010101
.4byte 0x1010101,0x1010101,0x1010101,0x1010101,0x1010101,0x1010101,0x1010101,0x1010101
.4byte 0x1010101,0x1010101,0x1010101,0x1010101,0x1010101,0x1010101,0x1010101,0x1010101
.4byte 0x1010101,0x1010101,0x1010101,0x1010101,0x1010101,0x1010101,0x1010101,0x1010101
.4byte 0x1010101,0x1010101,0x1010101,0x1010101,0x1010101,0x1010101,0x1010101,0x1010101
.4byte 0x1010101,0x1010101,0x1010101,0x1010a01,0x1010c01,0xd010101,0x1010101,0x10d0101
.4byte 0x1010101,0x1010f0f,0x10e0101,0x1010101,0x1010d01,0x10d0101,0x10c0101,0x1010101
.4byte 0x1010101,0x1010101,0x1010101,0x1010101,0x1010101,0x1010101,0x1010101,0x1010101
.4byte 0x1010101,0x1010101,0x1010101,0x1010101,0x1010101,0x1010101,0x1010101,0x1010101
.4byte 0x1010101,0x1010101,0x1010101,0x1010101,0x1010101,0x1010101,0x1010101,0x1010101
.4byte 0x1010101,0x1010101,0x1010101,0x1010101,0x1010101,0x1010101,0x1010101,0x1010101
.4byte 0x1010101,0x1010101,0x1010101,0x1010101,0x1010101,0x1010101,0x1010101,0x1010101
.4byte 0x1010101,0x1010101,0x1010101,0x1010101,0x1010101,0x1010101,0x1010101,0x1010a01
.4byte 0x101010d,0x10d0101,0x1010101,0x1010d01,0xf010101,0x101010f,0x1010e01,0x1010101
.4byte 0x101010d,0x1010d01,0x1010c01,0x1010101,0x1010101,0x1010101,0x1010101,0x1010101
.4byte 0x1010101,0x1010101,0x1010101,0x1010101,0x1010101,0x1010101,0x1010101,0x1010101
.4byte 0x1010101,0x1010101,0x1010101,0x1010101,0x1010101,0x1010101,0x1010101,0x1010101
.4byte 0x1010101,0x1010101,0x1010101,0x1010101,0x1010101,0x1010101,0x1010101,0x1010101
.4byte 0x1010101,0x1010101,0x1010101,0x1010101,0x1010101,0x1010101,0x1010101,0x1010101
.4byte 0x1010101,0x1010101,0x1010101,0x1010101,0x1010101,0x1010101,0x1010101,0x1010101
.4byte 0x1010101,0x1010101,0x1010101,0x1010109,0x101010d,0x10d0101,0x1010101,0x1010d01
.4byte 0xf010101,0x101010f,0x1010e01,0x1010101,0x101010d,0x1010d01,0x1010c01,0x1010101
.4byte 0x1010101,0x1010101,0x1010101,0x1010101,0x1010101,0x1010101,0x1010101,0x1010101
.4byte 0x1010101,0x1010101,0x1010101,0x1010101,0x1010101,0x1010101,0x1010101,0x1010101
.4byte 0x1010101,0x1010101,0x1010101,0x1010101,0x1010101,0x1010101,0x1010101,0x1010101
.4byte 0x1010101,0x1010101,0x1010101,0x1010101,0x1010101,0x1010101,0x1010101,0x1010101
.4byte 0x1010101,0x1010101,0x1010101,0x1010101,0x1010101,0x1010101,0x1010101,0x1010101
.4byte 0x1010101,0x1010101,0x1010101,0x1010101,0x1010101,0x1010101,0x1010101,0x1010109
.4byte 0x101010d,0x10d0101,0x1010101,0x1010d01,0xf010101,0x101010f,0x1010e01,0x1010101
.4byte 0x101010d,0x1010e01,0x101010c,0x1010101,0x1010101,0x1010101,0x1010101,0x1010101
.4byte 0x1010101,0x1010101,0x1010101,0x1010101,0x1010101,0x1010101,0x1010101,0x1010101
.4byte 0x1010101,0x1010101,0x1010101,0x1010101,0x1010101,0x1010101,0x1010101,0x1010101
.4byte 0x1010101,0x1010101,0x1010101,0x1010101,0x1010101,0x1010101,0x1010101,0x1010101
.4byte 0x1010101,0x1010101,0x1010101,0x1010101,0x1010101,0x1010101,0x1010101,0x1010101
.4byte 0x1010101,0x1010101,0x1010101,0x1010101,0x1010101,0x1010101,0x1010101,0x1010101
.4byte 0x1010101,0x1010101,0x9010101,0xd010101,0x1010101,0x1010d01,0x1010101,0x101010d
.4byte 0xf0f0101,0x1010101,0x101010e,0xd010101,0x1010101,0x101010e,0x101010b,0x1010101
.4byte 0x1010101,0x1010101,0x1010101,0x1010101,0x1010101,0x1010101,0x1010101,0x1010101
.4byte 0x1010101,0x1010101,0x1010101,0x1010101,0x1010101,0x1010101,0x1010101,0x1010101
.4byte 0x1010101,0x1010101,0x1010101,0x1010101,0x1010101,0x1010101,0x1010101,0x1010101
.4byte 0x1010101,0x1010101,0x1010101,0x1010101,0x1010101,0x1010101,0x1010101,0x1010101
.4byte 0x1010101,0x1010101,0x1010101,0x1010101,0x1010101,0x1010101,0x1010101,0x1010101
.4byte 0x1010101,0x1010101,0x1010101,0x1010101,0x1010101,0x1010101,0x9010101,0xd010101
.4byte 0x1010101,0x1010d01,0x1010101,0x101010d,0xf0f0101,0x1010101,0x101010e,0xd010101
.4byte 0x1010101,0x101010e,0x101010b,0x1010101,0x1010101,0x1010101,0x1010101,0x1010101
.4byte 0x1010101,0x1010101,0x1010101,0x1010101,0x1010101,0x1010101,0x1010101,0x1010101
.4byte 0x1010101,0x1010101,0x1010101,0x1010101,0x1010101,0x1010101,0x1010101,0x1010101
.4byte 0x1010101,0x1010101,0x1010101,0x1010101,0x1010101,0x1010101,0x1010101,0x1010101
.4byte 0x1010101,0x1010101,0x1010101,0x1010101,0x1010101,0x1010101,0x1010101,0x1010101
.4byte 0x1010101,0x1010101,0x1010101,0x1010101,0x1010101,0x1010101,0x1010101,0x1010101
.4byte 0x1010101,0x1010101,0x9010101,0xd010101,0x1010101,0x1010d01,0x1010101,0x101010d
.4byte 0xf0f0101,0x1010101,0x101010e,0xd010101,0x1010101,0x101010e,0x101010b,0x1010101
.4byte 0x1010101,0x1010101,0x1010101,0x1010101,0x1010101,0x1010101,0x1010101,0x1010101
.4byte 0x1010101,0x1010101,0x1010101,0x1010101,0x1010101,0x1010101,0x1010101,0x1010101
.4byte 0x1010101,0x1010101,0x1010101,0x1010101,0x1010101,0x1010101,0x1010101,0x1010101
.4byte 0x1010101,0x1010101,0x1010101,0x1010101,0x1010101,0x1010101,0x1010101,0x1010101
.4byte 0x1010101,0x1010101,0x1010101,0x1010101,0x1010101,0x1010101,0x1010101,0x1010101
.4byte 0x1010101,0x1010101,0x1010101,0x1010101,0x1010101,0x1010101,0x9010101,0x10e0101
.4byte 0x1010101,0x101010d,0xd010101,0x1010101,0x10f0f01,0xe010101,0x1010101,0x10d0101
.4byte 0xe010101,0xb010101,0x1010101,0x1010101,0x1010101,0x1010101,0x1010101,0x1010101
.4byte 0x1010101,0x1010101,0x1010101,0x1010101,0x1010101,0x1010101,0x1010101,0x1010101
.4byte 0x1010101,0x1010101,0x1010101,0x1010101,0x1010101,0x1010101,0x1010101,0x1010101
.4byte 0x1010101,0x1010101,0x1010101,0x1010101,0x1010101,0x1010101,0x1010101,0x1010101
.4byte 0x1010101,0x1010101,0x1010101,0x1010101,0x1010101,0x1010101,0x1010101,0x1010101
.4byte 0x1010101,0x1010101,0x1010101,0x1010101,0x1010101,0x1010101,0x1010101,0x1010101
.4byte 0x1010101,0x1010101,0x1080101,0x10e0101,0x1010101,0x101010d,0xd010101,0x1010101
.4byte 0x10f0f01,0xe010101,0x1010101,0x10d0101,0xe010101,0xb010101,0x1010101,0x1010101
.4byte 0x1010101,0x1010101,0x1010101,0x1010101,0x1010101,0x1010101,0x1010101,0x1010101
.4byte 0x1010101,0x1010101,0x1010101,0x1010101,0x1010101,0x1010101,0x1010101,0x1010101
.4byte 0x1010101,0x1010101,0x1010101,0x1010101,0x1010101,0x1010101,0x1010101,0x1010101
.4byte 0x1010101,0x1010101,0x1010101,0x1010101,0x1010101,0x1010101,0x1010101,0x1010101
.4byte 0x1010101,0x1010101,0x1010101,0x1010101,0x1010101,0x1010101,0x1010101,0x1010101
.4byte 0x1010101,0x1010101,0x1010101,0x1010101,0x1010101,0x1010101,0x1080101,0x10e0101
.4byte 0x1010101,0x101010d,0xd010101,0x1010101,0x10f0f01,0xe010101,0x1010101,0x10d0101
.4byte 0xf010101,0x10b0101,0x1010101,0x1010101,0x1010101,0x1010101,0x1010101,0x1010101
.4byte 0x1010101,0x1010101,0x1010101,0x1010101,0x1010101,0x1010101,0x1010101,0x1010101
.4byte 0x1010101,0x1010101,0x1010101,0x1010101,0x1010101,0x1010101,0x1010101,0x1010101
.4byte 0x1010101,0x1010101,0x1010101,0x1010101,0x1010101,0x1010101,0x1010101,0x1010101
.4byte 0x1010101,0x1010101,0x1010101,0x1010101,0x1010101,0x1010101,0x1010101,0x1010101
.4byte 0x1010101,0x1010101,0x1010101,0x1010101,0x1010101,0x1010101,0x1010101,0x1010101
.4byte 0x1010101,0x1010101,0x1010801,0x1010e01,0xd010101,0x1010101,0x10d0101,0x1010101
.4byte 0x1010f0f,0x10e0101,0x1010101,0x1010d01,0x10f0101,0x10a0101,0x1010101,0x1010101
.4byte 0x1010101,0x1010101,0x1010101,0x1010101,0x1010101,0x1010101,0x1010101,0x1010101
.4byte 0x1010101,0x1010101,0x1010101,0x1010101,0x1010101,0x1010101,0x1010101,0x1010101
.4byte 0x1010101,0x1010101,0x1010101,0x1010101,0x1010101,0x1010101,0x1010101,0x1010101
.4byte 0x1010101,0x1010101,0x1010101,0x1010101,0x1010101,0x1010101,0x1010101,0x1010101
.4byte 0x1010101,0x1010101,0x1010101,0x1010101,0x1010101,0x1010101,0x1010101,0x1010101
.4byte 0x1010101,0x1010101,0x1010101,0x1010101,0x1010101,0x1010101,0x1010801,0x1010e01
.4byte 0xd010101,0x1010101,0x10d0101,0x1010101,0x1010f0f,0x10e0101,0x1010101,0x1010d01
.4byte 0x10f0101,0x10a0101,0x1010101,0x1010101,0x1010101,0x1010101,0x1010101,0x1010101
.4byte 0x1010101,0x1010101,0x1010101,0x1010101,0x1010101,0x1010101,0x1010101,0x1010101
.4byte 0x1010101,0x1010101,0x1010101,0x1010101,0x1010101,0x1010101,0x1010101,0x1010101
.4byte 0x1010101,0x1010101,0x1010101,0x1010101,0x1010101,0x1010101,0x1010101,0x1010101
.4byte 0x1010101,0x1010101,0x1010101,0x1010101,0x1010101,0x1010101,0x1010101,0x1010101
.4byte 0x1010101,0x1010101,0x1010101,0x1010101,0x1010101,0x1010101,0x1010101,0x1010101
.4byte 0x1010101,0x1010101,0x1010801,0x1010e01,0xd010101,0x1010101,0x10d0101,0x1010101
.4byte 0x1010f0f,0x10e0101,0x1010101,0x1010d01,0x10f0101,0x10a0101,0x1010101,0x1010101
.4byte 0x1010101,0x1010101,0x1010101,0x1010101,0x1010101,0x1010101,0x1010101,0x1010101
.4byte 0x1010101,0x1010101,0x1010101,0x1010101,0x1010101,0x1010101,0x1010101,0x1010101
.4byte 0x1010101,0x1010101,0x1010101,0x1010101,0x1010101,0x1010101,0x1010101,0x1010101
.4byte 0x1010101,0x1010101,0x1010101,0x1010101,0x1010101,0x1010101,0x1010101,0x1010101
.4byte 0x1010101,0x1010101,0x1010101,0x1010101,0x1010101,0x1010101,0x1010101,0x1010101
.4byte 0x1010101,0x1010101,0x1010101,0x1010101,0x1010101,0x1010101,0x1010801,0x101010f
.4byte 0x10d0101,0x1010101,0x1010d01,0xf010101,0x101010f,0x1010e01,0x1010101,0x101010d
.4byte 0x1010f01,0x1010a01,0x1010101,0x1010101,0x1010101,0x1010101,0x1010101,0x1010101
.4byte 0x1010101,0x1010101,0x1010101,0x1010101,0x1010101,0x1010101,0x1010101,0x1010101
.4byte 0x1010101,0x1010101,0x1010101,0x1010101,0x1010101,0x1010101,0x1010101,0x1010101
.4byte 0x1010101,0x1010101,0x1010101,0x1010101,0x1010101,0x1010101,0x1010101,0x1010101
.4byte 0x1010101,0x1010101,0x1010101,0x1010101,0x1010101,0x1010101,0x1010101,0x1010101
.4byte 0x1010101,0x1010101,0x1010101,0x1010101,0x1010101,0x1010101,0x1010101,0x1010101
.4byte 0x1010101,0x1010101,0x1010107,0x101010f,0x10d0101,0x1010101,0x1010d01,0xf010101
.4byte 0x101010f,0x1010e01,0x1010101,0x101010d,0x1010f01,0x1010a01,0x1010101,0x1010101
.4byte 0x1010101,0x1010101,0x1010101,0x1010101,0x1010101,0x1010101,0x1010101,0x1010101
.4byte 0x1010101,0x1010101,0x1010101,0x1010101,0x1010101,0x1010101,0x1010101,0x1010101
.4byte 0x1010101,0x1010101,0x1010101,0x1010101,0x1010101,0x1010101,0x1010101,0x1010101
.4byte 0x1010101,0x1010101,0x1010101,0x1010101,0x1010101,0x1010101,0x1010101,0x1010101
.4byte 0x1010101,0x1010101,0x1010101,0x1010101,0x1010101,0x1010101,0x1010101,0x1010101
.4byte 0x1010101,0x1010101,0x1010101,0x1010101,0x1010101,0x1010101,0x1010107,0x101010f
.4byte 0x10d0101,0x1010101,0x1010d01,0xf010101,0x101010f,0x1010e01,0x1010101,0x101010d
.4byte 0x1011001,0x1010901,0x1010101,0x1010101,0x1010101,0x1010101,0x1010101,0x1010101
.4byte 0x1010101,0x1010101,0x1010101,0x1010101,0x1010101,0x1010101,0x1010101,0x1010101
.4byte 0x1010101,0x1010101,0x1010101,0x1010101,0x1010101,0x1010101,0x1010101,0x1010101
.4byte 0x1010101,0x1010101,0x1010101,0x1010101,0x1010101,0x1010101,0x1010101,0x1010101
.4byte 0x1010101,0x1010101,0x1010101,0x1010101,0x1010101,0x1010101,0x1010101,0x1010101
.4byte 0x1010101,0x1010101,0x1010101,0x1010101,0x1010101,0x1010101,0x1010101,0x1010101
.4byte 0x1010101,0x1010101,0x1010107,0x101010f,0x10d0101,0x1010101,0x1010d01,0xf010101
.4byte 0x101010f,0x1010e01,0x1010101,0x101010d,0x1011001,0x1010901,0x1010101,0x1010101
.4byte 0x1010101,0x1010101,0x1010101,0x1010101,0x1010101,0x1010101,0x1010101,0x1010101
.4byte 0x1010101,0x1010101,0x1010101,0x1010101,0x1010101,0x1010101,0x1010101,0x1010101
.4byte 0x1010101,0x1010101,0x1010101,0x1010101,0x1010101,0x1010101,0x1010101,0x1010101
.4byte 0x1010101,0x1010101,0x1010101,0x1010101,0x1010101,0x1010101,0x1010101,0x1010101
.4byte 0x1010101,0x1010101,0x1010101,0x1010101,0x1010101,0x1010101,0x1010101,0x1010101
.4byte 0x1010101,0x1010101,0x1010101,0x1010101,0x1010101,0x1010101,0x1010107,0x101010f
.4byte 0x10d0101,0x1010101,0x1010d01,0xf010101,0x101010f,0x1010e01,0x1010101,0x101010d
.4byte 0x1011001,0x1010901,0x1010101,0x1010101,0x1010101,0x1010101,0x1010101,0x1010101
.4byte 0x1010101,0x1010101,0x1010101,0x1010101,0x1010101,0x1010101,0x1010101,0x1010101
.4byte 0x1010101,0x1010101,0x1010101,0x1010101,0x1010101,0x1010101,0x1010101,0x1010101
.4byte 0x1010101,0x1010101,0x1010101,0x1010101,0x1010101,0x1010101,0x1010101,0x1010101
.4byte 0x1010101,0x1010101,0x1010101,0x1010101,0x1010101,0x1010101,0x1010101,0x1010101
.4byte 0x1010101,0x1010101,0x1010101,0x1010101,0x1010101,0x1010101,0x1010101,0x1010101
.4byte 0x1010101,0x1010101,0x10010107,0x1010101,0x1010d01,0x1010101,0x101010d,0xf0f0101
.4byte 0x1010101,0x101010e,0xd010101,0x1010101,0x1010110,0x1010109,0x1010101,0x1010101
.4byte 0x1010101,0x1010101,0x1010101,0x1010101,0x1010101,0x1010101,0x1010101,0x1010101
.4byte 0x1010101,0x1010101,0x1010101,0x1010101,0x1010101,0x1010101,0x1010101,0x1010101
.4byte 0x1010101,0x1010101,0x1010101,0x1010101,0x1010101,0x1010101,0x1010101,0x1010101
.4byte 0x1010101,0x1010101,0x1010101,0x1010101,0x1010101,0x1010101,0x1010101,0x1010101
.4byte 0x1010101,0x1010101,0x1010101,0x1010101,0x1010101,0x1010101,0x1010101,0x1010101
.4byte 0x1010101,0x1010101,0x1010101,0x1010101,0x1010101,0x6010101,0x10010101,0x1010101
.4byte 0x1010d01,0x1010101,0x101010d,0xf0f0101,0x1010101,0x101010e,0xd010101,0x1010101
.4byte 0x1010110,0x1010109,0x1010101,0x1010101,0x1010101,0x1010101,0x1010101,0x1010101
.4byte 0x1010101,0x1010101,0x1010101,0x1010101,0x1010101,0x1010101,0x1010101,0x1010101
.4byte 0x1010101,0x1010101,0x1010101,0x1010101,0x1010101,0x1010101,0x1010101,0x1010101
.4byte 0x1010101,0x1010101,0x1010101,0x1010101,0x1010101,0x1010101,0x1010101,0x1010101
.4byte 0x1010101,0x1010101,0x1010101,0x1010101,0x1010101,0x1010101,0x1010101,0x1010101
.4byte 0x1010101,0x1010101,0x1010101,0x1010101,0x1010101,0x1010101,0x1010101,0x1010101
.4byte 0x1010101,0x7010101,0x1100101,0x1010101,0x101010d,0xd010101,0x1010101,0x10f0f01
.4byte 0xe010101,0x1010101,0x10d0101,0x10010101,0x9010101,0x1010101,0x1010101,0x1010101
.4byte 0x1010101,0x1010101,0x1010101,0x1010101,0x1010101,0x1010101,0x1010101,0x1010101
.4byte 0x1010101,0x1010101,0x1010101,0x1010101,0x1010101,0x1010101,0x1010101,0x1010101
.4byte 0x1010101,0x1010101,0x1010101,0x1010101,0x1010101,0x1010101,0x1010101,0x1010101
.4byte 0x1010101,0x1010101,0x1010101,0x1010101,0x1010101,0x1010101,0x1010101,0x1010101
.4byte 0x1010101,0x1010101,0x1010101,0x1010101,0x1010101,0x1010101,0x1010101,0x1010101
.4byte 0x1010101,0x1010101,0x1010101,0x1010101,0x1010101,0x1060101,0x1100101,0x1010101
.4byte 0x101010d,0xd010101,0x1010101,0x10f0f01,0xe010101,0x1010101,0x10d0101,0x10010101
.4byte 0x9010101,0x1010101,0x1010101,0x1010101,0x1010101,0x1010101,0x1010101,0x1010101
.4byte 0x1010101,0x1010101,0x1010101,0x1010101,0x1010101,0x1010101,0x1010101,0x1010101
.4byte 0x1010101,0x1010101,0x1010101,0x1010101,0x1010101,0x1010101,0x1010101,0x1010101
.4byte 0x1010101,0x1010101,0x1010101,0x1010101,0x1010101,0x1010101,0x1010101,0x1010101
.4byte 0x1010101,0x1010101,0x1010101,0x1010101,0x1010101,0x1010101,0x1010101,0x1010101
.4byte 0x1010101,0x1010101,0x1010101,0x1010101,0x1010101,0x1010101,0x1010101,0x1010101
.4byte 0x1010101,0x1060101,0x1100101,0x1010101,0x101010d,0xd010101,0x1010101,0x10f0f01
.4byte 0xe010101,0x1010101,0x10d0101,0x10010101,0x1010101,0x1010108,0x1010101,0x1010101
.4byte 0x1010101,0x1010101,0x1010101,0x1010101,0x1010101,0x1010101,0x1010101,0x1010101
.4byte 0x1010101,0x1010101,0x1010101,0x1010101,0x1010101,0x1010101,0x1010101,0x1010101
.4byte 0x1010101,0x1010101,0x1010101,0x1010101,0x1010101,0x1010101,0x1010101,0x1010101
.4byte 0x1010101,0x1010101,0x1010101,0x1010101,0x1010101,0x1010101,0x1010101,0x1010101
.4byte 0x1010101,0x1010101,0x1010101,0x1010101,0x1010101,0x1010101,0x1010101,0x1010101
.4byte 0x1010101,0x1010101,0x1010101,0x1010101,0x1010101,0x6010101,0x10010101,0x1010101
.4byte 0x1010d01,0x1010101,0x101010d,0x30f0101,0x1d010101,0xf010101,0x11010101,0x1a010101
.4byte 0x1240101,0x1230101,0x1240101,0x1230101,0x12d0101,0xf010101,0x1d010101,0x3010101
.4byte 0x1010103,0x101011d,0x101010f,0x1010111,0x2401011a,0x23010101,0x24010101,0x23010101
.4byte 0x2d010101,0x1010101,0x101010f,0x101011d,0x1010303,0x1010a01,0x1010e01,0x1010101
.4byte 0x101010d,0x1011001,0x11a0101,0x1012401,0x1012301,0x1012401,0x1012301,0x1011901
.4byte 0x1100101,0x1010101,0x101010d,0xd010101,0x1010101,0x1010901,0x1030301,0x10a0101
.4byte 0x10e0101,0x1010101,0x1010d01,0x1100101,0x1010101,0x24010119,0x23010101,0x24010101
.4byte 0x23010101,0x19010101,0x1010101,0x1010110,0x10d0101,0x1010101,0x1010d01,0x9010101
.4byte 0x3010101,0x1010103,0x101010a,0x101010e,0xd010101,0x1010101,0x1010110,0x1190101
.4byte 0x1012401,0x1012301,0x1012401,0x1012301,0x1011801,0x10010101,0x1010101,0x1010d01
.4byte 0x1010101,0x101010d,0x1090101,0x3030101,0xa010101,0xe010101,0x1010101,0x10d0101
.4byte 0x10010101,0x1010101,0x1011901,0x1010124,0x1010123,0x1010124,0x1010123,0x1010118
.4byte 0x1100101,0x1010101,0x101010d,0xd010101,0x1010101,0x1010901,0x1030301,0x10a0101
.4byte 0x10e0101,0x1010101,0x1010d01,0x1100101,0x1010101,0x24010119,0x23010101,0x24010101
.4byte 0x23010101,0x18010101,0x1010101,0x1011001,0xd010101,0x1010101,0x10d0101,0x1010101
.4byte 0x1010109,0x1010303,0x1010a01,0x1010e01,0x1010101,0x101010d,0x1011001,0x1010101
.4byte 0x24010118,0x23010101,0x24010101,0x23010101,0x18010101,0x1010101,0x1011001,0xd010101
.4byte 0x1010101,0x10d0101,0x1010101,0x1010109,0x1010303,0x1010a01,0x1010e01,0x1010101
.4byte 0x101010d,0x1011001,0x1010101,0x24010118,0x23010101,0x24010101,0x23010101,0x18010101
.4byte 0x1010101,0x1011001,0xd010101,0x1010101,0x10d0101,0x1010101,0x1010109,0x1010303
.4byte 0x1010a01,0x1010e01,0x1010101,0x101010d,0x1011001,0x1010101,0x24010118,0x23010101
.4byte 0x24010101,0x23010101,0x17010101,0x1010101,0x1100101,0x1010101,0x101010d,0xd010101
.4byte 0x1010101,0x1010901,0x1030301,0x10a0101,0x10e0101,0x1010101,0x1010d01,0x1100101
.4byte 0x1010101,0x1011801,0x1010124,0x1010123,0x1010124,0x1010123,0x1010117,0x10010101
.4byte 0x1010101,0x1010d01,0x1010101,0x101010d,0x1090101,0x3030101,0xa010101,0xe010101
.4byte 0x1010101,0x10d0101,0x10010101,0x1010101,0x17010101,0x1240101,0x1230101,0x1240101
.4byte 0x1230101,0x1170101,0x1010101,0x1011001,0xd010101,0x1010101,0x10d0101,0x1010101
.4byte 0x1010109,0x1010303,0x1010a01,0x1010e01,0x1010101,0x101010d,0x1011001,0x1010101
.4byte 0x1011701,0x1010124,0x1010123,0x1010124,0x1010123,0x1010117,0x10010101,0x1010101
.4byte 0x1010d01,0x1010101,0x101010d,0x1090101,0x3030101,0xa010101,0xe010101,0x1010101
.4byte 0x10d0101,0x10010101,0x1010101,0x17010101,0x1240101,0x1230101,0x1240101,0x1230101
.4byte 0x1160101,0x1010101,0x1100101,0x1010101,0x101010d,0xd010101,0x1010101,0x1010901
.4byte 0x1030301,0x10a0101,0x10e0101,0x1010101,0x1010d01,0x1100101,0x1010101,0x1170101
.4byte 0x1012401,0x1012301,0x1012401,0x1012301,0x1011601,0x1010101,0x1011001,0xd010101
.4byte 0x1010101,0x10d0101,0x1010101,0x1010109,0x1010303,0x1010a01,0x1010e01,0x1010101
.4byte 0x101010d,0x1011001,0x1010101,0x1160101,0x1012401,0x1012301,0x1012401,0x1012301
.4byte 0x1011601,0x1010101,0x1011001,0xd010101,0x1010101,0x10d0101,0x1010101,0x1010109
.4byte 0x1010303,0x1010a01,0x1010e01,0x1010101,0x101010d,0x1011001,0x1010101,0x1160101
.4byte 0x1012401,0x1012301,0x1012401,0x1012301,0x1011601,0x1010102,0x1010110,0x10d0101
.4byte 0x1010101,0x1010d01,0x9010101,0x3010101,0x1010103,0x101010a,0x101010e,0xd010101
.4byte 0x1010101,0x1010110,0x1010101,0x1011601,0x1010124,0x1010123,0x1010124,0x1010123
.4byte 0x1010115,0x1010102,0x1010110,0x10d0101,0x1010101,0x1010d01,0x9010101,0x3010101
.4byte 0x1010103,0x101010a,0x101010e,0xd010101,0x1010101,0x1010110,0x1010101,0x1011601
.4byte 0x1010124,0x1010123,0x1010124,0x1010123,0x1010115,0x1010102,0x1010110,0x10d0101
.4byte 0x1010101,0x1010d01,0x9010101,0x3010101,0x1010103,0x101010a,0x101010e,0xd010101
.4byte 0x1010101,0x1010110,0x1010201,0x1011501,0x1010124,0x1010123,0x1010124,0x1010123
.4byte 0x1010115,0x1010102,0x1010110,0x10d0101,0x1010101,0x1010d01,0x9010101,0x3010101
.4byte 0x1010103,0x101010a,0x101010e,0xd010101,0x1010101,0x1010110,0x1010201,0x1011501
.4byte 0x1010124,0x1010123,0x1010124,0x1010123,0x3010115,0x10010101,0x1010101,0x1010d01
.4byte 0x1010101,0x101010d,0x1090101,0x3030101,0xa010101,0xe010101,0x1010101,0x10d0101
.4byte 0x10010101,0x1010101,0x1010102,0x24010115,0x23010101,0x24010101,0x23010101,0x14010101
.4byte 0x3010101,0x10010101,0x1010101,0x1010d01,0x1010101,0x101010d,0x1090101,0x3030101
.4byte 0xa010101,0xe010101,0x1010101,0x10d0101,0x10010101,0x1010101,0x1010102,0x24010115
.4byte 0x23010101,0x24010101,0x23010101,0x14010101,0x3010101,0x10010101,0x1010101,0x1010d01
.4byte 0x1010101,0x101010d,0x1090101,0x3030101,0xa010101,0xe010101,0x1010101,0x10d0101
.4byte 0x10010101,0x1010101,0x1010103,0x24010114,0x23010101,0x24010101,0x23010101,0x14010101
.4byte 0x3010101,0x10010101,0x1010101,0x1010d01,0x1010101,0x101010d,0x1090101,0x3030101
.4byte 0xa010101,0xe010101,0x1010101,0x10d0101,0x10010101,0x1010101,0x1010103,0x24010114
.4byte 0x23010101,0x24010101,0x23010101,0x14010101,0x1040101,0x1100101,0x1010101,0x101010d
.4byte 0xd010101,0x1010101,0x1010901,0x1030301,0x10a0101,0x10e0101,0x1010101,0x1010d01
.4byte 0x1100101,0x3010101,0x14010101,0x1240101,0x1230101,0x1240101,0x1230101,0x1130101
.4byte 0x1040101,0x1100101,0x1010101,0x101010d,0xd010101,0x1010101,0x1010901,0x1030301
.4byte 0x10a0101,0x10e0101,0x1010101,0x1010d01,0x1100101,0x4010101,0x1140101,0x1012401
.4byte 0x1012301,0x1012401,0x1012301,0x1011301,0x1010401,0x1011001,0xd010101,0x1010101
.4byte 0x10d0101,0x1010101,0x1010109,0x1010303,0x1010a01,0x1010e01,0x1010101,0x101010d
.4byte 0x1011001,0x1040101,0x1130101,0x1012401,0x1012301,0x1012401,0x1012301,0x1011301
.4byte 0x1010401,0x1011001,0xd010101,0x1010101,0x10d0101,0x1010101,0x1010109,0x1010303
.4byte 0x1010a01,0x1010e01,0x1010101,0x101010d,0x1011001,0x1040101,0x1130101,0x1012401
.4byte 0x1012301,0x1012401,0x1012301,0x1011201,0x1010501,0x1011001,0xd010101,0x1010101
.4byte 0x10d0101,0x1010101,0x1010109,0x1010303,0x1010a01,0x1010e01,0x1010101,0x101010d
.4byte 0x1011001,0x1040101,0x1130101,0x1012401,0x1012301,0x1012401,0x1012301,0x1011201
.4byte 0x1010501,0x1011001,0xd010101,0x1010101,0x10d0101,0x1010101,0x1010109,0x1010303
.4byte 0x1010a01,0x1010e01,0x1010101,0x101010d,0x1011001,0x1050101,0x1120101,0x1012401
.4byte 0x1012301,0x1012401,0x1012301,0x1011201,0x1010501,0x1011001,0xd010101,0x1010101
.4byte 0x10d0101,0x1010101,0x1010109,0x1010303,0x1010a01,0x1010e01,0x1010101,0x101010d
.4byte 0x1011001,0x1050101,0x1120101,0x1012401,0x1012301,0x1012401,0x1012301,0x1011201
.4byte 0x1010106,0x1010110,0x10d0101,0x1010101,0x1010d01,0x9010101,0x3010101,0x1010103
.4byte 0x101010a,0x101010e,0xd010101,0x1010101,0x1010110,0x1010501,0x1011201,0x1010124
.4byte 0x1010123,0x1010124,0x1010123,0x1010111,0x1010106,0x1010110,0x10d0101,0x1010101
.4byte 0x1010d01,0x9010101,0x3010101,0x1010103,0x101010a,0x101010e,0xd010101,0x1010101
.4byte 0x1010110,0x1010601,0x24010112,0x23010101,0x24010101,0x23010101,0x11010101,0x6010101
.4byte 0x10010101,0x1010101,0x1010d01,0x1010101,0x101010d,0x1090101,0x3030101,0xa010101
.4byte 0xe010101,0x1010101,0x10d0101,0x10010101,0x1010101,0x1010106,0x24010111,0x23010101
.4byte 0x24010101,0x23010101,0x11010101,0x6010101,0x10010101,0x1010101,0x1010d01,0x1010101
.4byte 0x101010d,0x1090101,0x3030101,0xa010101,0xe010101,0x1010101,0x10d0101,0x10010101
.4byte 0x1010101,0x1010106,0x24010111,0x23010101,0x24010101,0x23010101,0x10010101,0x7010101
.4byte 0x10010101,0x1010101,0x1010d01,0x1010101,0x101010d,0x1090101,0x3030101,0xa010101
.4byte 0xe010101,0x1010101,0x10d0101,0x10010101,0x1010101,0x1010106,0x24010111,0x23010101
.4byte 0x24010101,0x23010101,0x10010101,0x7010101,0x10010101,0x1010101,0x1010d01,0x1010101
.4byte 0x101010d,0x1090101,0x3030101,0xa010101,0xe010101,0x1010101,0x10d0101,0x10010101
.4byte 0x1010101,0x1010107,0x24010110,0x23010101,0x24010101,0x23010101,0x10010101,0x7010101
.4byte 0x10010101,0x1010101,0x1010d01,0x1010101,0x101010d,0x1090101,0x3030101,0xa010101
.4byte 0xe010101,0x1010101,0x10d0101,0x10010101,0x1010101,0x1010107,0x24010110,0x23010101
.4byte 0x24010101,0x23010101,0xf010101,0x8010101,0x10010101,0x1010101,0x1010d01,0x1010101
.4byte 0x101010d,0x1090101,0x3030101,0xa010101,0xe010101,0x1010101,0x10d0101,0x10010101
.4byte 0x1010101,0x1010107,0x24010110,0x23010101,0x24010101,0x23010101,0xf010101,0x8010101
.4byte 0x10010101,0x1010101,0x1010d01,0x1010101,0x101010d,0x1090101,0x3030101,0xa010101
.4byte 0xe010101,0x1010101,0x10d0101,0x10010101,0x1010101,0x1010108,0x2401010f,0x23010101
.4byte 0x24010101,0x23010101,0xf010101,0x8010101,0x10010101,0x1010101,0x1010d01,0x1010101
.4byte 0x101010d,0x1090101,0x3030101,0xa010101,0xe010101,0x1010101,0x10d0101,0x10010101
.4byte 0x1010101,0x1010108,0x2401010f,0x23010101,0x24010101,0x23010101,0xe010101,0x9010101
.4byte 0x10010101,0x1010101,0x1010d01,0x1010101,0x101010d,0x1090101,0x3030101,0x1d010101
.4byte 0xf010101,0x41010101,0x1070101,0x66010101,0x40010101,0x1010101,0x101010f,0x101011d
.4byte 0x1010f03,0x10e0101,0x1010101,0x1010d01,0xe010101,0x1010101,0x1010901,0x1012101
.4byte 0x1010107,0x1016601,0x1012001,0x1010a01,0xd010101,0x1010101,0x10d0101,0x1010101
.4byte 0x1010d01,0xf010101,0x101010f,0x1010e01,0x1010101,0x101010d,0x10e0101,0x1010101
.4byte 0x1010109,0x7010121,0x1010101,0x1010166,0x1010120,0x101010a,0x10d0101,0x1010101
.4byte 0x1010d01,0x1010101,0x101010d,0xf0f0101,0x1010101,0x101010e,0xd010101,0x1010101
.4byte 0x1010e01,0xa010101,0x20010101,0x1070101,0x66010101,0x20010101,0xa010101,0x1010101
.4byte 0x1010d01,0x1010101,0x101010d,0xd010101,0x1010101,0x10f0f01,0xe010101,0x1010101
.4byte 0x10d0101,0x1010101,0x101010e,0x10a0101,0x1200101,0x1010701,0x1660101,0x11f0101
.4byte 0x10b0101,0x1010101,0x101010d,0xd010101,0x1010101,0x10d0101,0x1010101,0x1010f0f
.4byte 0x10e0101,0x1010101,0x1010d01,0xe010101,0x1010101,0x1010b01,0x7010120,0x1010101
.4byte 0x1010166,0x101011f,0x101010b,0x10d0101,0x1010101,0x1010d01,0x1010101,0x101010d
.4byte 0xf0f0101,0x1010101,0x101010e,0xd010101,0x1010101,0x1010e01,0xb010101,0x1f010101
.4byte 0x1070101,0x66010101,0x1f010101,0xb010101,0x1010101,0x1010d01,0x1010101,0x101010d
.4byte 0xd010101,0x1010101,0x10f0f01,0xe010101,0x1010101,0x10d0101,0x1010101,0x101010e
.4byte 0x10b0101,0x11f0101,0x1010701,0x1660101,0x11e0101,0x10c0101,0x1010101,0x101010d
.4byte 0xd010101,0x1010101,0x10d0101,0x1010101,0x1010f0f,0x10e0101,0x1010101,0x1010d01
.4byte 0xe010101,0x1010101,0x1010c01,0x701011f,0x1010101,0x1010166,0x101011e,0x101010c
.4byte 0x10d0101,0x1010101,0x1010d01,0x1010101,0x101010d,0xf0f0101,0x1010101,0x101010e
.4byte 0xd010101,0x1010101,0x1010e01,0xc010101,0x1e010101,0x1070101,0x66010101,0x1e010101
.4byte 0xc010101,0x1010101,0x1010d01,0x1010101,0x101010d,0xd010101,0x1010101,0x10f0f01
.4byte 0xe010101,0x1010101,0x10d0101,0x1010101,0x101010e,0x10c0101,0x11e0101,0x1010701
.4byte 0x1660101,0x11d0101,0x10d0101,0x1010101,0x101010d,0xd010101,0x1010101,0x10d0101
.4byte 0x1010101,0x1010f0f,0x10e0101,0x1010101,0x1010d01,0xe010101,0x1010101,0x1010d01
.4byte 0x1011d01,0x1010107,0x1016601,0x1011d01,0x1010d01,0xd010101,0x1010101,0x10d0101
.4byte 0x1010101,0x1010d01,0xf010101,0x101010f,0x1010e01,0x1010101,0x101010d,0x10e0101
.4byte 0x1010101,0x101010d,0x701011d,0x1010101,0x1010166,0xe01011d,0x1010101,0x1010d01
.4byte 0x1010101,0x101010d,0xd010101,0x1010101,0x10f0f01,0xe010101,0x1010101,0x10d0101
.4byte 0x1010101,0x101010e,0x10d0101,0x11d0101,0x1010701,0x1660101,0x11c0101,0x10e0101
.4byte 0x1010101,0x101010d,0xd010101,0x1010101,0x10d0101,0x1010101,0x1010f0f,0x10e0101
.4byte 0x1010101,0x1010d01,0xe010101,0x1010101,0x1010e01,0x1011c01,0x1010107,0x1016601
.4byte 0x1011c01,0x1010e01,0xd010101,0x1010101,0x10d0101,0x1010101,0x1010d01,0xf010101
.4byte 0x101010f,0x1010e01,0x1010101,0x101010d,0x10e0101,0x1010101,0x101010e,0x701011c
.4byte 0x1010101,0x1010166,0x101011b,0x101010f,0x10d0101,0x1010101,0x1010d01,0x1010101
.4byte 0x101010d,0xf0f0101,0x1010101,0x101010e,0xd010101,0x1010101,0x1010e01,0xf010101
.4byte 0x11c0101,0x1010701,0x1660101,0x11b0101,0x10f0101,0x1010101,0x101010d,0xd010101
.4byte 0x1010101,0x10d0101,0x1010101,0x1010f0f,0x10e0101,0x1010101,0x1010d01,0xe010101
.4byte 0x1010101,0x1010f01,0x1011b01,0x1010107,0x1016601,0x1011b01,0x1010f01,0xd010101
.4byte 0x1010101,0x10d0101,0x1010101,0x1010d01,0xf010101,0x101010f,0x1010e01,0x1010101
.4byte 0x101010d,0x10e0101,0x1010101,0x1010110,0x701011a,0x1010101,0x1010166,0x1001011b
.4byte 0x1010101,0x1010d01,0x1010101,0x101010d,0xd010101,0x1010101,0x10f0f01,0xe010101
.4byte 0x1010101,0x10d0101,0x1010101,0x101010e,0x1100101,0x11a0101,0x1010701,0x1660101
.4byte 0x1190101,0x10010101,0x1010101,0x1010d01,0x1010101,0x101010d,0xd010101,0x1010101
.4byte 0x10f0f01,0xe010101,0x1010101,0x10d0101,0x1010101,0x101010e,0x1100101,0x11a0101
.4byte 0x1010701,0x1660101,0x1190101,0x10010101,0x1010101,0x1010d01,0x1010101,0x101010d
.4byte 0xd010101,0x1010101,0x10f0f01,0xe010101,0x1010101,0x10d0101,0x1010101,0x101010e
.4byte 0x1100101,0x19010101,0x1070101,0x66010101,0x19010101,0x1010101,0x1010110,0x10d0101
.4byte 0x1010101,0x1010d01,0x1010101,0x101010d,0xf0f0101,0x1010101,0x101010e,0xd010101
.4byte 0x1010101,0x1010e01,0x10010101,0x1010101,0x7010119,0x1010101,0x1010166,0x1010118
.4byte 0x1100101,0x1010101,0x101010d,0xd010101,0x1010101,0x10d0101,0x1010101,0x1010f0f
.4byte 0x10e0101,0x1010101,0x1010d01,0xe010101,0x1010101,0x1011001,0x18010101,0x1070101
.4byte 0x66010101,0x18010101,0x1010101,0x1011001,0xd010101,0x1010101,0x10d0101,0x1010101
.4byte 0x1010d01,0xf010101,0x101010f,0x1010e01,0x1010101,0x101010d,0x10e0101,0x1010101
.4byte 0x1010110,0x1180101,0x1010701,0x1660101,0x1170101,0x1010101,0x1011001,0xd010101
.4byte 0x1010101,0x10d0101,0x1010101,0x1010d01,0xf010101,0x101010f,0x1010e01,0x1010101
.4byte 0x101010d,0x10e0101,0x1010101,0x1010110,0x17010101,0x1070101,0x66010101,0x17010101
.4byte 0x1010101,0x1100101,0x1010101,0x101010d,0xd010101,0x1010101,0x10d0101,0x1010101
.4byte 0x1010f0f,0x10e0101,0x1010101,0x1010d01,0xe010101,0x1010101,0x1011001,0x1010101
.4byte 0x7010117,0x1010101,0x1010166,0x1010117,0x10010101,0x1010101,0x1010d01,0x1010101
.4byte 0x101010d,0xd010101,0x1010101,0x10f0f01,0xe010101,0x1010101,0x10d0101,0x1010101
.4byte 0x101010e,0x1100101,0x1010101,0x1011701,0x1010107,0x1016601,0x1011601,0x1010101
.4byte 0x1011001,0xd010101,0x1010101,0x10d0101,0x1010101,0x1010d01,0xf010101,0x101010f
.4byte 0x1010e01,0x1010101,0x101010d,0x10e0101,0x1010101,0x1010110,0x1010101,0x7010116
.4byte 0x1010101,0x1010166,0x2010116,0x10010101,0x1010101,0x1010d01,0x1010101,0x101010d
.4byte 0xd010101,0x1010101,0x10f0f01,0xe010101,0x1010101,0x10d0101,0x1010101,0x101010e
.4byte 0x1100101,0x1010101,0x1160101,0x1010701,0x1660101,0x1150101,0x1020101,0x1100101
.4byte 0x1010101,0x101010d,0xd010101,0x1010101,0x10d0101,0x1010101,0x1010f0f,0x10e0101
.4byte 0x1010101,0x1010d01,0xe010101,0x1010101,0x1011001,0x1010201,0x1011501,0x1010107
.4byte 0x1016601,0x1011501,0x1010201,0x1011001,0xd010101,0x1010101,0x10d0101,0x1010101
.4byte 0x1010d01,0xf010101,0x101010f,0x1010e01,0x1010101,0x101010d,0x10e0101,0x1010101
.4byte 0x1010110,0x1010102,0x7010115,0x1010101,0x1010166,0x1010114,0x1010103,0x1010110
.4byte 0x10d0101,0x1010101,0x1010d01,0x1010101,0x101010d,0xf0f0101,0x1010101,0x101010e
.4byte 0xd010101,0x1010101,0x1010e01,0x10010101,0x3010101,0x14010101,0x1070101,0x66010101
.4byte 0x14010101,0x3010101,0x10010101,0x1010101,0x1010d01,0x1010101,0x101010d,0xd010101
.4byte 0x1010101,0x10f0f01,0xe010101,0x1010101,0x10d0101,0x1010101,0x101010e,0x1100101
.4byte 0x1030101,0x1140101,0x1010701,0x1660101,0x1130101,0x1040101,0x1100101,0x1010101
.4byte 0x101010d,0xd010101,0x1010101,0x10d0101,0x1010101,0x1010f0f,0x10e0101,0x1010101
.4byte 0x1010d01,0xe010101,0x1010101,0x1011001,0x1010401,0x1011301,0x1010107,0x1016601
.4byte 0x1011301,0x1010401,0x1011001,0xd010101,0x1010101,0x10d0101,0x1010101,0x1010d01
.4byte 0xf010101,0x101010f,0x1010e01,0x1010101,0x101010d,0x10e0101,0x1010101,0x1010110
.4byte 0x1010104,0x7010113,0x1010101,0x1010166,0x1010112,0x1010105,0x1010110,0x10d0101
.4byte 0x1010101,0x1010d01,0x1010101,0x101010d,0xf0f0101,0x1010101,0x101010e,0xd010101
.4byte 0x1010101,0x1010e01,0x10010101,0x5010101,0x12010101,0x1070101,0x66010101,0x12010101
.4byte 0x5010101,0x10010101,0x1010101,0x1010d01,0x1010101,0x101010d,0xd010101,0x1010101
.4byte 0x10f0f01,0xe010101,0x1010101,0x10d0101,0x1010101,0x101010e,0x1100101,0x1050101
.4byte 0x1120101,0x1010701,0x1660101,0x1110101,0x1060101,0x1100101,0x1010101,0x101010d
.4byte 0xd010101,0x1010101,0x10d0101,0x1010101,0x1010f0f,0x10e0101,0x1010101,0x1010d01
.4byte 0xe010101,0x1010101,0x1011001,0x1010601,0x1011101,0x1010107,0x1016601,0x1011101
.4byte 0x1010601,0x1011001,0xd010101,0x1010101,0x10d0101,0x1010101,0x1010d01,0xf010101
.4byte 0x101010f,0x1010e01,0x1010101,0x101010d,0x10e0101,0x1010101,0x1010110,0x1010106
.4byte 0x7010111,0x1010101,0x1010166,0x1010110,0x1010107,0x1010110,0x10d0101,0x1010101
.4byte 0x1010d01,0x1010101,0x101010d,0x30f0101,0x1d010101,0xe010101,0x1010101,0x1010e01
.4byte 0x1a010101,0x41010101,0xe010101,0x1010101,0x1013e01,0x11a0101,0x1010101,0x101010d
.4byte 0xe010101,0x1d010101,0x3010101,0x1010103,0x101011d,0x101010e,0x10e0101,0x1010101
.4byte 0x1010119,0x3f010101,0xe010101,0x1010101,0x1013d01,0x11b0101,0x1010101,0x101010d
.4byte 0xe010101,0x1d010101,0x3010101,0x1010103,0x1010108,0x10e0101,0x1010101,0x1010d01
.4byte 0xe010101,0x1010101,0x1011001,0x1010701,0x1400101,0x10e0101,0x1010101,0x101013e
.4byte 0x1010108,0x1010110,0x10d0101,0x1010101,0x1010d01,0x1010101,0x101010d,0x1090101
.4byte 0x3030101,0x8010101,0x1010101,0x1010e01,0x1010101,0x101010d,0x10e0101,0x1010101
.4byte 0x1010110,0x1010107,0x13f0101,0x10e0101,0x1010101,0x101013c,0x7010101,0x10010101
.4byte 0x1010101,0x1010d01,0x1010101,0x101010d,0xd010101,0x1010101,0x1010901,0x1030301
.4byte 0x1080101,0x1010101,0x101010e,0xd010101,0x1010101,0x1010e01,0x10010101,0x8010101
.4byte 0x1010101,0x101013f,0x101010e,0x13d0101,0x1080201,0x1100101,0x1010101,0x101010d
.4byte 0xd010101,0x1010101,0x10d0101,0x1010101,0x1010109,0x1010303,0x1010801,0xe010101
.4byte 0x1010101,0x10d0101,0x1010101,0x101010e,0x1100101,0x1080101,0x1010101,0x1013d01
.4byte 0x1010e01,0x3b010101,0x1010101,0x1080101,0x1100101,0x1010101,0x101010d,0xd010101
.4byte 0x1010101,0x10d0101,0x1010101,0x1010109,0x1010303,0x1010801,0xe010101,0x1010101
.4byte 0x10d0101,0x1010101,0x101010e,0x1100101,0x1090101,0x3e010101,0xe010101,0x1010101
.4byte 0x1013b01,0x9010101,0x10010101,0x1010101,0x1010d01,0x1010101,0x101010d,0xd010101
.4byte 0x1010101,0x1010901,0x1030301,0x1080101,0x1010101,0x101010e,0xd010101,0x1010101
.4byte 0x1010e01,0x10010101,0x9010101,0x1010101,0x13c0101,0x10e0101,0x1010101,0x101013a
.4byte 0x1010b01,0x1011001,0xd010101,0x1010101,0x10d0101,0x1010101,0x1010d01,0x9010101
.4byte 0x3010101,0x1010103,0x1010108,0x10e0101,0x1010101,0x1010d01,0xe010101,0x1010101
.4byte 0x1011001,0x1010a01,0x13d0101,0x10e0101,0x1010101,0x1010139,0xa010101,0x10010101
.4byte 0x1010101,0x1010d01,0x1010101,0x101010d,0xd010101,0x1010101,0x1010901,0x1030301
.4byte 0x1080101,0x1010101,0x101010e,0xd010101,0x1010101,0x1010e01,0x10010101,0xc010101
.4byte 0x3b020101,0xe010101,0x1010101,0x1013901,0x10c0101,0x1100101,0x1010101,0x101010d
.4byte 0xd010101,0x1010101,0x10d0101,0x1010101,0x1010109,0x1010303,0x1010801,0xe010101
.4byte 0x1010101,0x10d0101,0x1010101,0x101010e,0x1100101,0x10b0101,0x1010101,0x1013a01
.4byte 0x1010e01,0x38010101,0x1010101,0x101010d,0x1010110,0x10d0101,0x1010101,0x1010d01
.4byte 0x1010101,0x101010d,0x1090101,0x3030101,0x8010101,0x1010101,0x1010e01,0x1010101
.4byte 0x101010d,0x10e0101,0x1010101,0x1010110,0x101010d,0x101013b,0x101010e,0x1390101
.4byte 0x10d0101,0x1100101,0x1010101,0x101010d,0xd010101,0x1010101,0x10d0101,0x1010101
.4byte 0x1010109,0x1010303,0x1010801,0xe010101,0x1010101,0x10d0101,0x1010101,0x101010e
.4byte 0x1100101,0x10c0101,0x1010101,0x1013901,0x1010e01,0x37010101,0x1010101,0x10c0101
.4byte 0x1100101,0x1010101,0x101010d,0xd010101,0x1010101,0x10d0101,0x1010101,0x1010109
.4byte 0x1010303,0x1010801,0xe010101,0x1010101,0x10d0101,0x1010101,0x101010e,0x1100101
.4byte 0x10d0101,0x3a010101,0xe010101,0x1010101,0x1013601,0xe010101,0x10010101,0x1010101
.4byte 0x1010d01,0x1010101,0x101010d,0xd010101,0x1010101,0x1010901,0x1030301,0x1080101
.4byte 0x1010101,0x101010e,0xd010101,0x1010101,0x1010e01,0x10010101,0xf010101,0x38020101
.4byte 0xe010101,0x1010101,0x1013601,0x10f0101,0x1100101,0x1010101,0x101010d,0xd010101
.4byte 0x1010101,0x10d0101,0x1010101,0x1010109,0x1010303,0x1010801,0xe010101,0x1010101
.4byte 0x10d0101,0x1010101,0x101010e,0x1100101,0x10e0101,0x1010101,0x1013701,0x1010e01
.4byte 0x35010101,0x1010101,0x1010110,0x1010110,0x10d0101,0x1010101,0x1010d01,0x1010101
.4byte 0x101010d,0x1090101,0x3030101,0x8010101,0x1010101,0x1010e01,0x1010101,0x101010d
.4byte 0x10e0101,0x1010101,0x1010110,0x101010f,0x36010101,0xe010101,0x1010101,0x1013401
.4byte 0x1010101,0x101010f,0x1010110,0x10d0101,0x1010101,0x1010d01,0x1010101,0x101010d
.4byte 0x1090101,0x3030101,0x8010101,0x1010101,0x1010e01,0x1010101,0x101010d,0x10e0101
.4byte 0x1010101,0x1010110,0x101010f,0x1370101,0x10e0101,0x1010101,0x1010134,0x1100101
.4byte 0x1100101,0x1010101,0x101010d,0xd010101,0x1010101,0x10d0101,0x1010101,0x1010109
.4byte 0x1010303,0x1010801,0xe010101,0x1010101,0x10d0101,0x1010101,0x101010e,0x1100101
.4byte 0x1100101,0x37010101,0xe010101,0x1010101,0x1013301,0x1010101,0x1010110,0x1010110
.4byte 0x10d0101,0x1010101,0x1010d01,0x1010101,0x101010d,0x1090101,0x3030101,0x8010101
.4byte 0x1010101,0x1010e01,0x1010101,0x101010d,0x10e0101,0x1010101,0x1010110,0x1010110
.4byte 0x1360101,0x10e0101,0x1010101,0x1010134,0x1100101,0x1100101,0x1010101,0x101010d
.4byte 0xd010101,0x1010101,0x10d0101,0x1010101,0x1010109,0x1010303,0x1010801,0xe010101
.4byte 0x1010101,0x10d0101,0x1010101,0x101010e,0x1100101,0x1100101,0x1010101,0x1340101
.4byte 0x10e0101,0x1010101,0x1010132,0x1010101,0x1010110,0x1010110,0x10d0101,0x1010101
.4byte 0x1010d01,0x1010101,0x101010d,0x1090101,0x3030101,0x8010101,0x1010101,0x1010e01
.4byte 0x1010101,0x101010d,0x10e0101,0x1010101,0x1010110,0x1010110,0x1010101,0x1013301
.4byte 0x1010e01,0x31010101,0x1010101,0x1010101,0x1010110,0x1010110,0x10d0101,0x1010101
.4byte 0x1010d01,0x1010101,0x101010d,0x1090101,0x3030101,0x8010101,0x1010101,0x1010e01
.4byte 0x1010101,0x101010d,0x10e0101,0x1010101,0x1010110,0x1010110,0x1010101,0x1010134
.4byte 0x101010e,0x1320101,0x1010101,0x1100101,0x1100101,0x1010101,0x101010d,0xd010101
.4byte 0x1010101,0x10d0101,0x1010101,0x1010109,0x1010303,0x1010801,0xe010101,0x1010101
.4byte 0x10d0101,0x1010101,0x101010e,0x1100101,0x1100101,0x1010101,0x33010101,0xe010101
.4byte 0x1010101,0x1013001,0x1010101,0x10010101,0x10010101,0x1010101,0x1010d01,0x1010101
.4byte 0x101010d,0xd010101,0x1010101,0x1010901,0x1030301,0x1080101,0x1010101,0x101010e
.4byte 0xd010101,0x1010101,0x1010e01,0x10010101,0x10010101,0x1010101,0x1010101,0x1310101
.4byte 0x10e0101,0x1010101,0x101012f,0x1010101,0x10010101,0x10010101,0x1010101,0x1010d01
.4byte 0x1010101,0x101010d,0xd010101,0x1010101,0x1010901,0x1030301,0x1080101,0x1010101
.4byte 0x101010e,0xd010101,0x1010101,0x1010e01,0x10010101,0x10010101,0x2010101,0x1010101
.4byte 0x1010132,0x101010e,0x12e0101,0x1010101,0x1010102,0x1011001,0x1011001,0xd010101
.4byte 0x1010101,0x10d0101,0x1010101,0x1010d01,0x9010101,0x3010101,0x1010103,0x1010108
.4byte 0x10e0101,0x1010101,0x1010d01,0xe010101,0x1010101,0x1011001,0x1011001,0x1010401
.4byte 0x1013002,0x1010e01,0x2e010101,0x1010101,0x1010103,0x1011001,0x1011001,0xd010101
.4byte 0x1010101,0x10d0101,0x1010101,0x1010d01,0x9010101,0x3010101,0x1010103,0x1010108
.4byte 0x10e0101,0x1010101,0x1010d01,0xe010101,0x1010101,0x1011001,0x1011001,0x1010301
.4byte 0x1010101,0x101012f,0x101010e,0x12d0101,0x4010101,0x1010101,0x1010110,0x1010110
.4byte 0x10d0101,0x1010101,0x1010d01,0x1010101,0x101010d,0x1090101,0x3030101,0x8010101
.4byte 0x1010101,0x1010e01,0x1010101,0x101010d,0x10e0101,0x1010101,0x1010110,0x1010110
.4byte 0x1010104,0x2e010101,0xe010101,0x1010101,0x1012c01,0x1050101,0x10010101,0x10010101
.4byte 0x1010101,0x1010d01,0x1010101,0x101010d,0xd010101,0x1010101,0x1010901,0x1030301
.4byte 0x1080101,0x1010101,0x101010e,0xd010101,0x1010101,0x1010e01,0x10010101,0x10010101
.4byte 0x5010101,0x1010101,0x101012f,0x101010e,0x12b0101,0x1010101,0x1010105,0x1011001
.4byte 0x1011001,0xd010101,0x1010101,0x10d0101,0x1010101,0x1010d01,0x9010101,0x3010101
.4byte 0x1010103,0x1010108,0x10e0101,0x1010101,0x1010d01,0xe010101,0x1010101,0x1011001
.4byte 0x1011001,0x1010601,0x12e0101,0x10e0101,0x1010101,0x201012c,0x1010105,0x1011001
.4byte 0x1011001,0xd010101,0x1010101,0x10d0101,0x1010101,0x1010d01,0x9010101,0x3010101
.4byte 0x1010103,0x1010108,0x10e0101,0x1010101,0x1010d01,0xe010101,0x1010101,0x1011001
.4byte 0x1011001,0x1010801,0x1012c02,0x1010e01,0x2a010101,0x1010101,0x1010107,0x1011001
.4byte 0x1011001,0xd010101,0x1010101,0x10d0101,0x1010101,0x1010d01,0x9010101,0x3010101
.4byte 0x1010103,0x1010108,0x10e0101,0x1010101,0x1010d01,0xe010101,0x1010101,0x1011001
.4byte 0x1011001,0x1010701,0x1010101,0x101012b,0x101010e,0x1290101,0x8010101,0x1010101
.4byte 0x1010110,0x1010110,0x10d0101,0x1010101,0x1010d01,0x1010101,0x101010d,0x1090101
.4byte 0x3030101,0x8010101,0x1010101,0x1010e01,0x1010101,0x101010d,0x10e0101,0x1010101
.4byte 0x1010110,0x1010110,0x1010108,0x2a010101,0xe010101,0x1010101,0x1012801,0x1010101
.4byte 0x1010107,0x1011001,0x1011001,0xd010101,0x1010101,0x10d0101,0x1010101,0x1010d01
.4byte 0x9010101,0x3010101,0x1010103,0x1010108,0x10e0101,0x1010101,0x1010d01,0xe010101
.4byte 0x1010101,0x1011001,0x1011001,0x1010901,0x12b0101,0x10e0101,0x1010101,0x1010127
.4byte 0x8010101,0x1010101,0x1010110,0x1010110,0x10d0101,0x1010101,0x1010d01,0x1010101
.4byte 0x101010d,0x1090101,0x3030101,0x8010101,0x1010101,0x1010e01,0x1010101,0x101010d
.4byte 0x10e0101,0x1010101,0x1010110,0x1010110,0x101010a,0x1012a01,0x1010e01,0x26010101
.4byte 0x1010101,0x1010a01,0x1100101,0x1100101,0x1010101,0x101010d,0xd010101,0x1010101
.4byte 0x10d0101,0x1010101,0x1010109,0x1010303,0x1010801,0xe010101,0x1010101,0x10d0101
.4byte 0x1010101,0x101010e,0x1100101,0x1100101,0x10b0101,0x29010101,0xe010101,0x1010101
.4byte 0x1012701,0x1010b01,0x1100101,0x1100101,0x1010101,0x101010d,0xd010101,0x1010101
.4byte 0x10d0101,0x1010101,0x1010109,0x1010303,0x1010801,0xe010101,0x1010101,0x10d0101
.4byte 0x1010101,0x101010e,0x1100101,0x1100101,0x10d0101,0x1280101,0x10e0101,0x1010101
.4byte 0x1010126,0x101010c,0x1011001,0x1011001,0xd010101,0x1010101,0x10d0101,0x1010101
.4byte 0x1010d01,0x9010101,0x3010101,0x1010103,0x1010108,0x10e0101,0x1010101,0x1010d01
.4byte 0xe010101,0x1010101,0x1011001,0x1011001,0x1010e01,0x1012701,0x1010e01,0x24010101
.4byte 0x1010101,0x101010d,0x1011001,0x1011001,0xd010101,0x1010101,0x10d0101,0x1010101
.4byte 0x1010d01,0x9010101,0x3010101,0x1010103,0x1010108,0x10e0101,0x1010101,0x1010d01
.4byte 0xe010101,0x1010101,0x1011001,0x1011001,0x1010f01,0x1012601,0x1010e01,0x23010101
.4byte 0x1010101,0x101010e,0x1011001,0x1011001,0xd010101,0x1010101,0x10d0101,0x1010101
.4byte 0x1010d01,0x9010101,0x3010101,0x1010103,0x1010108,0x10e0101,0x1010101,0x1010d01
.4byte 0xe010101,0x1010101,0x1011001,0x1011001,0x1010e01,0x1010101,0x1012301,0x1010e01
.4byte 0x20010101,0x1010101,0xe010101,0x1010101,0x1010110,0x1010110,0x10d0101,0x1010101
.4byte 0x1010d01,0x1010101,0x101010d,0x1090101,0x3030101,0x8010101,0x1010101,0x1010e01
.4byte 0x1010101,0x101010d,0x10e0101,0x1010101,0x1010110,0x1010110,0x1010110,0x1230101
.4byte 0x10e0101,0x1010101,0x1010121,0x10f0101,0x10010101,0x10010101,0x1010101,0x1010d01
.4byte 0x1010101,0x101010d,0xd010101,0x1010101,0x1010901,0x1030301,0x17e0101,0x1230101
.4byte 0x10e0101,0x1010101,0x1010120,0x1017e01,0x1030301,0x17f0101,0x1220101,0x10e0101
.4byte 0x1010101,0x101011f,0x1017f01,0x10e0301,0x1010101,0x1010d01,0x1100101,0x1100101
.4byte 0x10010101,0x10010101,0x10010101,0x1010101,0x21010101,0xe010101,0x1010101,0x1011f01
.4byte 0x1010101,0x1010f01,0x1100101,0x1100101,0x1100101,0x1100101,0x1010101,0x101010d
.4byte 0xe0f0101,0x1010101,0x10d0101,0x10010101,0x10010101,0x1010101,0x1010110,0x1010110
.4byte 0x1010110,0x1010101,0x1012001,0x1010e01,0x1e010101,0x1010101,0x1010101,0x101010f
.4byte 0x1011001,0x1011001,0x1011001,0x1011001,0xd010101,0x1010101,0x10e0f01,0x1010101
.4byte 0x1010d01,0x1100101,0x1100101,0x10010101,0x10010101,0x10010101,0x2010101,0x1010101
.4byte 0x101011f,0x101010e,0x11b0101,0x1010101,0x1010101,0x10f0101,0x10010101,0x10010101
.4byte 0x10010101,0x10010101,0x1010101,0x1010d01,0xf010101,0x101010e,0xd010101,0x1010101
.4byte 0x1010110,0x1010110,0x1011001,0x1011001,0x1011001,0x1010301,0x1010101,0x101011c
.4byte 0x101010e,0x11a0101,0x4010101,0x1010101,0x101010f,0x1011001,0x1011001,0x1011001
.4byte 0x1011001,0xd010101,0x1010101,0x10e0f01,0x1010101,0x1010d01,0x1100101,0x1100101
.4byte 0x10010101,0x10010101,0x10010101,0x4010101,0x1010101,0x11b0101,0x10e0101,0x1010101
.4byte 0x1010119,0x1010501,0x10f0101,0x10010101,0x10010101,0x10010101,0x10010101,0x1010101
.4byte 0x1010d01,0xf010101,0x101010e,0xd010101,0x1010101,0x1010110,0x1010110,0x1011001
.4byte 0x1011001,0x1011001,0x1010701,0x1011b01,0x1010e01,0x18010101,0x1010101,0x1010106
.4byte 0x1010f01,0x1100101,0x1100101,0x1100101,0x1100101,0x1010101,0x101010d,0xe0f0101
.4byte 0x1010101,0x10d0101,0x10010101,0x10010101,0x1010101,0x1010110,0x1010110,0x1010110
.4byte 0x1010107,0x1011a01,0x1010e01,0x16010101,0x1010101,0x1010701,0x10f0101,0x10010101
.4byte 0x10010101,0x10010101,0x10010101,0x1010101,0x1010d01,0xf010101,0x101010e,0xd010101
.4byte 0x1010101,0x1010110,0x1010110,0x1011001,0x1011001,0x1011001,0x1010801,0x1010101
.4byte 0x1010117,0x101010e,0x1150101,0x9010101,0x1010101,0x101010f,0x1011001,0x1011001
.4byte 0x1011001,0x1011001,0xd010101,0x1010101,0x10e0f01,0x1010101,0x1010d01,0x1100101
.4byte 0x1100101,0x10010101,0x10010101,0x10010101,0xa010101,0x1010101,0x1010117,0x101010e
.4byte 0x1150101,0x1090201,0xf010101,0x1010101,0x1010110,0x1010110,0x1010110,0x1010110
.4byte 0x10d0101,0x1010101,0x1010e0f,0x1010101,0x101010d,0x1011001,0x1011001,0x1100101
.4byte 0x1100101,0x1100101,0x10b0101,0x16010101,0xe010101,0x1010101,0x1011201,0x1010101
.4byte 0x101010a,0x1010f01,0x1100101,0x1100101,0x1100101,0x1100101,0x1010101,0x101010d
.4byte 0xe0f0101,0x1010101,0x10d0101,0x10010101,0x10010101,0x1010101,0x1010110,0x1010110
.4byte 0x1010110,0x101010d,0x1011401,0x1010e01,0x12010101,0xd010101,0x1010101,0x101010f
.4byte 0x1011001,0x1011001,0x1011001,0x1011001,0xd010101,0x1010101,0x10e0f01,0x1010101
.4byte 0x1010d01,0x1100101,0x1100101,0x10010101,0x10010101,0x10010101,0xe010101,0x1010101
.4byte 0x1011201,0x1010e01,0xf010101,0x1010101,0x101010f,0x1010f01,0x1100101,0x1100101
.4byte 0x1100101,0x1100101,0x1010101,0x101010d,0xe0f0101,0x1010101,0x10d0101,0x10010101
.4byte 0x10010101,0x1010101,0x1010110,0x1010110,0x1010110,0x1010110,0x1011101,0x1010e01
.4byte 0xd010101,0x1010101,0x10f0101,0xf010101,0x1010101,0x1010110,0x1010110,0x1010110
.4byte 0x1010110,0x10d0101,0x1010101,0x1010e0f,0x1010101,0x101010d,0x1011001,0x1011001
.4byte 0x1100101,0x1100101,0x1100101,0x1100101,0x1010101,0xd010101,0xe010101,0x1010101
.4byte 0x1010b01,0x1010101,0x1011001,0x10f0101,0x10010101,0x10010101,0x10010101,0x10010101
.4byte 0x1010101,0x1010d01,0xf010101,0x101010e,0xd010101,0x1010101,0x1010110,0x1010110
.4byte 0x1011001,0x1011001,0x1011001,0x1011001,0x1010101,0xc010101,0xe010101,0x1010101
.4byte 0x1010a01,0x1010101,0x1100101,0xf010101,0x1010101,0x1010110,0x1010110,0x1010110
.4byte 0x1010110,0x10d0101,0x1010101,0x1010e0f,0x1010101,0x101010d,0x1011001,0x1011001
.4byte 0x1100101,0x1100101,0x1100101,0x1100101,0x4010101,0xa010101,0xe010101,0x1010101
.4byte 0x1010701,0x1040101,0x1100101,0xf010101,0x1010101,0x1010110,0x1010110,0x1010110
.4byte 0x1010110,0x10d0101,0x1010101,0x1010e0f,0x1010101,0x101010d,0x1011001,0x1011001
.4byte 0x1100101,0x1100101,0x1100101,0x1100101,0x5010101,0x1010101,0x1010108,0x101010e
.4byte 0x1040101,0x1010101,0x1010501,0x1011001,0x10f0101,0x10010101,0x10010101,0x10010101
.4byte 0x10010101,0x1010101,0x1010d01,0xf010101,0x101010e,0xd010101,0x1010101,0x1010110
.4byte 0x1010110,0x1011001,0x1011001,0x1011001,0x1011001,0x1080101,0x5010101,0xe010101
.4byte 0x1010101,0x1010101,0x1010101,0x1010108,0x1010110,0x1010f01,0x1100101,0x1100101
.4byte 0x1100101,0x1100101,0x1010101,0x101010d,0xe0f0101,0x1010101,0x10d0101,0x10010101
.4byte 0x10010101,0x1010101,0x1010110,0x1010110,0x1010110,0x1010110,0x1010d01,0x1010102
.4byte 0x101010e,0x1010101,0x101010d,0x1010110,0x1010f01,0x1100101,0x1100101,0x1100101
.4byte 0x1100101,0x1010101,0x101010d,0xe0f0101,0x1010101,0x10d0101,0x10010101,0x10010101
.4byte 0x1010101,0x1010110,0x1010110,0x1010110,0x1010110,0x1010f01,0x1010101,0x101010a
.4byte 0x1010101,0x1010110,0x1010110,0x1010f01,0x1100101,0x1100101,0x1100101,0x1100101
.4byte 0x1010101,0x101010d,0x30f0101,0x9010101,0xf010101,0x12010101,0xf010101,0x11010101
.4byte 0xf010101,0x12010101,0xe2010101,0x101010f,0x1010e01,0x1010101,0x101010d,0x1010701
.4byte 0x1010601,0x1100101,0x1100101,0x1100101,0x1100101,0xf010101,0x1010101,0x1010106
.4byte 0x1010107,0x1010110,0x101014a,0x1010106,0x1010107,0x10d0101,0x1010101,0x1010d01
.4byte 0xf010101,0x101010f,0x1010e01,0x1010101,0x101010d,0x1010701,0x1010601,0x1100101
.4byte 0x1100101,0x1100101,0x1100101,0xf010101,0x1010101,0x1010106,0x1010107,0x1010110
.4byte 0x101014a,0x1010106,0x1010107,0x10d0101,0x1010101,0x1010d01,0xf010101,0x101010f
.4byte 0x1010e01,0x1010101,0x101010d,0x1010701,0x1010601,0x1100101,0x1100101,0x1100101
.4byte 0x1100101,0xf010101,0x1010101,0x1010106,0x1010107,0x1010110,0x101014a,0x7010107
.4byte 0x1010101,0x1010d01,0x1010101,0x101010d,0xf0f0101,0x1010101,0x101010e,0xd010101
.4byte 0x1010101,0x1010107,0x1010106,0x1011001,0x1011001,0x1011001,0x1011001,0x10f0101
.4byte 0x6010101,0x7010101,0x10010101,0x4a010101,0x7010101,0x1070101,0x1010101,0x101010d
.4byte 0xd010101,0x1010101,0x10f0f01,0xe010101,0x1010101,0x10d0101,0x7010101,0x6010101
.4byte 0x1010101,0x1010110,0x1010110,0x1010110,0x1010110,0x1010f01,0x1060101,0x1070101
.4byte 0x1100101,0x14a0101,0x1070101,0x1010701,0xd010101,0x1010101,0x10d0101,0x1010101
.4byte 0x1010f0f,0x10e0101,0x1010101,0x1010d01,0x1070101,0x1060101,0x10010101,0x10010101
.4byte 0x10010101,0x10010101,0x1010101,0x101010f,0x1010601,0x1010701,0x1011001,0x1014a01
.4byte 0x1010701,0x1010107,0x10d0101,0x1010101,0x1010d01,0xf010101,0x101010f,0x1010e01
.4byte 0x1010101,0x101010d,0x1010701,0x1010601,0x1100101,0x1100101,0x1100101,0x1100101
.4byte 0xf010101,0x1010101,0x1010106,0x1010107,0x1010110,0x101014a,0x1010107,0x1010106
.4byte 0x10d0101,0x1010101,0x1010d01,0xf010101,0x101010f,0x1010e01,0x1010101,0x101010d
.4byte 0x1010701,0x1010601,0x1100101,0x1100101,0x1100101,0x1100101,0xf010101,0x1010101
.4byte 0x1010106,0x1010107,0x1010110,0x101014a,0x1010107,0x1010106,0x10d0101,0x1010101
.4byte 0x1010d01,0xf010101,0x101010f,0x1010e01,0x1010101,0x101010d,0x1010701,0x1010601
.4byte 0x1100101,0x1100101,0x1100101,0x1100101,0xf010101,0x1010101,0x1010106,0x1010107
.4byte 0x1010110,0x101014a,0x1010107,0x1010106,0x10d0101,0x1010101,0x1010d01,0xf010101
.4byte 0x101010f,0x1010e01,0x1010101,0x101010d,0x1010701,0x1010601,0x1100101,0x1100101
.4byte 0x1100101,0x1100101,0xf010101,0x1010101,0x1010106,0x1010107,0x1010110,0x101014a
.4byte 0x1010107,0x1010106,0x10d0101,0x1010101,0x1010d01,0xf010101,0x101010f,0x1010e01
.4byte 0x1010101,0x101010d,0x1010701,0x1018e01,0x801014a,0x6010101,0x1010101,0x1010d01
.4byte 0x1010101,0x101010d,0xf0f0101,0x1010101,0x101010e,0xd010101,0x1010101,0x1010107
.4byte 0x4a01018e,0x1080101,0x1060101,0x1010101,0x101010d,0xd010101,0x1010101,0x10f0f01
.4byte 0xe010101,0x1010101,0x10d0101,0x7010101,0x6010101,0x1010101,0x1010110,0x1010110
.4byte 0x1010110,0x1010110,0x1010f01,0x1060101,0x1070101,0x1100101,0x14a0101,0x1070101
.4byte 0x1060101,0x1010101,0x101010d,0xd010101,0x1010101,0x10f0f01,0xe010101,0x1010101
.4byte 0x10d0101,0x7010101,0x6010101,0x1010101,0x1010110,0x1010110,0x1010110,0x1010110
.4byte 0x1010f01,0x1060101,0x1070101,0x1100101,0x14a0101,0x1070101,0x1060101,0x1010101
.4byte 0x101010d,0xd010101,0x1010101,0x10f0f01,0xe010101,0x1010101,0x10d0101,0x7010101
.4byte 0x6010101,0x1010101,0x1010110,0x1010110,0x1010110,0x1010110,0x1010f01,0x1060101
.4byte 0x1070101,0x1100101,0x14a0101,0x1070101,0x1060101,0x1010101,0x101010d,0xd010101
.4byte 0x1010101,0x10f0f01,0xe010101,0x1010101,0x10d0101,0x7010101,0x6010101,0x1010101
.4byte 0x1010110,0x1010110,0x1010110,0x1010110,0x1010f01,0x1060101,0x1070101,0x1100101
.4byte 0x14a0101,0x1070101,0x1060101,0x1010101,0x101010d,0xd010101,0x1010101,0x10f0f01
.4byte 0xe010101,0x1010101,0x10d0101,0x7010101,0x6010101,0x1010101,0x1010110,0x1010110
.4byte 0x1010110,0x1010110,0x1010f01,0x1060101,0x1070101,0x1100101,0x14a0101,0x1070101
.4byte 0x1010701,0xd010101,0x1010101,0x10d0101,0x1010101,0x1010f0f,0x10e0101,0x1010101
.4byte 0x1010d01,0x1070101,0x1060101,0x10010101,0x10010101,0x10010101,0x10010101,0x1010101
.4byte 0x101010f,0x1010601,0x1010701,0x1011001,0x1014a01,0x1010701,0x1010107,0x10d0101
.4byte 0x1010101,0x1010d01,0xf010101,0x101010f,0x1010e01,0x1010101,0x101010d,0x1010701
.4byte 0x1010601,0x1100101,0x1100101,0x1100101,0x1100101,0xf010101,0x1010101,0x1010106
.4byte 0x1010107,0x1010110,0x101014a,0x7010107,0x1010101,0x1010d01,0x1010101,0x101010d
.4byte 0xf0f0101,0x1010101,0x101010e,0xd010101,0x1010101,0x1010107,0x1010106,0x1011001
.4byte 0x1011001,0x1011001,0x1011001,0x10f0101,0x6010101,0x7010101,0x10010101,0x4a010101
.4byte 0x7010101,0x1070101,0x1010101,0x101010d,0xd010101,0x1010101,0x10f0f01,0xe010101
.4byte 0x1010101,0x10d0101,0x7010101,0x6010101,0x1010101,0x1010110,0x1010110,0x1010110
.4byte 0x1010110,0x1010f01,0x1060101,0x1070101,0x1100101,0x14a0101,0x1060101,0x1070101
.4byte 0x1010101,0x101010d,0xd010101,0x1010101,0x10f0f01,0xe010101,0x1010101,0x10d0101
.4byte 0x7010101,0x6010101,0x1010101,0x1010110,0x1010110,0x1010110,0x1010110,0x1010f01
.4byte 0x1060101,0x1070101,0x1100101,0x14a0101,0x1060101,0x1070101,0x1010101,0x101010d
.4byte 0xd010101,0x1010101,0x10f0f01,0xe010101,0x1010101,0x10d0101,0x7010101,0x6010101
.4byte 0x1010101,0x1010110,0x1010110,0x1010110,0x1010110,0x1010f01,0x1060101,0x1070101
.4byte 0x1100101,0x1100101,0xf010101,0x1010101,0x1010110,0x1010110,0x1010106,0x1010107
.4byte 0x10d0101,0x1010101,0x1010d01,0xf010101,0x101010f,0x1010e01,0x1010101,0x101010d
.4byte 0x1010701,0x1010601,0x1100101,0x1100101,0x1100101,0x1100101,0xf010101,0x1010101
.4byte 0x1010106,0x1010107,0x1010110,0x1010110,0x1010f01,0x1100101,0x1100101,0x1060101
.4byte 0x1070101,0x1010101,0x101010d,0xd010101,0x1010101,0x10f0f01,0xe010101,0x1010101
.4byte 0x10d0101,0x7010101,0x6010101,0x1010101,0x1010110,0x1010110,0x1010110,0x1010110
.4byte 0x1010f01,0x1060101,0x1070101,0x1100101,0x1100101,0xf010101,0x1010101,0x1010110
.4byte 0x1010110,0x7010107,0x1010101,0x1010d01,0x1010101,0x101010d,0xf0f0101,0x1010101
.4byte 0x101010e,0xd010101,0x1010101,0x1010107,0x1010106,0x1011001,0x1011001,0x1011001
.4byte 0x1011001,0x10f0101,0x6010101,0x7010101,0x10010101,0x10010101,0x1010101,0x101010f
.4byte 0x1011001,0x1011001,0x1010701,0x1010107,0x10d0101,0x1010101,0x1010d01,0xf010101
.4byte 0x101010f,0x1010e01,0x1010101,0x101010d,0x1010701,0x1010601,0x1100101,0x1100101
.4byte 0x1100101,0x1100101,0xf010101,0x1010101,0x1010106,0x1010107,0x1010110,0x1010110
.4byte 0x1010f01,0x1100101,0x1100101,0x1070101,0x1010701,0xd010101,0x1010101,0x10d0101
.4byte 0x1010101,0x1010f0f,0x10e0101,0x1010101,0x1010d01,0x1070101,0x1060101,0x10010101
.4byte 0x10010101,0x10010101,0x10010101,0x1010101,0x101010f,0x1010601,0x1010701,0x1011001
.4byte 0x1011001,0x10f0101,0x10010101,0x10010101,0x7010101,0x1070101,0x1010101,0x101010d
.4byte 0xd010101,0x1010101,0x10f0f01,0xe010101,0x1010101,0x10d0101,0x7010101,0x6010101
.4byte 0x1010101,0x1010110,0x1010110,0x1010110,0x1010110,0x1010f01,0x1060101,0x1070101
.4byte 0x1100101,0x1100101,0xf010101,0x1010101,0x1010110,0x1010110,0x1010107,0x1010106
.4byte 0x10d0101,0x1010101,0x1010d01,0xf010101,0x101010f,0x1010e01,0x1010101,0x101010d
.4byte 0x1010701,0x1010601,0x1100101,0x1100101,0x1100101,0x1100101,0xf010101,0x1010101
.4byte 0x1010106,0x1010107,0x1010110,0x1010110,0x1010f01,0x1100101,0x1100101,0x1070101
.4byte 0x1060101,0x1010101,0x101010d,0xd010101,0x1010101,0x10f0f01,0xe010101,0x1010101
.4byte 0x10d0101,0x7010101,0x6010101,0x1010101,0x1010110,0x1010110,0x1010110,0x1010110
.4byte 0x1010f01,0x1060101,0x1070101,0x1100101,0x1100101,0xf010101,0x1010101,0x1010110
.4byte 0x1010110,0x1010107,0x1010106,0x10d0101,0x1010101,0x1010d01,0xf010101,0x101010f
.4byte 0x1010e01,0x1010101,0x101010d,0x1010701,0x1010601,0x1100101,0x1100101,0x1100101
.4byte 0x1100101,0xf010101,0x1010101,0x1010106,0x1010107,0x1010110,0x1010110,0x1010f01
.4byte 0x1100101,0x1100101,0x1070101,0x1060101,0x1010101,0x101010d,0xd010101,0x1010101
.4byte 0x10f0f01,0xe010101,0x1010101,0x10d0101,0x7010101,0xe4010101,0x6010101,0x1010101
.4byte 0x1010d01,0x1010101,0x101010d,0xf0f0101,0x1010101,0x101010e,0xd010101,0x1010101
.4byte 0x1010107,0x10101e4,0x1010106,0x10d0101,0x1010101,0x1010d01,0xf010101,0x101010f
.4byte 0x1010e01,0x1010101,0x101010d,0x1010701,0x1010601,0x1100101,0x1100101,0x1100101
.4byte 0x1100101,0xf010101,0x1010101,0x1010106,0x1010107,0x1010110,0x1010110,0x1010f01
.4byte 0x1100101,0x1100101,0x1070101,0x1060101,0x1010101,0x101010d,0xd010101,0x1010101
.4byte 0x10f0f01,0xe010101,0x1010101,0x10d0101,0x7010101,0x6010101,0x1010101,0x1010110
.4byte 0x1010110,0x1010110,0x1010110,0x1010f01,0x1060101,0x1070101,0x1100101,0x1100101
.4byte 0xf010101,0x1010101,0x1010110,0x1010110,0x1010107,0x1010106,0x10d0101,0x1010101
.4byte 0x1010d01,0xf010101,0x101010f,0x1010e01,0x1010101,0x101010d,0x1010701,0x1010601
.4byte 0x1100101,0x1100101,0x1100101,0x1100101,0xf010101,0x1010101,0x1010106,0x1010107
.4byte 0x1010110,0x1010110,0x1010f01,0x1100101,0x1100101,0x1070101,0x1060101,0x1010101
.4byte 0x101010d,0xd010101,0x1010101,0x10f0f01,0xe010101,0x1010101,0x10d0101,0x7010101
.4byte 0x6010101,0x1010101,0x1010110,0x1010110,0x1010110,0x1010110,0x1010f01,0x1060101
.4byte 0x1070101,0x1100101,0x1100101,0xf010101,0x1010101,0x1010110,0x1010110,0x1010107
.4byte 0x1010106,0x10d0101,0x1010101,0x1010d01,0xf010101,0x101010f,0x1010e01,0x1010101
.4byte 0x101010d,0x1010701,0x1010601,0x1100101,0x1100101,0x1100101,0x1100101,0xf010101
.4byte 0x1010101,0x1010106,0x1010107,0x1010110,0x1010110,0x1010f01,0x1100101,0x1100101
.4byte 0x1070101,0x1010701,0xd010101,0x1010101,0x10d0101,0x1010101,0x1010f0f,0x10e0101
.4byte 0x1010101,0x1010d01,0x1070101,0x1060101,0x10010101,0x10010101,0x10010101,0x10010101
.4byte 0x1010101,0x101010f,0x1010601,0x1010701,0x1011001,0x1011001,0x10f0101,0x10010101
.4byte 0x10010101,0x7010101,0x1070101,0x1010101,0x101010d,0xd010101,0x1010101,0x10f0f01
.4byte 0xe010101,0x1010101,0x10d0101,0x7010101,0x6010101,0x1010101,0x1010110,0x1010110
.4byte 0x1010110,0x1010110,0x1010f01,0x1060101,0x1070101,0x1100101,0x1100101,0xf010101
.4byte 0x1010101,0x1010110,0x1010110,0x7010107,0x1010101,0x1010d01,0x1010101,0x101010d
.4byte 0xf0f0101,0x1010101,0x101010e,0xd010101,0x1010101,0x1010107,0x1010106,0x1011001
.4byte 0x1011001,0x1011001,0x1011001,0x10f0101,0x6010101,0x7010101,0x10010101,0x10010101
.4byte 0x1010101,0x101010f,0x1011001,0x1011001,0x1010701,0x1010107,0x10d0101,0x1010101
.4byte 0x1010d01,0xf010101,0x101010f,0x1010e01,0x1010101,0x101010d,0x1010701,0x1010601
.4byte 0x1100101,0x1100101,0x1100101,0x1100101,0xf010101,0x1010101,0x1010106,0x1010107
.4byte 0x1010110,0x1010110,0x1010f01,0x1100101,0x1100101,0x1060101,0x1070101,0x1010101
.4byte 0x101010d,0xd010101,0x1010101,0x10f0f01,0xe010101,0x1010101,0x10d0101,0x7010101
.4byte 0x6010101,0x1010101,0x1010110,0x1010110,0x1010110,0x1010110,0x1010f01,0x1060101
.4byte 0x1070101,0x1100101,0x1100101,0xf010101,0x1010101,0x1010110,0x1010110,0x1010106
.4byte 0x1010107,0x10d0101,0x1010101,0x1010d01,0xf010101
