// GENERATED -- do not edit by hand.
// One .4byte per four bytes of the table, little endian.
.4byte 0x8010103,0x10b0101,0x1010e01,0xe01010b,0x10b0101,0x1010e01,0xe01010b,0x10b0101
.4byte 0x1010e01,0xe01010b,0x10a0101,0x10e0101,0x1010a01,0x1010d01,0x1010a01,0x1010d01
.4byte 0x1010a01,0x1010d01,0x1010a01,0xb01010e,0x1080101,0x6030101,0x1020101,0x1010101
.4byte 0x1010101,0x1010101,0x1010101,0x2010101,0x1010101,0x1010101,0x2010101,0x1010101
.4byte 0x1050101,0x1010501,0x1010101,0x1010101,0x1010101,0x1010101,0x1010101,0x1070107
.4byte 0x1010101,0x1010101,0x1010101,0x1010101,0x1010101,0x1010101,0x1010101,0x1010101
.4byte 0x1010101,0x1010101,0x1010601,0x1010106,0x1010101,0x1010101,0x1010101,0x1010101
.4byte 0x1010101,0x1010101,0x1010101,0x1010101,0x1010101,0x1010101,0x101011d,0x101010d
.4byte 0x101010a,0x101010d,0x101010a,0x101010d,0xe01010a,0x10b0101,0x1010801,0x1030301
.4byte 0x1010801,0xe01010b,0x10b0101,0x1010e01,0xe01010b,0x10b0101,0x1010e01,0x10103e5
.4byte 0x1015eff,0x10c0301,0x10b0101,0xa010101,0x1010101,0x101010b,0x1010b01,0x1010b01
.4byte 0x10a0101,0xb010101,0x1010101,0x101010a,0x1010b01,0x10a0101,0xb010101,0xb010101
.4byte 0x1010101,0x101010b,0x101010b,0x1010a01,0x10b0101,0xa010101,0x1010101,0x101010b
.4byte 0x1010a01,0x10b0101,0xa010101,0x1010101,0x101010b,0x101010b,0x10c0c01,0x10b0101
.4byte 0xa010101,0x1010101,0x101010b,0x1010b01,0x1010b01,0x10a0101,0xb010101,0x1010101
.4byte 0x101010a,0x1010b01,0x10a0101,0xb010101,0x1010101,0x4010101,0x1010101,0xb010101
.4byte 0xb010101,0x1010101,0x101010a,0x1010b01,0x10a0101,0xb010101,0x1010101,0x101010a
.4byte 0x1010b01,0x10a0101,0xb010101,0xb010101,0x1010101,0x1010c0c,0x1010b01,0x10a0101
.4byte 0xb010101,0x1010101,0x101010b,0x101010b,0x1010a01,0x10b0101,0xa010101,0x1010101
.4byte 0x101010b,0x1010a01,0x10b0101,0x1010101,0x1010108,0x10b0101,0x10b0101,0xa010101
.4byte 0x1010101,0x101010b,0x1010a01,0x10b0101,0xa010101,0x1010101,0x101010b,0x1010a01
.4byte 0x10b0101,0x10b0101,0xc010101,0x101010c,0x101010b,0x1010801,0x1010101,0x8010101
.4byte 0x1010101,0x101010b,0x101010b,0x1010a01,0x10b0101,0xa010101,0x1010101,0x101010b
.4byte 0x1010a01,0x1090101,0x1100101,0x1090101,0x10b0101,0xa010101,0x1010101,0x101010b
.4byte 0x1010a01,0x10b0101,0xa010101,0x1010101,0x101010b,0x1010801,0x1010101,0x8010101
.4byte 0xb010101,0x1010101,0x1010c0c,0x1010b01,0x1060101,0x1010101,0x1010101,0x7010101
.4byte 0x1010101,0x101010b,0x101010b,0x1010a01,0x10b0101,0xa010101,0x1010101,0x101010b
.4byte 0x1010a01,0x1060101,0x1150101,0x1070101,0x10b0101,0xa010101,0x1010101,0x101010b
.4byte 0x1010a01,0x10b0101,0xa010101,0x1010101,0x101010b,0x1010601,0x1010101,0x1010101
.4byte 0x1070101,0x10b0101,0xc010101,0x101010c,0x101010b,0x1010501,0x1010101,0x1010103
.4byte 0x5010101,0x1010101,0x101010b,0x101010b,0x1010a01,0x10b0101,0xa010101,0x1010101
.4byte 0x101010b,0x1010a01,0x1040101,0x11a0101,0x1040101,0x10b0101,0xa010101,0x1010101
.4byte 0x101010b,0x1010a01,0x10b0101,0xa010101,0x1010101,0x101010b,0x1010501,0x1010101
.4byte 0x1010102,0x6010101,0xb010101,0x1010101,0x1010c0c,0x1010b01,0x1040101,0x1010101
.4byte 0x1010101,0x1010101,0x5010101,0x1010101,0x101010b,0x101010b,0x1010a01,0x10b0101
.4byte 0xa010101,0x1010101,0x101010b,0x1010a01,0x1020101,0x11e0101,0x1020101,0x10b0101
.4byte 0xa010101,0x1010101,0x101010b,0x1010a01,0x10b0101,0xa010101,0x1010101,0x101010b
.4byte 0x1010401,0x1010101,0x1010101,0x1010101,0x1050101,0x10b0101,0xc010101,0x101010c
.4byte 0x101010b,0x1010301,0x1010101,0x1010101,0x1010101,0x1010101,0x1010104,0x1010b01
.4byte 0x1010b01,0x10a0101,0xb010101,0x1010101,0x101010a,0x1010b01,0x10a0101,0x1010101
.4byte 0x1210101,0x1010101,0x10b0101,0xa010101,0x1010101,0x101010b,0x1010a01,0x10b0101
.4byte 0xa010101,0x1010101,0x101010b,0x1010301,0x1010101,0x1010101,0x1010101,0x1010101
.4byte 0x1010104,0x101010b,0x10c0c01,0x10b0101,0x3010101,0x1010101,0x1010101,0x1010101
.4byte 0x1010101,0x3010101,0x1010101,0x101010b,0x101010b,0x1010a01,0x10b0101,0xa010101
.4byte 0x1010101,0x101010b,0x1010a01,0x1010101,0x1010124,0x10b0101,0xa010101,0x1010101
.4byte 0x101010b,0x1010a01,0x10b0101,0xa010101,0x1010101,0x101010b,0x1010201,0x1010101
.4byte 0x1010101,0x1010101,0x1010101,0x1030101,0x10b0101,0xc010101,0x101010c,0x101010b
.4byte 0x1010201,0x1010101,0x1010101,0x1010101,0x1010101,0x2010101,0x1010101,0x101010b
.4byte 0x101010b,0x1010a01,0x10b0101,0xa010101,0x1010101,0x101010b,0x1010a01,0x1270101
.4byte 0xb010101,0x1010101,0x101010a,0x1010b01,0x10a0101,0xb010101,0x1010101,0x101010a
.4byte 0x1010b01,0x1020101,0x1010101,0x1010101,0x1010101,0x1010101,0x1010101,0x1010102
.4byte 0x101010b,0x10c0c01,0x10b0101,0x1010101,0x1010101,0x1010101,0x1010101,0x1010101
.4byte 0x1010101,0x1010101,0x1010101,0x101010b,0x101010b,0x1010a01,0x10b0101,0xa010101
.4byte 0x1010101,0x101010b,0x1010a01,0x1012a01,0x1010a01,0x10a0101,0xb010101,0x1010101
.4byte 0x101010a,0x1010b01,0x10a0101,0xb010101,0x1010101,0x1010101,0x1010101,0x1010101
.4byte 0x1010101,0x1010101,0x2010101,0xb010101,0x1010101,0x1010c0c,0x1010b01,0x1010101
.4byte 0x1010101,0x1010101,0x1010101,0x1010101,0x1010101,0x1010101,0xb010101,0xb010101
.4byte 0x1010101,0x101010a,0x1010b01,0x10a0101,0xb010101,0x1010101,0x1010109,0x101012c
.4byte 0x1010109,0x1010a01,0x10b0101,0xa010101,0x1010101,0x101010b,0x1010a01,0x10b0101
.4byte 0x1010101,0x1010101,0x1010101,0x1010101,0x1010101,0x1010101,0x1010101,0xb010101
.4byte 0x1010101,0x1010c0c,0x1010b01,0x1010101,0x1010101,0x1010101,0x1010101,0x1010101
.4byte 0x1010101,0x1010101,0xb010101,0xb010101,0x1010101,0x101010a,0x1010b01,0x10a0101
.4byte 0xb010101,0x1010101,0x1010107,0x101012f,0x1010108,0x1010a01,0x10b0101,0xa010101
.4byte 0x1010101,0x101010b,0x1010a01,0x10b0101,0x1010101,0x1010101,0x1010101,0x1010101
.4byte 0x1010101,0x1010101,0x1010101,0xb010101,0x1010101,0x1010c0c,0x1010b01,0x1010101
.4byte 0x1010101,0x1010101,0x1010101,0x1010101,0x1010101,0x1010101,0xb010101,0xb010101
.4byte 0x1010101,0x101010a,0x1010b01,0x10a0101,0xb010101,0x1010101,0x1010106,0x1010131
.4byte 0x1010107,0x1010a01,0x10b0101,0xa010101,0x1010101,0x101010b,0x1010a01,0x10b0101
.4byte 0x1010101,0x1010101,0x1010101,0x1010101,0x1010101,0x1010101,0x1010101,0xb010101
.4byte 0x1010101,0x1010c0c,0x1010b01,0x1010101,0x1010101,0x1010101,0x1010101,0x1010101
.4byte 0x1010101,0x1010101,0xb010101,0xb010101,0x1010101,0x101010a,0x1010b01,0x10a0101
.4byte 0xb010101,0x1010101,0x1010105,0x1010133,0x1010106,0x1010a01,0x10b0101,0xa010101
.4byte 0x1010101,0x101010b,0x1010a01,0x10b0101,0x1010101,0x1010101,0x1010101,0x1010101
.4byte 0x1010101,0x1010101,0x1010101,0xb010101,0x1010101,0x1010c0c,0x1010b01,0x1010101
.4byte 0x1010101,0x1010101,0x1010101,0x1010101,0x1010101,0x1010101,0xb010101,0xb010101
.4byte 0x1010101,0x101010a,0x1010b01,0x10a0101,0xb010101,0x1010101,0x1010104,0x1010135
.4byte 0x1010105,0x1010a01,0x10b0101,0xa010101,0x1010101,0x101010b,0x1010a01,0x10b0101
.4byte 0x1010101,0x1020101,0x1010101,0x1010101,0x1010101,0x1010201,0x1010101,0x1010b01
.4byte 0xc0c0101,0xb010101,0x1010101,0x2010101,0x1010101,0x1010101,0x1010101,0x2010101
.4byte 0x1010101,0xb010101,0xb010101,0x1010101,0x101010a,0x1010b01,0x10a0101,0xb010101
.4byte 0x1010101,0x1010103,0x1010137,0x1010104,0x1010a01,0x10b0101,0xa010101,0x1010101
.4byte 0x101010b,0x1010a01,0x10b0101,0x1010101,0x1020101,0x1010101,0x1010101,0x1010101
.4byte 0x1010301,0x1010101,0x101010b,0x10c0c01,0x10b0101,0x1010101,0x1020101,0x1010101
.4byte 0x1010101,0x1010101,0x1020101,0x1010101,0x10b0101,0x10b0101,0xa010101,0x1010101
.4byte 0x101010b,0x1010a01,0x10b0101,0x2010101,0x39010101,0x3010101,0x1010101,0x101010a
.4byte 0x1010b01,0x10a0101,0xb010101,0x1010101,0x101010a,0x1010b01,0x1010101,0x1010103
.4byte 0x1010101,0x1010101,0x3010101,0x1010101,0x10b0101,0xc010101,0x101010c,0x101010b
.4byte 0x3010101,0x1010101,0x1010101,0x1010101,0x1040101,0x1010101,0x1010b01,0x1010b01
.4byte 0x10a0101,0xb010101,0x1010101,0x101010a,0x1010b01,0x1010101,0x13b0101,0x1020101
.4byte 0xa010101,0x1010101,0x101010b,0x1010a01,0x10b0101,0xa010101,0x1010101,0x101010b
.4byte 0x3010101,0x1010101,0x1020101,0x1010101,0x1010401,0xb010101,0x1010101,0x1010c0c
.4byte 0x1010b01,0x1010101,0x1010103,0x1010101,0x1010101,0x4010101,0x1010101,0x10b0101
.4byte 0x10b0101,0xa010101,0x1010101,0x101010b,0x1010a01,0x10b0101,0x1010101,0x13d0101
.4byte 0x1010101,0xa010101,0x1010101,0x101010b,0x1010a01,0x10b0101,0xa010101,0x1010101
.4byte 0x101010b,0x1040101,0x1010101,0x1010201,0x1010101,0x1010104,0x10b0101,0xc010101
.4byte 0x101010c,0x101010b,0x1040101,0x1010101,0x1010101,0x1010101,0x1010501,0xb010101
.4byte 0xb010101,0x1010101,0x101010a,0x1010b01,0x10a0101,0xb010101,0x1010101,0x3e010101
.4byte 0x1010101,0xa010101,0x1010101,0x101010b,0x1010a01,0x10b0101,0xa010101,0x1010101
.4byte 0x101010b,0x1040101,0x1010101,0x1010101,0x1010101,0x1010501,0x10b0101,0xc010101
.4byte 0x101010c,0x101010b,0x1030101,0x1010101,0x1010101,0x1010101,0x1050101,0x1010101
.4byte 0x101010b,0x101010b,0x1010a01,0x10b0101,0xa010101,0x1010101,0x101010b,0x40010101
.4byte 0x1010101,0x10a0101,0xb010101,0x1010101,0x101010a,0x1010b01,0x10a0101,0xb010101
.4byte 0x1010101,0x1010105,0x1010101,0x1010101,0x1010101,0x1010104,0x1010b01,0x30c0101
.4byte 0x1170101,0x1010401,0x1010101,0x1010101,0x1010101,0x1010601,0x101015c,0x1010137
.4byte 0x501015d,0x1010101,0x1010101,0x1010101,0x1010101,0x1010103,0x1010116,0x1010303
.4byte 0x3010117,0x1010101,0x1010101,0x1010101,0x1010101,0x1010106,0x101015b,0x1010137
.4byte 0x101015c,0x1010106,0x1010101,0x1010101,0x1010101,0x16010104,0x3010101,0x8010103
.4byte 0x10b0101,0x1040101,0x1010101,0x1010101,0x1010101,0x6010101,0x1010101,0x101010b
.4byte 0x101010b,0x1010a01,0x10b0101,0xa010101,0x1010101,0x101010b,0x1010104,0x1010137
.4byte 0x1010104,0x1010a01,0x10b0101,0xa010101,0x1010101,0x1010a01,0x10a0101,0xa010101
.4byte 0x1010101,0x1010107,0x1010101,0x1010101,0x1010101,0x1010301,0x10a0101,0x1010801
.4byte 0x1030301,0x1010801,0x101010a,0x1010301,0x1010101,0x1010101,0x1010101,0x7010101
.4byte 0x1010101,0x101010a,0x101010b,0x1010a01,0x10b0101,0xa010101,0x1010101,0x101010b
.4byte 0x1010104,0x1010137,0x1010105,0x101010a,0x1010b01,0x10a0101,0x1010101,0x101010a
.4byte 0x1010a01,0x10a0101,0x7010101,0x1010101,0x1010101,0x1010101,0x1010101,0x1010103
.4byte 0x1010a01,0x1010108,0x1010303,0xa010108,0x1010101,0x1010103,0x1010101,0x1010101
.4byte 0x1010101,0x1070101,0xa010101,0xb010101,0x1010101,0x101010a,0x1010b01,0x10a0101
.4byte 0xa010101,0x5010101,0x37010101,0x6010101,0x9010101,0x1010101,0x101010b,0x1010a01
.4byte 0xa010101,0x1010101,0x101010a,0x1010a01,0x1010801,0x1010101,0x1010101,0x1010101
.4byte 0x3010101,0x1010101,0x8010109,0x3010101,0x8010103,0x10a0101,0x1030101,0x1010101
.4byte 0x1010101,0x1010101,0x1010101,0x1010108,0x1010a01,0x1010b01,0x10a0101,0xb010101
.4byte 0x1010101,0x101010a,0x1010901,0x1010601,0x1013701,0x1010601,0x1010901,0x10b0101
.4byte 0xa010101,0x1010101,0x1010a01,0x10a0101,0x9010101,0x1010101,0x1010108,0x1010101
.4byte 0x1010101,0x1010101,0x1030101,0x9010101,0x1080101,0x3030101,0x1080101,0x1010a01
.4byte 0x1010801,0x1010101,0x1010101,0x1090101,0x10a0101,0x10b0101,0xa010101,0x1010101
.4byte 0x101010b,0x1010a01,0x1090101,0x1060101,0x1370101,0x1070101,0x1080101,0xb010101
.4byte 0x1010101,0x101010a,0x10a0101,0xa010101,0x1010101,0x1010109,0x1010801,0x1010101
.4byte 0x1010101,0x1080101,0x9010101,0x1080101,0x3030101,0x1080101,0x1010901,0x1080101
.4byte 0x1010101,0x1010101,0x9010101,0x1010101,0x1010109,0x101010b,0x1010a01,0x10b0101
.4byte 0xa010101,0x1010101,0x1010108,0x1010107,0x1010137,0x1010108,0x1010107,0x1010b01
.4byte 0x10a0101,0x1010101,0x101010a,0x1010a01,0x1090101,0x8010101,0x1010101,0x1010101
.4byte 0x1010101,0x1010109,0x8010109,0x3010101,0x8010103,0x1090101,0x1010101,0x1010101
.4byte 0x1010301,0x1010101,0x1010101,0x1010901,0x1090101,0x10b0101,0xa010101,0x1010101
.4byte 0x101010b,0x1010a01,0x1070101,0x1080101,0x1370101,0x1080101,0x1070101,0xb010101
.4byte 0x1010101,0x101010a,0x10a0101,0xa010101,0x1010101,0x1010109,0x1010109,0x1010101
.4byte 0x1010101,0x1010301,0x1010101,0x1010101,0x8010108,0x3010101,0x8010103,0x1090101
.4byte 0x1010101,0x1010101,0x1010301,0x1010101,0x1010101,0x1010a01,0x1010901,0x1010b01
.4byte 0x10a0101,0xb010101,0x1010101,0x101010a,0x1010701,0x1010109,0x1010137,0x1010109
.4byte 0x1010106,0x1010b01,0x10a0101,0x1010101,0x101010a,0x1010a01,0x1090101,0x1090101
.4byte 0x1010101,0x1010101,0x2010101,0x1010101,0x1010101,0x8010101,0x1080101,0x3030101
.4byte 0x1080101,0x1010901,0x1010101,0x1010101,0x1010103,0x1010101,0x1010101,0x101010a
.4byte 0x1010109,0x101010b,0x1010a01,0x10b0101,0xa010101,0x1010101,0x1010106,0x1010109
.4byte 0x1010137,0x101010a,0x1010105,0x1010b01,0x10a0101,0x1010101,0x101010a,0x1010a01
.4byte 0x1080101,0x9010101,0x1010101,0x1010101,0x1010101,0x1010104,0x1010101,0x1080101
.4byte 0x1010801,0x1030301,0x1010801,0x1010108,0x1010101,0x1010101,0x1010103,0x1010101
.4byte 0x1010101,0x101010a,0x1010801,0x1010b01,0x10a0101,0xb010101,0x1010101,0x101010a
.4byte 0x1010501,0x1010a01,0x1013701,0x1010a01,0x1010501,0x10b0101,0xa010101,0x1010101
.4byte 0x1010a01,0x10a0101,0x8010101,0x1010101,0x1010109,0x1010101,0x1010101,0x1010401
.4byte 0x1010101,0x8010101,0x1080101,0x3030101,0x1080101,0x1010801,0x1010201,0x1010101
.4byte 0x1010103,0x1010101,0x1010101,0x101010a,0x1010801,0x1010b01,0x10a0101,0xb010101
.4byte 0x1010101,0x101010a,0x1010501,0x1010a01,0x1013701,0x1010b01,0x1010401,0x10b0101
.4byte 0xa010101,0x1010101,0x1010a01,0x10a0101,0x8010101,0xa010101,0x1010101,0x1010101
.4byte 0x1010101,0x1010103,0x1010101,0x8010101,0x1080101,0x3030101,0x1080101,0x1010801
.4byte 0x1010201,0x1010101,0x1010103,0x1010101,0x1010101,0x101010a,0x1010801,0x1010b01
.4byte 0x10a0101,0xb010101,0x1010101,0x101010a,0x1010401,0x1010b01,0x1013701,0x1010b01
.4byte 0x1010401,0x10b0101,0xa010101,0x1010101,0x1010a01,0x10a0101,0x8010101,0xb010101
.4byte 0x1010101,0x1010101,0x1040101,0x1010101,0x1010101,0x1070101,0x1010801,0x1030301
.4byte 0x1010801,0x1010108,0x1010102,0x3010101,0x1010101,0x1010101,0xb010101,0x8010101
.4byte 0xb010101,0x1010101,0x101010a,0x1010b01,0x10a0101,0x3010101,0xc010101,0x37010101
.4byte 0xc010101,0x3010101,0x1010101,0x101010b,0x1010a01,0xa010101,0x1010101,0x101010a
.4byte 0x1010701,0x10b0101,0x1010101,0x1010101,0x1010401,0x1010101,0x1010101,0x1010701
.4byte 0x1010108,0x1010303,0x8010108,0x2010101,0x1010101,0x1030101,0x1010101,0x1010101
.4byte 0x10b0101,0x1080101,0x10b0101,0xa010101,0x1010101,0x101010b,0x1010a01,0x1030101
.4byte 0x10c0101,0x1370101,0x10d0101,0x1020101,0xb010101,0x1010101,0x101010a,0x10a0101
.4byte 0xa010101,0x1010101,0x1010107,0x1010b01,0x1010101,0x1010101,0x1010104,0x1010101
.4byte 0x1010101,0x8010107,0x3010101,0x8010103,0x1070101,0x1010101,0x1010101,0x3010101
.4byte 0x1010101,0x1010101,0xb010101,0x8010101,0xb010101,0x1010101,0x101010a,0x1010b01
.4byte 0x10a0101,0x2010101,0xd010101,0x37010101,0xd010101,0x2010101,0x1010101,0x101010b
.4byte 0x1010a01,0xa010101,0x1010101,0x101010a,0x1010701,0x1010c01,0x1010101,0x1010101
.4byte 0x1010103,0x1010101,0x1010102,0x8010107,0x3010101,0x8010103,0x1070101,0x1020101
.4byte 0x1010101,0x1030101,0x1010101,0x1010101,0x10b0101,0x7010101,0xb010101,0x1010101
.4byte 0x101010a,0x1010b01,0x10a0101,0x2010101,0xd010101,0x37010101,0xe010101,0x1010101
.4byte 0x1010101,0x101010b,0x1010a01,0xa010101,0x1010101,0x101010a,0x1010701,0x1010c01
.4byte 0x1010101,0x1010101,0x1010103,0x1010101,0x1010102,0x8010107,0x3010101,0x8010103
.4byte 0x1070101,0x10c0101,0x1010101,0x1010101,0x10b0101,0x7010101,0xb010101,0x1010101
.4byte 0x101010a,0x1010b01,0x10a0101,0x1010101,0xe010101,0x37010101,0xe010101,0x1010101
.4byte 0x1010101,0x101010b,0x1010a01,0xa010101,0x1010101,0x101010a,0x1010701,0x1010c01
.4byte 0x1010101,0x1010101,0x101010c,0x8010107,0x3010101,0x8010103,0x1070101,0x10c0101
.4byte 0x1010101,0x1010101,0x1010d01,0x1010701,0x1010b01,0x10a0101,0xb010101,0x1010101
.4byte 0x101010a,0x1010101,0x1010e01,0x1013701,0x1010f01,0x1010101,0x1010b01,0x10a0101
.4byte 0x1010101,0x101010a,0x1010a01,0x1070101,0x10c0101,0x1010101,0x1010101,0x1010c01
.4byte 0x1010701,0x1010108,0x1010303,0x7010108,0x2010101,0x1010101,0x1010106,0x1010101
.4byte 0xd010101,0x7010101,0xb010101,0x1010101,0x101010a,0x1010b01,0x10a0101,0x1010101
.4byte 0x10f0101,0x1370101,0x10f0101,0x1010101,0x10b0101,0xa010101,0x1010101,0x1010a01
.4byte 0x10a0101,0x6010101,0x1010101,0x101010c,0x1010101,0x7010101,0x2010101,0x1010101
.4byte 0x8010106,0x3010101,0x8010103,0x1070101,0x1020101,0x1070101,0x1010101,0x1010101
.4byte 0x1010d01,0x1010701,0x1010b01,0x10a0101,0xb010101,0x1010101,0x101010a,0x1010101
.4byte 0x101010f,0x1010137,0x1010110,0xb010101,0x1010101,0x101010a,0x10a0101,0xa010101
.4byte 0x1010101,0x1010106,0x1010c01,0x1010101,0x1010101,0x1010107,0x1010101,0x1060101
.4byte 0x1010801,0x1030301,0x1010801,0x1010107,0x1010102,0x1010107,0x1010101,0xd010101
.4byte 0x7010101,0xb010101,0x1010101,0x101010a,0x1010b01,0x10a0101,0x1010101,0x1011001
.4byte 0x1013701,0x1011001,0x1010101,0x101010b,0x1010a01,0xa010101,0x1010101,0x101010a
.4byte 0x1010601,0x1010d01,0x1010101,0x1010101,0x1010107,0x1010201,0x1010601,0x1010108
.4byte 0x1010303,0x6010108,0x1010101,0x1010102,0x1010107,0x1010101,0xd010101,0x7010101
.4byte 0xb010101,0x1010101,0x101010a,0x1010b01,0x10a0101,0x1010101,0x1010111,0x1010137
.4byte 0x1010111,0x10b0101,0xa010101,0x1010101,0x1010a01,0x10a0101,0x6010101,0xd010101
.4byte 0x1010101,0x1010101,0x1080101,0x1020101,0x1060101,0x1010801,0x1030301,0x1010801
.4byte 0x1010106,0x1010103,0x1010108,0x1010101,0x10d0101,0x1070101,0x10b0101,0xa010101
.4byte 0x1010101,0x101010b,0x1010a01,0x11010101,0x37010101,0x11010101,0x1010101,0x1010b01
.4byte 0x10a0101,0x1010101,0x101010a,0x1010a01,0x1060101,0x10d0101,0x1010101,0x1010101
.4byte 0x1010801,0x1010201,0x1010601,0x1010108,0x1010303,0x6010108,0x2010101,0x1010101
.4byte 0x1010108,0x1010101,0x10d0101,0x6010101,0xb010101,0x1010101,0x101010a,0x1010b01
.4byte 0x10a0101,0x1010101,0x1010111,0x1010137,0x1010112,0x1010b01,0x10a0101,0x1010101
.4byte 0x101010a,0x1010a01,0x1060101,0x10d0101,0x1010101,0x1010101,0x1010801,0x1010201
.4byte 0x1010601,0x1010108,0x1010303,0x6010108,0x2010101,0x1010101,0x1010108,0x1010101
.4byte 0x10d0101,0x6010101,0xb010101,0x1010101,0x101010a,0x1010b01,0x10a0101,0x12010101
.4byte 0x37010101,0x12010101,0x1010101,0x101010b,0x1010a01,0xa010101,0x1010101,0x101010a
.4byte 0x1010601,0x1010d01,0x1010101,0x1010101,0x1010108,0x1010102,0x8010106,0x3010101
.4byte 0x8010103,0x1060101,0x1010101,0x9010101,0x1010101,0x1010101,0x1010d01,0x1060101
.4byte 0x10b0101,0xa010101,0x1010101,0x101010b,0x1010a01,0x1120101,0x1370101,0x1120101
.4byte 0xb010101,0x1010101,0x101010a,0x10a0101,0xa010101,0x1010101,0x1010106,0x101010d
.4byte 0x1010101,0x8010101,0x1010101,0x1010101,0x8010106,0x3010101,0x8010103,0x1060101
.4byte 0x1010101,0x1010a01,0x1010101,0x1010101,0x101010d,0x1010601,0x1010b01,0x10a0101
.4byte 0xb010101,0x1010101,0x101010a,0x1010113,0x1010137,0x1010113,0x101010b,0x1010a01
.4byte 0xa010101,0x1010101,0x101010a,0x1010601,0x1010d01,0x1010101,0x1010101,0x101010b
.4byte 0x1060101,0x1010801,0x1030301,0x1010801,0x1010106,0x1010101,0x1010109,0x1010101
.4byte 0x1010101,0x101010a,0x6010101,0xb010101,0x1010101,0x101010a,0x1010b01,0x10a0101
.4byte 0x1130101,0x1370101,0x1140101,0x10a0101,0xa010101,0x1010101,0x1010a01,0x10a0101
.4byte 0x5010101,0x1010101,0x10b0101,0x1010101,0x1010101,0x1010901,0x1010101,0x1050101
.4byte 0x1010801,0x1030301,0x1010801,0x1010106,0x1010101,0x1070101,0x1010101,0x1010101
.4byte 0x1080101,0x1010101,0x6010101,0xb010101,0x1010101,0x101010a,0x1010b01,0x1090101
.4byte 0x1140101,0x1370101,0x1140101,0x10a0101,0xa010101,0x1010101,0x1010a01,0x10a0101
.4byte 0x5010101,0x1010101,0x1010101,0x1010701,0x1010101,0x1010101,0x1070101,0x1010101
.4byte 0x1010101,0x8010105,0x3010101,0x8010103,0x1060101,0x1010101,0x1010101,0x1050101
.4byte 0x1010101,0x1010101,0x1050101,0x1010101,0x1010101,0x1060101,0x10b0101,0xa010101
.4byte 0x1010101,0x101010b,0x1010901,0x1011401,0x1013701,0x1011501,0x1010901,0x10a0101
.4byte 0x1010101,0x101010a,0x1010a01,0x1050101,0x1010101,0x1010101,0x4010101,0x1010101
.4byte 0x1010101,0x1010101,0x1010105,0x1010101,0x1010101,0x8010105,0x3010101,0x8010103
.4byte 0x1060101,0x1010101,0x1010101,0x1010101,0x1010102,0x1010101,0x1010101,0x1010201
.4byte 0x1010101,0x1010101,0x1010101,0x1010106,0x101010b,0x1010a01,0x10b0101,0x8010101
.4byte 0x15010101,0x37010101,0x15010101,0x9010101,0x1010101,0x101010a,0x10a0101,0xa010101
.4byte 0x1010101,0x1010105,0x1010101,0x1010101,0x2010101,0x1010101,0x1010101,0x1010101
.4byte 0x1010102,0x1010101,0x1010101,0x5010101,0x1080101,0x3030101,0x1080101,0x1010601
.4byte 0x1010101,0x1010101,0x1010101,0x1010101,0x1010101,0x1010101,0x1010101,0x1010101
.4byte 0x1010101,0x1010101,0x1010601,0x1010b01,0x10a0101,0xb010101,0x1010101,0x1010108
.4byte 0x1010115,0x1010137,0x1010116,0x1010108,0x1010a01,0xa010101,0x1010101,0x101010a
.4byte 0x1010501,0x1010101,0x1010101,0x1010101,0x1010101,0x1010101,0x1010101,0x1010101
.4byte 0x1010101,0x1010101,0x1010101,0x1050101,0x1010801,0x1030301,0x1010801,0x1010106
.4byte 0x1010101,0x1010101,0x1010101,0x1010101,0x1010101,0x1010101,0x1010101,0x1010101
.4byte 0x1010101,0x1010101,0x1010106,0x101010b,0x1010a01,0x10b0101,0x7010101,0x16010101
.4byte 0x37010101,0x16010101,0x8010101,0x1010101,0x101010a,0x10a0101,0xa010101,0x1010101
.4byte 0x1010105,0x1010101,0x1010101,0x1010101,0x1010101,0x1010101,0x1010101,0x1010101
.4byte 0x1010101,0x1010101,0x1010101,0x1010501,0x1010108,0x1010303,0x5010108,0x1010101
.4byte 0x1010101,0x1010101,0x1010101,0x1010101,0x1010101,0x1010101,0x1010101,0x1010101
.4byte 0x1010101,0x1010101,0x1010106,0x101010b,0x1010a01,0x10b0101,0x7010101,0x16010101
.4byte 0x37010101,0x17010101,0x7010101,0x1010101,0x101010a,0x10a0101,0xa010101,0x1010101
.4byte 0x1010105,0x1010101,0x1010101,0x1010101,0x1010101,0x1010101,0x1010101,0x1010101
.4byte 0x1010101,0x1010101,0x1010101,0x1010501,0x1010108,0x1010303,0x5010108,0x1010101
.4byte 0x1010101,0x1010101,0x1010101,0x1010101,0x1010101,0x1010101,0x1010101,0x1010101
.4byte 0x1010101,0x1010101,0x1010106,0x101010b,0x1010a01,0x10b0101,0x7010101,0x16010101
.4byte 0x37010101,0x17010101,0x7010101,0x1010101,0x101010a,0x10a0101,0xa010101,0x1010101
.4byte 0x1010105,0x1010101,0x1010101,0x1010101,0x1010101,0x1010101,0x1010101,0x1010101
.4byte 0x1010101,0x1010101,0x1010101,0x1010501,0x1010108,0x1010303,0x5010108,0x1010101
.4byte 0x1010101,0x1010101,0x1010101,0x1010101,0x1010101,0x1010101,0x1010101,0x1010101
.4byte 0x1010101,0x1010101,0x1010106,0x101010b,0x1010a01,0x10b0101,0x6010101,0x17010101
.4byte 0x37010101,0x17010101,0x7010101,0x1010101,0x101010a,0x10a0101,0xa010101,0x1010101
.4byte 0x1010105,0x1010101,0x1010101,0x1010101,0x1010101,0x1010101,0x1010101,0x1010101
.4byte 0x1010101,0x1010101,0x1010101,0x1010501,0x1010108,0x1010303,0x5010108,0x1010101
.4byte 0x1010101,0x1010101,0x1010101,0x1010101,0x1010101,0x1010101,0x1010101,0x1010101
.4byte 0x1010101,0x1010101,0x1010106,0x101010b,0x1010a01,0x10b0101,0x6010101,0x17010101
.4byte 0x37010101,0x18010101,0x6010101,0x1010101,0x101010a,0x10a0101,0xa010101,0x1010101
.4byte 0x1010105,0x1010101,0x1010101,0x1010101,0x1010101,0x1010101,0x1010101,0x1010101
.4byte 0x1010101,0x1010101,0x1010101,0x1010501,0x1010108,0x1010303,0x5010108,0x1010101
.4byte 0x1010101,0x1010101,0x1010101,0x1010101,0x1010101,0x1010101,0x1010101,0x1010101
.4byte 0x1010101,0x1010101,0x1010106,0x101010b,0x1010a01,0x10b0101,0x5010101,0x18010101
.4byte 0x37010101,0x18010101,0x6010101,0x1010101,0x101010a,0x10a0101,0xa010101,0x1010101
.4byte 0x1010105,0x1010101,0x1010101,0x1010101,0x1010101,0x1010101,0x1010101,0x1010101
.4byte 0x1010101,0x1010101,0x1010101,0x1010501,0x1010108,0x1010303,0x5010108,0x1010101
.4byte 0x1010101,0x1010101,0x1010101,0x1010101,0x1010101,0x1010101,0x1010101,0x1010101
.4byte 0x1010101,0x1010101,0x1010106,0x101010b,0x1010a01,0x10b0101,0x5010101,0x18010101
.4byte 0x37010101,0x19010101,0x5010101,0x1010101,0x101010a,0x10a0101,0xa010101,0x1010101
.4byte 0x1010105,0x1010101,0x1010101,0x1010101,0x1010101,0x1020101,0x1010101,0x1010101
.4byte 0x1020101,0x1010101,0x5010101,0x1080101,0x3030101,0x1080101,0x1010501,0x1010101
.4byte 0x1010101,0x1010101,0x1010101,0x2010101,0x1010101,0x1010101,0x1010101,0x1010102
.4byte 0x1010101,0x1010106,0x101010b,0x1010a01,0x10b0101,0x4010101,0x19010101,0x37010101
.4byte 0x19010101,0x5010101,0x1010101,0x101010a,0x10a0101,0xa010101,0x1010101,0x1010105
.4byte 0x1010101,0x1010102,0x1010201,0x1010101,0x1010102,0x1010101,0x1010101,0x1010101
.4byte 0x1010101,0x1050101,0x1010801,0x1030301,0x1011101,0x1010101,0x1010102,0x1010102
.4byte 0x2010101,0x1010101,0x1020101,0x1010101,0x1010101,0x1010101,0xb010107,0x1010101
.4byte 0x101010a,0x1011301,0x1010b01,0x1010401,0x14c0101,0x10a0101,0x1140101,0xa010101
.4byte 0x1010101,0x101010a,0x1010107,0x1010101,0x1010101,0x1010201,0x1010101,0x1010102
.4byte 0x1010101,0x1010101,0x1010101,0x1010101,0x1011001,0x1030301,0x1011101,0x1010101
.4byte 0x1010102,0x1010102,0x2010101,0x1010101,0x1020101,0x1010101,0x1010101,0x1010101
.4byte 0xb010107,0x1010101,0x101010a,0x1011301,0x1010b01,0x1010401,0x14c0101,0x10a0101
.4byte 0x1140101,0xa010101,0x1010101,0x101010a,0x1010107,0x1010101,0x1010101,0x1010201
.4byte 0x1010101,0x1010102,0x1010101,0x1010101,0x1010101,0x1010101,0x1011001,0x10c0301
.4byte 0x1050101,0x1010101,0x1010101,0x1010101,0x1010101,0x1010101,0x1010102,0x1010101
.4byte 0x1010101,0x1010201,0x1010101,0x1010601,0x1010b01,0x10a0101,0xb010101,0x1010101
.4byte 0xc010104,0x4010101,0x1010101,0x101014c,0x101010b,0x1010104,0x1010a01,0xa010101
.4byte 0x1010101,0x101010a,0x1010501,0x1010101,0x1010201,0x1020101,0x1010101,0x1010201
.4byte 0x1010101,0x1010101,0x1010101,0x1010101,0x5010101,0x1010101,0x1010c0c,0x1010501
.4byte 0x1010101,0x1010101,0x1010101,0x1010101,0x1010101,0x1010101,0x1010101,0x1010101
.4byte 0x1010101,0x1010101,0x1060101,0x10b0101,0xa010101,0x1010101,0x101010b,0x1010301
.4byte 0x1010c01,0x1010401,0x14c0101,0x10c0101,0x1010401,0x10a0101,0x1010101,0x101010a
.4byte 0x1010a01,0x1050101,0x1010101,0x1010101,0x1010101,0x1010101,0x1010101,0x1010102
.4byte 0x1010101,0x1010101,0x1010102,0x1010101,0x1010501,0xc0c0101,0x5010101,0x1010101
.4byte 0x1010101,0x1010101,0x1010101,0x1010101,0x1010101,0x1010101,0x1010101,0x1010101
.4byte 0x1010101,0x1010101,0x1010106,0x101010b,0x1010a01,0x10b0101,0x3010101,0xc010101
.4byte 0x4010101,0x1010101,0x101014c,0x101010c,0x1010103,0x1010a01,0xa010101,0x1010101
.4byte 0x101010a,0x1010501,0x1010101,0x1010101,0x1010101,0x1010101,0x1010101,0x1010101
.4byte 0x1010101,0x1010101,0x1010101,0x1010101,0x1050101,0xc010101,0x101010c,0x1010105
.4byte 0x1010101,0x1010101,0x1010101,0x1010101,0x1010101,0x1010101,0x1010101,0x1010101
.4byte 0x1010101,0x1010101,0x1010601,0x1010b01,0x10a0101,0xb010101,0x1010101,0xd010103
.4byte 0x4010101,0x1010101,0x101014c,0x101010c,0x1010103,0x1010a01,0xa010101,0x1010101
.4byte 0x101010a,0x1010501,0x1010101,0x1010101,0x1010101,0x1010101,0x1010101,0x1010101
.4byte 0x1010101,0x1010101,0x1010101,0x1010101,0x1050101,0xc010101,0x101010c,0x1010105
.4byte 0x1010101,0x1010101,0x1010101,0x1010101,0x1010101,0x1010101,0x1010101,0x1010101
.4byte 0x1010101,0x1010101,0x1010601,0x1010b01,0x10a0101,0xb010101,0x1010101,0x1010102
.4byte 0x101010d,0x1010104,0x1014c01,0x1010d01,0x1010103,0x1010a01,0xa010101,0x1010101
.4byte 0x101010a,0x1010501,0x1010101,0x1010101,0x1010101,0x1010101,0x1010101,0x1010101
.4byte 0x1010101,0x1010101,0x1010101,0x1010101,0x1050101,0xc010101,0x101010c,0x1010105
.4byte 0x1010101,0x1010101,0x1010101,0x1010101,0x1010101,0x1010101,0x1010101,0x1010101
.4byte 0x1010101,0x1010101,0x1010601,0x1010b01,0x10a0101,0xb010101,0x1010101,0xe010102
.4byte 0x4010101,0x1010101,0x101014c,0x101010d,0x1010102,0x1010a01,0xa010101,0x1010101
.4byte 0x101010a,0x1010501,0x1010101,0x1010101,0x1010101,0x1010101,0x1010101,0x1010101
.4byte 0x1010101,0x1010101,0x1010101,0x1010101,0x1050101,0xc010101,0x101010c,0x1010105
.4byte 0x1010101,0x1010101,0x1010101,0x1010101,0x1010101,0x1010101,0x1010101,0x1010101
.4byte 0x1010101,0x1010101,0x1010601,0x1010b01,0x10a0101,0xb010101,0x1010101,0x1010101
.4byte 0x101010e,0x1010104,0x1014c01,0x1010d01,0x1010201,0x10a0101,0x1010101,0x101010a
.4byte 0x1010a01,0x1050101,0x1010101,0x1010101,0x1010101,0x1010101,0x1010101,0x1010101
.4byte 0x1010101,0x1010101,0x1010101,0x1010101,0x5010101,0x1010101,0x1010c0c,0x1010601
.4byte 0x1010101,0x1010101,0x1010101,0x1010101,0x1010101,0x1010101,0x1010101,0x1010101
.4byte 0x1010101,0x1010101,0x1010601,0x1010b01,0x10a0101,0xb010101,0x1010101,0x1010101
.4byte 0x101010e,0x1010104,0x1014c01,0x1010e01,0x1010102,0x1010a01,0xa010101,0x1010101
.4byte 0x101010a,0x1010501,0x1010101,0x1010101,0x1010101,0x1010101,0x1010101,0x1010101
.4byte 0x1010101,0x1010101,0x1010101,0x1010101,0x1050101,0xc010101,0x101010c,0x1010106
.4byte 0x1010101,0x1010101,0x1010101,0x1010101,0x1010101,0x1010101,0x1010101,0x1010101
.4byte 0x1010101,0x1010101,0x1010106,0x101010b,0x1010a01,0x10b0101,0x1010101,0x10f0101
.4byte 0x1040101,0x4c010101,0xe010101,0x1010101,0x1010101,0x101010a,0x10a0101,0xa010101
.4byte 0x1010101,0x1010105,0x1010101,0x1010101,0x1010101,0x1010101,0x1010101,0x1010101
.4byte 0x1010101,0x1010101,0x1010101,0x1010101,0x1010501,0xc0c0101,0x6010101,0x1010101
.4byte 0x1010101,0x1010101,0x1010201,0x1010101,0x1010101,0x1020101,0x1010101,0x1010101
.4byte 0x1010101,0x1010601,0x1010b01,0x10a0101,0xb010101,0x1010101,0xf010101,0x4010101
.4byte 0x1010101,0x101014c,0x101010e,0x1010101,0x1010a01,0xa010101,0x1010101,0x101010a
.4byte 0x1010501,0x1010101,0x1010101,0x1010101,0x1010102,0x1010101,0x1010101,0x1010201
.4byte 0x1010101,0x1010101,0x1010101,0x1010105,0x10c0c01,0x1060101,0x1010101,0x1010101
.4byte 0x1050101,0x1010101,0x1010101,0x1050101,0x1010101,0x1010101,0x1060101,0x10b0101
.4byte 0xa010101,0x1010101,0x101010b,0x1010101,0x101010f,0x1010104,0x1014c01,0x1010f01
.4byte 0x1010101,0x1010a01,0xa010101,0x1010101,0x101010a,0x1010501,0x1010101,0x1010101
.4byte 0x1040101,0x1010101,0x1010101,0x5010101,0x1010101,0x1010101,0x5010101,0x1010101
.4byte 0x1010c0c,0x1010601,0x1010101,0x7010101,0x1010101,0x1010101,0x8010101,0x1010101
.4byte 0x1010101,0x1010106,0x101010b,0x1010a01,0x10b0101,0x1010101,0x1011001,0x1010401
.4byte 0x14c0101,0x10f0101,0x1010101,0x10a0101,0x1010101,0x101010a,0x1010a01,0x1050101
.4byte 0x1010101,0x1010101,0x1010107,0x1010101,0x1010101,0x1010701,0x1010101,0x5010101
.4byte 0x1010101,0x1010c0c,0x1010601,0x1010101,0x1010901,0x1010101,0x1010101,0x1010301
.4byte 0x1010401,0x1010101,0x1010106,0x101010b,0x1010a01,0x10b0101,0x1010101,0x1011001
.4byte 0x1010401,0x14c0101,0x10f0101,0x1010101,0x10a0101,0x1010101,0x101010a,0x1010a01
.4byte 0x1050101,0x1010101,0x1010501,0x1010301,0x1010101,0x1010101,0x1010109,0x1010101
.4byte 0x1010501,0xc0c0101,0x6010101,0x1010101,0x10a0101,0x1010101,0x1010101,0x1010301
.4byte 0x1060101,0x6010101,0xb010101,0x1010101,0x101010a,0x1010b01,0x1010101,0x1010110
.4byte 0x1010104,0x1014c01,0x1011001,0x1010101,0x101010a,0x10a0101,0xa010101,0x1010101
.4byte 0x1010106,0x1010107,0x1010103,0x1010101,0xb010101,0x1010101,0x1010601,0xc0c0101
.4byte 0x6010101,0x1010101,0x1010c01,0x1010101,0xe010101,0x6010101,0xb010101,0x1010101
.4byte 0x101010a,0x1010b01,0x11010101,0x4010101,0x1010101,0x101014c,0x1010110,0xa010101
.4byte 0x1010101,0x1010a01,0x10a0101,0x6010101,0xd010101,0x1010101,0x1010101,0x10c0101
.4byte 0x6010101,0x1010101,0x1010c0c,0x1010601,0x1010e01,0x1010101,0xd010101,0x1010101
.4byte 0x1010106,0x101010b,0x1010a01,0x10b0101,0x1010101,0x1010111,0x1010104,0x1014c01
.4byte 0x1011001,0x1010101,0x101010a,0x10a0101,0xa010101,0x1010101,0x1010106,0x101010d
.4byte 0x1010101,0xd010101,0x6010101,0x1010101,0x1010c0c,0x1010601,0x1010e01,0x1010101
.4byte 0x1010101,0x1010101,0x1060101,0x6010101,0xb010101,0x1010101,0x101010a,0x1010b01
.4byte 0x11010101,0x4010101,0x1010101,0x101014c,0x1010111,0x10a0101,0x1010101,0x101010a
.4byte 0x1010a01,0x1060101,0x1070101,0x1010101,0x1010101,0x1010101,0xd010101,0x6010101
.4byte 0x1010101,0x1010c0c,0x1010601,0x1010e01,0x1010101,0x1010101,0x1010101,0x1060101
.4byte 0x1070101,0x10b0101,0xa010101,0x1010101,0x101010b,0x1011201,0x1010401,0x14c0101
.4byte 0x1110101,0x1010101,0x101010a,0x10a0101,0xa010101,0x1010101,0x1010106,0x1010107
.4byte 0x1010101,0x1010101,0x1010101,0x1010d01,0x1010601,0xc0c0101,0x6010101,0x1010101
.4byte 0x101010d,0x1010201,0x1010101,0x7010101,0x7010101,0xb010101,0x1010101,0x101010a
.4byte 0x1010b01,0x1120101,0x1040101,0x4c010101,0x12010101,0x1010101,0x101010a,0x10a0101
.4byte 0xa010101,0x1010101,0x1010106,0x1010108,0x1010101,0x1020101,0xd010101,0x6010101
.4byte 0x1010101,0x1010c0c,0x1010701,0x1010d01,0x1010101,0x1010101,0x1010101,0x1010701
.4byte 0x1010701,0x1010b01,0x10a0101,0xb010101,0x13010101,0x4010101,0x1010101,0x101014c
.4byte 0x1010112,0x1010a01,0xa010101,0x1010101,0x101010a,0x1010601,0x1010801,0x1010101
.4byte 0x1010101,0x1010101,0x1010d01,0x1010601,0xc0c0101,0x7010101,0xd010101,0x1010101
.4byte 0x1010101,0x1010101,0x7010101,0x7010101,0xb010101,0x1010101,0x101010a,0x1010b01
.4byte 0x1011301,0x1010401,0x14c0101,0x1120101,0xa010101,0x1010101,0x1010a01,0x10a0101
.4byte 0x6010101,0x1010101,0x1010107,0x1010101,0x1010101,0x1010101,0x101010c,0x1010601
.4byte 0xc0c0101,0x7010101,0xc010101,0x1010101,0x1010101,0x1010101,0x1010101,0x1010601
.4byte 0x1010701,0x1010b01,0x10a0101,0xb010101,0x13010101,0x4010101,0x1010101,0x101014c
.4byte 0x1010113,0x101010a,0x10a0101,0xa010101,0x1010101,0x1010106,0x1010701,0x1010101
.4byte 0x1010101,0x1010101,0x1010c01,0x1060101,0xc010101,0x101010c,0x1010107,0x101010c
.4byte 0x1010101,0x1010101,0x1010101,0x1060101,0x1070101,0x10b0101,0xa010101,0x1010101
.4byte 0x101010b,0x1010113,0x1010104,0x1014c01,0x1011301,0x101010b,0x10a0101,0xa010101
.4byte 0x1010101,0x1010107,0x1010107,0x1010101,0x1010101,0x1010101,0x101010c,0x1010107
.4byte 0x10c0c01,0x1070101,0x10c0101,0x1010101,0x1010101,0x1010101,0x1010101,0x1010105
.4byte 0x1010701,0x1010b01,0x10a0101,0xb010101,0x1140101,0x1040101,0x4c010101,0x13010101
.4byte 0xa010101,0x1010101,0x1010a01,0x10a0101,0x7010101,0x7010101,0x1010101,0x1010101
.4byte 0x1010101,0xc010101,0x7010101,0x1010101,0x1010c0c,0x1010701,0x1010c01,0x1010101
.4byte 0x1010101,0x1010101,0x5010101,0x1010101,0x1010107,0x101010b,0x1010a01,0x10b0101
.4byte 0x1011401,0x1010401,0x14c0101,0x1130101,0x10a0101,0x1010101,0x101010a,0x1010a01
.4byte 0x1070101,0x1060101,0x1010101,0x1010101,0x1010101,0xc010101,0x7010101,0x1010101
.4byte 0x1010c0c,0x1010701,0x10b0101,0x1010101,0x1010101,0x1010101,0x6010101,0x8010101
.4byte 0xb010101,0x1010101,0x101010a,0x1010a01,0x1011401,0x1010401,0x14c0101,0x1130101
.4byte 0x10a0101,0x1010101,0x101010a,0x1010a01,0x1070101,0x1060101,0x1010101,0x1010101
.4byte 0x1010101,0xc010101,0x7010101,0x1010101,0x1010c0c,0x1010801,0x1010b01,0x1010101
.4byte 0x1010101,0x101010c,0x1010108,0x101010b,0x1010a01,0x10a0101,0x1140101,0x1040101
.4byte 0x4c010101,0x14010101,0x10a0101,0x1010101,0x101010a,0x1010a01,0x1070101,0xb010101
.4byte 0x1010101,0x1010101,0x10b0101,0x7010101,0x1010101,0x1010c0c,0x1010801,0x1010b01
.4byte 0x1010101,0x1010101,0x9010101,0x8010101,0xb010101,0x1010101,0x101010a,0x1010a01
.4byte 0x1010115,0x1010104,0x1014c01,0x1011401,0x1010901,0xa010101,0x1010101,0x101010a
.4byte 0x1010701,0x1090101,0x1010101,0x1010101,0xb010101,0x1010101,0x1010107,0x10c0c01
.4byte 0x1080101,0x10b0101,0x1010101,0x1010101,0x9010101,0x1010101,0x1010108,0x101010b
.4byte 0x1010a01,0x1090101,0x1150101,0x1040101,0x4c010101,0x14010101,0x9010101,0x1010101
.4byte 0x1010a01,0x10a0101,0x8010101,0x9010101,0x1010101,0x1010101,0x1010101,0x101010b
.4byte 0x1010701,0xc0c0101,0x8010101,0xb010101,0x1010101,0x1010101,0x1010101,0x1010109
.4byte 0x1010801,0x1010b01,0x10a0101,0x9010101,0x15010101,0x4010101,0x1010101,0x101014c
.4byte 0x9010115,0x1010101,0x1010a01,0x10a0101,0x8010101,0xa010101,0x1010101,0x1010101
.4byte 0xb010101,0x8010101,0x1010101,0x1010c0c,0x1010801,0x10a0101,0x1010101,0x1010101
.4byte 0x10a0101,0x8010101,0xb010101,0x1010101,0x101010a,0x1010901,0x1011501,0x1010401
.4byte 0x14c0101,0x1150101,0x1080101,0x1010101,0x101010a,0x1010a01,0x1080101,0xa010101
.4byte 0x1010101,0x1010101,0x10b0101,0x1080101,0xc010101,0x101010c,0x1010109,0x101010a
.4byte 0x1010101,0x1010101,0x101010a,0x1010109,0x101010b,0x1010a01,0x1090101,0x1011601
.4byte 0x1010401,0x14c0101,0x1150101,0x1080101,0x1010101,0x101010a,0x1010a01,0x1080101
.4byte 0xa010101,0x1010101,0x1010101,0x10a0101,0x8010101,0x1010101,0x1010c0c,0x1010901
.4byte 0x1010a01,0x1010101,0x1010101,0x1010a01,0x1010901,0x1010b01,0x10a0101,0x8010101
.4byte 0x16010101,0x4010101,0x1010101,0x101014c,0x1010115,0x1010108,0x10a0101,0xa010101
.4byte 0x1010101,0x1010109,0x101010a,0x1010101,0xa010101,0x1010101,0x1010108,0x10c0c01
.4byte 0x1090101,0x9010101,0x1010101,0x1010101,0x9010101,0x1010101,0x1010109,0x101010b
.4byte 0x1010a01,0x1080101,0x1160101,0x1040101,0x4c010101,0x16010101,0x1080101,0x1010101
.4byte 0x101010a,0x1010a01,0x1090101,0x10a0101,0x1010101,0x1010101,0x1010a01,0x1080101
.4byte 0xc010101,0x101010c,0x1010109,0x1010901,0x1010101,0x1010101,0x1010901,0x1090101
.4byte 0x10b0101,0xa010101,0x1010101,0x17010108,0x4010101,0x1010101,0x101014c,0x1010116
.4byte 0x1010107,0x10a0101,0xa010101,0x1010101,0x1010109,0x1010901,0x1010101,0x1010101
.4byte 0x101010a,0x1010109,0x10c0c01,0x10a0101,0x1090101,0x1010101,0x1010101,0x1090101
.4byte 0x10a0101,0x10b0101,0xa010101,0x1010101,0x1010107,0x1010117,0x1010104,0x1014c01
.4byte 0x1011601,0x1010701,0xa010101,0x1010101,0x101010a,0x1010901,0x1080101,0x1010101
.4byte 0x1010101,0x8010101,0x1010101,0x1010109,0x10c0c01,0x10a0101,0x1090101,0x1010101
.4byte 0x1010101,0x1080101,0xa010101,0xb010101,0x1010101,0x101010a,0x1010701,0x1011701
.4byte 0x1010401,0x14c0101,0x1170101,0x1010701,0xa010101,0x1010101,0x101010a,0x1010901
.4byte 0x1080101,0x1010101,0x1010101,0x8010101,0x1010101,0x1010109,0x10c0c01,0x10a0101
.4byte 0x8010101,0x1010101,0x1010101,0x8010101,0x1010101,0x101010a,0x101010b,0x1010a01
.4byte 0x1070101,0x1170101,0x1040101,0x4c010101,0x17010101,0x1070101,0x1010101,0x101010a
.4byte 0x1010a01,0x10a0101,0x1080101,0x1010101,0x1010101,0x8010101,0x1010101,0x1010109
.4byte 0x10c0c01,0x10a0101,0x8010101,0x1010101,0x1010101,0x8010101,0x1010101,0x101010a
.4byte 0x101010b,0x1010a01,0x1070101,0x1011801,0x1010401,0x14c0101,0x1170101,0x1060101
.4byte 0x1010101,0x101010a,0x1010a01,0x10a0101,0x7010101,0x1010101,0x1010101,0x1010101
.4byte 0x1010107,0x1010a01,0xc0c0101,0xb010101,0x8010101,0x1010101,0x1010101,0x7010101
.4byte 0x1010101,0x101010b,0x101010b,0x1010a01,0x1060101,0x1180101,0x1040101,0x4c010101
.4byte 0x17010101,0x6010101,0x1010101,0x1010a01,0x10a0101,0xa010101,0x1010101,0x1010107
.4byte 0x1010101,0x1010101,0x1010701,0x10a0101,0xc010101,0x17010103,0x1070101,0x1010101
.4byte 0x1010101,0x1070101,0x10d0101,0x1010b01,0x1011501,0xb010101,0xb010101,0x10b0101
.4byte 0x10b0101,0x1010b01,0x1010b01,0x1010b01,0x101010b,0xb01010b,0x1010101,0x1011501
.4byte 0x9010101,0xd010101,0x6010101,0x1010101,0x1010101,0x1010101,0x16010107,0x3010101
.4byte 0x17010103,0x1060101,0x1010101,0x1010101,0x7010101,0x10e0101,0x1010b01,0x1011501
.4byte 0xb010101,0xb010101,0x10b0101,0x10b0101,0x1010b01,0x1010b01,0x1010b01,0x101010b
.4byte 0xb01010b,0x1010101,0x1140101,0x1010101,0x1010109,0x601010e,0x1010101,0x1010101
.4byte 0x1010101,0x1010106,0x1010116,0x1010303,0xb010108,0x1010101,0x1010501,0x1010101
.4byte 0x1010101,0x1060101,0x1010101,0x101010b,0x101010b,0x1010a01,0x1060101,0x1010101
.4byte 0x101010b,0xb01010b,0xb010101,0x10b0101,0x10b0101,0x10b0101,0x1010b01,0x1010b01
.4byte 0x101010b,0x5010101,0x1010101,0x101010b,0x1090101,0xb010101,0x1010101,0x1010106
.4byte 0x1010101,0x1010101,0x1010601,0x10b0101,0x1010801,0x1030301,0x1010801,0x101010b
.4byte 0x1050101,0x1010101,0x1010101,0x6010101,0x1010101,0x1010b01,0x1010b01,0x10a0101
.4byte 0x5010101,0x1010101,0x10b0101,0x10b0101,0x1010b01,0x1010b01,0x101010b,0x101010b
.4byte 0xb01010b,0xb010101,0x10b0101,0x1010101,0x1010501,0x10b0101,0x1010101,0x1010109
.4byte 0x1010b01,0x5010101,0x1010101,0x1010101,0x1010101,0x1010106,0x1010b01,0x1010108
.4byte 0x1010303,0xb010108,0x1010101,0x1040101,0x1010101,0x1010101,0x5010101,0x1010101
.4byte 0x10b0101,0x10b0101,0xa010101,0x1010101,0x1010105,0xb010101,0xb010101,0x10b0101
.4byte 0x10b0101,0x1010b01,0x1010b01,0x1010b01,0x101010b,0xb01010b,0x1010101,0x1050101
.4byte 0xb010101,0x1010101,0x1010901,0x10b0101,0x1010101,0x1010105,0x1010101,0x1010101
.4byte 0x1010501,0xb010101,0x1080101,0x3030101,0x1080101,0x1010b01,0x1010101,0x1010104
.4byte 0x1010101,0x1010101,0x1040101,0x1010101,0x1010b01,0x1010b01,0x10a0101,0x5010101
.4byte 0x1010101,0x10b0101,0x10b0101,0x1010b01,0x1010b01,0x101010b,0x101010b,0xb01010b
.4byte 0xb010101,0x10b0101,0x1010101,0x1040101,0xb010101,0x1010101,0x1010901,0x10b0101
.4byte 0x1010101,0x1010401,0x1010101,0x1010101,0x1050101,0x1010101,0x801010b,0x3010101
.4byte 0x8010103,0x10b0101,0x1010101,0x1030101,0x1010101,0x1010101,0x1010101,0x1010103
.4byte 0x1010101,0x101010b,0x101010b,0x1010a01,0x1050101,0x1010201,0x101010b,0xb01010b
.4byte 0xb010101,0x10b0101,0x10b0101,0x10b0101,0x1010b01,0x1010b01,0x101010b,0x1010101
.4byte 0x1010104,0x1010b01,0x9010101,0x1010101,0x101010b,0x4010101,0x1010101,0x1010101
.4byte 0x1010101,0x1010104,0xb010101,0x1080101,0x3030101,0x1080101,0x1010b01,0x1010101
.4byte 0x1010301,0x1010101,0x1010101,0x3010101,0x1010101,0xb010101,0xb010101,0x1010101
.4byte 0x101010a,0x1010501,0xb010102,0xb010101,0x10b0101,0x10b0101,0x1010b01,0x1010b01
.4byte 0x1010b01,0x101010b,0xb01010b,0x2010101,0x1040101,0xb010101,0x1010101,0x1010901
.4byte 0x10b0101,0x1010101,0x1030101,0x1010101,0x1010101,0x4010101,0x1010101,0x10b0101
.4byte 0x1010801,0x1030301,0x1010801,0x101010b,0x1010101,0x1010201,0x1010101,0x1010101
.4byte 0x2010101,0x1010101,0x1010101,0x101010b,0x101010b,0x1010a01,0x1040101,0x1020101
.4byte 0x1010b01,0x1010b01,0x101010b,0xb01010b,0xb010101,0xb010101,0x10b0101,0x10b0101
.4byte 0x1010b01,0x1010201,0x1010104,0x1010b01,0x9010101,0x1010101,0x101010b,0x1010101
.4byte 0x1010103,0x1010101,0x1010101,0x1010301,0x1010101,0x1010b01,0x1010108,0x1010303
.4byte 0xb010108,0x1010101,0x1010101,0x1010102,0x1010101,0x1010101,0x1020101,0x1010101
.4byte 0xb010101,0xb010101,0x1010101,0x101010a,0x1010401,0x1010201,0x101010b,0xb01010b
.4byte 0xb010101,0x10b0101,0x10b0101,0x10b0101,0x1010b01,0x1010b01,0x101010b,0x1010102
.4byte 0x1010103,0x1010b01,0x9010101,0x1010101,0x101010b,0x1010101,0x1010201,0x1010101
.4byte 0x1010101,0x1020101,0x1010101,0xb010101,0x1080101,0x3030101,0x1080101,0x1010b01
.4byte 0x1010101,0x1010101,0x1010101,0x1010101,0x1010101,0x1010101,0x1010101,0xb010101
.4byte 0xb010101,0x1010101,0x101010a,0x1010401,0x1010201,0x101010b,0xb01010b,0xb010101
.4byte 0x10b0101,0x10b0101,0x10b0101,0x1010b01,0x1010b01,0x101010b,0x1010102,0x1010103
.4byte 0x1010b01,0x9010101,0x1010101,0x101010b,0x1010101,0x1010101,0x1010101,0x1010101
.4byte 0x1010101,0x1010101,0x1010101,0x1010b01,0x1010108,0x1010303,0xb010108,0x1010101
.4byte 0x1010101,0x1010101,0x1010101,0x1010101,0x1010101,0x1010101,0x1010101,0x1010b01
.4byte 0x1010b01,0x10a0101,0x4010101,0x1030101,0x1010b01,0x1010b01,0x101010b,0xb01010b
.4byte 0xb010101,0xb010101,0x10b0101,0x10b0101,0x1010b01,0x1010301,0x1010103,0x1010b01
.4byte 0x9010101,0x1010101,0x101010b,0x1010101,0x1010101,0x1010101,0x1010101,0x1010101
.4byte 0x1010101,0x1010101,0x1010b01,0x1010108,0x1010303,0xb010108,0x1010101,0x1010101
.4byte 0x1010101,0x1010101,0x1010101,0x1010101,0x1010101,0x1010101,0x1010b01,0x1010b01
.4byte 0x10a0101,0x3010101,0x3010101,0x10b0101,0x10b0101,0x1010b01,0x1010b01,0x101010b
.4byte 0x101010b,0xb01010b,0xb010101,0x10b0101,0x1030101,0x1010301,0x10b0101,0x1010101
.4byte 0x1010109,0x1010b01,0x1010101,0x1010101,0x1010101,0x1010101,0x1010101,0x1010101
.4byte 0x1010101,0x10b0101,0x1010801,0x1030301,0x1010801,0x101010b,0x1010101,0x1010101
.4byte 0x1010101,0x1010101,0x1010101,0x1010101,0x1010101,0x10b0101,0x10b0101,0xa010101
.4byte 0x1010101,0x1010103,0xb010103,0xb010101,0x10b0101,0x10b0101,0x1010b01,0x1010b01
.4byte 0x1010b01,0x101010b,0xb01010b,0x3010101,0x1030101,0xb010101,0x1010101,0x1010901
.4byte 0x10b0101,0x1010101,0x1010101,0x1010101,0x1010101,0x1010101,0x1010101,0x1020101
.4byte 0x10b0101,0x1010801,0x1030301,0x1010801,0x101010b,0x1010201,0x1010101,0x1010101
.4byte 0x1010101,0x1010101,0x2010101,0x1010101,0x101010b,0x101010b,0x1010a01,0x1030101
.4byte 0x1030101,0x1010b01,0x1010b01,0x101010b,0xb01010b,0xb010101,0xb010101,0x10b0101
.4byte 0x10b0101,0x1010b01,0x1010301,0x1010201,0x10b0101,0x1010101,0x1010109,0x1010b01
.4byte 0x1020101,0x1010101,0x1010101,0x1010101,0x1010101,0x1010101,0x1010102,0x801010b
.4byte 0x3010101,0x8010103,0x10b0101,0x3010101,0x1010101,0x1010101,0x1010101,0x1010101
.4byte 0x3010101,0x1010101,0x101010b,0x101010b,0x1010a01,0x1030101,0x1010401,0x101010b
.4byte 0xb01010b,0xb010101,0x10b0101,0x10b0101,0x10b0101,0x1010b01,0x1010b01,0x101010b
.4byte 0x1010103,0x1010102,0x1010b01,0x9010101,0x1010101,0x101010b,0x1010201,0x1010101
.4byte 0x1010101,0x1010101,0x1010101,0x1030101,0x10b0101,0x1010801,0x1030301,0x1010801
.4byte 0x101010b,0x1010301,0x1010101,0x1010101,0x1010101,0x1010101,0x1010104,0x1010b01
.4byte 0x1010b01,0x10a0101,0x3010101,0x1040101,0x1010b01,0x1010b01,0x101010b,0xb01010b
.4byte 0xb010101,0xb010101,0x10b0101,0x10b0101,0x1010b01,0x1010401,0x1010102,0x1010b01
.4byte 0x9010101,0x1010101,0x101010b,0x1010301,0x1010101,0x1010101,0x1010101,0x1010101
.4byte 0x1010104,0x801010b,0x3010101,0x8010103,0x10b0101,0x4010101,0x1010101,0x1010101
.4byte 0x1010101,0x1010101,0x1010105,0x1010b01,0x1010b01,0x10a0101,0x2010101,0x4010101
.4byte 0x10b0101,0x10b0101,0x1010b01,0x1010b01,0x101010b,0x101010b,0xb01010b,0xb010101
.4byte 0x10b0101,0x1040101,0x1010201,0x10b0101,0x1010101,0x1010109,0x1010b01,0x1040101
.4byte 0x1010101,0x1010101,0x1010101,0x5010101,0xb010101,0x1080101,0x3030101,0x1080101
.4byte 0x1010b01,0x1050101,0x1010101,0x1010301,0x1010101,0x1010105,0x1010b01,0x1010b01
.4byte 0x10a0101,0x2010101,0x4010101,0x10b0101,0x10b0101,0x1010b01,0x1010b01,0x101010b
.4byte 0x101010b,0xb01010b,0xb010101,0x10b0101,0x1040101,0x1010101,0xb010101,0x1010101
.4byte 0x1010901,0x10b0101,0x5010101,0x1010101,0x1020101,0x1010101,0x1010601,0x1010b01
.4byte 0x1010108,0x1010303,0xb010108,0x1010101,0x1010106,0x1010101,0x1010101,0x1010701
.4byte 0x10b0101,0x10b0101,0xa010101,0x1010101,0x1010102,0xb010104,0xb010101,0x10b0101
.4byte 0x10b0101,0x1010b01,0x1010b01,0x1010b01,0x101010b,0xb01010b,0x4010101,0x1010101
.4byte 0x1010101,0x101010b,0x1090101,0xb010101,0x1010101,0x1010106,0x1010101,0x1010101
.4byte 0x1010701,0x1010b01,0x1010108,0x1010303,0xb010108,0x1010101,0x1010108,0x1010101
.4byte 0x1080101,0xb010101,0xb010101,0x1010101,0x101010a,0x1010201,0xb010105,0xb010101
.4byte 0x10b0101,0x10b0101,0x1010b01,0x1010b01,0x1010b01,0x101010b,0xb01010b,0x5010101
.4byte 0x1010101,0xb010101,0x1010101,0x1010901,0x10b0101,0x8010101,0x1010101,0x1010101
.4byte 0x1010801,0x1010b01,0x1010108,0x1010303,0xb010108,0x1010101,0x101010a,0x1010b01
.4byte 0x10b0101,0x10b0101,0xa010101,0x1010101,0x5010102,0x10b0101,0x10b0101,0x1010b01
.4byte 0x1010b01,0x101010b,0x101010b,0xb01010b,0xb010101,0x10b0101,0x1050101,0x1010101
.4byte 0x10b0101,0x1010101,0x1010109,0x1010b01,0x10a0101,0xb010101,0xb010101,0x1080101
.4byte 0x3030101,0x1080101,0x1010b01,0x10a0101,0xb010101,0x1010101,0x101010b,0x101010b
.4byte 0x1010a01,0x1010101,0x1050101,0x1010b01,0x1010b01,0x101010b,0xb01010b,0xb010101
.4byte 0xb010101,0x10b0101,0x10b0101,0x1010b01,0x1010501,0x1010101,0x1010b01,0x9010101
.4byte 0x1010101,0x101010b,0x1010a01,0x10b0101,0x10b0101,0x1010801,0x1030301,0x1010801
.4byte 0x101010b,0x1010a01,0x10b0101,0xb010101,0xb010101,0x1010101,0x101010a,0x1010101
.4byte 0x1010501,0x101010b,0xb01010b,0xb010101,0x10b0101,0x10b0101,0x10b0101,0x1010b01
.4byte 0x1010b01,0x101010b,0x1010105,0x1010101,0x101010b,0x1090101,0xb010101,0x1010101
.4byte 0x101010a,0x1010b01,0x1010b01,0x1010108,0x1010303,0xb010108,0x1010101,0x101010a
.4byte 0x1010b01,0x10b0101,0x10b0101,0xa010101,0x1010101,0x1010101,0xb010105,0xb010101
.4byte 0x10b0101,0x10b0101,0x1010b01,0x1010b01,0x1010b01,0x101010b,0xb01010b,0x5010101
.4byte 0x1010101,0xb010101,0x1010101,0x1010901,0x10b0101,0xa010101,0x1010101,0x101010b
.4byte 0x801010b,0x3010101,0x8010103,0x10b0101,0xa010101,0x1010101,0x101010b,0x1010b01
.4byte 0x1010b01,0x10a0101,0x1010101,0x1060101,0x1010b01,0x1010b01,0x101010b,0xb01010b
.4byte 0xb010101,0xb010101,0x10b0101,0x10b0101,0x1010b01,0x1010601,0x1010101,0x101010b
.4byte 0x1090101,0xb010101,0x1010101,0x101010a,0x1010b01,0x1010b01,0x1010108,0x1010303
.4byte 0xb010108,0x1010101,0x101010a,0x1010b01,0x10b0101,0x10b0101,0xa010101,0x1010101
.4byte 0x6010101,0x10b0101,0x10b0101,0x1010b01,0x1010b01,0x101010b,0x101010b,0xb01010b
.4byte 0xb010101,0x10b0101,0x1060101,0x1010101,0x1010b01,0x9010101,0x1010101,0x101010b
.4byte 0x1010a01,0x10b0101,0x10b0101,0x1010801,0x1030301,0x1010801,0x101010b,0x1010a01
.4byte 0x10b0101,0xb010101,0xb010101,0x1010101,0x101010a,0x1010101,0xb010106,0xb010101
.4byte 0x10b0101,0x10b0101,0x1010b01,0x1010b01,0x1010b01,0x101010b,0xb01010b,0x6010101
.4byte 0x1010101,0x10b0101,0x1010101,0x1010109,0x1010b01,0x10a0101,0xb010101,0xb010101
.4byte 0x1080101,0x3030101,0x1080101,0x1010b01,0x10a0101,0xb010101,0x1010101,0x101010b
.4byte 0x101010b,0x1010a01,0x1010101,0x1010601,0x101010b,0xb01010b,0xb010101,0x10b0101
.4byte 0x10b0101,0x10b0101,0x1010b01,0x1010b01,0x101010b,0x1010106,0xb010101,0x1010101
.4byte 0x1010901,0x10b0101,0xa010101,0x1010101,0x101010b,0x801010b,0x3010101,0x8010103
.4byte 0x10b0101,0xa010101,0x1010101,0x101010b,0x1010b01,0x1010b01,0x10a0101,0x1010101
.4byte 0x1060101,0x1010b01,0x1010b01,0x101010b,0xb01010b,0xb010101,0xb010101,0x10b0101
.4byte 0x10b0101,0x1010b01,0x1010601,0x1010101,0x101010b,0x1090101,0xb010101,0x1010101
.4byte 0x101010a,0x1010b01,0x1010b01,0x1010108,0x1010303,0xb010108,0x1010101,0x101010a
.4byte 0x1010b01,0x10b0101,0x10b0101,0xa010101,0x1010101,0x6010101,0x10b0101,0x10b0101
.4byte 0x1010b01,0x1010b01,0x101010b,0x101010b,0xb01010b,0xb010101,0x10b0101,0x1060101
.4byte 0x1010101,0x1010b01,0x9010101,0x1010101,0x101010b,0x1010a01,0x10b0101,0x10b0101
.4byte 0x1010801,0x1030301,0x1010801,0x101010b,0x1010a01,0x10b0101,0xb010101,0xb010101
.4byte 0x1010101,0x101010a,0x7010101,0x10b0101,0x10b0101,0x1010b01,0x1010b01,0x101010b
.4byte 0x101010b,0xb01010b,0xb010101,0x10b0101,0x1070101,0x1010101,0x101010b,0x1090101
.4byte 0xb010101,0x1010101,0x101010a,0x1010b01,0x1010b01,0x1010108,0x1010303,0xb010108
.4byte 0x1010101,0x101010a,0x1010b01,0x10b0101,0x10b0101,0xa010101,0x1010101,0x1070101
.4byte 0x1010b01,0x1010b01,0x101010b,0xb01010b,0xb010101,0xb010101,0x10b0101,0x10b0101
.4byte 0x1010b01,0x1010701,0xb010101,0x1010101,0x1010901,0x10b0101,0xa010101,0x1010101
.4byte 0x101010b,0x801010b,0x3010101,0x8010103,0x10b0101,0xa010101,0x1010101,0x101010b
.4byte 0x1010b01,0x1010b01,0x10a0101,0x1010101,0x1010701,0x101010b,0xb01010b,0xb010101
.4byte 0x10b0101,0x10b0101,0x10b0101,0x1010b01,0x1010b01,0x101010b,0x1010107,0x10b0101
.4byte 0x1010101,0x1010109,0x1010b01,0x10a0101,0xb010101,0xb010101,0x1080101,0x3030101
.4byte 0x1080101,0x1010b01,0x10a0101,0xb010101,0x1010101,0x101010b,0x101010b,0x1010a01
.4byte 0x1010101,0xb010107,0xb010101,0x10b0101,0x10b0101,0x1010b01,0x1010b01,0x1010b01
.4byte 0x101010b,0xb01010b,0x7010101,0x1010101,0x1010b01,0x9010101,0x1010101,0x101010b
.4byte 0x1010a01,0x10b0101,0x10b0101,0x1010801,0x1030301,0x1010801,0x101010b,0x1010a01
.4byte 0x10b0101,0xb010101,0xb010101,0x1010101,0x101010a,0x7010101,0x10b0101,0x10b0101
.4byte 0x1010b01,0x1010b01,0x101010b,0x101010b,0xb01010b,0xb010101,0x10b0101,0x1070101
.4byte 0x1010101,0x101010b,0x1090101,0xb010101,0x1010101,0x101010a,0x1010b01,0x1010b01
.4byte 0x1010108,0x1010303,0xb010108,0x1010101,0x101010a,0x1010b01,0x10b0101,0x10b0101
.4byte 0xa010101,0x1010101,0x1070101,0x1010b01,0x1010b01,0x101010b,0xb01010b,0xb010101
.4byte 0xb010101,0x10b0101,0x10b0101,0x1010b01,0x1010701,0xb010101,0x1010101,0x1010901
.4byte 0x10b0101,0xa010101,0x1010101,0x101010b,0x801010b,0x3010101,0x8010103,0x10b0101
.4byte 0xa010101,0x1010101,0x101010b,0x1010b01,0x1010b01,0x10a0101,0x1010101,0xb010108
.4byte 0xb010101,0x10b0101,0x10b0101,0x1010b01,0x1010b01,0x1010b01,0x101010b,0xb01010b
.4byte 0x8010101,0x1010101,0x101010b,0x1090101,0xb010101,0x1010101,0x101010a,0x1010b01
.4byte 0x1010b01,0x1010108,0x1010303,0xb010108,0x1010101,0x101010a,0x1010b01,0x10b0101
.4byte 0x10b0101,0xa010101,0x1010101,0x1010801,0x101010b,0xb01010b,0xb010101,0x10b0101
.4byte 0x10b0101,0x10b0101,0x1010b01,0x1010b01,0x101010b,0x1010108,0x1010b01,0x9010101
.4byte 0x1010101,0x101010b,0x1010a01,0x10b0101,0x10b0101,0x1010801,0x1030301,0x1010801
.4byte 0x101010b,0x1010a01,0x10b0101,0xb010101,0xb010101,0x1010101,0x101010a,0x1080101
.4byte 0x1010b01,0x1010b01,0x101010b,0xb01010b,0xb010101,0xb010101,0x10b0101,0x10b0101
.4byte 0x1010b01,0x1010801,0x10b0101,0x1010101,0x1010109,0x1010b01,0x10a0101,0xb010101
.4byte 0xb010101,0x1080101,0x3030101,0x1080101,0x1010b01,0x10a0101,0xb010101,0x1010101
.4byte 0x101010b,0x101010b,0x1010a01,0x8010101,0x10b0101,0x10b0101,0x1010b01,0x1010b01
.4byte 0x101010b,0x101010b,0xb01010b,0xb010101,0x10b0101,0x1080101,0xb010101,0x1010101
.4byte 0x1010901,0x10b0101,0xa010101,0x1010101,0x101010b,0x801010b,0x3010101,0x8010103
.4byte 0x10b0101,0xa010101,0x1010101,0x101010b,0x1010b01,0x1010b01,0x10a0101,0x1010101
.4byte 0xb010108,0xb010101,0x10b0101,0x10b0101,0x1010b01,0x1010b01,0x1010b01,0x101010b
.4byte 0xb01010b,0x8010101,0x1010101,0x101010b,0x1090101,0xb010101,0x1010101,0x101010a
.4byte 0x1010b01,0x1010b01,0x1010108,0x1010303,0xb010142,0xd010101,0x1010101,0x101010f
.4byte 0x18010101,0x1010101,0x1010119,0x1011901,0x1011801,0x1010101,0x1010110,0x10b0101
.4byte 0x1010101,0x1010109,0x1010141,0x1010303,0xb010142,0xc010101,0x1010101,0x1010110
.4byte 0x18010101,0x1010101,0x1010119,0x1011901,0x1011801,0x1010101,0x1010111,0x1010b01
.4byte 0x9010101,0x41010101,0x3010101,0x101010c,0x101010b,0x1010b01,0x1010101,0x1010101
.4byte 0x1010101,0x1010101,0x1010101,0x1010101,0x1010101,0x10b0101,0xa010101,0x1010101
.4byte 0x10f0101,0x1010101,0x1011801,0x1190101,0x19010101,0x18010101,0x1010101,0x10f0101
.4byte 0x1010101,0x1010b01,0x9010101,0x1010101,0x1010101,0x1010101,0x1010101,0x1010101
.4byte 0x1010101,0x1010101,0x1010101,0x1010b01,0x1010b01,0xc0c0101,0xb010101,0x1010101
.4byte 0x101010b,0x1010101,0x1010101,0x1010101,0x1010101,0x1010101,0x1010101,0x1010101
.4byte 0x1010b01,0x10a0101,0x1010101,0x1010f01,0x1010101,0x1010118,0x1011901,0x1190101
.4byte 0x1180101,0x1010101,0x1010f01,0x1010101,0x101010b,0x1090101,0x1010101,0x1010101
.4byte 0x1010101,0x1010101,0x1010101,0x1010101,0x1010101,0x1010101,0x101010b,0x101010b
.4byte 0x10c0c01,0x10b0101,0xb010101,0x1010101,0x1010101,0x1010101,0x1010101,0x1010101
.4byte 0x1010101,0x1010101,0x1010101,0x101010b,0x1010a01,0x1110101,0x1010101,0x1011801
.4byte 0x1190101,0x19010101,0x18010101,0x1010101,0x1110101,0x1010101,0x1010901,0x9010101
.4byte 0x1010101,0x1010101,0x1010101,0x1010101,0x1010101,0x1010101,0x1010101,0x1010101
.4byte 0x1010b01,0x1010b01,0xc0c0101,0xb010101,0x1010101,0x101010b,0x1010101,0x1010101
.4byte 0x1010101,0x1010101,0x1010101,0x1010101,0x1010101,0x1010b01,0x10a0101,0x1010101
.4byte 0x1010110,0x18010101,0x1010101,0x1010119,0x1011901,0x1011801,0x1010101,0x1010111
.4byte 0x9010101,0x1010101,0x1010901,0x1010101,0x1010101,0x1010101,0x1010101,0x1010101
.4byte 0x1010101,0x1010101,0xb010101,0xb010101,0x1010101,0x1010c0c,0x1010b01,0x101010d
.4byte 0x1010101,0x1010101,0x1010101,0x1010101,0x1010101,0x1010101,0x1010101,0x1010b01
.4byte 0x10a0101,0x1010101,0x1010110,0x18010101,0x1010101,0x1010119,0x1011901,0x1011801
.4byte 0x1010101,0x1010111,0x9010101,0x1010101,0x1010901,0x1010101,0x1010101,0x1010101
.4byte 0x1010101,0x1010101,0x1010101,0x1010101,0xb010101,0xb010101,0x1010101,0x1010c0c
.4byte 0x1010b01,0x10b0101,0x1010101,0x1010101,0x1010101,0x1010101,0x1010101,0x1010101
.4byte 0x1010101,0xb010101,0x1010101,0x1010109,0x10010101,0x1010101,0x1180101,0x19010101
.4byte 0x1010101,0x1010119,0x1010118,0x11010101,0x1010101,0x1090101,0x1010101,0x1010109
.4byte 0x1010101,0x1010101,0x1010101,0x1010101,0x1010101,0x1010101,0x1010101,0x10b0101
.4byte 0x10b0101,0xc010101,0x101010c,0x101010b,0x1010b01,0x1010101,0x1010101,0x1010101
.4byte 0x1010101,0x1010101,0x1010101,0x1010101,0x10b0101,0xa010101,0x1010101,0x1010111
.4byte 0x18010101,0x1010101,0x1010119,0x1011901,0x1011801,0x1010101,0x1010112,0x1010a01
.4byte 0x9010101,0x1010101,0x1010101,0x1010101,0x1010101,0x1010101,0x1010101,0x1010101
.4byte 0x1010101,0x1010b01,0x1010b01,0xc0c0101,0xb010101,0x1010101,0x101010b,0x1010101
.4byte 0x1010101,0x1010101,0x1010101,0x1010101,0x1010101,0x1010101,0x1010b01,0x1090101
.4byte 0x12010101,0x1010101,0x1180101,0x19010101,0x1010101,0x1010119,0x1010118,0x12010101
.4byte 0x1010101,0x1010901,0x9010101,0x1010101,0x1010101,0x1010101,0x1010101,0x1010101
.4byte 0x1010101,0x1010101,0x1010101,0x1010b01,0x1010b01,0xc0c0101,0xb010101,0x1010101
.4byte 0x101010b,0x1010101,0x1010101,0x1010101,0x1010101,0x1010101,0x1010101,0x1010101
.4byte 0x1010b01,0x1090101,0x1010101,0x1010111,0x18010101,0x1010101,0x1010119,0x1011901
.4byte 0x1011801,0x1010101,0x1010113,0x101010a,0x1090101,0x1010101,0x1010101,0x1010101
.4byte 0x1010101,0x1010101,0x1010101,0x1010101,0x1010101,0x4010501,0xb010101,0x1010101
.4byte 0x1010c0c,0x1010b01,0x10a0101,0x1010101,0x1010101,0x1010101,0x1010101,0x1010101
.4byte 0x1010101,0x1010101,0x1010101,0x101010b,0x1010801,0x1010101,0x1010111,0x18010101
.4byte 0x1010101,0x1010119,0x1011901,0x1011801,0x1010101,0x1010111,0x9010101,0x1010101
.4byte 0x1010901,0x1010101,0x1010101,0x1010101,0x1010101,0x1010101,0x1010101,0x1010101
.4byte 0xb010101,0xb010101,0x1010101,0x1010c0c,0x1010b01,0x10b0101,0x1010101,0x1010101
.4byte 0x1010101,0x1010101,0x1010101,0x1010101,0x1010101,0xb010101,0x1010101,0x1010109
.4byte 0x1110101,0x1010101,0x1011801,0x1190101,0x19010101,0x18010101,0x1010101,0x1130101
.4byte 0x9010101,0x1010101,0x1010901,0x1010101,0x1010101,0x1010101,0x1010101,0x1010101
.4byte 0x1010101,0x1010101,0xb010101,0xb010101,0x1010101,0x1010c0c,0x1010b01,0x10b0101
.4byte 0x1010101,0x1010101,0x1010101,0x1010101,0x1010101,0x1010101,0x1010101,0xb010101
.4byte 0x1010101,0x1010109,0x1110101,0x1010101,0x1011801,0x1190101,0x19010101,0x18010101
.4byte 0x1010101,0x1110101,0x1010101,0x1010901,0x9010101,0x1010101,0x1010101,0x1010101
.4byte 0x1010101,0x1010101,0x1010101,0x1010101,0x1010101,0x1010b01,0x1010b01,0xc0c0101
.4byte 0xb010101,0x1010101,0x101010b,0x1010101,0x1010101,0x1010101,0x1010101,0x1010101
.4byte 0x1010101,0x1010101,0x1010b01,0x10a0101,0x11010101,0x1010101,0x1180101,0x19010101
.4byte 0x1010101,0x1010119,0x1010118,0x12010101,0x1010101,0x101010a,0x1090101,0x1010101
.4byte 0x1010101,0x1010101,0x1010101,0x1010101,0x1010101,0x1010101,0x1010101,0x101010b
.4byte 0x101010b,0x10c0c01,0x10b0101,0x10c0101,0x1010101,0x1010101,0x1010101,0x1010101
.4byte 0x1010101,0x1010101,0x1010101,0xb010101,0x1010101,0x1010109,0x1011201,0x1010101
.4byte 0x1010118,0x1011901,0x1190101,0x1180101,0x1010101,0x1011301,0x1090101,0x1010101
.4byte 0x1010109,0x1010101,0x1010101,0x1010101,0x1010101,0x1010101,0x1010101,0x1010101
.4byte 0x10b0101,0x10b0101,0xc010101,0x101010c,0xd01010b,0x1010101,0x1010101,0x1010101
.4byte 0x1010101,0x1010101,0x1010101,0x1010101,0x1010101,0x101010b,0x1010901,0x1120101
.4byte 0x1010101,0x1011801,0x1190101,0x19010101,0x18010101,0x1010101,0x1130101,0x9010101
.4byte 0x1010101,0x1010901,0x1010101,0x1010101,0x1010101,0x1010101,0x1010101,0x1010101
.4byte 0x1010101,0xb010101,0xb010101,0x1010101,0x1010c0c,0x1010b01,0x10b0101,0x1010101
.4byte 0x1010101,0x1010101,0x1010101,0x1010101,0x1010101,0x1010101,0xb010101,0x1010101
.4byte 0x1010109,0x1010113,0x18010101,0x1010101,0x1010119,0x1011901,0x1011801,0x1010101
.4byte 0x1010113,0x1010901,0x9010101,0x1010101,0x1010101,0x1010101,0x1010101,0x1010101
.4byte 0x1010101,0x1010101,0x1010101,0x1010b01,0x1010b01,0xc0c0101,0xb010101,0x1010101
.4byte 0x1010102,0x1020101,0x1010101,0x1010101,0x1010101,0x1010101,0x1010101,0x1010101
.4byte 0x1010101,0x1010101,0x1010b01,0x1090101,0x1130101,0x1010101,0x1011801,0x1190101
.4byte 0x19010101,0x18010101,0x1010101,0x1130101,0x9010101,0x1010101,0x1010901,0x1010101
.4byte 0x1010101,0x1010101,0x1010101,0x1010101,0x1010101,0x1010101,0xb010101,0xb010101
.4byte 0x1010101,0x1010c0c,0x1010b01,0x1010c01,0x1010101,0x1010101,0x1010101,0x1010101
.4byte 0x1010101,0x1010101,0x1010101,0x10b0101,0x8010101,0x1010101,0x1010113,0x18010101
.4byte 0x1010101,0x1010119,0x1011901,0x1011801,0x1010101,0x1010114,0x1010109,0x1090101
.4byte 0x1010101,0x1010101,0x1010101,0x1010101,0x1010101,0x1010101,0x1010101,0x1010101
.4byte 0x101010b,0x101010b,0x10c0c01,0x10b0101,0xa010101,0x1010101,0x1010101,0x1010101
.4byte 0x1010101,0x1010101,0x1010101,0x1010101,0x1010101,0x1010b01,0x1090101,0x1130101
.4byte 0x1010101,0x1011801,0x1190101,0x19010101,0x18010101,0x1010101,0x1140101,0x8010101
.4byte 0x1010101,0x1010901,0x1010101,0x1010101,0x1010101,0x1010101,0x1010101,0x1010101
.4byte 0x1010101,0xb010101,0xb010101,0x1010101,0x1010c0c,0x1010b01,0x10b0101,0x1010101
.4byte 0x1010101,0x1010101,0x1010101,0x1010101,0x1010101,0x1010101,0xb010101,0x1010101
.4byte 0x1010108,0x1011301,0x1010101,0x1010118,0x1011901,0x1190101,0x1180101,0x1010101
.4byte 0x1011401,0x1080101,0x1010101,0x1010109,0x1010101,0x1010101,0x1010101,0x1010101
.4byte 0x1010101,0x1010101,0x1010101,0x10b0101,0x10b0101,0xc010101,0x1010103,0x1010301
.4byte 0x1010101,0x101010a,0x1010b01,0x1010101,0x1010101,0x1010101,0x1010101,0x1010101
.4byte 0x1010101,0x1010101,0x10b0101,0x8010101,0x14010101,0x1010101,0x1180101,0x19010101
.4byte 0x1010101,0x1010119,0x1010118,0x14010101,0x1010101,0x1010108,0x1090101,0x1010101
.4byte 0x1010101,0x1010101,0x1010101,0x1010101,0x1010101,0x1010101,0x1010101,0x101010b
.4byte 0x1010901,0xc010101,0x1010103,0x1010104,0xa010101,0x1010101,0x101010b,0x1010101
.4byte 0x1010101,0x1010101,0x1010101,0x1010101,0x1010101,0x1010101,0x1010b01,0x1080101
.4byte 0x1140101,0x1010101,0x1011801,0x1190101,0x19010101,0x18010101,0x1010101,0x1140101
.4byte 0x1010101,0x1010107,0x1090101,0x1010101,0x1010101,0x1010101,0x1010101,0x1010101
.4byte 0x1010101,0x1010101,0x1010101,0x101010b,0x1010901,0xc010101,0x1010103,0x1010104
.4byte 0xa010101,0x1010101,0x101010b,0x1010101,0x1010101,0x1010101,0x1010101,0x1010101
.4byte 0x1010101,0x1010101,0x1010b01,0x1080101,0x13010101,0x1010101,0x1180101,0x19010101
.4byte 0x1010101,0x1010119,0x1010118,0x14010101,0x1010101,0x1010701,0x9010101,0x1010101
.4byte 0x1010101,0x1010101,0x1010101,0x1010101,0x1010101,0x1010101,0x1010101,0x1010b01
.4byte 0x1090101,0x1010101,0x101030c,0x1030101,0x1010101,0x1010a01,0x1010c01,0x1010101
.4byte 0x1010101,0x1010101,0x1010101,0x1010101,0x1010101,0x1010101,0x10b0101,0x7010101
.4byte 0x1010101,0x1011301,0x1010101,0x1010118,0x1011901,0x1190101,0x1180101,0x1010101
.4byte 0x1011301,0x8010101,0x1010101,0x1010901,0x1010101,0x1010101,0x1010101,0x1010101
.4byte 0x1010101,0x1010101,0x1010101,0xb010101,0x1010101,0x1010109,0x30c0101,0x1010101
.4byte 0x1010103,0xa010101,0x1010101,0x101010b,0x1010101,0x1010101,0x1010101,0x1010101
.4byte 0x1010101,0x1010101,0x1010101,0x1010b01,0x1060101,0x1010101,0x1011301,0x1010101
.4byte 0x1010118,0x1011901,0x1190101,0x1180101,0x1010101,0x1011301,0x1010101,0x1010107
.4byte 0x1090101,0x1010101,0x1010101,0x1010101,0x1010101,0x1010101,0x1010101,0x1010101
.4byte 0x1010101,0x101010b,0x1010901,0xc010101,0x1010103,0x1010104,0xa010101,0x1010101
.4byte 0x101010b,0x1010101,0x1010101,0x1010101,0x1010101,0x1010101,0x1010101,0x1010101
.4byte 0x1010b01,0x1070101,0x1010101,0x1010113,0x18010101,0x1010101,0x1010119,0x1011901
.4byte 0x1011801,0x1010101,0x1010114,0x1070101,0x1010101,0x1010109,0x1010101,0x1010101
.4byte 0x1010101,0x1010101,0x1010101,0x1010101,0x1010101,0x10b0101,0x9010101,0x1010101
.4byte 0x1030c01,0x1040101,0x1010101,0x1010a01,0x10b0101,0x1010101,0x1010101,0x1010101
.4byte 0x1010101,0x1010101,0x1010101,0x1010101,0xb010101,0x1010101,0x1010106,0x13010101
.4byte 0x1010101,0x1180101,0x19010101,0x1010101,0x1010119,0x1010118,0x13010101,0x1010101
.4byte 0x1070101,0x1010101,0x1010109,0x1010101,0x1010101,0x1010101,0x1010101,0x1010101
.4byte 0x1010101,0x1010101,0x10b0101,0x9010101,0x1010101,0x1030c01,0x3010101,0x1010101
.4byte 0x10a0101,0xa010101,0x1010101,0x1010101,0x1010101,0x1010101,0x1010101,0x1010101
.4byte 0x1010101,0x1010101,0x1010b01,0x1070101,0x1010101,0x1010113,0x18010101,0x1010101
.4byte 0x1010119,0x1011901,0x1011801,0x1010101,0x1010114,0x1070101,0x1010101,0x1010109
.4byte 0x1010101,0x1010101,0x1010101,0x1010101,0x1010101,0x1010101,0x1010101,0x10b0101
.4byte 0x9010101,0x1010101,0x1030c01,0x3010101,0x1010101,0x10a0101,0xb010101,0x1010101
.4byte 0x1010101,0x1010101,0x1010101,0x1010101,0x1010101,0x1010101,0x1010101,0x101010b
.4byte 0x1010801,0x1130101,0x1010101,0x1011801,0x1190101,0x19010101,0x18010101,0x1010101
.4byte 0x1140101,0x8010101,0x1010101,0x1010901,0x1010101,0x1010101,0x1010101,0x1010101
.4byte 0x1010101,0x1010101,0x1010101,0xb010101,0x1010101,0x1010109,0x30c0101,0x4010101
.4byte 0x1010101,0x10a0101,0xa010101,0x1010101,0x1010101,0x1010101,0x1010101,0x1010101
.4byte 0x1010101,0x1010101,0x1010101,0x1010b01,0x1070101,0x14010101,0x1010101,0x1180101
.4byte 0x19010101,0x1010101,0x1010119,0x1010118,0x15010101,0x1010101,0x1010107,0x1090101
.4byte 0x1010101,0x1010101,0x1010101,0x1010101,0x1010101,0x1010101,0x1010101,0xd010101
.4byte 0x9010101,0x1010101,0x1030c01,0x1040101,0x1010101,0x1010a01,0x10b0101,0x1010101
.4byte 0x1010101,0x1010101,0x1010101,0x1010101,0x1010101,0x1010101,0xb010101,0x1010101
.4byte 0x1010107,0x1011401,0x1010101,0x1010118,0x1011901,0x1190101,0x1180101,0x1010101
.4byte 0x1011501,0x1070101,0x1010101,0x1010109,0x1010101,0x1010101,0x1010101,0x1010101
.4byte 0x1010101,0x1010101,0x1010101,0x10b0101,0x9010101,0x1010101,0x1030c01,0x3010101
.4byte 0x1010101,0x10a0101,0x1020101,0x1010106,0x1010101,0x1010101,0x1010101,0x1010101
.4byte 0x1010101,0x1010101,0x1010101,0x1010101,0x101010b,0x1010701,0x1140101,0x1010101
.4byte 0x1011801,0x1190101,0x19010101,0x18010101,0x1010101,0x1150101,0x7010101,0x1010101
.4byte 0x1010901,0x1010101,0x1010101,0x1010101,0x1010101,0x1010101,0x1010101,0x1010101
.4byte 0xb010101,0x1010101,0x1010109,0x30c0101,0x1010101,0x1010103,0xa010101,0x1010101
.4byte 0x101010b,0x1010101,0x1010101,0x1010101,0x1010101,0x1010101,0x1010101,0x1010101
.4byte 0x1010b01,0x1070101,0x1150101,0x1010101,0x1011801,0x1190101,0x19010101,0x18010101
.4byte 0x1010101,0x1150101,0x7010101,0x1010101,0x1010901,0x1010101,0x1010101,0x1010101
.4byte 0x1010101,0x1010101,0x1010101,0x1010101,0xb010101,0x1010101,0x1010109,0x30c0101
.4byte 0x4010101,0x1010101,0x10a0101,0xb010101,0x1010101,0x1010101,0x1010101,0x1010101
.4byte 0x1010101,0x1010101,0x1010101,0x1010101,0x101010b,0x1010701,0x1011501,0x1010101
.4byte 0x1010118,0x1011901,0x1190101,0x1180101,0x1010101,0x1011501,0x1070101,0x1010101
.4byte 0x1010109,0x1010101,0x1010101,0x1010101,0x1010101,0x1010101,0x1010101,0x1010101
.4byte 0x10b0101,0x9010101,0x1010101,0x1030c01,0x1040101,0x1010101,0x1010a01,0x10b0101
.4byte 0x1010101,0x1010101,0x1010101,0x1010101,0x1010101,0x1010101,0x1010101,0xb010101
.4byte 0x1010101,0x1010107,0x1010115,0x18010101,0x1010101,0x1010119,0x1011901,0x1011801
.4byte 0x1010101,0x1010116,0x1010107,0x1090101,0x1010101,0x1010101,0x1010101,0x1010101
.4byte 0x1010101,0x1010101,0x1010101,0x1010101,0x101010b,0x1010901,0xc010101,0x1010103
.4byte 0x1010301,0x1010101,0x101010a,0x1010a01,0x1010101,0x1010101,0x1010101,0x1010101
.4byte 0x1010101,0x1010101,0x1010101,0xb010101,0x1010101,0x1010107,0x1010115,0x18010101
.4byte 0x1010101,0x1010119,0x1011901,0x1011801,0x1010101,0x1010116,0x1010107,0x1090101
.4byte 0x1010101,0x1010101,0x1010101,0x1010101,0x1010101,0x1010101,0x1010101,0x1010101
.4byte 0x101010b,0x1010901,0xc010101,0x1010103,0x1010301,0x1010101,0x101010a,0x1010b01
.4byte 0x1010101,0x1010101,0x1010101,0x1010101,0x1010101,0x1010101,0x1010101,0x10b0101
.4byte 0x7010101,0x15010101,0x1010101,0x1180101,0x19010101,0x1010101,0x1010119,0x1010118
.4byte 0x16010101,0x1010101,0x1010106,0x1090101,0x1010101,0x1010101,0x1010101,0x1010101
.4byte 0x1010101,0x1010101,0x1010101,0x1010101,0x101010b,0x1010901,0xc010101,0x1010103
.4byte 0x1010104,0xa010101,0x1010101,0x101010b,0x1010101,0x1010101,0x1010101,0x1010101
.4byte 0x1010101,0x1010101,0x1010101,0x1010b01,0x1060101,0x15010101,0x1010101,0x1180101
.4byte 0x19010101,0x1010101,0x1010119,0x1010118,0x16010101,0x1010101,0x1010106,0x1090101
.4byte 0x1010101,0x1010101,0x1010101,0x1010101,0x1010101,0x1010101,0x1010101,0x1010101
.4byte 0x101010b,0x1010901,0xc010101,0x1010103,0x1010104,0xa010101,0xc010101,0x1010101
.4byte 0x1010101,0x1010101,0x1010101,0x1010101,0x1010101,0x1010101,0x1010101,0x101010b
.4byte 0x1010701,0x1011501,0x1010101,0x1010118,0x1011901,0x1190101,0x1180101,0x1010101
.4byte 0x1011601,0x1060101,0x1010101,0x1010109,0x1010101,0x1010101,0x1010101,0x1010101
.4byte 0x1010101,0x1010101,0x1010101,0x1020101,0x1020102,0x1010102,0x1010901,0xc010101
.4byte 0x1010103,0x1010301,0x1010101,0x101010a,0x101010c,0x1010101,0x1010101,0x1010101
.4byte 0x1010101,0x1010101,0x1010101,0x1010101,0x1010b01,0x1060101,0x15010101,0x1010101
.4byte 0x1180101,0x19010101,0x1010101,0x1010119,0x1010118,0x16010101,0x1010101,0x1010106
.4byte 0x1090101,0x1010101,0x1010101,0x1010101,0x1010101,0x1010101,0x1010101,0x1010101
.4byte 0x10e0101,0x1090101,0x1010101,0x101030c,0x10c0117,0x1010101,0x1010101,0x1010101
.4byte 0x1010101,0x1010101,0x1010101,0x1010101,0xb010101,0x7010101,0x16010101,0x1010101
.4byte 0x1180101,0x13010101,0x3010101,0x1010101,0x1010103,0x1011201,0x1011801,0x1010101
.4byte 0x1010116,0x1010601,0x9010101,0x1010101,0x1010101,0x1010101,0x1010101,0x1010101
.4byte 0x1010101,0x1010101,0x1010101,0x1010b01,0x1010116,0x1010303,0xb010117,0x1010101
.4byte 0x1010101,0x1010101,0x1010101,0x1010101,0x1010101,0x1010101,0x1010101,0x101010b
.4byte 0x1010107,0x1010116,0x18010101,0x1010101,0x1010113,0x1010103,0x1010301,0x1120101
.4byte 0x1180101,0x1010101,0x1011601,0x1060101,0x1010101,0x1010109,0x1010101,0x1010101
.4byte 0x1010101,0x1010101,0x1010101,0x1010101,0x1010101,0x10b0101,0x1011601,0x1030301
.4byte 0x1010801,0x1010a01,0x10b0101,0x1010101,0x1010101,0x1010101,0x1010101,0x1010101
.4byte 0x1010101,0x1010101,0xb010101,0x1010101,0x1010106,0x1010116,0x18010101,0x1010101
.4byte 0x1010113,0x1010103,0x1010301,0x1120101,0x1180101,0x1010101,0x1011701,0x1050101
.4byte 0x1010101,0x1010109,0x1010101,0x1010101,0x1010101,0x1010101,0x1010101,0x1010101
.4byte 0x1010101,0x10b0101,0x9010101,0x1010101,0x1010107,0x1010303,0x1010108,0x101010a
.4byte 0x1010b01,0x1010101,0x1010101,0x1010101,0x1010101,0x1010101,0x1010101,0x1010101
.4byte 0x10b0101,0x6010101,0x16010101,0x1010101,0x1180101,0x13010101,0x3010101,0x1010101
.4byte 0x1010103,0x1011201,0x1011801,0x1010101,0x1010117,0x1010501,0x9010101,0x1010101
.4byte 0x1010101,0x1010101,0x1010101,0x1010101,0x1010101,0x1010101,0x1010101,0x1010b01
.4byte 0x1090101,0x7010101,0x3010101,0x8010103,0xa010101,0x1010101,0x101010b,0x1010101
.4byte 0x1010101,0x1010101,0x1010101,0x1010101,0x1010101,0x1010101,0x1010b01,0x1050101
.4byte 0x1010101,0x1010115,0x18010101,0x1010101,0x1010113,0x1010103,0x1010301,0x1120101
.4byte 0x1180101,0x1010101,0x1011701,0x1050101,0x1010101,0x1010109,0x1010101,0x1010101
.4byte 0x1010101,0x1010101,0x1010101,0x1010101,0x1010101,0x10b0101,0x9010101,0x1010101
.4byte 0x1010107,0x1010303,0x1010108,0x101010a,0x1010b01,0x1010101,0x1010101,0x1010101
.4byte 0x1010101,0x1010101,0x1010101,0x1010101,0x10b0101,0x5010101,0x1010101,0x1011501
.4byte 0x1010101,0x1010118,0x1011301,0x1010301,0x1030101,0x12010101,0x18010101,0x1010101
.4byte 0x1150101,0x1010101,0x1010106,0x1090101,0x1010101,0x1010101,0x1010101,0x1010101
.4byte 0x1010101,0x1010101,0x1010101,0x1010101,0x101010b,0x1010901,0x1070101,0x3030101
.4byte 0x1080101,0x10a0101,0x10c0101,0x1010101,0x1010101,0x1010101,0x1010101,0x1010101
.4byte 0x1010101,0x1010101,0xb010101,0x1010101,0x1010104,0x15010101,0x1010101,0x1180101
.4byte 0x13010101,0x3010101,0x1010101,0x1010103,0x1011201,0x1011801,0x1010101,0x1010115
.4byte 0x5010101,0x1010101,0x1010901,0x1010101,0x1010101,0x1010101,0x1010101,0x1010101
.4byte 0x1010101,0x1010101,0x8040101,0x1010101,0x1010109,0x1010701,0x1030301,0x1010801
.4byte 0x1010a01,0x1010c01,0x1010101,0x1010101,0x1010101,0x1010101,0x1010101,0x1010101
.4byte 0x1010101,0x10b0101,0x4010101,0x1010101,0x1150101,0x1010101,0x1011801,0x1130101
.4byte 0x1030101,0x3010101,0x1010101,0x1010112,0x1010118,0x15010101,0x1010101,0x1050101
.4byte 0x1010101,0x1010109,0x1010101,0x1010101,0x1010101,0x1010101,0x1010101,0x1010101
.4byte 0x1010101,0x10b0101,0x9010101,0x1010101,0x1010107,0x1010303,0x1010108,0x101010a
.4byte 0x101010c,0x1010101,0x1010101,0x1010101,0x1010101,0x1010101,0x1010101,0x1010101
.4byte 0x1010b01,0x1060101,0x15010101,0x1010101,0x1180101,0x13010101,0x3010101,0x1010101
.4byte 0x1010103,0x1011201,0x1011801,0x1010101,0x1010116,0x1050101,0x1010101,0x1010109
.4byte 0x1010101,0x1010101,0x1010101,0x1010101,0x1010101,0x1010101,0x1010101,0x10b0101
.4byte 0x9010101,0x1010101,0x1010107,0x1010303,0x1010108,0x101010a,0x1010a01,0x1010101
.4byte 0x1010101,0x1010101,0x1010101,0x1010101,0x1010101,0x1010101,0xb010101,0x1010101
.4byte 0x1010105,0x1150101,0x1010101,0x1011801,0x1130101,0x1030101,0x3010101,0x1010101
.4byte 0x1010112,0x1010118,0x15010101,0x1010101,0x1050101,0x1010101,0x1010109,0x1010101
.4byte 0x1010101,0x1010101,0x1010101,0x1010101,0x1010101,0x1010101,0x10b0101,0x9010101
.4byte 0x1010101,0x1010107,0x1010303,0x1010108,0x101010a,0x1010b01,0x1010101,0x1010101
.4byte 0x1010101,0x1010101,0x1010101,0x1010101,0x1010101,0x10b0101,0x6010101,0x1010101
.4byte 0x1010115,0x18010101,0x1010101,0x1010113,0x1010103,0x1010301,0x1120101,0x1180101
.4byte 0x1010101,0x1011501,0x6010101,0x1010101,0x1010901,0x1010101,0x1010101,0x1010101
.4byte 0x1010101,0x1010101,0x1010101,0x1010101,0xb010101,0x1010101,0x1010109,0x1010701
.4byte 0x1030301,0x1010801,0x1010a01,0x10b0101,0x1010101,0x1010101,0x1010101,0x1010101
.4byte 0x1010101,0x1010101,0x1010101,0xb010101,0x1010101,0x1010106,0x1011501,0x1010101
.4byte 0x1010118,0x1011301,0x1010301,0x1030101,0x12010101,0x18010101,0x1010101,0x1160101
.4byte 0x1010101,0x1010105,0x1090101,0x1010101,0x1010101,0x1010101,0x1010101,0x1010101
.4byte 0x1010101,0x1010101,0x1010101,0x101010b,0x1010901,0x1070101,0x3030101,0x1080101
.4byte 0x10a0101,0xb010101,0x1010101,0x1010101,0x1010101,0x1010101,0x1010101,0x1010101
.4byte 0x1010101,0x1010101,0x101010b,0x1010601,0x1150101,0x1010101,0x1011801,0x1130101
.4byte 0x1030101,0x3010101,0x1010101,0x1010112,0x1010118,0x16010101,0x1010101,0x1010106
.4byte 0x1090101,0x1010101,0x1010101,0x1010101,0x1010101,0x1010101,0x1010101,0x1010101
.4byte 0x1010101,0x2010303,0x1010102,0x1010901,0x1070101,0x3030101,0x1080101,0x10a0101
.4byte 0x10c0101,0x1010101,0x1010101,0x1010101,0x1010101,0x1010101,0x1010101,0x1010101
.4byte 0xb010101,0x1010101,0x1010105,0x1011601,0x1010101,0x1010118,0x1011301,0x1010301
.4byte 0x1030101,0x12010101,0x18010101,0x1010101,0x1160101,0x1010101,0x1010105,0x1090101
.4byte 0x1010101,0x1010101,0x1010101,0x1010101,0x1010101,0x1010101,0x1010101,0xd010101
.4byte 0x9010101,0x1010101,0x1010107,0x1010303,0x1010108,0x101010a,0x1010b01,0x1010101
.4byte 0x1010101,0x1010101,0x1010101,0x1010101,0x1010101,0x1010101,0x10b0101,0x5010101
.4byte 0x1010101,0x1010116,0x18010101,0x1010101,0x1010113,0x1010103,0x1010301,0x1120101
.4byte 0x1180101,0x1010101,0x1011701,0x1050101,0x1010101,0x1010109,0x1010101,0x1010101
.4byte 0x1010101,0x1010101,0x1010101,0x1010101,0x1010101,0x10b0101,0x9010101,0x1010101
.4byte 0x1010107,0x1010303,0x1010108,0x101010a,0x1010b01,0x1010101,0x1010101,0x1010101
.4byte 0x1010101,0x1010101,0x1010101,0x1010101,0x10b0101,0x5010101,0x17010101,0x1010101
.4byte 0x1180101,0x13010101,0x3010101,0x1010101,0x1010103,0x1011201,0x1011801,0x1010101
.4byte 0x1010117,0x1010501,0x9010101,0x1010101,0x1010101,0x1010101,0x1010101,0x1010101
.4byte 0x1010101,0x1010101,0x1010101,0x1010b01,0x1090101,0x7010101,0x3010101,0x8010103
.4byte 0xa010101,0x1010101,0x101010b,0x1010101,0x1010101,0x1010101,0x1010101,0x1010101
.4byte 0x1010101,0x1010101,0x1010b01,0x1050101,0x16010101,0x1010101,0x1180101,0x13010101
.4byte 0x3010101,0x1010101,0x1010103,0x1011201,0x1011801,0x1010101,0x1010117,0x1010501
.4byte 0x9010101,0x1010101,0x1010101,0x1010101,0x1010101,0x1010101,0x1010101,0x1010101
.4byte 0x1010101,0x1020201,0x1010101,0x1010101,0x1090101,0x7010101,0x3010101,0x8010103
.4byte 0xa010101,0x1010101,0x1010101,0x1020101,0x1010102,0x1010101,0x1010101,0x1010101
.4byte 0x1010101,0x1010101,0x1010101,0x1010101,0x1010b01,0x1050101,0x1170101,0x1010101
.4byte 0x1011801,0x1130101,0x1030101,0x3010101,0x1010101,0x1010112,0x1010118,0x17010101
.4byte 0x1010101,0x1010105,0x1090101,0x1010101,0x1010101,0x1010101,0x1010101,0x1010101
.4byte 0x1010101,0x1010101,0x1010101,0x1010202,0x1010101,0x1010101,0x1010901,0x1070101
.4byte 0x3030101,0x1080101,0x10a0101,0x2020101,0x1030201,0x1010101,0x1010101,0x1010101
.4byte 0x1010101,0x1010101,0x1010101,0x1010101,0x1010101,0x1010b01,0x1050101,0x1170101
.4byte 0x1010101,0x1011801,0x1130101,0x1030101,0x3010101,0x1010101,0x1010112,0x1010118
.4byte 0x17010101,0x1010101,0x1010105,0x1090101,0x1010101,0x1010101,0x1010101,0x1010101
.4byte 0x1010101,0x1010101,0x1010101,0x1010101,0x101010b,0x1010901,0x1070101,0x3030101
.4byte 0x1080101,0x10a0101,0x10c0101,0x1010101,0x1010101,0x1010101,0x1010101,0x1010101
.4byte 0x1010101,0x1010101,0xb010101,0x1010101,0x1010105,0x1010117,0x18010101,0x1010101
.4byte 0x1010113,0x1010103,0x1010301,0x1120101,0x1180101,0x1010101,0x1011701,0x1050101
.4byte 0x1010101,0x1010109,0x1010101,0x1010101,0x1010101,0x1010101,0x1010101,0x1010101
.4byte 0x1010101,0x10b0101,0x9010101,0x1010101,0x1010107,0x1010303,0x1010108,0x101010a
.4byte 0x1010101,0x1010101,0x1020101,0x1010101,0x1010101,0x1010101,0x1010101,0x1010101
.4byte 0x1010101,0x1010101,0xb010101,0x1010101,0x1010105,0x1010117,0x18010101,0x1010101
.4byte 0x1010113,0x1010103,0x1010301,0x1120101,0x1180101,0x1010101,0x1011801,0x1010501
.4byte 0x9010101,0x1010101,0x1010101,0x1010101,0x1010101,0x1010101,0x1010101,0x1010101
.4byte 0x1010101,0x1010804,0x1090101,0x7010101,0x3010101,0x8010103,0xa010101,0x1010101
.4byte 0x101010b,0x1010101,0x1010101,0x1010101,0x1010101,0x1010101,0x1010101,0x1010101
.4byte 0x1010b01,0x1050101,0x1170101,0x1010101,0x1011801,0x1130101,0x1030101,0x3010101
.4byte 0x1010101,0x1010112,0x1010118,0x17010101,0x1010101,0x1010105,0x1090101,0x1010101
.4byte 0x1010101,0x1010101,0x1010101,0x1010101,0x1010101,0x1010101,0x1010101,0x1030107
.4byte 0x9010101,0x1010101,0x1010107,0x1010303,0x1010108,0x101010a,0x1010a01,0x1010101
.4byte 0x1010101,0x1010101,0x1010101,0x1010101,0x1010101,0x1010101,0xb010101,0x1010101
.4byte 0x1010105,0x1010117,0x18010101,0x1010101,0x1010113,0x1010103,0x1010301,0x1120101
.4byte 0x1180101,0x1010101,0x1011801,0x1010501,0x9010101,0x1010101,0x1010101,0x1010101
.4byte 0x1010101,0x1010101,0x1010101,0x1010101,0x1010101,0x1010b01,0x1090101,0x7010101
.4byte 0x3010101,0x8010103,0xa010101,0xc010101,0x1010101,0x1010101,0x1010101,0x1010101
.4byte 0x1010101,0x1010101,0x1010101,0x1010101,0x101010b,0x1010501,0x1011701,0x1010101
.4byte 0x1010118,0x1011301,0x1010301,0x1030101,0x12010101,0x18010101,0x1010101,0x1180101
.4byte 0x1050101,0x1010101,0x1010109,0x1010101,0x1010101,0x1010101,0x1010101,0x1010101
.4byte 0x1010101,0x1010101,0x10b0101,0x9010101,0x1010101,0x1010107,0x1010303,0x1010108
.4byte 0x101010a,0x1010b01,0x1010101,0x1010101,0x1010101,0x1010101,0x1010101,0x1010101
.4byte 0x1010101,0x10b0101,0x5010101,0x17010101,0x1010101,0x1180101,0x13010101,0x3010101
.4byte 0x1010101,0x1010103,0x1011201,0x1011801,0x1010101,0x1010118,0x1010401,0x9010101
.4byte 0x1010101,0x1010101,0x1010101,0x1010101,0x1010101,0x1010101,0x1010101,0x1010101
.4byte 0x101010d,0x1010109,0x1010701,0x1030301,0x1010801,0x1010a01,0x2010201,0x1010107
.4byte 0x1010101,0x1010101,0x1010101,0x1010101,0x1010101,0x1010101,0x1010101,0x1010b01
.4byte 0x1040101,0x17010101,0x1010101,0x1180101,0x13010101,0x3010101,0x1010101,0x1010103
.4byte 0x1011201,0x1011801,0x1010101,0x1010118,0x1010401,0x9010101,0x1010101,0x1010101
.4byte 0x1010101,0x1010101,0x1010101,0x1010101,0x1010101,0x1010101,0x1010b01,0x1090101
.4byte 0x7010101,0x3010101,0x8010103,0xa010101,0x1010101,0x1010101,0x1010101,0x1010201
.4byte 0x1010101,0x1010101,0x1010101,0x1010101,0x1010101,0x1010101,0x1010101,0x10b0101
.4byte 0x5010101,0x17010101,0x1010101,0x1180101,0x13010101,0x3010101,0x1010101,0x1010103
.4byte 0x1011201,0x1011801,0x1010101,0x1010118,0x1010401,0x9010101,0x1010101,0x1010101
.4byte 0x1010101,0x1010101,0x1010101,0x1010101,0x1010101,0x1010101,0x1010b01,0x1090101
.4byte 0x7010101,0x3010101,0x8010103,0xa010101,0x1010101,0x101010b,0x1010101,0x1010101
.4byte 0x1010101,0x1010101,0x1010101,0x1010101,0x1010101,0x1010b01,0x1040101,0x17010101
.4byte 0x1010101,0x1180101,0x13010101,0x3010101,0x1010101,0x1010103,0x1011201,0x1011801
.4byte 0x1010101,0x1010118,0x1010401,0x9010101,0x1010101,0x1010101,0x1010101,0x1010101
.4byte 0x1010101,0x1010101,0x1010101,0x1010101,0x1010b01,0x1090101,0x7010101,0x3010101
.4byte 0x8010103,0xa010101,0x1010101,0x101010a,0x1010101,0x1010101,0x1010101,0x1010101
.4byte 0x1010101,0x1010101,0x1010101,0x10b0101,0x4010101,0x1010101,0x1010117,0x18010101
.4byte 0x1010101,0x1010113,0x1010103,0x1010301,0x1120101,0x1180101,0x1010101,0x1011801
.4byte 0x1040101,0x1010101,0x1010109,0x1010101,0x1010101,0x1010101,0x1010101,0x1010101
.4byte 0x1010101,0x1010101,0x10b0101,0x9010101,0x1010101,0x1010107,0x1010303,0x1010108
.4byte 0x101010a,0x1010101,0x2010101,0x1010201,0x1010101,0x1010101,0x1010101,0x1010101
.4byte 0x1010101,0x1010101,0x1010101,0x10b0101,0x4010101,0x1010101,0x1010117,0x18010101
.4byte 0x1010101,0x1010113,0x1010103,0x1010301,0x1120101,0x1180101,0x1010101,0x1011801
.4byte 0x1040101,0x1010101,0x1010109,0x1010101,0x1010101,0x1010101,0x1010101,0x1010101
.4byte 0x1010101,0x1010101,0x10b0101,0x9010101,0x1010101,0x1010107,0x1010303,0x1010108
.4byte 0x101010a,0x101010c,0x1010101,0x1010101,0x1010101,0x1010101,0x1010101,0x1010101
.4byte 0x1010101,0x1010b01,0x1040101,0x1180101,0x1010101,0x1011801,0x1130101,0x1030101
.4byte 0x3010101,0x1010101,0x1010112,0x1010118,0x18010101,0x1010101,0x1010104,0x1090101
.4byte 0x1010101,0x1010101,0x1010101,0x1010101,0x1010101,0x1010101,0x1010101,0x1010101
.4byte 0x101010b,0x1010901,0x1070101,0x3030101,0x1080101,0x10a0101,0xb010101,0x1010101
.4byte 0x1010101,0x1010101,0x1010101,0x1010101,0x1010101,0x1010101,0x1010101,0x101010b
.4byte 0x1010401,0x1011801,0x1010101,0x1010118,0x1011301,0x1010301,0x1030101,0x12010101
.4byte 0x18010101,0x1010101,0x1180101,0x4010101,0x1010101,0x1010901,0x1010101,0x1010101
.4byte 0x1010101,0x1010101,0x1010101,0x1010101,0x1010101,0xb010101,0x1010101,0x1010109
.4byte 0x1010701,0x1030301,0x1010801,0x1010a01,0x10b0101,0x1010101,0x1010101,0x1010101
.4byte 0x1010101,0x1010101,0x1010101,0x1010101,0xb010101,0x1010101,0x1010104,0x1010118
.4byte 0x18010101,0x1010101,0x1010113,0x1010103,0x1010301,0x1120101,0x1180101,0x1010101
.4byte 0x1011801,0x1040101,0x1010101,0x1010109,0x1010101,0x1010101,0x1010101,0x1010101
.4byte 0x1010101,0x1010101,0x1010101,0x10b0101,0x9010101,0x1010101,0x1010107,0x1010303
.4byte 0x1010108,0x101010a,0x1010a01,0x1010101,0x1010101,0x1010101,0x1010101,0x1010101
.4byte 0x1010101,0x1010101,0xb010101,0x1010101,0x1010104,0x1010118,0x18010101,0x1010101
.4byte 0x1010113,0x1010103,0x1010301,0x1120101,0x1180101,0x1010101,0x1011801,0x1040101
.4byte 0x1010101,0x1010109,0x1010101,0x1010101,0x1010101,0x1010101,0x1010101,0x1010101
.4byte 0x1010101,0x10b0101,0x9010101,0x1010101,0x1010107,0x1010303,0x1010108,0x101010a
.4byte 0x1010b01,0x1010101,0x1010101,0x1010101,0x1010101,0x1010101,0x1010101,0x1010101
.4byte 0x10b0101,0x4010101,0x18010101,0x1010101,0x1180101,0x13010101,0x3010101,0x1010101
.4byte 0x1010103,0x1011201,0x1011801,0x1010101,0x1010119,0x1010301,0x9010101,0x1010101
.4byte 0x1010101,0x1010101,0x1010101,0x1010101,0x1010101,0x1010101,0x1010101,0x1010b01
.4byte 0x1090101,0x7010101,0x3010101,0x8010103,0xa010101,0x1010101,0x101010b,0x1010101
.4byte 0x1010101,0x1010101,0x1010101,0x1010101,0x1010101,0x1010101,0x1010b01,0x1040101
.4byte 0x1180101,0x1010101,0x1011801,0x1130101,0x1030101,0x3010101,0x1010101,0x1010112
.4byte 0x1010118,0x19010101,0x1010101,0x1010103,0x1090101,0x1010101,0x1010101,0x1010101
.4byte 0x1010101,0x1010101,0x1010101,0x1010101,0x1010101,0x101010b,0x1010901,0x1070101
.4byte 0x3030101,0x1080101,0x10a0101,0x1010101,0x1020201,0x1010102,0x1010101,0x1010101
.4byte 0x1010101,0x1010101,0x1010101,0x1010101,0x1010101,0xb010101,0x1010101,0x1010104
.4byte 0x1011701,0x1010101,0x1010118,0x1011301,0x1010301,0x1030101,0x12010101,0x18010101
.4byte 0x1010101,0x1190101,0x3010101,0x1010101,0x1010901,0x1010101,0x1010101,0x1010101
.4byte 0x1010101,0x1010101,0x1010101,0x1010101,0xb010101,0x1010101,0x1010109,0x1010701
.4byte 0x1030301,0x1010801,0x1010a01,0x1010c01,0x1010101,0x1010101,0x1010101,0x1010101
.4byte 0x1010101,0x1010101,0x1010101,0x10b0101,0x4010101,0x1010101,0x1010117,0x18010101
.4byte 0x1010101,0x1010113,0x1010103,0x1010301,0x1120101,0x1180101,0x1010101,0x1011901
.4byte 0x1030101,0x1010101,0x1010109,0x1010101,0x1010101,0x1010101,0x1010101,0x1010101
.4byte 0x1010101,0x1010101,0x10b0101,0x9010101,0x1010101,0x1010107,0x1010303,0x1010108
.4byte 0x101010a,0x101010c,0x1010101,0x1010101,0x1010101,0x1010101,0x1010101,0x1010101
.4byte 0x1010101,0x1010b01,0x1040101,0x17010101,0x1010101,0x1180101,0x13010101,0x3010101
.4byte 0x1010101,0x1010103,0x1011201,0x1011801,0x1010101,0x1010119,0x1010301,0x9010101
.4byte 0x1010101,0x1010101,0x1010101,0x1010101,0x1010101,0x1010101,0x1010101,0x1010101
.4byte 0x1010b01,0x1090101,0x7010101,0x3010101,0x8010103,0xa010101,0x1010101,0x101010a
.4byte 0x1010101,0x1010101,0x1010101,0x1010101,0x1010101,0x1010101,0x1010101,0x10b0101
.4byte 0x4010101,0x1010101,0x1010117,0x18010101,0x1010101,0x1010113,0x1010103,0x1010301
.4byte 0x1120101,0x1180101,0x1010101,0x1011901,0x1030101,0x1010101,0x1010109,0x1010101
.4byte 0x1010101,0x1010101,0x1010101,0x1010101,0x1010101,0x1010101,0x1020101,0x1010102
.4byte 0x1010103,0x1010901,0x1070101,0x3030101,0x1080101,0x10a0101,0xb010101,0x1010101
.4byte 0x1010101,0x1010101,0x1010101,0x1010101,0x1010101,0x1010101,0x1010101,0x101010b
.4byte 0x1010301,0x17010101,0x1010101,0x1180101,0x13010101,0x3010101,0x1010101,0x1010103
.4byte 0x1011201,0x1011801,0x1010101,0x1010117,0x1040101,0x1010101,0x1010109,0x1010101
.4byte 0x1010101,0x1010101,0x1010101,0x1010101,0x1010101,0x1010101,0x10b0101,0x9010101
.4byte 0x1010101,0x1010107,0x1010303,0x1010108,0x101010a,0x1010b01,0x1010101,0x1010101
.4byte 0x1010101,0x1010101,0x1010101,0x1010101,0x1010101,0x10b0101,0x3010101,0x1010101
.4byte 0x1011701,0x1010101,0x1010118,0x1011301,0x1010301,0x1030101,0x12010101,0x18010101
.4byte 0x1010101,0x1170101,0x1010101,0x1010104,0x1090101,0x1010101,0x1010101,0x1010101
.4byte 0x1010101,0x1010101,0x1010101,0x1010101,0x1010101,0x101010b,0x1010901,0x1070101
.4byte 0x3030101,0x1170101,0x1d010b01,0x10b0101,0x1040101,0x1010101,0x1010117,0x18010101
.4byte 0x1010101,0x1010113,0x1010103,0x1010301,0x1120101,0x1180101,0x1010101,0x1011701
.4byte 0x4010101,0x1010101,0x1010901,0x1011c01,0x1020101,0x1020101,0x16010101,0x3010101
.4byte 0x17010103,0x10b0101,0x1011c01,0x101010b,0x1010104,0x1170101,0x1010101,0x1011801
.4byte 0x1130101,0x1030101,0x3010101,0x1010101,0x1010112,0x1010118,0x18010101,0x1010101
.4byte 0x1010104,0x1090101,0x11c0101,0x1010b01,0x1010116,0x1010c03,0x1010b01,0x10b0101
.4byte 0x10b0101,0xb010101,0xb010101,0x1010101,0x1010104,0x1010103,0x1010b01,0x10a0101
.4byte 0xb010101,0x1010101,0x101010a,0x1010b01,0x1010401,0x1030101,0xa010101,0x1010101
.4byte 0x101010b,0x1010a01,0x10b0101,0xa010101,0x1010101,0x5010104,0x1010101,0x1010901
.4byte 0x10b0101,0xa010101,0x1010101,0x101010b,0x101010b,0x10c0c01,0x10b0101,0xa010101
.4byte 0x1010101,0x101010b,0x1010b01,0x1010b01,0x1040101,0x1030101,0xb010101,0x1010101
.4byte 0x101010a,0x1010b01,0x10a0101,0xb010101,0x4010101,0x1010101,0x1010103,0x1010a01
.4byte 0x10b0101,0xa010101,0x1010101,0x101010b,0x1010a01,0x1040101,0x1010501,0x9010101
.4byte 0x1010101,0x101010b,0x1010a01,0x10b0101,0x10b0101,0xc010101,0x101010c,0x101010b
.4byte 0x1010b01,0x1010b01,0x10b0101,0x10b0101,0x4010101,0x3010101,0x1010101,0x101010b
.4byte 0x1010a01,0x10b0101,0xa010101,0x1010101,0x101010b,0x1010104,0x1010301,0x10a0101
.4byte 0xb010101,0x1010101,0x101010a,0x1010b01,0x10a0101,0x4010101,0x1050101,0x1010101
.4byte 0x1010109,0x1010b01,0x10a0101,0xb010101,0xb010101,0x1010101,0x1010c0c,0x1010b01
.4byte 0x10b0101,0x10b0101,0xb010101,0xb010101,0x1010101,0x1010104,0x1010103,0x1010b01
.4byte 0x10a0101,0xb010101,0x1010101,0x101010a,0x1010b01,0x1010401,0x1030101,0xa010101
.4byte 0x1010101,0x101010b,0x1010a01,0x10b0101,0xa010101,0x1010101,0x5010104,0x1010101
.4byte 0x1010901,0x10b0101,0xa010101,0x1010101,0x101010b,0x101010b,0x10c0c01,0x10b0101
.4byte 0xb010101,0xb010101,0x1010101,0x101010b,0x101010b,0x1010401,0x1010301,0x10b0101
.4byte 0xa010101,0x1010101,0x101010b,0x1010a01,0x10b0101,0x1040101,0x3010101,0x1010101
.4byte 0x101010a,0x1010b01,0x10a0101,0xb010101,0x1010101,0x101010a,0x1010401,0x1010401
.4byte 0x9010101,0x1010101,0x101010b,0x1010a01,0x1080401,0x10b0101,0xc010101,0x101010c
.4byte 0x101010b,0x1010b01,0x1010b01,0x10b0101,0x10b0101,0x4010101,0x3010101,0x1010101
.4byte 0x101010b,0x1010a01,0x10b0101,0xa010101,0x1010101,0x101010b,0x1010104,0x1010301
.4byte 0x10a0101,0xb010101,0x1010101,0x101010a,0x1010b01,0x10a0101,0x4010101,0x4010101
.4byte 0x1010101,0x1010901,0x10b0101,0xa010101,0x1010101,0x101010b,0x101010b,0x10c0c01
.4byte 0x10b0101,0xb010101,0xb010101,0x1010101,0x101010b,0x101010b,0x1010401,0x1010301
.4byte 0x10b0101,0xa010101,0x1010101,0x101010b,0x1010a01,0x10b0101,0x1040101,0x3010101
.4byte 0x1010101,0x101010a,0x1010b01,0x10a0101,0xb010101,0x1010101,0x101010a,0x1010401
.4byte 0x1010401,0x9010101,0x1010101,0x101010b,0x1010a01,0x10b0101,0x10b0101,0xc010101
.4byte 0x101010c,0x101010b,0x1010b01,0x1010b01,0x10b0101,0x10b0101,0x4010101,0x3010101
.4byte 0x1010101,0x101010b,0x1010a01,0x10b0101,0xa010101,0x1010101,0x101010b,0x1010104
.4byte 0x1010301,0x10a0101,0xb010101,0x1010101,0x101010a,0x1010b01,0x10a0101,0x4010101
.4byte 0x4010101,0x1010101,0x1010901,0x10b0101,0xa010101,0x1010101,0x101010b,0x101010b
.4byte 0x10c0c01,0x10b0101,0x10c0101,0x10b0101,0xb010101,0xb010101,0x1010101,0x1010104
.4byte 0x1010103,0x1010b01,0x10a0101,0xb010101,0x1010101,0x101010a,0x1010b01,0x1010401
.4byte 0x1030101,0xa010101,0x1010101,0x101010b,0x1010a01,0x10b0101,0xa010101,0x1010101
.4byte 0x1010104,0x1010104,0x1090101,0xb010101,0x1010101,0x101010a,0x2010101,0x1010201
.4byte 0x1010102,0x101010b,0x10c0c01,0x10b0101,0xb010101,0xb010101,0x1010101,0x101010b
.4byte 0x101010b,0x1010401,0x1010301,0x10b0101,0xa010101,0x1010101,0x101010b,0x1010a01
.4byte 0x10b0101,0x1040101,0x3010101,0x1010101,0x101010a,0x1010b01,0x10a0101,0xb010101
.4byte 0x1010101,0x101010a,0x1010401,0x1010401,0x9010101,0x1010101,0x101010b,0x1010a01
.4byte 0x10b0101,0x10b0101,0xc010101,0x101010c,0x1010101,0x1010101,0x1010101,0xb010101
.4byte 0xb010101,0x1010101,0x101010b,0x101010b,0x1010401,0x1010301,0x10b0101,0xa010101
.4byte 0x1010101,0x101010b,0x1010a01,0x10b0101,0x1040101,0x3010101,0x1010101,0x101010a
.4byte 0x1010b01,0x10a0101,0xb010101,0x1010101,0x101010a,0x1010401,0x1010401,0x9010101
.4byte 0x1010101,0x101010b,0x1010a01,0x10b0101,0x1010101,0x1010101,0x1010101,0x1010101
.4byte 0x10c0c01,0x1010101,0x1010101,0x1010101,0x1010101,0x1010b01,0x1010b01,0x10b0101
.4byte 0x10b0101,0x4010101,0x1040101,0xb010101,0x1010101,0x101010a,0x1010b01,0x10a0101
.4byte 0xb010101,0x4010101,0x1010101,0x1010103,0x1010a01,0x10b0101,0xa010101,0x1010101
.4byte 0x101010b,0x1010a01,0x1040101,0x1040101,0x1010101,0x1010109,0x1010b01,0x10a0101
.4byte 0xb010101,0x1010101,0x1010101,0x1010101,0x1010101,0xc0c0101,0x1010101,0x1010101
.4byte 0x1010101,0x1010101,0x10b0101,0x10b0101,0xb010101,0xb010101,0x1010101,0x4010104
.4byte 0x1010101,0x101010b,0x1010a01,0x10b0101,0xa010101,0x1010101,0x101010b,0x1010104
.4byte 0x1010301,0x10a0101,0xb010101,0x1010101,0x101010a,0x1010b01,0x10a0101,0x4010101
.4byte 0x4010101,0x1010101,0x1010901,0x10b0101,0xa010101,0x1010101,0x101010b,0x1010101
.4byte 0x1010101,0x1010101,0xc010101,0x101010c,0x1010101,0x1010101,0x1010101,0x3010101
.4byte 0x1030201,0x1010101,0x101010b,0x1010b01,0x1010b01,0x1040101,0x1010401,0x10b0101
.4byte 0xa010101,0x1010101,0x101010b,0x1010a01,0x10b0101,0x1040101,0x3010101,0x1010101
.4byte 0x101010a,0x1010b01,0x10a0101,0xb010101,0x1010101,0x101010a,0x1010401,0x1010401
.4byte 0x9010101,0x1010101,0x101010b,0x1010a01,0x10b0101,0x1010101,0x1010101,0x1010101
.4byte 0x1010101,0x10c0c01,0x1010101,0x1010101,0x1010101,0x1010101,0x1010b01,0x1010b01
.4byte 0x10b0101,0x10b0101,0x4010101,0x1040101,0xb010101,0x1010101,0x101010a,0x1010b01
.4byte 0x10a0101,0xb010101,0x4010101,0x1010101,0x1010103,0x1010a01,0x10b0101,0xa010101
.4byte 0x1010101,0x101010b,0x1010a01,0x1040101,0x1040101,0x1010101,0x1010109,0x1010b01
.4byte 0x10a0101,0xb010101,0x1010101,0x1010101,0x1010101,0x1010101,0xc0c0101,0x1010101
.4byte 0x1010101,0x1010101,0x1010101,0x10a0101,0xb010101,0x1010101,0x101010b,0x101010b
.4byte 0x1010401,0x1010104,0x1010b01,0x10a0101,0xb010101,0x1010101,0x101010a,0x1010b01
.4byte 0x1010401,0x1030101,0xa010101,0x1010101,0x101010b,0x1010a01,0x10b0101,0xa010101
.4byte 0x1010101,0x1010104,0x1010104,0x1090101,0xb010101,0x1010101,0x101010a,0x1010b01
.4byte 0x1010101,0x1010101,0x1010101,0x1010101,0x1010c0c,0x1010101,0x1010101,0x1010101
.4byte 0x1010101,0x101010b,0x101010b,0x1010b01,0x1010b01,0x1040101,0x1010401,0x10b0101
.4byte 0xa010101,0x1010101,0x101010b,0x1010a01,0x10b0101,0x1040101,0x3010101,0x1010101
.4byte 0x101010a,0x1010b01,0x10a0101,0xb010101,0x1010101,0x101010a,0x1010401,0x1010401
.4byte 0x9010101,0x1010101,0x101010b,0x1010a01,0x10b0101,0x1010101,0x1010101,0x1010101
.4byte 0x1010101,0x10c0c01,0x1010101,0x1010101,0x1010101,0x1010101,0x1010b01,0x1010b01
.4byte 0x10b0101,0x10b0101,0x4010101,0x1040101,0xb010101,0x1010101,0x101010a,0x1010b01
.4byte 0x10a0101,0xb010101,0x4010101,0x1010101,0x1010103,0x1010a01,0x10b0101,0xa010101
.4byte 0x1010101,0x101010b,0x1010a01,0x1040101,0x1040101,0x1010101,0x1010109,0x1010b01
.4byte 0x10a0101,0x1010e01,0x1010101,0x1010101,0x1010101,0xc010101,0x101010c,0x1010101
.4byte 0x1010101,0x1010101,0x10c0101,0x10b0101,0xb010101,0xb010101,0x1010101,0x4010104
.4byte 0x1010101,0x101010b,0x1010a01,0x10b0101,0xa010101,0x1010101,0x101010b,0x1010104
.4byte 0x1010301,0x10a0101,0xb010101,0x1010101,0x101010a,0x1010b01,0x10a0101,0x4010101
.4byte 0x4010101,0x1010101,0x1010901,0x10b0101,0xa010101,0x1010101,0x101010b,0x1010101
.4byte 0x1010101,0x1010101,0xc010101,0x101010c,0x1010101,0x1010101,0x1010101,0xb010101
.4byte 0xb010101,0x1010101,0x101010b,0x101010b,0x1010401,0x36010106,0x12b0101,0x1013601
.4byte 0x1010501,0x1010401,0x9010101,0x1010101,0x101010b,0x1010a01,0x10b0101,0x1010101
.4byte 0x1010101,0x1010101,0x1010101,0x10c0c01,0x1010101,0x1010101,0x1010101,0x1010101
.4byte 0x1010b01,0x1010b01,0x10b0101,0x10a0101,0x1010101,0x6010104,0x1360101,0x1012b01
.4byte 0x1010136,0x1010105,0x1010104,0x1090101,0xb010101,0x1010101,0x101010a,0x1010b01
.4byte 0x1010101,0x1010101,0x1010101,0x1010101,0x1010c0c,0x1010101,0x1010101,0x1010101
.4byte 0x1010101,0x101010b,0x101010b,0x1010b01,0x1010a01,0x4010101,0x1040101,0xb010101
.4byte 0x1010101,0x101010a,0x1010b01,0x10a0101,0xb010101,0x4010101,0x1010101,0x1010103
.4byte 0x1010a01,0x10b0101,0xa010101,0x1010101,0x101010b,0x1010a01,0x1040101,0x1040101
.4byte 0x1010101,0x1010109,0x1010b01,0x10a0101,0xb010101,0x1010101,0x1010101,0x1010101
.4byte 0x1010101,0xc0c0101,0x1010101,0x1010101,0x1010101,0x1010101,0xb01010e,0x1010101
.4byte 0x101010b,0x101010a,0x1040101,0x1010401,0x10b0101,0xa010101,0x1010101,0x101010b
.4byte 0x1010a01,0x10b0101,0x1040101,0x3010101,0x1010101,0x101010a,0x1010b01,0x10a0101
.4byte 0xb010101,0x1010101,0x101010a,0x1010401,0x1010401,0x9010101,0x1010101,0x101010b
.4byte 0x1010a01,0x10b0101,0x1010101,0x1010101,0x1010101,0x1010101,0x10c0c01,0x1010101
.4byte 0x1010101,0x1010101,0x1010101,0x1010b01,0x1010b01,0x10b0101,0x10a0101,0x1010101
.4byte 0x4010104,0x1010101,0x101010b,0x1010a01,0x10b0101,0xa010101,0x1010101,0x101010b
.4byte 0x1010104,0x1010301,0x10a0101,0xb010101,0x1010101,0x101010a,0x1010b01,0x10a0101
.4byte 0x4010101,0x4010101,0x1010101,0x1010901,0x10b0101,0xa010101,0x1010101,0x101010b
.4byte 0x1010101,0x1010101,0x1010101,0xc010101,0x101010c,0x1010101,0x1010101,0x1010101
.4byte 0xb010101,0xb010101,0x1010101,0x101010b,0x101010a,0x1040101,0x1010401,0x10b0101
.4byte 0xa010101,0x1010101,0x101010b,0x1010a01,0x10b0101,0x1040101,0x3010101,0x1010101
.4byte 0x101010a,0x1010b01,0x10a0101,0xb010101,0x1010101,0x101010a,0x1010401,0x1010401
.4byte 0x9010101,0x1010101,0x101010b,0x1010a01,0x10b0101,0x1010101,0x1010101,0x1010101
.4byte 0x1010101,0x10c0c01,0x1010101,0x1010101,0x1010101,0x1010101,0x1010b01,0x1010b01
.4byte 0x10b0101,0x10a0101,0x1010101,0x4010104,0x1010101,0x101010b,0x1010a01,0x10b0101
.4byte 0xa010101,0x1010101,0x101010b,0x1010104,0x1010301,0x10a0101,0xb010101,0x1010101
.4byte 0x101010a,0x1010b01,0x10a0101,0x4010101,0x4010101,0x1010101,0x1010901,0x10b0101
.4byte 0xa010101,0x1010101,0x101010b,0x1010101,0x1010101,0x1010101,0xc010101,0x101010c
.4byte 0x1010101,0x1010101,0x1010101,0xb010101,0xb010101,0x1010101,0x101010b,0x101010a
.4byte 0x1040101,0x1010401,0x10b0101,0xa010101,0x1010101,0x101010b,0x1010a01,0x10b0101
.4byte 0x1040101,0x3010101,0x1010101,0x101010a,0x1010b01,0x10a0101,0xb010101,0x1010101
.4byte 0x101010a,0x1010401,0x1010401,0x9010101,0x1010101,0x101010b,0x1010a01,0x1010201
.4byte 0x1010101,0x1010101,0x1010101,0x1010101,0x1010101,0x1010101,0xc0c0101,0x1010101
.4byte 0x1010101,0x1010101,0x1010101,0x10b0101,0x10b0101,0xb010101,0xa010101,0x1010101
.4byte 0x1010401,0x1010104,0x1010b01,0x10a0101,0xb010101,0x1010101,0x101010a,0x1010b01
.4byte 0x1010401,0x1030101,0xa010101,0x1010101,0x101010b,0x1010a01,0x10b0101,0xa010101
.4byte 0x1010101,0x1010104,0x1010104,0x1090101,0xb010101,0x1010101,0x101010a,0x1010b01
.4byte 0x1010101,0x1010101,0x1010101,0x1010101,0x1010c0c,0x1010101,0x1010101,0x1010101
.4byte 0x1010101,0x101010b,0x101010b,0x1010b01,0x1010a01,0x4010101,0x1040101,0xb010101
.4byte 0x1010101,0x101010a,0x1010b01,0x10a0101,0xb010101,0x4010101,0x1010101,0x1010103
.4byte 0x1010a01,0x10b0101,0xa010101,0x1010101,0x101010b,0x1010a01,0x1040101,0x1040101
.4byte 0x1010101,0x1010109,0x1010b01,0x10a0101,0xb010101,0x1010101,0x1010101,0x1010101
.4byte 0x1010101,0xc0c0101,0x1010101,0x1010101,0x1010101,0x1010101,0x10b0101,0x10b0101
.4byte 0xb010101,0xa010101,0x1010101,0x1010401,0x1010301,0x10b0101,0xa010101,0x1010101
.4byte 0x101010b,0x1010a01,0x10b0101,0x1040101,0x3010101,0x1010101,0x101010a,0x1010b01
.4byte 0x10a0101,0xb010101,0x1010101,0x101010a,0x1010401,0x1010401,0x9010101,0x1010101
.4byte 0x101010b,0x1010a01,0x10b0101,0x1010101,0x1010101,0x1010101,0x1010101,0x10c0c01
.4byte 0x10b0101,0xb010101,0xb010101,0x1010101,0x101010b,0x101010a,0x1040101,0x1030101
.4byte 0xb010101,0x1010101,0x101010a,0x1010b01,0x10a0101,0xb010101,0x4010101,0x1010101
.4byte 0x1010103,0x1010a01,0x10b0101,0xa010101,0x1010101,0x101010b,0x1010a01,0x1040101
.4byte 0x1040101,0x1010101,0x1010109,0x1010b01,0x10a0101,0xb010101,0xb010101,0x1010101
.4byte 0x1010c0c,0x1010b01,0x6010201,0x1010101,0x10b0101,0xb010101,0xa010101,0x1010101
.4byte 0x1010401,0x1010301,0x10b0101,0xa010101,0x1010101,0x101010b,0x1010a01,0x10b0101
.4byte 0x1040101,0x3010101,0x1010101,0x101010a,0x1010b01,0x10a0101,0xb010101,0x1010101
.4byte 0x101010a,0x1010401,0x1010401,0x9010101,0x1010101,0x101010b,0x1010a01,0x10b0101
.4byte 0x10b0101,0xc010101,0x101010c,0x101010b,0x1010b01,0x1010b01,0x10b0101,0x10a0101
.4byte 0x1010101,0x1010104,0x1010103,0x1010b01,0x10a0101,0xb010101,0x1010101,0x101010a
.4byte 0x1010b01,0x1010401,0x1030101,0xa010101,0x1010101,0x101010b,0x1010a01,0x10b0101
.4byte 0xa010101,0x1010101,0x1010104,0x1010104,0x1090101,0xb010101,0x1010101,0x101010a
.4byte 0x1010b01,0x1010b01,0xc0c0101,0xb010101,0x1010101,0x101010a,0x1010b01,0x10b0101
.4byte 0x10a0101,0x1010101,0x1010104,0x1010103,0x1010b01,0x10a0101,0xb010101,0x1010101
.4byte 0x101010a,0x1010b01,0x1010401,0x1030101,0xa010101,0x1010101,0x101010b,0x1010a01
.4byte 0x10b0101,0xa010101,0x1010101,0x1010104,0x1010104,0x1090101,0xb010101,0x1010101
.4byte 0x101010a,0x1010b01,0x1010b01,0xc0c0101,0xb010101,0x1010101,0x101010b,0x101010b
.4byte 0x1010b01,0x1010a01,0x4010101,0x3010101,0x1010101,0x101010b,0x1010a01,0x10b0101
.4byte 0xa010101,0x1010101,0x101010b,0x1010104,0x1010301,0x10a0101,0xb010101,0x1010101
.4byte 0x101010a,0x1010b01,0x10a0101,0x4010101,0x4010101,0x1010101,0x1010901,0x10b0101
.4byte 0xa010101,0x1010101,0x101010b,0x101010b,0x10c0c01,0x10b0101,0x1020101,0x1010101
.4byte 0x1010101,0x1010101,0x101010b,0x1010b01,0x1010a01,0x4010101,0x3010101,0x1010101
.4byte 0x101010b,0x1010a01,0x10b0101,0xa010101,0x1010101,0x101010b,0x1010104,0x1010301
.4byte 0x10a0101,0xb010101,0x1010101,0x101010a,0x1010b01,0x10a0101,0x4010101,0x4010101
.4byte 0x1010101,0x1010901,0x10b0101,0xa010101,0x1010101,0x101010b,0x101010b,0x10c0c01
.4byte 0x10b0101,0xb010101,0xb010101,0x1010101,0x101010b,0x101010a,0x1040101,0x1030101
.4byte 0xb010101,0x1010101,0x101010a,0x1010b01,0x10a0101,0xb010101,0x4010101,0x1010101
.4byte 0x1010103,0x1010a01,0x10b0101,0xa010101,0x1010101,0x101010b,0x1010a01,0x1040101
.4byte 0x1010501,0x9010101,0x1010101,0x101010b,0x1010a01,0x10b0101,0x10b0101,0xc010101
.4byte 0x101010c,0x101010b,0x1010b01,0x1010b01,0x10b0101,0x10a0101,0x1010101,0x1010104
.4byte 0x1010103,0x1010b01,0x10a0101,0xb010101,0x1010101,0x101010a,0x1010b01,0x1010401
.4byte 0x1030101,0xa010101,0x1010101,0x101010b,0x1010a01,0x10b0101,0xa010101,0x1010101
.4byte 0x5010104,0x1010101,0x1010901,0x10b0101,0xa010101,0x1010101,0x101010b,0x101010b
.4byte 0x10c0c01,0x10b0101,0xb010101,0xb010101,0x1010101,0x101010b,0x101010a,0x1040101
.4byte 0x1030101,0xb010101,0x1010101,0x101010a,0x1010b01,0x10a0101,0xb010101,0x4010101
.4byte 0x1010101,0x1010103,0x1010a01,0x10b0101,0xa010101,0x1010101,0x101010b,0x1010a01
.4byte 0x1040101,0x1010501,0x9010101,0x1010101,0x101010b,0x1010a01,0x10b0101,0x10b0101
.4byte 0xc010101,0x101010c,0x101010b,0x1010b01,0x1010b01,0x10b0101,0x10a0101,0x1010101
.4byte 0x1010104,0x1010103,0x1010b01,0x10a0101,0xb010101,0x1010101,0x101010a,0x1010b01
.4byte 0x1010401,0x1030101,0xa010101,0x1010101,0x101010b,0x1010a01,0x10b0101,0xa010101
.4byte 0x1010101,0x5010104,0x1010101,0x1010901,0x10b0101,0xa010101,0x1010101,0x101010b
.4byte 0x101010b,0x1030c01,0x1011701,0x1c01010b,0x10a0101,0x5010101,0x9010101,0x1010101
.4byte 0x1010101,0x1010101,0x1010101,0x1010101,0x1010101,0x1010101,0x1010101,0x1010101
.4byte 0x1010101,0x1010101,0x1010101,0x1010101,0x1010101,0x1010101,0x1010101,0x1010101
.4byte 0x1040101,0x1040101,0x1010101,0x1010101,0x1010101,0x1010101,0x1010101,0x1010101
.4byte 0x1010101,0x1010101,0x1010101,0x1010101,0x1010101,0x1010101,0x1010101,0x1010101
.4byte 0x1010101,0x1010101,0x1010101,0x1090101,0x1040101,0x1010101,0x1010109,0x1011b01
.4byte 0x1601010b,0x3010101,0x17010103,0x1020101,0x1020201,0x1010101,0xa01011c,0x1010101
.4byte 0x1010105,0x1010109,0x1010101,0x1010101,0x1010101,0x1010101,0x1010101,0x1010101
.4byte 0x1010101,0x1010101,0x1010101,0x1010101,0x1010101,0x1010101,0x1010101,0x1010101
.4byte 0x1010101,0x1010101,0x4010101,0x4010101,0x1010101,0x1010101,0x1010101,0x1010101
.4byte 0x1010101,0x1010101,0x1010101,0x1010101,0x1010101,0x1010101,0x1010101,0x1010101
.4byte 0x1010101,0x1010101,0x1010101,0x1010101,0x1010101,0x9010101,0x4010101,0x1010101
.4byte 0x1010901,0x11b0101,0x1010b01,0x1010116,0x1010303,0xb010108,0x1010101,0x101010b
.4byte 0x1010101,0x1010101,0x1010101,0x1010101,0x1010101,0x1010101,0x1010101,0x1010a01
.4byte 0x4010101,0x9010101,0x1010101,0x1010101,0x1010101,0x1010101,0x1010101,0x1010101
.4byte 0x1010101,0x1010101,0x1010101,0x1010101,0x1010101,0x1010101,0x1010101,0x1010101
.4byte 0x1010101,0x1010101,0x1010101,0x1040101,0x1040101,0x1010101,0x1010101,0x1010101
.4byte 0x1010101,0x1010101,0x1010101,0x1010101,0x1010101,0x1010101,0x1010101,0x1010101
.4byte 0x1010101,0x1010101,0x1010101,0x1010101,0x1010101,0x1010101,0x1090101,0x1010501
.4byte 0x9010101,0x1010101,0x1010101,0x1010101,0x1010101,0x1010101,0x1010101,0x1010101
.4byte 0x1010101,0x1010b01,0x1010b01,0x1010108,0x1010303,0xb010108,0x1010101,0x101010b
.4byte 0x1010101,0x1010101,0x1010101,0x1010101,0x1010101,0x1010101,0x1010101,0x1010a01
.4byte 0x4010101,0x9010101,0x1010101,0x1010101,0x1010101,0x1010101,0x1010101,0x1010101
.4byte 0x1010101,0x1010101,0x1010101,0x1010101,0x1010101,0x1010101,0x1010101,0x1010101
.4byte 0x1010101,0x1010101,0x1010101,0x1040101,0x1040101,0x1010101,0x1010101,0x1010101
.4byte 0x1010101,0x1010101,0x1010101,0x1010101,0x1010101,0x1010101,0x1010101,0x1010101
.4byte 0x1010101,0x1010101,0x1010101,0x1010101,0x1010101,0x1010101,0x1090101,0x1010501
.4byte 0x9010101,0x1010101,0x1010101,0x1010101,0x1010101,0x1010101,0x1010101,0x1010101
.4byte 0x1010101,0x1010b01,0x1010b01,0x1010108,0x1010303,0xb010108,0x1010101,0x2010104
.4byte 0x1010101,0x1010101,0x1010101,0x1010101,0x1010101,0x1010101,0x1010101,0x1010101
.4byte 0xa010101,0x1010101,0x1010401,0x1010901,0x1010101,0x1010101,0x1010101,0x1010101
.4byte 0x1010101,0x1010101,0x1010101,0x1010101,0x1010101,0x1010101,0x1010101,0x1010101
.4byte 0x1010101,0x1010101,0x1010101,0x1010101,0x1010101,0x1010104,0x1010104,0x1010101
.4byte 0x1010101,0x1010101,0x1010101,0x1010101,0x1010101,0x1010101,0x1010101,0x1010101
.4byte 0x1010101,0x1010101,0x1010101,0x1010101,0x1010101,0x1010101,0x1010101,0x1010101
.4byte 0x5010109,0x1010101,0x1010901,0x1010101,0x1010101,0x1010101,0x1010101,0x1010101
.4byte 0x1010101,0x1010101,0xb010101,0xb010101,0x1080101,0x3030101,0x1080101,0x1010b01
.4byte 0x10a0101,0x1010101,0x1010101,0x1010101,0x1010101,0x1010101,0x1010101,0x1010101
.4byte 0x1010101,0x101010a,0x1040101,0x1090101,0x1010101,0x1010101,0x1010101,0x1010101
.4byte 0x1010101,0x1010101,0x1010101,0x1010101,0x1010101,0x1010101,0x1010101,0x1010101
.4byte 0x1010101,0x1010101,0x1010101,0x1010101,0x1010101,0x1010401,0x1010401,0x1010101
.4byte 0x1010101,0x1010101,0x1010101,0x1010101,0x1010101,0x1010101,0x1010101,0x1010101
.4byte 0x1010101,0x1010101,0x1010101,0x1010101,0x1010101,0x1010101,0x1010101,0x1010101
.4byte 0x1010901,0x1010105,0x1090101,0x1010101,0x1010101,0x1010101,0x1010101,0x1010101
.4byte 0x1010101,0x1010101,0x1010101,0x101010b,0x801010b,0x3010101,0x8010103,0x10b0101
.4byte 0xa010101,0x1010101,0x1010101,0x1010101,0x1010101,0x1010101,0x1010101,0x1010101
.4byte 0x1010101,0x1010a01,0x4010101,0x9010101,0x1010101,0x1010101,0x1010101,0x1010101
.4byte 0x1010101,0x1010101,0x1010101,0x1010101,0x1010101,0x1010101,0x1010101,0x1010101
.4byte 0x1010101,0x1010101,0x1010101,0x1010101,0x1010101,0x1040101,0x1040101,0x1010101
.4byte 0x1010101,0x1010101,0x1010101,0x1010101,0x1010101,0x1010101,0x1010101,0x1010101
.4byte 0x1010101,0x1010101,0x1010101,0x1010101,0x1010101,0x1010101,0x1010101,0x1010101
.4byte 0x1080101,0x1050101,0x1010101,0x1010109,0x1010101,0x1010101,0x1010101,0x1010101
.4byte 0x1010101,0x1010101,0x1010101,0x10b0101,0x10b0101,0x1010801,0x1030301,0x1010801
.4byte 0x101010b,0x1010b01,0x1010101,0x1010101,0x1010101,0x1010101,0x1010101,0x1010101
.4byte 0x1010101,0x10a0101,0x1010101,0x1010104,0x1010109,0x1010101,0x1010101,0x1010101
.4byte 0x1010101,0x1010101,0x1010101,0x1010101,0x1010101,0x1010101,0x1010101,0x1010101
.4byte 0x1010101,0x1010101,0x1010101,0x1010101,0x1010101,0x4010101,0x4010101,0x1010101
.4byte 0x1010101,0x1010101,0x1010101,0x1010101,0x1010101,0x1010101,0x1010101,0x1010101
.4byte 0x1010101,0x1010101,0x1010101,0x1010101,0x1010101,0x1010101,0x1010101,0x1010101
.4byte 0x8010101,0x5010101,0x1010101,0x1010901,0x1010101,0x1010101,0x1010101,0x1010101
.4byte 0x1010101,0x1010101,0x1010101,0x8040101,0xb010101,0x1080101,0x3030101,0x1080101
.4byte 0x1010b01,0x10b0101,0x1010101,0x1010101,0x1010101,0x1010101,0x1010101,0x1010101
.4byte 0x1010101,0xa010101,0x1010101,0x1010401,0x1010901,0x1010101,0x1010101,0x1010101
.4byte 0x1010101,0x1010101,0x1010101,0x1010101,0x1010101,0x1010101,0x1010101,0x1010101
.4byte 0x1010101,0x1010101,0x1010101,0x1010101,0x1010101,0x1010101,0x1010104,0x1010104
.4byte 0x1010101,0x1010101,0x1010101,0x1010101,0x1010101,0x1010101,0x1010101,0x1010101
.4byte 0x1010101,0x1010101,0x1010101,0x1010101,0x1010101,0x1010101,0x1010101,0x1010101
.4byte 0x1010101,0x1010108,0x1010105,0x1090101,0x1010101,0x1010101,0x1010101,0x1010101
.4byte 0x1010101,0x1010101,0x1010101,0x1010101,0x101010b,0x801010b,0x3010101,0x8010103
.4byte 0x10b0101,0xa010101,0x1010101,0x1010101,0x1010101,0x1010101,0x1010101,0x1010101
.4byte 0x1010101,0x1010101,0x1010a01,0x4010101,0x9010101,0x1010101,0x1010101,0x1010101
.4byte 0x1010101,0x1010101,0x1010101,0x1010101,0x1010101,0x1010101,0x1010101,0x1010101
.4byte 0x1010101,0x1010101,0x1010101,0x1010101,0x1010101,0x1010101,0x1040101,0x1040101
.4byte 0x1010101,0x1010101,0x1010101,0x1010101,0x1010101,0x1010101,0x1010101,0x1010101
.4byte 0x1010101,0x1010101,0x1010101,0x1010101,0x1010101,0x1010101,0x1010101,0x1010101
.4byte 0x1010101,0x1080101,0x1050101,0x1010101,0x1010109,0x1010101,0x1010101,0x1010101
.4byte 0x1010101,0x1010101,0x1010101,0x1010101,0x10b0101,0x10b0101,0x1010801,0x1030301
.4byte 0x1010801,0x101010b,0x1010b01,0x1010101,0x1010101,0x1010101,0x1010101,0x1010101
.4byte 0x1010101,0x1010101,0x10a0101,0x1010101,0x9010105,0x1010101,0x1010101,0x1010101
.4byte 0x1010101,0x1010101,0x1010101,0x1010101,0x1010101,0x1010101,0x1010101,0x1010101
.4byte 0x1010101,0x1010101,0x1010101,0x1010101,0x1010101,0x1010101,0x1040101,0x1040101
.4byte 0x1010101,0x1010101,0x1010101,0x1010101,0x1010101,0x1010101,0x1010101,0x1010101
.4byte 0x1010101,0x1010101,0x1010101,0x1010101,0x1010101,0x1010101,0x1010101,0x1010101
.4byte 0x1010101,0x1080101,0x1050101,0x1010101,0x1010109,0x1010101,0x1010101,0x1010101
.4byte 0x1010101,0x1010101,0x1010101,0x1010101,0x10b0101,0x10b0101,0x1010801,0x1030301
.4byte 0x1010801,0x101010b,0x1010b01,0x1010101,0x1010101,0x1010101,0x1010101,0x1010101
.4byte 0x1010101,0x1010101,0x10a0101,0x1010101,0x9010105,0x1010101,0x1010101,0x1010101
.4byte 0x1010101,0x1010101,0x1010101,0x1010101,0x1010101,0x1010101,0x1010101,0x1010101
.4byte 0x1010101,0x1010101,0x1010101,0x1010101,0x1010101,0x1010101,0x1040101,0x1040101
.4byte 0x1010101,0x1010101,0x1010101,0x1010101,0x1010101,0x1010101,0x1010101,0x1010101
.4byte 0x1010101,0x1010101,0x1010101,0x1010101,0x1010101,0x1010101,0x1010101,0x1010101
.4byte 0x1010101,0x1080101,0x1050101,0x1010101,0x1010109,0x1010101,0x1010101,0x1010101
.4byte 0x1010101,0x1010101,0x1010101,0x1010101,0x10b0101,0x10b0101,0x1010801,0x1030301
.4byte 0x1010801,0x101010b,0x1010b01,0x1010101,0x1010101,0x1010101,0x1010101,0x1010101
.4byte 0x1010101,0x1010101,0x10a0101,0x1010101,0x9010105,0x1010101,0x1010101,0x1010101
.4byte 0x1010101,0x1010101,0x1010101,0x1010101,0x1010101,0x1010101,0x1010101,0x1010101
.4byte 0x1010101,0x1010101,0x1010101,0x1010101,0x1010101,0x1010101,0x1040101,0x1040101
.4byte 0x1010101,0x1010101,0x1010101,0x1010101,0x1010101,0x1010101,0x1010101,0x1010101
.4byte 0x1010101,0x1010101,0x1010101,0x1010101,0x1010101,0x1010101,0x1010101,0x1010101
.4byte 0x1010101,0x1080101,0x1050101,0x1010101,0x1010109,0x1010101,0x1010101,0x1010101
.4byte 0x1010101,0x1010101,0x1010101,0x1010101,0x10b0101,0x10b0101,0x1010801,0x1030301
.4byte 0x1010801,0x101010b,0x1010b01,0x1010101,0x1010101,0x1010101,0x1010101,0x1010101
.4byte 0x1010101,0x1010101,0x10a0101,0x1010101,0x9010105,0x1010101,0x1010101,0x1010101
.4byte 0x1010101,0x1010101,0x1010101,0x1010101,0x1010101,0x1010101,0x1010101,0x1010101
.4byte 0x1010101,0x1010101,0x1010101,0x1010101,0x1010101,0x1010101,0x1040101,0x1040101
.4byte 0x1010101,0x1010101,0x1010101,0x1010101,0x1010101,0x1010101,0x1010101,0x1010101
.4byte 0x1010101,0x1010101,0x1010101,0x1010101,0x1010101,0x1010101,0x1010101,0x1010101
.4byte 0x1010101,0x1080101,0x1050101,0x1010101,0x1010109,0x1010101,0x1010101,0x1010101
.4byte 0x1010101,0x1010101,0x1010101,0x1010101,0x10b0101,0x10b0101,0x1010801,0x1030301
.4byte 0x1010801,0x101010b,0x1010b01,0x1010101,0x1010101,0x1010101,0x1010101,0x1010101
.4byte 0x1010101,0x1010101,0x10a0101,0x1010101,0x9010105,0x1010101,0x1010101,0x1010101
.4byte 0x1010101,0x1010101,0x1010101,0x1010101,0x1010101,0x1010101,0x1010101,0x1010101
.4byte 0x1010101,0x1010101,0x1010101,0x1010101,0x1010101,0x1010101,0x1040101,0x1040101
.4byte 0x1010101,0x1010101,0x1010101,0x1010101,0x1010101,0x1010101,0x1010101,0x1010101
.4byte 0x1010101,0x1010101,0x1010101,0x1010101,0x1010101,0x1010101,0x1010101,0x1010101
.4byte 0x1010101,0x1080101,0x1050101,0x1010101,0x1010109,0x1010101,0x1010101,0x1010101
.4byte 0x1010101,0x1010101,0x1010101,0x1010101,0x1020101,0x1020102,0x1010102,0x801010b
.4byte 0x3010101,0x8010103,0x10b0101,0x10c0101,0x1010101,0x1010101,0x1010101,0x1010101
.4byte 0x1010101,0x1010101,0x1010101,0xa010101,0x1010101,0x1010501,0x1010109,0x1010101
.4byte 0x1010101,0x1010101,0x1010101,0x1010101,0x1010101,0x1010101,0x1010101,0x1010101
.4byte 0x1010101,0x1010101,0x1010101,0x1010101,0x1010101,0x1010101,0x1010101,0x4010101
.4byte 0x4010101,0x1010101,0x1010101,0x1010101,0x1010101,0x1010101,0x1010101,0x1010101
.4byte 0x1010101,0x1010101,0x1010101,0x1010101,0x1010101,0x1010101,0x1010101,0x1010101
.4byte 0x1010101,0x1010101,0x8010101,0x5010101,0x1010101,0x1010901,0x1010101,0x1010101
.4byte 0x1010101,0x1010101,0x1010101,0x1010101,0x1010101,0xb010101,0xb010101,0x1080101
.4byte 0x3030101,0x1080101,0x1010b01,0x10b0101,0x1010101,0x1010101,0x1010101,0x1010101
.4byte 0x1010101,0x1010101,0x1010101,0xa010101,0x1010101,0x1010501,0x1010109,0x1010101
.4byte 0x1010101,0x1010101,0x1010101,0x1010101,0x1010101,0x1010101,0x1010101,0x1010101
.4byte 0x1010101,0x1010101,0x1010101,0x1010101,0x1010101,0x1010101,0x1010101,0x4010101
.4byte 0x4010101,0x1010101,0x1010101,0x1010101,0x1010101,0x1010101,0x1010101,0x1010101
.4byte 0x1010101,0x1010101,0x1010101,0x1010101,0x1010101,0x1010101,0x1010101,0x1010101
.4byte 0x1010101,0x1010101,0x8010101,0x5010101,0x1010101,0x1010901,0x1010101,0x1010101
.4byte 0x1010101,0x1010101,0x1010101,0x1010101,0x1010101,0xb010101,0xb010101,0x1080101
.4byte 0x3030101,0x1080101,0x1010b01,0x10b0101,0x1010101,0x1010101,0x1010101,0x1010101
.4byte 0x1010101,0x1010101,0x1010101,0xa010101,0x1010101,0x1010501,0x1010109,0x1010101
.4byte 0x1010101,0x1010101,0x1010101,0x1010101,0x1010101,0x1010101,0x1010101,0x1010101
.4byte 0x1010101,0x1010101,0x1010101,0x1010101,0x1010101,0x1010101,0x1010101,0x4010101
.4byte 0x4010101,0x1010101,0x1010101,0x1010101,0x1010101,0x1010101,0x1010101,0x1010101
.4byte 0x1010101,0x1010101,0x1010101,0x1010101,0x1010101,0x1010101,0x1010101,0x1010101
.4byte 0x1010101,0x1010101,0x8010101,0x5010101,0x1010101,0x1010901,0x1010101,0x1010101
.4byte 0x1010101,0x1010101,0x1010101,0x1010101,0x1010101,0x1010101,0x1040101,0x1010103
.4byte 0x801010b,0x3010101,0x8010103,0x10b0101,0xb010101,0x1010101,0x1010101,0x1010101
.4byte 0x1010101,0x1010101,0x1010101,0x1010101,0x1010101,0x101010a,0x1050101,0x1010901
.4byte 0x1010101,0x1010101,0x1010101,0x1010101,0x1010101,0x1010101,0x1010101,0x1010101
.4byte 0x1010101,0x1010101,0x1010101,0x1010101,0x1010101,0x1010101,0x1010101,0x1010101
.4byte 0x1010101,0x1010104,0x1010104,0x1010101,0x1010101,0x1010101,0x1010101,0x1010101
.4byte 0x1010101,0x1010101,0x1010101,0x1010101,0x1010101,0x1010101,0x1010101,0x1010101
.4byte 0x1010101,0x1010101,0x1010101,0x1010101,0x1010108,0x1010105,0x1090101,0x1010101
.4byte 0x1010101,0x1010101,0x1010101,0x1010101,0x1010101,0x1010101,0x1010101,0x1020101
.4byte 0x2010102,0xb010101,0x1080101,0x3030101,0x1080101,0x1010b01,0x1010c01,0x1010101
.4byte 0x1010101,0x1010101,0x1010101,0x1010101,0x1010101,0x1010101,0x10a0101,0x1010101
.4byte 0x9010105,0x1010101,0x1010101,0x1010101,0x1010101,0x1010101,0x1010101,0x1010101
.4byte 0x1010101,0x1010101,0x1010101,0x1010101,0x1010101,0x1010101,0x1010101,0x1010101
.4byte 0x1010101,0x1010101,0x1040101,0x1040101,0x1010101,0x1010101,0x1010101,0x1010101
.4byte 0x1010101,0x1010101,0x1010101,0x1010101,0x1010101,0x1010101,0x1010101,0x1010101
.4byte 0x1010101,0x1010101,0x1010101,0x1010101,0x1010101,0x1080101,0x1050101,0x1010101
.4byte 0x1010109,0x1010101,0x1010101,0x1010101,0x1010101,0x1010101,0x1010101,0x1010101
.4byte 0x10b0101,0x10b0101,0x1010801,0x1030301,0x1010801,0x101010b,0x1010b01,0x1010101
.4byte 0x1010101,0x1010101,0x1010101,0x1010101,0x1010101,0x1010101,0x10a0101,0x1010101
.4byte 0x1010105,0x1010108,0x1010101,0x1010101,0x1010101,0x1010101,0x1010101,0x1010101
.4byte 0x1010101,0x1010101,0x1010101,0x1010101,0x1010101,0x1010101,0x1010101,0x1010101
.4byte 0x1010101,0x1010101,0x4010101,0x4010101,0x1010101,0x1010101,0x1010101,0x1010101
.4byte 0x1010101,0x1010101,0x1010101,0x1010101,0x1010101,0x1010101,0x1010101,0x1010101
.4byte 0x1010101,0x1010101,0x1010101,0x1010101,0x1010101,0x8010101,0x5010101,0x1010101
.4byte 0x1010901,0x1010101,0x1010101,0x1010101,0x1010101,0x1010101,0x1010101,0x1010101
.4byte 0xb010101,0xb010101,0x1080101,0x3030101,0x1080101,0x1010b01,0x10a0101,0x1010101
.4byte 0x1010101,0x1010101,0x1010101,0x1010101,0x1010101,0x1010101,0x1010101,0x101010a
.4byte 0x1050101,0x1080101,0x1010101,0x1010101,0x1010101,0x1010101,0x1010101,0x1010101
.4byte 0x1010101,0x1010101,0x1010101,0x1010101,0x1010101,0x1010101,0x1010101,0x1010101
.4byte 0x1010101,0x1010101,0x1010101,0x1010401,0x1010401,0x1010101,0x1010101,0x1010101
.4byte 0x1010101,0x1010101,0x1010101,0x1010101,0x1010101,0x1010101,0x1010101,0x1010101
.4byte 0x1010101,0x1010101,0x1010101,0x1010101,0x1010101,0x1010101,0x1010801,0x1010106
.4byte 0x1090101,0x1010101,0x1010101,0x1010101,0x1010101,0x1010101,0x1010101,0x1010101
.4byte 0x1010101,0x101010b,0x801010b,0x3010101,0x8010103,0x10b0101,0x3010101,0x2010201
.4byte 0x1010101,0x1010101,0x1010101,0x1010101,0x1010101,0x1010101,0x1010101,0x1010101
.4byte 0x10a0101,0x1010101,0x1010105,0x1010108,0x1010101,0x1010101,0x1010101,0x1010101
.4byte 0x1010101,0x1010101,0x1010101,0x1010101,0x1010101,0x1010101,0x1010101,0x1010101
.4byte 0x1010101,0x1010101,0x1010101,0x1010101,0x4010101,0x4010101,0x1010101,0x1010101
.4byte 0x1010101,0x1010101,0x1010101,0x1010101,0x1010101,0x1010101,0x1010101,0x1010101
.4byte 0x1010101,0x1010101,0x1010101,0x1010101,0x1010101,0x1010101,0x1010101,0x8010101
.4byte 0x1060101,0x1010101,0x1010109,0x1010101,0x1010101,0x1010101,0x1010101,0x1010101
.4byte 0x1010101,0x1010101,0x10b0101,0x10b0101,0x1010801,0x1030301,0x1010801,0x101010b
.4byte 0x2010101,0x1020102,0x1010101,0x1010101,0x1010101,0x1010101,0x1010101,0x1010101
.4byte 0x1010101,0x1010101,0x1010a01,0x5010101,0x8010101,0x1010101,0x1010101,0x1010101
.4byte 0x1010101,0x1010101,0x1010101,0x1010101,0x1010101,0x1010101,0x1010101,0x1010101
.4byte 0x1010101,0x1010101,0x1010101,0x1010101,0x1010101,0x1010101,0x1040101,0x1040101
.4byte 0x1010101,0x1010101,0x1010101,0x1010101,0x1010101,0x1010101,0x1010101,0x1010101
.4byte 0x1010101,0x1010101,0x1010101,0x1010101,0x1010101,0x1010101,0x1010101,0x1010101
.4byte 0x1010101,0x1080101,0x1010601,0x9010101,0x1010101,0x1010101,0x1010101,0x1010101
.4byte 0x1010101,0x1010101,0x1010101,0x1010101,0x1010101,0x1030104,0x10b0101,0x1010801
.4byte 0x1030301,0x1010801,0x101010b,0x1010b01,0x1010101,0x1010101,0x1010101,0x1010101
.4byte 0x1010101,0x1010101,0x1010101,0x10a0101,0x1010101,0x1010105,0x1010108,0x1010101
.4byte 0x1010101,0x1010101,0x1010101,0x1010101,0x1010101,0x1010101,0x1010101,0x1010101
.4byte 0x1010101,0x1010101,0x1010101,0x1010101,0x1010101,0x1010101,0x1010101,0x4010101
.4byte 0x4010101,0x1010101,0x1010101,0x1010101,0x1010101,0x1010101,0x1010101,0x1010101
.4byte 0x1010101,0x1010101,0x1010101,0x1010101,0x1010101,0x1010101,0x1010101,0x1010101
.4byte 0x1010101,0x1010101,0x8010101,0x1060101,0x1010101,0x1010109,0x1010101,0x1010101
.4byte 0x1010101,0x1010101,0x1010101,0x1010101,0x1010101,0x1010d01,0x801010b,0x3010101
.4byte 0x8010103,0x10b0101,0xb010101,0x1010101,0x1010101,0x1010101,0x1010101,0x1010101
.4byte 0x1010101,0x1010101,0x1010101,0x101010a,0x1050101,0x1080101,0x1010101,0x1010101
.4byte 0x1010101,0x1010101,0x1010101,0x1010101,0x1010101,0x1010101,0x1010101,0x1010101
.4byte 0x1010101,0x1010101,0x1010101,0x1010101,0x1010101,0x1010101,0x1010101,0x1010401
.4byte 0x1010401,0x1010101,0x1010101,0x1010101,0x1010101,0x1010101,0x1010101,0x1010101
.4byte 0x1010101,0x1010101,0x1010101,0x1010101,0x1010101,0x1010101,0x1010101,0x1010101
.4byte 0x1010101,0x1010101,0x1010801,0x1010106,0x1090101,0x1010101,0x1010101,0x1010101
.4byte 0x1010101,0x1010101,0x1010101,0x1010101,0x1010101,0x1010202,0x1010101,0x1010101
.4byte 0x801010b,0x3010101,0x8010103,0x10b0101,0x2020101,0x1030201,0x1010101,0x1010101
.4byte 0x1010101,0x1010101,0x1010101,0x1010101,0x1010101,0x1010101,0x1010a01,0x5010101
.4byte 0x8010101,0x1010101,0x1010101,0x1010101,0x1010101,0x1010101,0x1010101,0x1010101
.4byte 0x1010101,0x1010101,0x1010101,0x1010101,0x1010101,0x1010101,0x1010101,0x1010101
.4byte 0x1010101,0x1010101,0x1040101,0x1040101,0x1010101,0x1010101,0x1010101,0x1010101
.4byte 0x1010101,0x1010101,0x1010101,0x1010101,0x1010101,0x1010101,0x1010101,0x1010101
.4byte 0x1010101,0x1010101,0x1010101,0x1010101,0x1010101,0x1070101,0x1060101,0x1010101
.4byte 0x1010109,0x1010101,0x1010101,0x1010101,0x1010101,0x1010101,0x1010101,0x1010101
.4byte 0x1020101,0x1020102,0x1010102,0x801010b,0x3010101,0x8010103,0x10b0101,0x2020101
.4byte 0x1030201,0x1010101,0x1010101,0x1010101,0x1010101,0x1010101,0x1010101,0x1010101
.4byte 0x1010101,0x1010a01,0x5010101,0x8010101,0x1010101,0x1010101,0x1010101,0x1010101
.4byte 0x1010101,0x1010101,0x1010101,0x1010101,0x1010101,0x1010101,0x1010101,0x1010101
.4byte 0x1010101,0x1010101,0x1010101,0x1010101,0x1010101,0x1040101,0x1040101,0x1010101
.4byte 0x1010101,0x1010101,0x1010101,0x1010101,0x1010101,0x1010101,0x1010101,0x1010101
.4byte 0x1010101,0x1010101,0x1010101,0x1010101,0x1010101,0x1010101,0x1010101,0x1010101
.4byte 0x1070101,0x1060101,0x1010101,0x1010109,0x1010101,0x1010101,0x1010101,0x1010101
.4byte 0x1010101,0x1010101,0x1010101,0x10b0101,0x10b0101,0x1010801,0x1030301,0x1010801
.4byte 0x101010b,0x1010b01,0x1010101,0x1010101,0x1010101,0x1010101,0x1010101,0x1010101
.4byte 0x1010101,0x10a0101,0x1010101,0x1010105,0x1010108,0x1010101,0x1010101,0x1010101
.4byte 0x1010101,0x1010101,0x1010101,0x1010101,0x1010101,0x1010101,0x1010101,0x1010101
.4byte 0x1010101,0x1010101,0x1010101,0x1010101,0x1010101,0x4010101,0x4010101,0x1010101
.4byte 0x1010101,0x1010101,0x1010101,0x1010101,0x1010101,0x1010101,0x1010101,0x1010101
.4byte 0x1010101,0x1010101,0x1010101,0x1010101,0x1010101,0x1010101,0x1010101,0x1010101
.4byte 0x7010101,0x6010101,0x1010101,0x1010901,0x1010101,0x1010101,0x1010101,0x1010101
.4byte 0x1010101,0x1010101,0x1010101,0xb010101,0xb010101,0x1080101,0x3030101,0x1080101
.4byte 0x1010b01,0x10b0101,0x1010101,0x1010101,0x1010101,0x1010101,0x1010101,0x1010101
.4byte 0x1010101,0xa010101,0x1010101,0x1010601,0x1010108,0x1010101,0x1010101,0x1010101
.4byte 0x1010101,0x1010101,0x1010101,0x1010101,0x1010101,0x1010101,0x1010101,0x1010101
.4byte 0x1010101,0x1010101,0x1010101,0x1010101,0x1010101,0x4010101,0x4010101,0x1010101
.4byte 0x1010101,0x1010101,0x1010101,0x1010101,0x1010101,0x1010101,0x1010101,0x1010101
.4byte 0x1010101,0x1010101,0x1010101,0x1010101,0x1010101,0x1010101,0x1010101,0x1010101
.4byte 0x7010101,0x6010101,0x1010101,0x1010901,0x1010101,0x1010101,0x1010101,0x1010101
.4byte 0x1010101,0x1010101,0x1010101,0xb010101,0xb010101,0x1080101,0x3030101,0x1080101
.4byte 0x1010b01,0x1010c01,0x1010101,0x1010101,0x1010101,0x1010101,0x1010101,0x1010101
.4byte 0x1010101,0x10a0101,0x1010101,0x8010106,0x1010101,0x1010101,0x1010101,0x1010101
.4byte 0x1010101,0x1010101,0x1010101,0x1010101,0x1010101,0x1010101,0x1010101,0x1010101
.4byte 0x1010101,0x1010101,0x1010101,0x1010101,0x1010101,0x1040101,0x1040101,0x1010101
.4byte 0x1010101,0x1010101,0x1010101,0x1010101,0x1010101,0x1010101,0x1010101,0x1010101
.4byte 0x1010101,0x1010101,0x1010101,0x1010101,0x1010101,0x1010101,0x1010101,0x1010101
.4byte 0x1070101,0x1060101,0x1010101,0x1010109,0x1010101,0x1010101,0x1010101,0x1010101
.4byte 0x1010101,0x1010101,0x1010101,0x1010c01,0x1010b01,0x1010108,0x1010303,0xb010108
.4byte 0x1010101,0x1010102,0x1010102,0x1010101,0x1010101,0x1010101,0x1010101,0x1010101
.4byte 0x1010101,0x1010101,0x1010101,0x1010a01,0x6010101,0x1080101,0x1010101,0x1010101
.4byte 0x1010101,0x1010101,0x1010101,0x1010101,0x1010101,0x1010101,0x1010101,0x1010101
.4byte 0x1010101,0x1010101,0x1010101,0x1010101,0x1010101,0x1010101,0x1010101,0x1010401
.4byte 0x1010401,0x1010101,0x1010101,0x1010101,0x1010101,0x1010101,0x1010101,0x1010101
.4byte 0x1010101,0x1010101,0x1010101,0x1010101,0x1010101,0x1010101,0x1010101,0x1010101
.4byte 0x1010101,0x1010101,0x1010701,0x1010601,0x9010101,0x1010101,0x1010101,0x1010101
.4byte 0x1010101,0x1010101,0x1010101,0x1010101,0x1010101,0x1010b01,0x1010b01,0x1010108
.4byte 0x1010303,0xb010108,0x1010101,0x101010a,0x1010101,0x1010101,0x1010101,0x1010101
.4byte 0x1010101,0x1010101,0x1010101,0x10a0101,0x1010101,0x8010106,0x1010101,0x1010101
.4byte 0x1010101,0x1010101,0x1010101,0x1010101,0x1010101,0x1010101,0x1010101,0x1010101
.4byte 0x1010101,0x1010101,0x1010101,0x1010101,0x1010101,0x1010101,0x1010101,0x1040101
.4byte 0x1040101,0x1010101,0x1010101,0x1010101,0x1010101,0x1010101,0x1010101,0x1010101
.4byte 0x1010101,0x1010101,0x1010101,0x1010101,0x1010101,0x1010101,0x1010101,0x1010101
.4byte 0x1010101,0x1010101,0x1070101,0x1060101,0x1010101,0x1010109,0x1010101,0x1010101
.4byte 0x1010101,0x1010101,0x1010101,0x1010101,0x1010101,0x10b0101,0x10b0101,0x1010801
.4byte 0x1030301,0x1010801,0x101010b,0x1010b01,0x1010101,0x1010101,0x1010101,0x1010101
.4byte 0x1010101,0x1010101,0x1010101,0x10a0101,0x1010101,0x8010106,0x1010101,0x1010101
.4byte 0x1010101,0x1010101,0x1010101,0x1010101,0x1010101,0x1010101,0x1010101,0x1010101
.4byte 0x1010101,0x1010101,0x1010101,0x1010101,0x1010101,0x1010101,0x1010101,0x1040101
.4byte 0x1040101,0x1010101,0x1010101,0x1010101,0x1010101,0x1010101,0x1010101,0x1010101
.4byte 0x1010101,0x1010101,0x1010101,0x1010101,0x1010101,0x1010101,0x1010101,0x1010101
.4byte 0x1010101,0x1010101,0x1070101,0x1060101,0x1010101,0x1010109,0x1010101,0x1010101
.4byte 0x1010101,0x1010101,0x1010101,0x1010101,0x1010101,0x10b0101,0x10b0101,0x1010801
.4byte 0x1030301,0x1010801,0x101010b,0x1010b01,0x1010101,0x1010101,0x1010101,0x1010101
.4byte 0x1010101,0x1010101,0x1010101,0x10a0101,0x1010101,0x8010106,0x1010101,0x1010101
.4byte 0x1010101,0x1010101,0x1010101,0x1010101,0x1010101,0x1010101,0x1010101,0x1010101
.4byte 0x1010101,0x1010101,0x1010101,0x1010101,0x1010101,0x1010101,0x1010101,0x1040101
.4byte 0x1040101,0x1010101,0x1010101,0x1010101,0x1010101,0x1010101,0x1010101,0x1010101
.4byte 0x1010101,0x1010101,0x1010101,0x1010101,0x1010101,0x1010101,0x1010101,0x1010101
.4byte 0x1010101,0x1010101,0x1070101,0x1060101,0x1010101,0x1010109,0x1010101,0x1010101
.4byte 0x1010101,0x1010101,0x1010101,0x1010101,0x1010101,0x10b0101,0x10b0101,0x1010801
.4byte 0x1030301,0x1010801,0x101010b,0x1010b01,0x1010101,0x1010101,0x1010101,0x1010101
.4byte 0x1010101,0x1010101,0x1010101,0x10a0101,0x1010101,0x1010106,0x1010107,0x1010101
.4byte 0x1010101,0x1010101,0x1010101,0x1010101,0x1010101,0x1010101,0x1010101,0x1010101
.4byte 0x1010101,0x1010101,0x1010101,0x1010101,0x1010101,0x1010101,0x1010101,0x4010101
.4byte 0x4010101,0x1010101,0x1010101,0x1010101,0x1010101,0x1010101,0x1010101,0x1010101
.4byte 0x1010101,0x1010101,0x1010101,0x1010101,0x1010101,0x1010101,0x1010101,0x1010101
.4byte 0x1010101,0x1010101,0x7010101,0x6010101,0x1010101,0x1010901,0x1010101,0x1010101
.4byte 0x1010101,0x1010101,0x1010101,0x1010101,0x1010101,0xb010101,0xb010101,0x1080101
.4byte 0x3030101,0x1080101,0x1010b01,0x10b0101,0x1010101,0x1010101,0x1010101,0x1010101
.4byte 0x1010101,0x1010101,0x1010101,0xa010101,0x1010101,0x1010601,0x1010701,0x1010101
.4byte 0x1010101,0x1010101,0x1010101,0x1010101,0x1010101,0x1010101,0x1010101,0x1010101
.4byte 0x1010101,0x1010101,0x1010101,0x1010101,0x1010101,0x1010101,0x1010101,0x1010101
.4byte 0x1010104,0x1010104,0x1010101,0x1010101,0x1010101,0x1010101,0x1010101,0x1010101
.4byte 0x1010101,0x1010101,0x1010101,0x1010101,0x1010101,0x1010101,0x1010101,0x1010101
.4byte 0x1010101,0x1010101,0x1010101,0x7010107,0x1010101,0x1010901,0x1010101,0x1010101
.4byte 0x1010101,0x1010101,0x1010101,0x1010101,0x1010101,0xb010101,0xb010101,0x1080101
.4byte 0x3030101,0x1080101,0x1010b01,0x1010101,0x2010202,0x1010101,0x1010101,0x1010101
.4byte 0x1010101,0x1010101,0x1010101,0x1010101,0x1010101,0x10a0101,0x1010101,0x1010106
.4byte 0x1010107,0x1010101,0x1010101,0x1010101,0x1010101,0x1010101,0x1010101,0x1010101
.4byte 0x1010101,0x1010101,0x1010101,0x1010101,0x1010101,0x1010101,0x1010101,0x1010101
.4byte 0x1010101,0x4010101,0x4010101,0x1010101,0x1010101,0x1010101,0x1010101,0x1010101
.4byte 0x1010101,0x1010101,0x1010101,0x1010101,0x1010101,0x1010101,0x1010101,0x1010101
.4byte 0x1010101,0x1010101,0x1010101,0x1010101,0x7010101,0x1070101,0x1010101,0x1010109
.4byte 0x1010101,0x1010101,0x1010101,0x1010101,0x1010101,0x1010101,0x1010101,0x1010d01
.4byte 0x801010b,0x3010101,0x8010103,0x10b0101,0xa010101,0x1010101,0x1010101,0x1010101
.4byte 0x1010101,0x1010101,0x1010101,0x1010101,0x1010101,0x1010a01,0x6010101,0x7010101
.4byte 0x1010101,0x1010101,0x1010101,0x1010101,0x1010101,0x1010101,0x1010101,0x1010101
.4byte 0x1010101,0x1010101,0x1010101,0x1010101,0x1010101,0x1010101,0x1010101,0x1010101
.4byte 0x1010101,0x1040101,0x1040101,0x1010101,0x1010101,0x1010101,0x1010101,0x1010101
.4byte 0x1010101,0x1010101,0x1010101,0x1010101,0x1010101,0x1010101,0x1010101,0x1010101
.4byte 0x1010101,0x1010101,0x1010101,0x1010101,0x1070101,0x1010701,0x9010101,0x1010101
.4byte 0x1010101,0x1010101,0x1010101,0x1010101,0x1010101,0x1010101,0x1010101,0x1010b01
.4byte 0x1010b01,0x1010108,0x1010303,0xb010108,0x1010101,0x101010a,0x1010101,0x1010101
.4byte 0x1010101,0x1010101,0x1010101,0x1010101,0x1010101,0x10a0101,0x1010101,0x1010106
.4byte 0x1010107,0x1010101,0x1010101,0x1010101,0x1010101,0x1010101,0x1010101,0x1010101
.4byte 0x1010101,0x1010101,0x1010101,0x1010101,0x1010101,0x1010101,0x1010101,0x1010101
.4byte 0x1010101,0x4010101,0x4010101,0x1010101,0x1010101,0x1010101,0x1010101,0x1010101
.4byte 0x1010101,0x1010101,0x1010101,0x1010101,0x1010101,0x1010101,0x1010101,0x1010101
.4byte 0x1010101,0x1010101,0x1010101,0x1010101,0x7010101,0x1070101,0x1010101,0x1010109
.4byte 0x1010101,0x1010101,0x1010101,0x1010101,0x1010101,0x1010101,0x1010101,0x10b0101
.4byte 0x10b0101,0x1010801,0x1030301,0x1010801,0x101010b,0x1010b01,0x1010101,0x1010101
.4byte 0x1010101,0x1010101,0x1010101,0x1010101,0x1010101,0x10a0101,0x1010101,0x1010106
.4byte 0x1010107,0x1010101,0x1010101,0x1010101,0x1010101,0x1010101,0x1010101,0x1010101
.4byte 0x1010101,0x1010101,0x1010101,0x1010101,0x1010101,0x1010101,0x1010101,0x1010101
.4byte 0x1010101,0x4010101,0x4010101,0x1010101,0x1010101,0x1010101,0x1010101,0x1010101
.4byte 0x1010101,0x1010101,0x1010101,0x1010101,0x1010101,0x1010101,0x1010101,0x1010101
.4byte 0x1010101,0x1010101,0x1010101,0x1010101,0x6010101,0x7010101,0x1010101,0x1010901
.4byte 0x1010101,0x1010101,0x1010101,0x1010101,0x1010101,0x1010101,0x1010101,0xb010101
.4byte 0xb010101,0x1080101,0x3030101,0x1080101,0x1010b01,0x10b0101,0x1010101,0x1010101
.4byte 0x1010101,0x1010101,0x1010101,0x1010101,0x1010101,0xa010101,0x1010101,0x1010701
.4byte 0x1010107,0x1010101,0x1010101,0x1010101,0x1010101,0x1010101,0x1010101,0x1010101
.4byte 0x1010101,0x1010101,0x1010101,0x1010101,0x1010101,0x1010101,0x1010101,0x1010101
.4byte 0x1010101,0x4010101,0x4010101,0x1010101,0x1010101,0x1010101,0x1010101,0x1010101
.4byte 0x1010101,0x1010101,0x1010101,0x1010101,0x1010101,0x1010101,0x1010101,0x1010101
.4byte 0x1010101,0x1010101,0x1010101,0x1010101,0x6010101,0x7010101,0x1010101,0x1010901
.4byte 0x1010101,0x1010101,0x1010101,0x1010101,0x1010101,0x1010101,0x1010101,0xb010101
.4byte 0xb010101,0x1080101,0x3030101,0x1170101,0x1010a01,0x1010101,0x1010101,0x1010101
.4byte 0x1010101,0x1010101,0x1010101,0x1010101,0xa010101,0x1010101,0x1010601,0x1010701
.4byte 0x1010101,0x1010101,0x1010101,0x1010101,0x1010101,0x1010101,0x1010101,0x1010101
.4byte 0x1010101,0x1010101,0x1010101,0x1010101,0x1010101,0x1010101,0x1010101,0x1010101
.4byte 0x1010101,0x1010101,0x1010101,0x1010101,0x1010101,0x1010101,0x1010101,0x1010101
.4byte 0x1010101,0x1010101,0x1010101,0x1010101,0x1010101,0x1010101,0x1010101,0x1010101
.4byte 0x1010101,0x1010101,0x1010101,0x1010101,0x1010101,0x1060101,0x1070101,0x1010101
.4byte 0x1010109,0x1010101,0x1010101,0x1010101,0x1010101,0x1010101,0x1010101,0x1010101
.4byte 0x10b0101,0x1011601,0x1030301,0x1011701,0x101010b,0x1010101,0x1010101,0x1010101
.4byte 0x1010101,0x1010101,0x1010101,0x1010101,0x1010a01,0x6010101,0x7010101,0x1010101
.4byte 0x1010101,0x1010101,0x1010101,0x1010101,0x1010101,0x1010101,0x1010101,0x1010101
.4byte 0x1010101,0x1010101,0x1010101,0x1010101,0x1010101,0x1010101,0x1010101,0x1010101
.4byte 0x1010101,0x1010101,0x1010101,0x1010101,0x1010101,0x1010101,0x1010101,0x1010101
.4byte 0x1010101,0x1010101,0x1010101,0x1010101,0x1010101,0x1010101,0x1010101,0x1010101
.4byte 0x1010101,0x1010101,0x1010101,0x1010101,0x1010101,0x1010106,0x1010107,0x1090101
.4byte 0x1010101,0x1010101,0x1010101,0x1010101,0x1010101,0x1010101,0x1010101,0x1010101
.4byte 0x1601010b,0x3010101,0x101010c,0xd01010b,0x1010101,0x1010101,0x1010101,0x1010101
.4byte 0x1010101,0x1010101,0x1010101,0x1010101,0x101010a,0x1070101,0x1010701,0x1010101
.4byte 0x1010101,0x1010101,0x1010101,0x1010101,0x1010101,0x1010101,0x1010101,0x1010101
.4byte 0x1010101,0x1010101,0x1010101,0x1010101,0x1010101,0x1010101,0x1010101,0x1010101
.4byte 0x1010101,0x1010101,0x1010101,0x1010101,0x1010101,0x1010101,0x1010101,0x1010101
.4byte 0x1010101,0x1010101,0x1010101,0x1010101,0x1010101,0x1010101,0x1010101,0x1010101
.4byte 0x1010101,0x1010101,0x1010101,0x1010101,0x1060101,0x1070101,0x1010101,0x1010109
.4byte 0x1010101,0x1010101,0x1010101,0x1010101,0x1010101,0x1010101,0x1010101,0x10b0101
.4byte 0x10b0101,0xc010101,0x101010c,0x101010b,0x1010101,0x2010101,0x1010201,0x1010101
.4byte 0x1010101,0x1010101,0x1010101,0x1010101,0x1010101,0x1010101,0x10a0101,0x1010101
.4byte 0x7010107,0x1010101,0x1010101,0x1010101,0x1010101,0x1010101,0x1010101,0x1010101
.4byte 0x1010101,0x1010101,0x1010101,0x1010101,0x1010101,0x1010101,0x1010101,0x1010101
.4byte 0x1010101,0x1010101,0x1010101,0x1010101,0x1010101,0x1010101,0x1010101,0x1010101
.4byte 0x1010101,0x1010101,0x1010101,0x1010101,0x1010101,0x1010101,0x1010101,0x1010101
.4byte 0x1010101,0x1010101,0x1010101,0x1010101,0x1010101,0x1010101,0x1010101,0x1010106
.4byte 0x1010107,0x1090101,0x1010101,0x1010101,0x1010101,0x1010101,0x1010101,0x1010101
.4byte 0x1010101,0xc010101,0xb010101,0x1010101,0x1010c0c,0x1010b01,0x10b0101,0x1010101
.4byte 0x1010101,0x1010101,0x1010101,0x1010101,0x1010101,0x1010101,0xa010101,0x1010101
.4byte 0x1010701,0x1010601,0x1010101,0x1010101,0x1010101,0x1010101,0x1010101,0x1010101
.4byte 0x1010101,0x1010101,0x1010101,0x1010101,0x1010101,0x1010101,0x1010101,0x1010101
.4byte 0x1010101,0x1010101,0x1010101,0x1010101,0x1010101,0x1010101,0x1010101,0x1010101
.4byte 0x1010101,0x1010101,0x1010101,0x1010101,0x1010101,0x1010101,0x1010101,0x1010101
.4byte 0x1010101,0x1010101,0x1010101,0x1010101,0x1010101,0x1010101,0x1010101,0x1060101
.4byte 0x1070101,0x1010101,0x1010109,0x1010101,0x1010101,0x1010101,0x1010101,0x1010101
.4byte 0x1010101,0x1010101,0x10b0101,0x10b0101,0xc010101,0x101010c,0x101010b,0x1010b01
.4byte 0x1010101,0x1010101,0x1010101,0x1010101,0x1010101,0x1010101,0x1010101,0x10a0101
.4byte 0x1010101,0x1010107,0x1010106,0x1010101,0x1010101,0x1010101,0x1010101,0x1010101
.4byte 0x1010101,0x1010101,0x1010101,0x1010101,0x1010101,0x1010101,0x1010101,0x1010101
.4byte 0x1010101,0x1010101,0x1010101,0x1010101,0x1010101,0x1010101,0x1010101,0x1010101
.4byte 0x1010101,0x1010101,0x1010101,0x1010101,0x1010101,0x1010101,0x1010101,0x1010101
.4byte 0x1010101,0x1010101,0x1010101,0x1010101,0x1010101,0x1010101,0x1010101,0x1010101
.4byte 0x1010601,0x1010701,0x9010101,0x1010101,0x1010101,0x1010101,0x1010101,0x1010101
.4byte 0x1010101,0x1010101,0x1010101,0x1010b01,0x1010b01,0xc0c0101,0xb010101,0x1010101
.4byte 0x101010b,0x1010101,0x1010101,0x1010101,0x1010101,0x1010101,0x1010101,0x1010101
.4byte 0x1010a01,0x7010101,0x6010101,0x1010101,0x1010101,0x1010101,0x1010101,0x1010101
.4byte 0x1010101,0x1010101,0x1010101,0x1010101,0x1010101,0x1010101,0x1010101,0x1010101
.4byte 0x1010101,0x1010101,0x1010101,0x1010101,0x1010101,0x1010101,0x1010101,0x1010101
.4byte 0x1010101,0x1010101,0x1010101,0x1010101,0x1010101,0x1010101,0x1010101,0x1010101
.4byte 0x1010101,0x1010101,0x1010101,0x1010101,0x1010101,0x1010101,0x1010101,0x1010101
.4byte 0x1010101,0x8010106,0x1010101,0x1010901,0x1010101,0x1010101,0x1010101,0x1010101
.4byte 0x1010101,0x1010101,0x1010101,0xb010101,0xb010101,0x1010101,0x1010c0c,0x1010b01
.4byte 0x10a0101,0x1010101,0x1010101,0x1010101,0x1010101,0x1010101,0x1010101,0x1010101
.4byte 0x1010101,0x101010a,0x1070101,0x1060101,0x1010101,0x1010101,0x1010101,0x1010101
.4byte 0x1010101,0x1010101,0x1010101,0x1010101,0x1010101,0x1010101,0x1010101,0x1010101
.4byte 0x1010101,0x1010101,0x1010101,0x1010101,0x1010101,0x1010101,0x1010101,0x1010101
.4byte 0x1010101,0x1010101,0x1010101,0x1010101,0x1010101,0x1010101,0x1010101,0x1010101
.4byte 0x1010101,0x1010101,0x1010101,0x1010101,0x1010101,0x1010101,0x1010101,0x1010101
.4byte 0x1010101,0x6010101,0x1080101,0x1010101,0x1010109,0x1010101,0x1010101,0x1010101
.4byte 0x1010101,0x1010101,0x1010101,0x1010101,0x10b0101,0x10b0101,0xc010101,0x101010c
.4byte 0x101010b,0x1010b01,0x1010101,0x1010101,0x1010101,0x1010101,0x1010101,0x1010101
.4byte 0x1010101,0x10a0101,0x1010101,0x1010107,0x1010106,0x1010101,0x1010101,0x1010101
.4byte 0x1010101,0x1010101,0x1010101,0x1010101,0x1010101,0x1010101,0x1010101,0x1010101
.4byte 0x1010101,0x1010101,0x1010101,0x1010101,0x1010101,0x1010101,0x1010101,0x1010101
.4byte 0x1010101,0x1010101,0x1010101,0x1010101,0x1010101,0x1010101,0x1010101,0x1010101
.4byte 0x1010101,0x1010101,0x1010101,0x1010101,0x1010101,0x1010101,0x1010101,0x1010101
.4byte 0x1010101,0x1010101,0x1010601,0x1010108,0x1090101,0x1010101,0x1010101,0x1010101
.4byte 0x1010101,0x1010101,0x1010101,0x1010101,0x1010101,0x101010b,0x101010b,0x10c0c01
.4byte 0x10b0101,0xb010101,0x1010101,0x1010101,0x1010101,0x1010101,0x1010101,0x1010101
.4byte 0x1010101,0x1010101,0x101010a,0x1070101,0x1060101,0x1010101,0x1010101,0x1010101
.4byte 0x1010101,0x1010101,0x1010101,0x1010101,0x1010101,0x1010101,0x1010101,0x1010101
.4byte 0x1010101,0x1010101,0x1010101,0x1010101,0x1010101,0x1010101,0x1010101,0x1010101
.4byte 0x1010101,0x1010101,0x1010101,0x1010101,0x1010101,0x1010101,0x1010101,0x1010101
.4byte 0x1010101,0x1010101,0x1010101,0x1010101,0x1010101,0x1010101,0x1010101,0x1010101
.4byte 0x1010101,0x1010101,0x5010101,0x8010101,0x1010101,0x1010901,0x1010101,0x1010101
.4byte 0x1010101,0x1010101,0x1010101,0x1010101,0x1010101,0xb010101,0xb010101,0x1010101
.4byte 0x1010c0c,0x1010b01,0x10b0101,0x1010101,0x1010101,0x1010101,0x1010101,0x1010101
.4byte 0x1010101,0x1010101,0xa010101,0x1010101,0x1010801,0x1010106,0x1010101,0x1010101
.4byte 0x1010101,0x1010101,0x1010101,0x1010101,0x1010101,0x1010101,0x1010101,0x1010101
.4byte 0x1010101,0x1010101,0x1010101,0x1010101,0x1010101,0x1010101,0x1010101,0x1010101
.4byte 0x1010101,0x1010101,0x1010101,0x1010101,0x1010101,0x1010101,0x1010101,0x1010101
.4byte 0x1010101,0x1010101,0x1010101,0x1010101,0x1010101,0x1010101,0x1010101,0x1010101
.4byte 0x1010101,0x1010101,0x1010101,0x1010501,0x1010801,0x9010101,0x1010101,0x1010101
.4byte 0x1010101,0x1010101,0x1010101,0x1010101,0x1010101,0x1010101,0x2010101,0x1010201
.4byte 0x1010102,0x101010b,0x10c0c01,0x10b0101,0xb010101,0x1010101,0x1010101,0x1010101
.4byte 0x1010101,0x1010101,0x1010101,0x1010101,0x1010101,0x101010a,0x1080101,0x1010601
.4byte 0x1010101,0x1010101,0x1010101,0x1010101,0x1010101,0x1010101,0x1010101,0x1010101
.4byte 0x1010101,0x1010101,0x1010101,0x1010101,0x1010101,0x1010101,0x1010101,0x1010101
.4byte 0x1010101,0x1010101,0x1010101,0x1010101,0x1010101,0x1010101,0x1010101,0x1010101
.4byte 0x1010101,0x1010101,0x1010101,0x1010101,0x1010101,0x1010101,0x1010101,0x1010101
.4byte 0x1010101,0x1010101,0x1010101,0x1010101,0x1010101,0x1050101,0x1080101,0x1010101
.4byte 0x1010109,0x1010101,0x1010101,0x1010101,0x1010101,0x1010101,0x1010101,0x1010101
.4byte 0x10b0101,0x10b0101,0xc010101,0x101010c,0x101010b,0x101010c,0x1010101,0x1010101
.4byte 0x1010101,0x1010101,0x1010101,0x1010101,0x1010101,0x1010a01,0x8010101,0x1060101
.4byte 0x1010101,0x1010101,0x1010101,0x1010101,0x1010101,0x1010101,0x1010101,0x1010101
.4byte 0x1010101,0x1010101,0x1010101,0x1010101,0x1010101,0x1010101,0x1010101,0x1010101
.4byte 0x1010101,0x1010101,0x1010101,0x1010101,0x1010101,0x1010101,0x1010101,0x1010101
.4byte 0x1010101,0x1010101,0x1010101,0x1010101,0x1010101,0x1010101,0x1010101,0x1010101
.4byte 0x1010101,0x1010101,0x1010101,0x1010101,0x1010101,0x5010101,0x8010101,0x1010101
.4byte 0x1010901,0x1010101,0x1010101,0x1010101,0x1010101,0x1010101,0x1010101,0x1010101
.4byte 0xb010101,0xb010101,0x1010101,0x1010c0c,0x1010b01,0x10b0101,0x1010101,0x1010101
.4byte 0x1010101,0x1010101,0x1010101,0x1010101,0x1010101,0xa010101,0x1010101,0x1010801
.4byte 0x1010106,0x1010101,0x1010101,0x1010101,0x1010101,0x1010101,0x1010101,0x1010101
.4byte 0x1010101,0x1010101,0x1010101,0x1010101,0x1010101,0x1010101,0x1010101,0x1010101
.4byte 0x1010101,0x1010101,0x1010101,0x1010101,0x1010101,0x1010101,0x1010101,0x1010101
.4byte 0x1010101,0x1010101,0x1010101,0x1010101,0x1010101,0x1010101,0x1010101,0x1010101
.4byte 0x1010101,0x1010101,0x1010101,0x1010101,0x1010101,0x1010101,0x1010501,0x1010801
.4byte 0x9010101,0x1010101,0x1010101,0x1010101,0x1010101,0x1010101,0x1010101,0x1010101
.4byte 0x1010101,0x1010b01,0x1010b01,0xc0c0101,0xb010101,0x1010101,0x101010a,0x1010101
.4byte 0x1010101,0x1010101,0x1010101,0x1010101,0x1010101,0x1010101,0x10a0101,0x1010101
.4byte 0x1010108,0x1010105,0x1010101,0x1010101,0x1010101,0x1010101,0x1010101,0x1010101
.4byte 0x1010101,0x1010101,0x1010101,0x1010101,0x1010101,0x1010101,0x1010101,0x1010101
.4byte 0x1010101,0x1010101,0x1010101,0x1010101,0x1010101,0x1010101,0x1010101,0x1010101
.4byte 0x1010101,0x1010101,0x1010101,0x1010101,0x1010101,0x1010101,0x1010101,0x1010101
.4byte 0x1010101,0x1010101,0x1010101,0x1010101,0x1010101,0x1010101,0x1010101,0x1010501
.4byte 0x1010801,0x9010101,0x1010101,0x1010101,0x1010101,0x1010101,0x1010101,0x1010101
.4byte 0x1010101,0x1010101,0x1010b01,0x1010b01,0xc0c0101,0xb010101,0xc010101,0x1010101
.4byte 0x1010101,0x1010101,0x1010101,0x1010101,0x1010101,0x1010101,0x1010101,0x101010a
.4byte 0x1080101,0x1050101,0x1010101,0x1010101,0x1010101,0x1010101,0x1010101,0x1010101
.4byte 0x1010101,0x1010101,0x1010101,0x1010101,0x1010101,0x1010101,0x1010101,0x1010101
.4byte 0x1010101,0x1010101,0x1010101,0x1010101,0x1010101,0x1010101,0x1010101,0x1010101
.4byte 0x1010101,0x1010101,0x1010101,0x1010101,0x1010101,0x1010101,0x1010101,0x1010101
.4byte 0x1010101,0x1010101,0x1010101,0x1010101,0x1010101,0x1010101,0x1010101,0x5010101
.4byte 0x1090101,0x1010101,0x1010109,0x1010101,0x1010101,0x1010101,0x1010101,0x1010101
.4byte 0x1010101,0x1010101,0x10b0101,0x10b0101,0xc010101,0x101010c,0x101010b,0x1010b01
.4byte 0x1010101,0x1010101,0x1010101,0x1010101,0x1010101,0x1010101,0x1010101,0x10a0101
.4byte 0x1010101,0x1010108,0x1010105,0x1010101,0x1010101,0x1010101,0x1010101,0x1010101
.4byte 0x1010101,0x1010101,0x1010101,0x1010101,0x1010101,0x1010101,0x1010101,0x1010101
.4byte 0x1010101,0x1010101,0x1010101,0x1010101,0x1010101,0x1010101,0x1010101,0x1010101
.4byte 0x1010101,0x1010101,0x1010101,0x1010101,0x1010101,0x1010101,0x1010101,0x1010101
.4byte 0x1010101,0x1010101,0x1010101,0x1010101,0x1010101,0x1010101,0x1010101,0x1010101
.4byte 0x1010501,0x1010109,0x1090101,0x1010101,0x1010101,0x1010101,0x1010101,0x1010101
.4byte 0x1010101,0x1010101,0x1010101,0x101010b,0x101010b,0x10c0c01,0x10b0101,0xb010101
.4byte 0x1010101,0x1010101,0x1010101,0x1010101,0x1010101,0x1010101,0x1010101,0x1010101
.4byte 0x101010a,0x1080101,0x1050101,0x1010101,0x1010101,0x1010101,0x1010101,0x1010101
.4byte 0x1010101,0x1010101,0x1010101,0x1010101,0x1010101,0x1010101,0x1010101,0x1010101
.4byte 0x1010101,0x1010101,0x1010101,0x1010101,0x1010101,0x1010101,0x1010101,0x1010101
.4byte 0x1010101,0x1010101,0x1010101,0x1010101,0x1010101,0x1010101,0x1010101,0x1010101
.4byte 0x1010101,0x1010101,0x1010101,0x1010101,0x1010101,0x1010101,0x1010101,0x1010101
.4byte 0x5010101,0x1090101,0x1010101,0x1010109,0x1010101,0x1010101,0x1010101,0x1010101
.4byte 0x1010101,0x1010101,0x1010101,0x10b0101,0x10b0101,0xc010101,0x101010c,0x101010b
.4byte 0x101010c,0x1010101,0x1010101,0x1010101,0x1010101,0x1010101,0x1010101,0x1010101
.4byte 0x1010a01,0x8010101,0x5010101,0x1010101,0x1010101,0x1010101,0x1010101,0x1010101
.4byte 0x1010101,0x1010101,0x1010101,0x1010101,0x1010101,0x1010101,0x1010101,0x1010101
.4byte 0x1010101,0x1010101,0x1010101,0x1010101,0x1010101,0x1010101,0x1010101,0x1010101
.4byte 0x1010101,0x1010101,0x1010101,0x1010101,0x1010101,0x1010101,0x1010101,0x1010101
.4byte 0x1010101,0x1010101,0x1010101,0x1010101,0x1010101,0x1010101,0x1010101,0x1010101
.4byte 0x1010101,0x1010104,0x1010109,0x1090101,0x1010101,0x1010101,0x1010101,0x1010101
.4byte 0x1010101,0x1010101,0x1010101,0x10e0101,0x1010b01,0xc0c0101,0xb010101,0x1010101
.4byte 0x101010b,0x1010101,0x1010101,0x1010101,0x1010101,0x1010101,0x1010101,0x1010101
.4byte 0x1010a01,0x9010101,0x1050101,0x1010101,0x1010101,0x1010101,0x1010101,0x1010101
.4byte 0x1010101,0x1010101,0x1010101,0x1010101,0x1010101,0x1010101,0x1010101,0x1010101
.4byte 0x1010101,0x1010101,0x1010101,0x1010101,0x1010101,0x1010101,0x1010101,0x1010101
.4byte 0x1010101,0x1010101,0x1010101,0x1010101,0x1010101,0x1010101,0x1010101,0x1010101
.4byte 0x1010101,0x1010101,0x1010101,0x1010101,0x1010101,0x1010101,0x1010101,0x1010101
.4byte 0x4010101,0x9010101,0x1010101,0x1010901,0x1010101,0x1010101,0x1010101,0x1010101
.4byte 0x1010101,0x1010101,0x1010101,0xb010101,0xb010101,0x1010101,0x1010c0c,0x1010b01
.4byte 0x10a0101,0x1010101,0x1010101,0x1010101,0x1010101,0x1010101,0x1010101,0x1010101
.4byte 0x1010101,0x101010a,0x1090101,0x1010501,0x1010101,0x1010101,0x1010101,0x1010101
.4byte 0x1010101,0x1010101,0x1010101,0x1010101,0x1010101,0x1010101,0x1010101,0x1010101
.4byte 0x1010101,0x1010101,0x1010101,0x1010101,0x1010101,0x1010101,0x1010101,0x1010101
.4byte 0x1010101,0x1010101,0x1010101,0x1010101,0x1010101,0x1010101,0x1010101,0x1010101
.4byte 0x1010101,0x1010101,0x1010101,0x1010101,0x1010101,0x1010101,0x1010101,0x1010101
.4byte 0x1010101,0x1040101,0x1090101,0x1010101,0x1010109,0x1010101,0x1010101,0x1010101
.4byte 0x1010101,0x1010101,0x1010101,0x1010101,0x10b0101,0x10b0101,0xc010101,0x101010c
.4byte 0x101010b,0x1010b01,0x1010101,0x1010101,0x1010101,0x1010101,0x1010101,0x1010101
.4byte 0x1010101,0x10a0101,0x1010101,0x5010109,0x1010101,0x1010101,0x1010101,0x1010101
.4byte 0x1010101,0x1010101,0x1010101,0x1010101,0x1010101,0x1010101,0x1010101,0x1010101
.4byte 0x1010101,0x1010101,0x1010101,0x1010101,0x1010101,0x1010101,0x1010101,0x1010101
.4byte 0x1010101,0x1010101,0x1010101,0x1010101,0x1010101,0x1010101,0x1010101,0x1010101
.4byte 0x1010101,0x1010101,0x1010101,0x1010101,0x1010101,0x1010101,0x1010101,0x1010101
.4byte 0x1010101,0x1010101,0x1010104,0x1010109,0x1090101,0x1010101,0x1010101,0x1010101
.4byte 0x1010101,0x1010101,0x1010101,0x1010101,0x1010101,0x101010b,0x101010b,0x10c0c01
.4byte 0x10b0101,0xb010101,0x1010101,0x1010101,0x1010101,0x1010101,0x1010101,0x1010101
.4byte 0x1010101,0x1010101,0x101010a,0x1090101,0x1040101,0x1010101,0x1010101,0x1010101
.4byte 0x1010101,0x1010101,0x1010101,0x1010101,0x1010101,0x1010101,0x1010101,0x1010101
.4byte 0x1010101,0x1010101,0x1010101,0x1010101,0x1010101,0x1010101,0x1010101,0x1010101
.4byte 0x1010101,0x1010101,0x1010101,0x1010101,0x1010101,0x1010101,0x1010101,0x1010101
.4byte 0x1010101,0x1010101,0x1010101,0x1010101,0x1010101,0x1010101,0x1010101,0x1010101
.4byte 0x1010101,0x1010101,0x4010101,0x9010101,0x1010101,0x1010901,0x1010101,0x1010101
.4byte 0x1010101,0x1010101,0x1010101,0x1010101,0x1010101,0xb010101,0xb010101,0x1010101
.4byte 0x1010c0c,0x1010b01,0x10a0101,0x1010101,0x1010101,0x1010101,0x1010101,0x1010101
.4byte 0x1010101,0x1010101,0x1010101,0x101010a,0x1090101,0x1040101,0x1010101,0x1010101
.4byte 0x1010101,0x1010101,0x1010101,0x1010101,0x1010101,0x1010101,0x1010101,0x1010101
.4byte 0x1010101,0x1010101,0x1010101,0x1010101,0x1010101,0x1010101,0x1010101,0x1010101
.4byte 0x1010101,0x1010101,0x1010101,0x1010101,0x1010101,0x1010101,0x1010101,0x1010101
.4byte 0x1010101,0x1010101,0x1010101,0x1010101,0x1010101,0x1010101,0x1010101,0x1010101
.4byte 0x1010101,0x1010101,0x1010101,0x4010101,0x9010101,0x1010101,0x1010901,0x1010101
.4byte 0x1010101,0x1010101,0x1010101,0x1010101,0x1010101,0x1010101,0xb010101,0xb010101
.4byte 0x1010101,0x1010c0c,0x1010b01,0x10b0101,0x1010101,0x1010101,0x1010101,0x1010101
.4byte 0x1010101,0x1010101,0x1010101,0xa010101,0x1010101,0x1010901,0x1010401,0x1010101
.4byte 0x1010101,0x1010101,0x1010101,0x1010101,0x1010101,0x1010101,0x1010101,0x1010101
.4byte 0x1010101,0x1010101,0x1010101,0x1010101,0x1010101,0x1010101,0x1010101,0x1010101
.4byte 0x1010101,0x1010101,0x1010101,0x1010101,0x1010101,0x1010101,0x1010101,0x1010101
.4byte 0x1010101,0x1010101,0x1010101,0x1010101,0x1010101,0x1010101,0x1010101,0x1010101
.4byte 0x1010101,0x1010101,0x1010101,0x1010101,0x1040101,0x1010a01,0x9010101,0x1010101
.4byte 0x1010101,0x1010101,0x1010101,0x1010101,0x1010101,0x1010101,0x1010101,0x1010b01
.4byte 0x1010b01,0xc0c0101,0xb010101,0xc010101,0x1010101,0x1010101,0x1010101,0x1010101
.4byte 0x1010101,0x1010101,0x1010101,0x1010101,0x101010a,0x1090101,0x1040101,0x1010101
.4byte 0x1010101,0x1010101,0x1010101,0x1010101,0x1010101,0x1010101,0x1010101,0x1010101
.4byte 0x1010101,0x1010101,0x1010101,0x1010101,0x1010101,0x1010101,0x1010101,0x1010101
.4byte 0x1010101,0x1010101,0x1010101,0x1010101,0x1010101,0x1010101,0x1010101,0x1010101
.4byte 0x1010101,0x1010101,0x1010101,0x1010101,0x1010101,0x1010101,0x1010101,0x1010101
.4byte 0x1010101,0x1010101,0x1010101,0x1010101,0x4010101,0x10a0101,0x1010101,0x1010109
.4byte 0x1010101,0x1010101,0x1010101,0x1010101,0x1010101,0x1010101,0x1010101,0x1020101
.4byte 0x1020204,0x10b0101,0xc010101,0x101010c,0x101010b,0x1010a01,0x1010101,0x1010101
.4byte 0x1010101,0x1010101,0x1010101,0x1010101,0x1010101,0xa010101,0x1010101,0x1010901
.4byte 0x1010401,0x1010101,0x1010101,0x1010101,0x1010101,0x1010101,0x1010101,0x1010101
.4byte 0x1010101,0x1010101,0x1010101,0x1010101,0x1010101,0x1010101,0x1010101,0x1010101
.4byte 0x1010101,0x1010101,0x1010101,0x1010101,0x1010101,0x1010101,0x1010101,0x1010101
.4byte 0x1010101,0x1010101,0x1010101,0x1010101,0x1010101,0x1010101,0x1010101,0x1010101
.4byte 0x1010101,0x1010101,0x1010101,0x1010101,0x1010101,0x1010101,0x1040101,0x1010a01
.4byte 0x9010101,0x1010101,0x1010101,0x1010101,0x1010101,0x1010101,0x1010101,0x1010101
.4byte 0x1010101,0x1010b01,0x1010b01,0xc0c0101,0xb010101,0x1010101,0x101010b,0x1010101
.4byte 0x1010101,0x1010101,0x1010101,0x1010101,0x1010101,0x1010101,0x1010a01,0xa010101
.4byte 0x1040101,0x1010101,0x1010101,0x1010101,0x1010101,0x1010101,0x1010101,0x1010101
.4byte 0x1010101,0x1010101,0x1010101,0x1010101,0x1010101,0x1010101,0x1010101,0x1010101
.4byte 0x1010101,0x1010101,0x1010101,0x1010101,0x1010101,0x1010101,0x1010101,0x1010101
.4byte 0x1010101,0x1010101,0x1010101,0x1010101,0x1010101,0x1010101,0x1010101,0x1010101
.4byte 0x1010101,0x1010101,0x1010101,0x1010101,0x1010101,0x1010101,0x3010101,0xa010101
.4byte 0x1010101,0x1010901,0x1010101,0x1010101,0x1010101,0x1010101,0x1010101,0x1010101
.4byte 0x1010101,0x1010e01,0x101010b,0x10c0c01,0x10b0101,0xb010101,0x1010101,0x1010101
.4byte 0x1010101,0x1010101,0x1010101,0x1010101,0x1010101,0x1010101,0x101010a,0x10a0101
.4byte 0x1010401,0x1010101,0x1010101,0x1010101,0x1010101,0x1010101,0x1010101,0x1010101
.4byte 0x1010101,0x1010101,0x1010101,0x1010101,0x1010101,0x1010101,0x1010101,0x1010101
.4byte 0x1010101,0x1010101,0x1010101,0x1010101,0x1010101,0x1010101,0x1010101,0x1010101
.4byte 0x1010101,0x1010101,0x1010101,0x1010101,0x1010101,0x1010101,0x1010101,0x1010101
.4byte 0x1010101,0x1010101,0x1010101,0x1010101,0x1010101,0x1010101,0x1030101,0x10a0101
.4byte 0x1010101,0x1010109,0x1010101,0x1010101,0x1010101,0x1010101,0x1010101,0x1010101
.4byte 0x1010101,0x10b0101,0x10b0101,0xc010101,0x101010c,0x101010b,0x1010b01,0x1010101
.4byte 0x1010101,0x1010101,0x1010101,0x1010101,0x1010101,0x1010101,0x10a0101,0x1010101
.4byte 0x401010a,0x1010101,0x1010101,0x1010101,0x1010101,0x1010101,0x1010101,0x1010101
.4byte 0x1010101,0x1010101,0x1010101,0x1010101,0x1010101,0x1010101,0x1010101,0x1010101
.4byte 0x1010101,0x1010101,0x1010101,0x1010101,0x1010101,0x1010101,0x1010101,0x1010101
.4byte 0x1010101,0x1010101,0x1010101,0x1010101,0x1010101,0x1010101,0x1010101,0x1010101
.4byte 0x1010101,0x1010101,0x1010101,0x1010101,0x1010101,0x1010101,0x1010101,0x1010103
.4byte 0x101010a,0x1090101,0x1010101,0x1010101,0x1010101,0x1010101,0x1010101,0x1010101
.4byte 0x1010101,0x1010101,0x101010b,0x101010b,0x10c0c01,0x10b0101,0xb010101,0x1010101
.4byte 0x1010101,0x1010101,0x1010101,0x1010101,0x1010101,0x1010101,0x1010101,0x101010a
.4byte 0x10a0101,0x1030101,0x1010101,0x1010101,0x1010101,0x1010101,0x1010101,0x1010101
.4byte 0x1010101,0x1010101,0x1010101,0x1010101,0x1010101,0x1010101,0x1010101,0x1010101
.4byte 0x1010101,0x1010101,0x1010101,0x1010101,0x1010101,0x1010101,0x1010101,0x1010101
.4byte 0x1010101,0x1010101,0x1010101,0x1010101,0x1010101,0x1010101,0x1010101,0x1010101
.4byte 0x1010101,0x1010101,0x1010101,0x1010101,0x1010101,0x1010101,0x1010101,0x3010101
.4byte 0xa010101,0x1010101,0x1010901,0x1010101,0x1010101,0x1010101,0x1010101,0x1010101
.4byte 0x1010101,0x1010101,0xb010101,0xb010101,0x1010101,0x1010c0c,0x1010b01,0x10b0101
.4byte 0x1010101,0x1010101,0x1010101,0x1010101,0x1010101,0x1010101,0x1010101,0xa010101
.4byte 0x1010101,0x1010a01,0x1010301,0x1010101,0x1010101,0x1010101,0x1010101,0x1010101
.4byte 0x1010101,0x1010101,0x1010101,0x1010101,0x1010101,0x1010101,0x1010101,0x1010101
.4byte 0x1010101,0x1010101,0x1010101,0x1010101,0x1010101,0x1010101,0x1010101,0x1010101
.4byte 0x1010101,0x1010101,0x1010101,0x1010101,0x1010101,0x1010101,0x1010101,0x1010101
.4byte 0x1010101,0x1010101,0x1010101,0x1010101,0x1010101,0x1010101,0x1010101,0x1010101
.4byte 0x1030101,0x10a0101,0x1010101,0x1010109,0x1010101,0x1010101,0x1010101,0x1010101
.4byte 0x1010101,0x1010101,0x1010101,0x10b0101,0x10b0101,0xc010101,0x101010c,0x101010b
.4byte 0x1010b01,0x1010101,0x1010101,0x1010101,0x1010101,0x1010101,0x1010101,0x1010101
.4byte 0x10a0101,0x1010101,0x101010a,0x1010103,0x1010101,0x1010101,0x1010101,0x1010101
.4byte 0x1010101,0x1010101,0x1010101,0x1010101,0x1010101,0x1010101,0x1010101,0x1010101
.4byte 0x1010101,0x1010101,0x1010101,0x1010101,0x1010101,0x1010101,0x1010101,0x1010101
.4byte 0x1010101,0x1010101,0x1010101,0x1010101,0x1010101,0x1010101,0x1010101,0x1010101
.4byte 0x1010101,0x1010101,0x1010101,0x1010101,0x1010101,0x1010101,0x1010101,0x1010101
.4byte 0x1010101,0x1010301,0x101010b,0x1090101,0x1010101,0x1010101,0x1010101,0x1010101
.4byte 0x1010101,0x1010101,0x1010101,0x1010101,0x101010b,0x101010b,0x10c0c01,0x10b0101
.4byte 0x2010101,0x1010101,0x2010101,0x1010101,0x1010101,0x1010101,0x1010101,0x1010101
.4byte 0x1010101,0x1010101,0x1010101,0x101010a,0x10a0101,0x1030101,0x1010101,0x1010101
.4byte 0x1010101,0x1010101,0x1010101,0x1010101,0x1010101,0x1010101,0x1010101,0x1010101
.4byte 0x1010101,0x1010101,0x1010101,0x1010101,0x1010101,0x1010101,0x1010101,0x1010101
.4byte 0x1010101,0x1010101,0x1010101,0x1010101,0x1010101,0x1010101,0x1010101,0x1010101
.4byte 0x1010101,0x1010101,0x1010101,0x1010101,0x1010101,0x1010101,0x1010101,0x1010101
.4byte 0x1010101,0x1010101,0x1010101,0x3010101,0x10b0101,0x1010101,0x1010109,0x1010101
.4byte 0x1010101,0x1010101,0x1010101,0x1010101,0x1010101,0x1010101,0x10b0101,0x10b0101
.4byte 0xc010101,0x101010c,0x101010b,0x1010b01,0x1010101,0x1010101,0x1010101,0x1010101
.4byte 0x1010101,0x1010101,0x1010101,0x10a0101,0x1010101,0x101010a,0x1010103,0x1010101
.4byte 0x1010101,0x1010101,0x1010101,0x1010101,0x1010101,0x1010101,0x1010101,0x1010101
.4byte 0x1010101,0x1010101,0x1010101,0x1010101,0x1010101,0x1010101,0x1010101,0x1010101
.4byte 0x1010101,0x1010101,0x1010101,0x1010101,0x1010101,0x1010101,0x1010101,0x1010101
.4byte 0x1010101,0x1010101,0x1010101,0x1010101,0x1010101,0x1010101,0x1010101,0x1010101
.4byte 0x1010101,0x1010101,0x1010101,0x1010101,0x1010201,0x1010b01,0x9010101,0x1010101
.4byte 0x1010101,0x1010101,0x1010101,0x1010101,0x1010101,0x1010101,0x1010101,0x1010b01
.4byte 0x1010b01,0xc0c0101,0xb010101,0x1010101,0x101010b,0x1010101,0x1010101,0x1010101
.4byte 0x1010101,0x1010101,0x1010101,0x1010101,0x1010a01,0xb010101,0x1030101,0x1010101
.4byte 0x1010101,0x1010101,0x1010101,0x1010101,0x1010101,0x1010101,0x1010101,0x1010101
.4byte 0x1010101,0x1010101,0x1010101,0x1010101,0x1010101,0x1010101,0x1010101,0x1010101
.4byte 0x1010101,0x1010101,0x1010101,0x1010101,0x1010101,0x1010101,0x1010101,0x1010101
.4byte 0x1010101,0x1010101,0x1010101,0x1010101,0x1010101,0x1010101,0x1010101,0x1010101
.4byte 0x1010101,0x1010101,0x1010101,0x1010101,0x2010101,0xb010101,0x1010101,0x1010901
.4byte 0x1010101,0x1010101,0x1010101,0x1010101,0x1010101,0x1010101,0x1010101,0xb010101
.4byte 0xb010101,0x1010101,0x1010c0c,0x1010b01,0x10b0101,0x1010101,0x1010101,0x1010101
.4byte 0x1010101,0x1010101,0x1010101,0x1010101,0xa010101,0x1010101,0x1010b01,0x1010103
.4byte 0x1010101,0x1010101,0x1010101,0x1010101,0x1010101,0x1010101,0x1010101,0x1010101
.4byte 0x1010101,0x1010101,0x1010101,0x1010101,0x1010101,0x1010101,0x1010101,0x1010101
.4byte 0x1010101,0x1010101,0x1010101,0x1010101,0x1010101,0x1010101,0x1010101,0x1010101
.4byte 0x1010101,0x1010101,0x1010101,0x1010101,0x1010101,0x1010101,0x1010101,0x1010101
.4byte 0x1010101,0x1010101,0x1010101,0x1010101,0x1010101,0x1010201,0x1010b01,0x9010101
.4byte 0x1010101,0x1010101,0x1010101,0x1010101,0x1010101,0x1010101,0x1010101,0x1010101
.4byte 0x1010b01,0x1010b01,0xc0c0101,0xb010101,0xc010101,0x1010101,0x1010101,0x1010101
.4byte 0x1010101,0x1010101,0x1010101,0x1010101,0x1010101,0x101010a,0x10b0101,0x1020101
.4byte 0x1010101,0x1010101,0x1010101,0x1010101,0x1010101,0x1010101,0x1010101,0x1010101
.4byte 0x1010101,0x1010101,0x1010101,0x1010101,0x1010101,0x1010101,0x1010101,0x1010101
.4byte 0x1010101,0x1010101,0x1010101,0x1010101,0x1010101,0x1010101,0x1010101,0x1010101
.4byte 0x1010101,0x1010101,0x1010101,0x1010101,0x1010101,0x1010101,0x1010101,0x1010101
.4byte 0x1010101,0x1010101,0x1010101,0x1010101,0x1010101,0x2010101,0xb010101,0x1010101
.4byte 0x1010901,0x1010101,0x1010101,0x1010101,0x1010101,0x1010101,0x1010101,0x1010101
.4byte 0x1010e01,0x101010b,0x10c0c01,0x10b0101,0xa010101,0x1010101,0x1010101,0x1010101
.4byte 0x1010101,0x1010101,0x1010101,0x1010101,0x1010101,0x1010a01,0xa010101,0x3010101
.4byte 0x1010101,0x1010101,0x1010101,0x1010101,0x1010101,0x1010101,0x1010101,0x1010101
.4byte 0x1010101,0x1010101,0x1010101,0x1010101,0x1010101,0x1010101,0x1010101,0x1010101
.4byte 0x1010101,0x1010101,0x1010101,0x1010101,0x1010101,0x1010101,0x1010101,0x1010101
.4byte 0x1010101,0x1010101,0x1010101,0x1010101,0x1010101,0x1010101,0x1010101,0x1010101
.4byte 0x1010101,0x1010101,0x1010101,0x1010101,0x1010101,0x1010101,0x1010102,0x101010b
.4byte 0x1090101,0x1010101,0x1010101,0x1010101,0x1010101,0x1010101,0x1010101,0x1010101
.4byte 0x1010101,0x101010b,0x101010b,0x10c0c01,0x10b0101,0x10c0101,0x1010101,0x1010101
.4byte 0x1010101,0x1010101,0x1010101,0x1010101,0x1010101,0xa010101,0x1010101,0x1010a01
.4byte 0x1020101,0x1010101,0x1010101,0x1010101,0x1010101,0x1010101,0x1010101,0x1010101
.4byte 0x1010101,0x1010101,0x1010101,0x1010101,0x1010101,0x1010101,0x1010101,0x1010101
.4byte 0x1010101,0x1010101,0x1010101,0x1010101,0x1010101,0x1010101,0x1010101,0x1010101
.4byte 0x1010101,0x1010101,0x1010101,0x1010101,0x1010101,0x1010101,0x1010101,0x1010101
.4byte 0x1010101,0x1010101,0x1010101,0x1010101,0x1010101,0x1010101,0x2010101,0xb010101
.4byte 0x1010101,0x1010901,0x1010101,0x1010101,0x1010101,0x1010101,0x1010101,0x1010101
.4byte 0x1010101,0xb010101,0xb010101,0x1010101,0x1010c0c,0x1010b01,0x10b0101,0x1010101
.4byte 0x1010101,0x1010101,0x1010101,0x1010101,0x1010101,0x1010101,0xa010101,0x1010101
.4byte 0x1010a01,0x1020101,0x1010101,0x1010101,0x1010101,0x1010101,0x1010101,0x1010101
.4byte 0x1010101,0x1010101,0x1010101,0x1010101,0x1010101,0x1010101,0x1010101,0x1010101
.4byte 0x1010101,0x1010101,0x1010101,0x1010101,0x1010101,0x1010101,0x1010101,0x1010101
.4byte 0x1010101,0x1010101,0x1010101,0x1010101,0x1010101,0x1010101,0x1010101,0x1010101
.4byte 0x1010101,0x1010101,0x1010101,0x1010101,0x1010101,0x1010101,0x1010101,0x2010101
.4byte 0xb010101,0x1010101,0x1010901,0x1010101,0x1010101,0x1010101,0x1010101,0x1010101
.4byte 0x1010101,0x1010101,0xb010101,0xb010101,0x1010101,0x1010c0c,0x1010b01,0x10a0101
.4byte 0x1010101,0x1010101,0x1010101,0x1010101,0x1010101,0x1010101,0x1010101,0x1010101
.4byte 0x101010a,0x10a0101,0x2010101,0x1010101,0x1010101,0x1010101,0x1010101,0x1010101
.4byte 0x1010101,0x1010101,0x1010101,0x1010101,0x1010101,0x1010101,0x1010101,0x1010101
.4byte 0x1010101,0x1010101,0x1010101,0x1010101,0x1010101,0x1010101,0x1010101,0x1010101
.4byte 0x1010101,0x1010101,0x1010101,0x1010101,0x1010101,0x1010101,0x1010101,0x1010101
.4byte 0x1010101,0x1010101,0x1010101,0x1010101,0x1010101,0x1010101,0x1010101,0x1010101
.4byte 0x1010101,0x1010102,0x101010b,0x1090101,0x1010101,0x1010101,0x1010101,0x1010101
.4byte 0x1010101,0x1010101,0x1010101,0x1010101,0x101010b,0x101010b,0x1030c01,0x1014201
.4byte 0x101010a,0x1010c01,0x1011301,0x101011a,0x1b01011b,0x11a0101,0x1210101,0x1010101
.4byte 0x1010109,0x1014001,0x1030301,0x1014201,0x101010a,0x1010c01,0x1120101,0x1011a01
.4byte 0x1011b01,0x1a01011b,0x21010101,0x1010101,0x1010901,0x1400101,0x3030101,0x1080101
.4byte 0x1010b01,0x10a0101,0xb010101,0x1010101,0x101010b,0x101010a,0x10a0101,0x1010101
.4byte 0x1a010112,0x1b010101,0x11b0101,0x1011a01,0x1011201,0x10b0101,0x1010101,0x1010109
.4byte 0x1010b01,0x10a0101,0xb010101,0xb010101,0x1080101,0x3030101,0x1080101,0x1010b01
.4byte 0x10a0101,0xb010101,0x1010101,0x101010b,0x101010a,0x10a0101,0x1010101,0x1a010112
.4byte 0x1b010101,0x11b0101,0x1011a01,0x1011201,0x10b0101,0x1010101,0x1010109,0x1010b01
.4byte 0x10a0101,0xb010101,0xb010101,0x1080101,0x3030101,0x1080101,0x1010b01,0x10a0101
.4byte 0xb010101,0x1010101,0x101010b,0x101010a,0x10a0101,0x1010101,0x1a010112,0x1b010101
.4byte 0x11b0101,0x1011a01,0x1011201,0x10b0101,0x1010101,0x1010109,0x1010b01,0x10a0101
.4byte 0xb010101,0xb010101,0x1080101,0x3030101,0x1080101,0x1010b01,0x10a0101,0xb010101
.4byte 0x1010101,0x101010b,0x101010a,0x10a0101,0x1010101,0x1a010112,0x1b010101,0x11b0101
.4byte 0x1011a01,0x1011101,0xb010101,0x1010101,0x1010901,0x10b0101,0xa010101,0x1010101
.4byte 0x101010b,0x801010b,0x3010101,0x8010103,0x10b0101,0xa010101,0x1010101,0x101010b
.4byte 0x1010b01,0x1010a01,0xa010101,0x1010101,0x1011201,0x101011a,0x1b01011b,0x11a0101
.4byte 0x1110101,0x1010101,0x101010b,0x1090101,0xb010101,0x1010101,0x101010a,0x1010b01
.4byte 0x1010b01,0x1010108,0x1010303,0xb010108,0x1010101,0x101010a,0x1010b01,0x10b0101
.4byte 0x10a0101,0x1010101,0x101010a,0x11010101,0x11a0101,0x11b0101,0x1011b01,0x101011a
.4byte 0x1010111,0x10b0101,0x1010101,0x1010109,0x1010b01,0x10a0101,0xb010101,0xb010101
.4byte 0x1080101,0x3030101,0x1080101,0x1010b01,0x10a0101,0xb010101,0x1010101,0x101010b
.4byte 0x101010a,0x10a0101,0x1010101,0x1011101,0x101011a,0x1b01011b,0x11a0101,0x1110101
.4byte 0x1010101,0x101010b,0x1090101,0xb010101,0x1010101,0x101010a,0x1010b01,0x1010b01
.4byte 0x1010108,0x1010303,0xb010108,0x1010101,0x101010a,0x1010b01,0x10b0101,0x10a0101
.4byte 0x1010101,0x101010a,0x11010101,0x11a0101,0x11b0101,0x1011b01,0x101011a,0x1010111
.4byte 0x10b0101,0x1010101,0x1010109,0x1010b01,0x10a0101,0xb010101,0xb010101,0x1080101
.4byte 0x3030101,0x1080101,0x1010b01,0x10a0101,0xb010101,0x1010101,0x101010b,0x101010a
.4byte 0x10a0101,0x1010101,0x1011101,0x101011a,0x1b01011b,0x11a0101,0x1110101,0x1010101
.4byte 0x101010b,0x1090101,0xb010101,0x1010101,0x101010a,0x1010b01,0x1010b01,0x1010108
.4byte 0x1010303,0xb010108,0x1010101,0x101010a,0x1010b01,0x10b0101,0x10a0101,0x1010101
.4byte 0x101010a,0x11010101,0x11a0101,0x11b0101,0x1011b01,0x101011a,0x1010110,0xb010101
.4byte 0x1010101,0x1010901,0x10b0101,0xa010101,0x1010101,0x101010b,0x801010b,0x3010101
.4byte 0x8010103,0x10b0101,0xa010101,0x1010101,0x101010b,0x1010b01,0x1010a01,0xa010101
.4byte 0x1010101,0x1110101,0x1011a01,0x1011b01,0x1a01011b,0x10010101,0x1010101,0x10b0101
.4byte 0x1010101,0x1010109,0x1010b01,0x10a0101,0xb010101,0xb010101,0x1080101,0x3030101
.4byte 0x1080101,0x1010b01,0x10a0101,0xb010101,0x1010101,0x101010b,0x101010a,0x10a0101
.4byte 0x1010101,0x1100101,0x1011a01,0x1011b01,0x1a01011b,0x10010101,0x1010101,0x10b0101
.4byte 0x1010101,0x1010109,0x1010b01,0x10a0101,0xb010101,0xb010101,0x1080101,0x3030101
.4byte 0x1080101,0x1010b01,0x10a0101,0xb010101,0x1010101,0x101010b,0x101010a,0x10a0101
.4byte 0x1010101,0x1100101,0x1011a01,0x1011b01,0x1a01011b,0x10010101,0x1010101,0x10b0101
.4byte 0x1010101,0x1010109,0x1010b01,0x10a0101,0xb010101,0xb010101,0x1080101,0x3030101
.4byte 0x1080101,0x1010b01,0x10a0101,0xb010101,0x1010101,0x101010b,0x101010a,0x10a0101
.4byte 0x1010101,0x1100101,0x1011a01,0x1011b01,0x1a01011b,0x10010101,0x1010101,0x10b0101
.4byte 0x1010101,0x1010109,0x1010b01,0x10a0101,0xb010101,0xb010101,0x1080101,0x3030101
.4byte 0x1080101,0x1010b01,0x10a0101,0xb010101,0x1010101,0x101010b,0x101010a,0x10a0101
.4byte 0x1010101,0x1100101,0x1011a01,0x1011b01,0x1a01011b,0xf010101,0x1010101,0xb010101
.4byte 0x1010101,0x1010901,0x10b0101,0xa010101,0x1010101,0x101010b,0x801010b,0x3010101
.4byte 0x8010103,0x10b0101,0xa010101,0x1010101,0x101010b,0x1010b01,0x1010a01,0xa010101
.4byte 0x1010101,0x10010101,0x11a0101,0x11b0101,0x1011b01,0x101011a,0x101010f,0x1010101
.4byte 0x101010b,0x1090101,0xb010101,0x1010101,0x101010a,0x1010b01,0x1010b01,0x1010108
.4byte 0x1010303,0xb010108,0x1010101,0x101010a,0x1010b01,0x10b0101,0x10a0101,0x1010101
.4byte 0x101010a,0x1010101,0x1a010110,0x1b010101,0x11b0101,0x1011a01,0x1010f01,0x1010101
.4byte 0x1010b01,0x9010101,0x1010101,0x101010b,0x1010a01,0x10b0101,0x10b0101,0x1010801
.4byte 0x1030301,0x1010801,0x101010b,0x1010a01,0x10b0101,0xb010101,0xa010101,0x1010101
.4byte 0x1010a01,0x1010101,0x10f0101,0x1011a01,0x1011b01,0x1a01011b,0xf010101,0x1010101
.4byte 0xb010101,0x1010101,0x1010901,0x10b0101,0xa010101,0x1010101,0x101010b,0x801010b
.4byte 0x3010101,0x8010103,0x10b0101,0xa010101,0x1010101,0x101010b,0x1010b01,0x1010a01
.4byte 0xa010101,0x1010101,0x1010101,0x1a01010f,0x1b010101,0x11b0101,0x1011a01,0x1010f01
.4byte 0x1010101,0x1010b01,0x9010101,0x1010101,0x101010b,0x1010a01,0x10b0101,0x10b0101
.4byte 0x1010801,0x1030301,0x1010801,0x101010b,0x1010a01,0x10b0101,0xb010101,0xa010101
.4byte 0x1010101,0x1010a01,0x1010101,0x10f0101,0x1011a01,0x1011b01,0x1a01011b,0xf010101
.4byte 0x1010101,0xb010101,0x1010101,0x1010901,0x10b0101,0xa010101,0x1010101,0x101010b
.4byte 0x801010b,0x3010101,0x8010103,0x10b0101,0xa010101,0x1010101,0x101010b,0x1010b01
.4byte 0x1010a01,0xa010101,0x1010101,0xf010102,0x11a0101,0x11b0101,0x1011b01,0x101011a
.4byte 0x101010e,0x1010101,0x1010b01,0x9010101,0x1010101,0x101010b,0x1010a01,0x10b0101
.4byte 0x10b0101,0x1010801,0x1030301,0x1010801,0x101010b,0x1010801,0x1010101,0x8010101
.4byte 0x1010101,0x101010b,0x101010a,0x10a0101,0x2010101,0x10f0101,0x1011a01,0x1011b01
.4byte 0x1a01011b,0xe010101,0x1010101,0x1010101,0x101010b,0x1090101,0xb010101,0x1010101
.4byte 0x1010108,0x1010101,0x1080101,0x10b0101,0x1010801,0x1030301,0x1010801,0x101010b
.4byte 0x1010601,0x1010101,0x1010101,0x1070101,0xb010101,0xa010101,0x1010101,0x1010a01
.4byte 0x1020101,0x10e0101,0x1011a01,0x1011b01,0x1a01011b,0xe010101,0x1010101,0x1010101
.4byte 0x101010b,0x1090101,0xb010101,0x1010101,0x1010106,0x1010101,0x1010101,0x1010701
.4byte 0x1010b01,0x1010108,0x1010303,0xb010108,0x1010101,0x1010105,0x3010101,0x1010101
.4byte 0x1050101,0xb010101,0xa010101,0x1010101,0x1010a01,0x1020101,0x10e0101,0x1011a01
.4byte 0x1011b01,0x1a01011b,0xe010101,0x1010101,0x1010101,0x101010b,0x1090101,0xb010101
.4byte 0x1010101,0x1010105,0x2010101,0x1010101,0x1060101,0x10b0101,0x1010801,0x1030301
.4byte 0x1010801,0x101010b,0x1010401,0x1010101,0x1010101,0x1010101,0x1050101,0xb010101
.4byte 0xa010101,0x1010101,0x1010a01,0x1020101,0x10e0101,0x1011a01,0x1011b01,0x1a01011b
.4byte 0xe010101,0x1020101,0xb010101,0x1010101,0x1010901,0x10b0101,0x4010101,0x1010101
.4byte 0x1010101,0x1010101,0x1010101,0x1010105,0x801010b,0x3010101,0x8010103,0x10b0101
.4byte 0x3010101,0x1010101,0x1010101,0x1010101,0x1010101,0x1040101,0xb010101,0xa010101
.4byte 0x1010101,0x1010a01,0x1030101,0x1010e01,0x101011a,0x1b01011b,0x11a0101,0x10d0101
.4byte 0x1020101,0xb010101,0x1010101,0x1010901,0x10b0101,0x3010101,0x1010101,0x1010101
.4byte 0x1010101,0x1010101,0x1040101,0x10b0101,0x1010801,0x1030301,0x1010801,0x101010b
.4byte 0x1010301,0x1010101,0x1010101,0x1010101,0x1010101,0x1010301,0x10b0101,0x10a0101
.4byte 0x1010101,0x101010a,0x1010301,0x1a01010e,0x1b010101,0x11b0101,0x1011a01,0x1010d01
.4byte 0x1010201,0x10b0101,0x1010101,0x1010109,0x1010b01,0x1020101,0x1010101,0x1010101
.4byte 0x1010101,0x1010101,0x3010101,0xb010101,0x1080101,0x3030101,0x1080101,0x1010b01
.4byte 0x1020101,0x1010101,0x1010101,0x1010101,0x1010101,0x1010101,0x1010102,0x1010b01
.4byte 0x1010a01,0xa010101,0x1010101,0x1010103,0x1a01010d,0x1b010101,0x11b0101,0x1011a01
.4byte 0x1010d01,0x1010201,0x10b0101,0x1010101,0x1010109,0x1010b01,0x1020101,0x1010101
.4byte 0x1010101,0x1010101,0x1010101,0x1010101,0x1010102,0x801010b,0x3010101,0x8010103
.4byte 0x10b0101,0x1010101,0x1010101,0x1010101,0x1010101,0x1010101,0x1010101,0x1010101
.4byte 0x1010101,0x101010b,0x101010a,0x10a0101,0x3010101,0xd010101,0x11a0101,0x11b0101
.4byte 0x1011b01,0x101011a,0x101010d,0x1010102,0x1010b01,0x9010101,0x1010101,0x101010b
.4byte 0x1010101,0x1010101,0x1010101,0x1010101,0x1010101,0x1010101,0x1010102,0x801010b
.4byte 0x3010101,0x8010103,0x10b0101,0x1010101,0x1010101,0x1010101,0x1010101,0x1010101
.4byte 0x1010101,0x1010101,0x1010101,0x101010b,0x101010a,0x10a0101,0x3010101,0xd010101
.4byte 0x11a0101,0x11b0101,0x1011b01,0x101011a,0x101010c,0x1010103,0x1010b01,0x9010101
.4byte 0x1010101,0x101010b,0x1010101,0x1010101,0x1010101,0x1010101,0x1010101,0x1010101
.4byte 0x1010101,0x1010b01,0x1010108,0x1010303,0xb010108,0x1010101,0x1010101,0x1010101
.4byte 0x1010101,0x1010101,0x1010101,0x1010101,0x1010101,0x1010b01,0x1010a01,0xa010101
.4byte 0x1010101,0xd010104,0x11a0101,0x11b0101,0x1011b01,0x101011a,0x101010c,0x1010103
.4byte 0x1010b01,0x9010101,0x1010101,0x101010b,0x1010101,0x1010101,0x1010101,0x1010101
.4byte 0x1010101,0x1010101,0x1010101,0x1010b01,0x1010108,0x1010303,0xb010108,0x1010101
.4byte 0x1010101,0x1010101,0x1010101,0x1010101,0x1010101,0x1010101,0x1010101,0x1010b01
.4byte 0x1010a01,0xa010101,0x1010101,0x1010104,0x1a01010c,0x1b010101,0x11b0101,0x1011a01
.4byte 0x1010c01,0x1010301,0x10b0101,0x1010101,0x1010109,0x1010b01,0x1010101,0x1010101
.4byte 0x1010101,0x1010101,0x1010101,0x1010101,0x1010101,0x10b0101,0x1010801,0x1030301
.4byte 0x1010801,0x101010b,0x1010101,0x1010201,0x1010101,0x1010101,0x2010101,0x1010101
.4byte 0x1010101,0x101010b,0x101010a,0x10a0101,0x4010101,0xc010101,0x11a0101,0x11b0101
.4byte 0x1011b01,0x101011a,0x101010c,0x1010103,0x1010b01,0x9010101,0x1010101,0x101010b
.4byte 0x1010101,0x1010201,0x1010101,0x1010101,0x1020101,0x1010101,0xb010101,0x1080101
.4byte 0x3030101,0x1080101,0x1010b01,0x1010101,0x1020101,0x1010101,0x1010101,0x1010101
.4byte 0x1010102,0x1010101,0x1010b01,0x1010a01,0xa010101,0x1010101,0x1010104,0x1a01010c
.4byte 0x1b010101,0x11b0101,0x1011a01,0x1010b01,0x1010401,0x10b0101,0x1010101,0x1010109
.4byte 0x1010b01,0x1010101,0x1010301,0x1010101,0x1010101,0x1030101,0x1010101,0x10b0101
.4byte 0x1010801,0x1030301,0x1010801,0x101010b,0x1010101,0x1010103,0x1010101,0x1010101
.4byte 0x1030101,0x1010101,0x10b0101,0x10a0101,0x1010101,0x101010a,0x1010501,0x1a01010c
.4byte 0x1b010101,0x11b0101,0x1011a01,0x1010b01,0x1010401,0x10b0101,0x1010101,0x1010109
.4byte 0x1010b01,0x1010101,0x1010301,0x1010101,0x1010101,0x1040101,0x1010101,0x1010b01
.4byte 0x1010108,0x1010303,0xb010108,0x1010101,0x3010101,0x1010101,0x1010101,0x1010101
.4byte 0x1010301,0x1010101,0x1010b01,0x1010a01,0xa010101,0x1010101,0xc010105,0x11a0101
.4byte 0x11b0101,0x1011b01,0x101011a,0x101010b,0x1010104,0x1010b01,0x9010101,0x1010101
.4byte 0x101010b,0x4010101,0x1010101,0x1010101,0x1010101,0x1010104,0xb010101,0x1080101
.4byte 0x3030101,0x1080101,0x1010b01,0x1010101,0x1010104,0x1010101,0x1010101,0x1040101
.4byte 0x1010101,0x1010b01,0x1010a01,0xa010101,0x1010101,0x1010105,0x1a01010b,0x1b010101
.4byte 0x11b0101,0x1011a01,0x1010b01,0x1010401,0x10b0101,0x1010101,0x1010109,0x1010b01
.4byte 0x1010101,0x1010104,0x1010101,0x1010101,0x1010501,0xb010101,0x1080101,0x3030101
.4byte 0x1080101,0x1010b01,0x1010101,0x1010104,0x1010101,0x1010101,0x1010501,0x1010101
.4byte 0x101010b,0x101010a,0x10a0101,0x5010101,0xb010101,0x11a0101,0x11b0101,0x1011b01
.4byte 0x101011a,0x101010b,0x1010104,0x1010b01,0x9010101,0x1010101,0x101010b,0x1050101
.4byte 0x1010101,0x1010101,0x5010101,0x1010101,0x1010b01,0x1010108,0x1010303,0xb010108
.4byte 0x1010101,0x1010501,0x1010101,0x1010101,0x1060101,0x1010101,0x101010b,0x101010a
.4byte 0x10a0101,0x5010101,0xb010101,0x11a0101,0x11b0101,0x1011b01,0x101011a,0x101010a
.4byte 0x1010105,0x1010b01,0x9010101,0x1010101,0x101010b,0x1050101,0x1010101,0x1010101
.4byte 0x6010101,0x1010101,0x801010b,0x3010101,0x8010103,0x10b0101,0x1010101,0x1010105
.4byte 0x1010101,0x1010101,0x1010601,0xb010101,0xa010101,0x1010101,0x1010a01,0x1060101
.4byte 0x1010b01,0x101011a,0x1b01011b,0x11a0101,0x10a0101,0x1050101,0xb010101,0x1010101
.4byte 0x1010901,0x10b0101,0x6010101,0x1010101,0x1010101,0x1010101,0x1010106,0x1010b01
.4byte 0x1010108,0x1010303,0x6010117,0x1010101,0x1010101,0x1010101,0xe010107,0x10a0101
.4byte 0x30010101,0x53010101,0x1010101,0x101012f,0x1090101,0xd010101,0x1060101,0x1010101
.4byte 0x1010101,0x6010101,0x16010101,0x3010101,0x17010103,0x1070101,0x1010101,0x1010101
.4byte 0x1070101,0x10d0101,0x1010a01,0x1300101,0x1530101,0x2f010101,0x1010101,0x1010901
.4byte 0x10c0101,0x1060101,0x1010101,0x1010101,0x7010101,0x1160101,0xc030101,0xb010101
.4byte 0x8010101,0x1010101,0x1010101,0x7010101,0x1010101,0x101010b,0x101010b,0x1010a01
.4byte 0x1060101,0x1180101,0x1530101,0x17010101,0x6010101,0x1010101,0x1010a01,0x1010b01
.4byte 0x10a0101,0x7010101,0x1010101,0x1010101,0x1010101,0x1010107,0x1010a01,0xc0c0101
.4byte 0xa010101,0x1010101,0x1010108,0x1010101,0x1010101,0x1010108,0x1010a01,0x1010b01
.4byte 0x10a0101,0x6010101,0x18010101,0x53010101,0x1010101,0x1010117,0x1010106,0x10a0101
.4byte 0x10b0101,0xa010101,0x1010101,0x1010107,0x1010101,0x1010101,0x1010701,0x10a0101
.4byte 0xc010101,0x101010c,0x101010a,0x1010801,0x1010101,0x1010101,0x1010801,0x10a0101
.4byte 0x10b0101,0xa010101,0x1010101,0x1010107,0x1010117,0x1010153,0x1011701,0x1010601
.4byte 0xa010101,0xb010101,0x1010101,0x101010a,0x1010108,0x1010101,0x1010101,0x1010801
.4byte 0x1090101,0xc010101,0x101010c,0x101010a,0x1010109,0x1010101,0x1010101,0x1010108
.4byte 0x1010a01,0x1010b01,0x10a0101,0x7010101,0x17010101,0x53010101,0x1010101,0x1010117
.4byte 0x1010106,0x10a0101,0x10b0101,0x9010101,0x1010101,0x1010108,0x1010101,0x1010101
.4byte 0x1010801,0x1090101,0xc010101,0x101010c,0x101010a,0x1010109,0x1010101,0x1010101
.4byte 0x1010109,0x101010a,0x101010b,0x1010a01,0x1070101,0x1170101,0x1530101,0x16010101
.4byte 0x7010101,0x1010101,0x1010a01,0x1010b01,0x1090101,0x8010101,0x1010101,0x1010101
.4byte 0x1010101,0x1010108,0x1010901,0xc0c0101,0x9010101,0x1010101,0x1010109,0x1010101
.4byte 0x1010101,0x1010109,0x1010901,0x1010b01,0x10a0101,0x7010101,0x17010101,0x53010101
.4byte 0x1010101,0x1010116,0x1010107,0x10a0101,0x10b0101,0x9010101,0x1010101,0x1010109
.4byte 0x1010101,0xa010101,0x9010101,0x1010101,0x1010c0c,0x1010901,0x1090101,0x1010101
.4byte 0x1010101,0x1090101,0x9010101,0xb010101,0x1010101,0x101010a,0x1010801,0x1011601
.4byte 0x1015301,0x1160101,0x1070101,0x1010101,0x101010a,0x101010b,0x1010901,0x1010a01
.4byte 0x1010101,0x1010101,0x101010a,0x1010801,0xc0c0101,0x9010101,0xa010101,0x1010101
.4byte 0x1010101,0xa010101,0x9010101,0xb010101,0x1010101,0x101010a,0x1010801,0x1011601
.4byte 0x1015301,0x1160101,0x1070101,0x1010101,0x101010a,0x101010b,0x1010901,0x1010a01
.4byte 0x1010101,0x1010101,0x101010a,0x1010801,0xc0c0101,0x9010101,0xa010101,0x1010101
.4byte 0x1010101,0xa010101,0x9010101,0xb010101,0x1010101,0x101010a,0x1010801,0x1011601
.4byte 0x1015301,0x1150101,0x1080101,0x1010101,0x101010a,0x101010b,0x1010801,0x10a0101
.4byte 0x1010101,0x1010101,0x1010a01,0x1080101,0xc010101,0x101010c,0x1010108,0x1010a01
.4byte 0x1010101,0x1010101,0x1010a01,0x1080101,0x10b0101,0xa010101,0x1010101,0x1010108
.4byte 0x1011501,0x1015301,0x1150101,0x1080101,0x1010101,0x101010a,0x101010b,0x1010801
.4byte 0x10a0101,0x1010101,0x1010101,0x1010b01,0x1010801,0xc0c0101,0x8010101,0xb010101
.4byte 0x1010101,0x1010101,0x1010101,0x1010109,0x1010801,0x1010b01,0x10a0101,0x9010101
.4byte 0x15010101,0x53010101,0x1010101,0x1010115,0x1010108,0x10a0101,0x10b0101,0x8010101
.4byte 0xa010101,0x1010101,0x1010101,0xb010101,0x8010101,0x1010101,0x1010c0c,0x1010801
.4byte 0x1010b01,0x1010101,0x1010101,0x1090101,0x8010101,0xb010101,0x1010101,0x101010a
.4byte 0x1010901,0x1011501,0x1015301,0x1140101,0x1090101,0x1010101,0x101010a,0x101010b
.4byte 0x1010801,0x1010901,0x1010101,0x1010101,0x10b0101,0x7010101,0x1010101,0x1010c0c
.4byte 0x1010801,0x1010b01,0x1010101,0x1010101,0x9010101,0x8010101,0xb010101,0x1010101
.4byte 0x101010a,0x1010901,0x1011501,0x1015301,0x1140101,0x1090101,0x1010101,0x101010a
.4byte 0x101010b,0x1010701,0x1090101,0x1010101,0x1010101,0xb010101,0x1010101,0x1010107
.4byte 0x10c0c01,0x1080101,0x10b0101,0x1010101,0x1010101,0x1010c01,0x1010801,0x1010b01
.4byte 0x10a0101,0xa010101,0x14010101,0x53010101,0x1010101,0x1010114,0x1010109,0x10a0101
.4byte 0x10b0101,0x7010101,0x1010101,0x101010b,0x1010101,0xb010101,0x1010101,0x1010107
.4byte 0x10c0c01,0x1070101,0xb010101,0x1010101,0x1010101,0x1010101,0x1010101,0x1010501
.4byte 0x1010801,0x1010b01,0x10a0101,0xa010101,0x14010101,0x53010101,0x1010101,0xa010114
.4byte 0x1010101,0x1010a01,0x1010b01,0x1070101,0x1060101,0x1010101,0x1010101,0x1010101
.4byte 0xc010101,0x7010101,0x1010101,0x1010c0c,0x1010701,0x1010c01,0x1010101,0x1010101
.4byte 0x1010101,0x5010101,0x1010101,0x1010107,0x101010b,0x1010a01,0x10a0101,0x1140101
.4byte 0x1530101,0x13010101,0xa010101,0x1010101,0x1010a01,0x1010b01,0x1070101,0x1060101
.4byte 0x1010101,0x1010101,0x1010101,0xc010101,0x7010101,0x1010101,0x1010c0c,0x1010701
.4byte 0x1010c01,0x1010101,0x1010101,0x1010101,0x1060101,0x7010101,0xb010101,0x1010101
.4byte 0x101010a,0x1010b01,0x1011301,0x1015301,0x1130101,0x10a0101,0x1010101,0x101010a
.4byte 0x101010b,0x1010701,0x1010701,0x1010101,0x1010101,0x1010101,0x1010c01,0x1010701
.4byte 0xc0c0101,0x7010101,0xc010101,0x1010101,0x1010101,0x1010101,0x1010101,0x1010107
.4byte 0x1010107,0x101010b,0x1010a01,0x10b0101,0x1130101,0x1530101,0x12010101,0x1010101
.4byte 0x101010a,0x10a0101,0x10b0101,0x7010101,0x7010101,0x1010101,0x1010101,0x1010101
.4byte 0xc010101,0x7010101,0x1010101,0x1010c0c,0x1010701,0x1010c01,0x1010101,0x1010101
.4byte 0x1010101,0x1070101,0x1070101,0x10b0101,0xa010101,0x1010101,0x101010b,0x1010113
.4byte 0x1010153,0x1011201,0x10a0101,0x1010101,0x101010a,0x101010b,0x1010601,0x1070101
.4byte 0x1010101,0x1010101,0x1010101,0x10c0101,0x6010101,0x1010101,0x1010c0c,0x1010701
.4byte 0x1010d01,0x1010101,0x1010101,0x1010101,0x1060101,0x1070101,0x10b0101,0xa010101
.4byte 0x1010101,0x101010b,0x1010113,0x1010153,0x1011201,0x10a0101,0x1010101,0x101010a
.4byte 0x101010b,0x1010601,0x1070101,0x1010101,0x1010101,0x1010101,0x10c0101,0x6010101
.4byte 0x1010101,0x1010c0c,0x1010701,0x1010d01,0x1010101,0x1010101,0x1010101,0x1060101
.4byte 0x1070101,0x10b0101,0xa010101,0x1010101,0x101010b,0x1011201,0x1015301,0x1120101
.4byte 0xa010101,0x1010101,0x1010a01,0x1010b01,0x1060101,0x1080101,0x1010101,0x1010101
.4byte 0x1010101,0x10d0101,0x1060101,0xc010101,0x101010c,0x1010106,0x1010d01,0x1020101
.4byte 0x1010101,0x1010101,0x1010601,0x1010701,0x1010b01,0x10a0101,0xb010101,0x1010101
.4byte 0x1010112,0x1010153,0x1011101,0xa010101,0x1010101,0x1010a01,0x1010b01,0x1060101
.4byte 0x1080101,0x1010101,0x1010101,0x1010102,0x1010d01,0x1010601,0xc0c0101,0x6010101
.4byte 0xe010101,0x1010101,0x1010101,0x1010101,0x1010101,0x1010106,0x1010107,0x101010b
.4byte 0x1010a01,0x10b0101,0x12010101,0x53010101,0x1010101,0x1010111,0x10a0101,0x1010101
.4byte 0x101010a,0x101010b,0x1010601,0x1010701,0x1010101,0x1010101,0x1010101,0x10d0101
.4byte 0x1060101,0xc010101,0x101010c,0x1010106,0x101010e,0x1010101,0x1010101,0x1010101
.4byte 0x1010107,0x1010601,0x1010b01,0x10a0101,0xb010101,0x1010101,0x1011101,0x1015301
.4byte 0x1110101,0x1010101,0x101010a,0x10a0101,0x10b0101,0x6010101,0x7010101,0x1010101
.4byte 0x1010101,0x1010101,0x1010101,0x101010d,0x1010106,0x10c0c01,0x1060101,0x10e0101
.4byte 0x1010101,0x1010101,0x101010d,0x1010601,0x1010b01,0x10a0101,0xb010101,0x1010101
.4byte 0x1011101,0x1015301,0x1100101,0x1010101,0x1010a01,0xa010101,0xb010101,0x1010101
.4byte 0x1010106,0x101010d,0x1010101,0xd010101,0x6010101,0x1010101,0x1010c0c,0x1010601
.4byte 0xc010101,0x1010101,0x1010101,0x1010e01,0x1010601,0x1010b01,0x10a0101,0xb010101
.4byte 0x1010101,0x1011101,0x1015301,0x1100101,0x1010101,0x1010a01,0xa010101,0xb010101
.4byte 0x1010101,0x1010106,0x101010d,0x1010101,0xc010101,0x1010101,0x1010106,0x10c0c01
.4byte 0x1060101,0x1010101,0x1010a01,0x1010101,0x1010101,0x1010103,0x1010601,0x1060101
.4byte 0x10b0101,0xa010101,0x1010101,0x101010b,0x10010101,0x53010101,0x1010101,0x1010110
.4byte 0xa010101,0x1010101,0x1010a01,0x1010b01,0x1060101,0x1070101,0x1030101,0x1010101
.4byte 0x1010101,0x1010b01,0x6010101,0x1010101,0x1010c0c,0x1010601,0x1010101,0x1010901
.4byte 0x1010101,0x1010101,0x1010301,0x1010401,0x1010101,0x1010106,0x101010b,0x1010a01
.4byte 0x10b0101,0x1010101,0x1011001,0x1015301,0x1100101,0x1010101,0x1010a01,0xa010101
.4byte 0xb010101,0x1010101,0x1010105,0x5010101,0x3010101,0x1010101,0x1010101,0x1090101
.4byte 0x1010101,0x5010101,0x1010101,0x1010c0c,0x1010601,0x1010101,0x7010101,0x1010101
.4byte 0x1010101,0x8010101,0x1010101,0x1010101,0x1010106,0x101010b,0x1010a01,0x10b0101
.4byte 0x1010101,0x1011001,0x1015301,0x10f0101,0x1010101,0x10a0101,0x1010101,0x101010a
.4byte 0x101010b,0x1010501,0x1010101,0x7010101,0x1010101,0x1010101,0x1010101,0x1010107
.4byte 0x1010101,0x1050101,0xc010101,0x101010c,0x1010106,0x1010101,0x1010101,0x1010105
.4byte 0x1010101,0x1010101,0x1010105,0x1010101,0x1010101,0x1010106,0x101010b,0x1010a01
.4byte 0x10b0101,0x1010101,0x10f0101,0x1530101,0xf010101,0x1010101,0xa010101,0x1010101
.4byte 0x1010a01,0x1010b01,0x1050101,0x1010101,0x1010101,0x4010101,0x1010101,0x1010101
.4byte 0x1010101,0x1010105,0x1010101,0x1010101,0x1010105,0x10c0c01,0x1060101,0x1010101
.4byte 0x1010101,0x1010101,0x1010102,0x1010101,0x1010101,0x1010201,0x1010101,0x1010101
.4byte 0x1010101,0x1010106,0x101010b,0x1010a01,0x10b0101,0x1010101,0x10f0101,0x1530101
.4byte 0xf010101,0x1010101,0xa010101,0x1010101,0x1010a01,0x1010b01,0x1050101,0x1010101
.4byte 0x1010101,0x1010101,0x1010201,0x1010101,0x1010101,0x1020101,0x1010101,0x1010101
.4byte 0x1010101,0x1010501,0xc0c0101,0x6010101,0x1010101,0x1010101,0x1010101,0x1010101
.4byte 0x1010101,0x1010101,0x1010101,0x1010101,0x1010101,0x1010101,0x6010101,0xb010101
.4byte 0x1010101,0x101010a,0x1010b01,0x1010101,0x1010f01,0x1015301,0x10e0101,0x1010101
.4byte 0xa010101,0x1010101,0x1010a01,0x1010b01,0x1050101,0x1010101,0x1010101,0x1010101
.4byte 0x1010101,0x1010101,0x1010101,0x1010101,0x1010101,0x1010101,0x1010101,0x5010101
.4byte 0x1010101,0x1010c0c,0x1010601,0x1010101,0x1010101,0x1010101,0x1010101,0x1010101
.4byte 0x1010101,0x1010101,0x1010101,0x1010101,0x1010101,0x1010601,0x1010b01,0x10a0101
.4byte 0xb010101,0x1010101,0x1010101,0x101010e,0x1010153,0x1010e01,0x1010101,0x10a0101
.4byte 0x1010101,0x101010a,0x101010b,0x1010501,0x1010101,0x1010101,0x1010101,0x1010101
.4byte 0x1010101,0x1010101,0x1010101,0x1010101,0x1010101,0x1010101,0x1050101,0xc010101
.4byte 0x101010c,0x1010105,0x1010101,0x1010101,0x1010101,0x1010101,0x1010101,0x1010101
.4byte 0x1010101,0x1010101,0x1010101,0x1010101,0x1010601,0x1010b01,0x10a0101,0xb010101
.4byte 0x1010101,0x1010101,0x101010e,0x1010153,0x1010d01,0x1010201,0x10a0101,0x1010101
.4byte 0x101010a,0x101010b,0x1010501,0x1010101,0x1010101,0x1010101,0x1010101,0x1010101
.4byte 0x1010101,0x1010101,0x1010101,0x1010101,0x1010101,0x1050101,0xc010101,0x101010c
.4byte 0x1010105,0x1010101,0x1010101,0x1010101,0x1010101,0x1010101,0x1010101,0x1010101
.4byte 0x1010101,0x1010101,0x1010101,0x1010601,0x1010b01,0x10a0101,0xb010101,0x1010101
.4byte 0x1010101,0x101010e,0x1010153,0x1010d01,0x1010201,0x10a0101,0x1010101,0x101010a
.4byte 0x101010b,0x1010501,0x1010101,0x1010101,0x1010101,0x1010101,0x1010101,0x1010101
.4byte 0x1010101,0x1010101,0x1010101,0x1010101,0x1050101,0xc010101,0x101010c,0x1010105
.4byte 0x1010101,0x1010101,0x1010101,0x1010101,0x1010101,0x1010101,0x1010101,0x1010101
.4byte 0x1010101,0x1010101,0x1010601,0x1010b01,0x10a0101,0xb010101,0x1010101,0x1010102
.4byte 0x101010d,0x1010153,0x1010d01,0x1010201,0x10a0101,0x1010101,0x101010a,0x101010b
.4byte 0x1010501,0x1010101,0x1010101,0x1010101,0x1010101,0x1010101,0x1010101,0x1010101
.4byte 0x1010101,0x1010101,0x1010101,0x1050101,0xc010101,0x101010c,0x1010105,0x1010101
.4byte 0x1010101,0x1010101,0x1010101,0x1010101,0x1010101,0x1010101,0x1010101,0x1010101
.4byte 0x1010101,0x1010601,0x1010b01,0x10a0101,0xb010101,0x1010101,0x1010102,0x101010d
.4byte 0x1010153,0x1010c01,0x1010301,0x10a0101,0x1010101,0x101010a,0x101010b,0x1010501
.4byte 0x1010101,0x1010101,0x1010101,0x1010101,0x1010101,0x1010101,0x1010101,0x1010101
.4byte 0x1010101,0x1010101,0x1050101,0xc010101,0x101010c,0x1010105,0x1010101,0x1010101
.4byte 0x1010101,0x1010101,0x1010101,0x1010101,0x1010101,0x1010101,0x1010101,0x1010101
.4byte 0x1010601,0x1010b01,0x10a0101,0xb010101,0x1010101,0x1010103,0x101010c,0x1010153
.4byte 0x1010c01,0x1010301,0x10a0101,0x1010101,0x101010a,0x101010b,0x1010501,0x1010101
.4byte 0x1010101,0x1010101,0x1010101,0x1010101,0x1010101,0x1010101,0x1010101,0x1010101
.4byte 0x1010101,0x1050101,0xc010101,0x101010c,0x1010105,0x1010101,0x1010101,0x1010101
.4byte 0x1010101,0x1010101,0x1010101,0x1010101,0x1010101,0x1010101,0x1010101,0x1010601
.4byte 0x1010b01,0x10a0101,0xb010101,0x1010101,0x1010103,0x101010c,0x1010153,0x1010c01
.4byte 0x1010301,0x10a0101,0x1010101,0x101010a,0x101010b,0x1010501,0x1010101,0x1010101
.4byte 0x1010101,0x1010101,0x2010101,0x1010101,0x1010101,0x2010101,0x1010101,0x1010101
.4byte 0x1010105,0x10c0c01,0x1050101,0x1010101,0x1010101,0x1010101,0x1010101,0x1010101
.4byte 0x1010102,0x1010101,0x1010101,0x1010201,0x1010101,0x1010601,0x1010b01,0x10a0101
.4byte 0xb010101,0x1010101,0x1010103,0x101010c,0x1010153,0x1010b01,0x1010401,0x10a0101
.4byte 0x1010101,0x101010a,0x101010b,0x1010501,0x1010101,0x1010201,0x1020101,0x1010101
.4byte 0x1010201,0x1010101,0x1010101,0x1010101,0x1010101,0x5010101,0x1010101,0x101030c
.4byte 0x1010111,0x2010101,0x2010101,0x1010101,0x1020101,0x1010101,0x1010201,0x1010101
.4byte 0x1010101,0x7010101,0x10b0101,0xa010101,0x1010101,0x1010111,0x2f010101,0xa010101
.4byte 0x1010101,0x101012d,0x12010101,0x1010101,0x101010a,0x101010b,0x1010601,0x1010101
.4byte 0x1010101,0x1020101,0x1010101,0x1010201,0x1010101,0x1010101,0x1010101,0x1010101
.4byte 0x1100101,0x3030101,0x1110101,0x1010101,0x1010201,0x1010201,0x1010101,0x1010102
.4byte 0x2010101,0x1010101,0x1010101,0x1010101,0x1010701,0x101010b,0x1010a01,0x1120101
.4byte 0x1010101,0x101012f,0x101010a,0x1012f01,0x1120101,0xa010101,0xb010101,0x1010101
.4byte 0x1010106,0x1010101,0x1010101,0x1010201,0x1010101,0x1010102,0x1010101,0x1010101
.4byte 0x1010101,0x1010101,0x1011001,0x1030301,0x1010801,0x1010105,0x1010101,0x1010101
.4byte 0x1010101,0x1010101,0x1020101,0x1010101,0x1010101,0x2010101,0x1010101,0x6010101
.4byte 0xb010101,0x1010101,0x101010a,0x1010b01,0x1040101,0x2f010101,0xa010101,0x1010101
.4byte 0x101012e,0x1010105,0x1010a01,0xa010101,0xb010101,0x1010101,0x1010105,0x1010101
.4byte 0x1010102,0x1010201,0x1010101,0x1010102,0x1010101,0x1010101,0x1010101,0x1010101
.4byte 0x1050101,0x1010801,0x1030301,0x1010801,0x1010105,0x1010101,0x1010101,0x1010101
.4byte 0x1010101,0x1010101,0x1010101,0x1010101,0x1010101,0x1010101,0x1010101,0x1010601
.4byte 0x1010b01,0x10a0101,0xb010101,0x1010101,0x1010105,0x101012f,0x101010a,0x1012d01
.4byte 0x1050101,0xa010101,0x1010101,0x1010a01,0x1010b01,0x1050101,0x1010101,0x1010101
.4byte 0x1010101,0x1010101,0x1010101,0x1010102,0x1010101,0x1010101,0x1010102,0x1010101
.4byte 0x1010501,0x1010108,0x1010303,0x5010108,0x1010101,0x1010101,0x1010101,0x1010101
.4byte 0x1010101,0x1010101,0x1010101,0x1010101,0x1010101,0x1010101,0x1010101,0x1010106
.4byte 0x101010b,0x1010a01,0x10b0101,0x5010101,0x1010101,0x101012e,0x101010a,0x1012d01
.4byte 0x1010601,0x10a0101,0x1010101,0x101010a,0x101010b,0x1010501,0x1010101,0x1010101
.4byte 0x1010101,0x1010101,0x1010101,0x1010101,0x1010101,0x1010101,0x1010101,0x1010101
.4byte 0x1050101,0x1010801,0x1030301,0x1010801,0x1010105,0x1010101,0x1010101,0x1010101
.4byte 0x1010101,0x1010101,0x1010101,0x1010101,0x1010101,0x1010101,0x1010101,0x1010601
.4byte 0x1010b01,0x10a0101,0xb010101,0x1010101,0x1010104,0x2d010101,0xa010101,0x1010101
.4byte 0x101012b,0x5010101,0x1010101,0x101010a,0x10a0101,0x10b0101,0x5010101,0x1010101
.4byte 0x1010101,0x1010101,0x1010101,0x1010101,0x1010101,0x1010101,0x1010101,0x1010101
.4byte 0x1010101,0x1010101,0x8010105,0x3010101,0x8010103,0x1050101,0x1010101,0x1010101
.4byte 0x1010101,0x1010101,0x1010101,0x1010101,0x1010101,0x1010101,0x1010101,0x1010101
.4byte 0x6010101,0xb010101,0x1010101,0x101010a,0x1010b01,0x1050101,0x2e010101,0xa010101
.4byte 0x1010101,0x101012c,0x1050101,0xa010101,0x1010101,0x1010a01,0x1010b01,0x1050101
.4byte 0x1010101,0x1010101,0x1010101,0x1010101,0x1010101,0x1010101,0x1010101,0x1010101
.4byte 0x1010101,0x1010101,0x5010101,0x1080101,0x3030101,0x1080101,0x1010501,0x1010101
.4byte 0x1010101,0x1010101,0x1010101,0x1010101,0x1010101,0x1010101,0x1010101,0x1010101
.4byte 0x1010101,0x1060101,0x10b0101,0xa010101,0x1010101,0x101010b,0x1010601,0x12d0101
.4byte 0x10a0101,0x2c010101,0x7010101,0x1010101,0x101010a,0x10a0101,0x10b0101,0x5010101
.4byte 0x1010101,0x1010101,0x1010101,0x1010101,0x1010101,0x1010101,0x1010101,0x1010101
.4byte 0x1010101,0x1010101,0x1010101,0x8010105,0x3010101,0x8010103,0x1050101,0x1010101
.4byte 0x1010101,0x1010101,0x1010101,0x1010101,0x1010101,0x1010101,0x1010101,0x1010101
.4byte 0x1010101,0x6010101,0xb010101,0x1010101,0x101010a,0x1010b01,0x1070101,0x12d0101
.4byte 0x10a0101,0x2b010101,0x1010101,0x1010107,0x1010a01,0xa010101,0xb010101,0x1010101
.4byte 0x1010105,0x1010101,0x1010101,0x1010101,0x1010101,0x1010101,0x1010101,0x1010101
.4byte 0x1010101,0x1010101,0x1010101,0x1010501,0x1010108,0x1010303,0x6010108,0x1010101
.4byte 0x1010101,0x1010101,0x1010101,0x1010101,0x1010101,0x1010101,0x1010101,0x1010101
.4byte 0x1010101,0x6010101,0xb010101,0x1010101,0x101010a,0x1010b01,0x1080101,0x12c0101
.4byte 0x10a0101,0x2b010101,0x1010101,0x1010107,0x1010a01,0xa010101,0xb010101,0x1010101
.4byte 0x1010105,0x1010101,0x1010101,0x1010101,0x1010101,0x1010101,0x1010101,0x1010101
.4byte 0x1010101,0x1010101,0x1010101,0x1010501,0x1010108,0x1010303,0x6010108,0x1010101
.4byte 0x1010101,0x1010101,0x1010101,0x1010101,0x1010101,0x1010101,0x1010101,0x1010101
.4byte 0x1010101,0x6010101,0xb010101,0x1010101,0x101010a,0x1010b01,0x1070101,0x1010101
.4byte 0x101012b,0x101010a,0x1012b01,0x1070101,0xa010101,0x1010101,0x1010a01,0x1010b01
.4byte 0x1050101,0x1010101,0x1010101,0x1010101,0x1010101,0x1010101,0x1010101,0x1010101
.4byte 0x1010101,0x1010101,0x1010101,0x5010101,0x1080101,0x3030101,0x1080101,0x1010601
.4byte 0x1010101,0x1010101,0x2010101,0x1010101,0x1010101,0x1010101,0x1010102,0x1010101
.4byte 0x1010101,0x6010101,0xb010101,0x1010101,0x101010a,0x1010b01,0x1080101,0x2b010101
.4byte 0xa010101,0x1010101,0x101012a,0x1010801,0x10a0101,0x1010101,0x101010a,0x101010b
.4byte 0x1010501,0x1010101,0x1010101,0x1010101,0x1010102,0x1010101,0x1010101,0x1010201
.4byte 0x1010101,0x1010101,0x1010101,0x8010105,0x3010101,0x8010103,0x1060101,0x1010101
.4byte 0x1010101,0x1050101,0x1010101,0x1010101,0x1050101,0x1010101,0x1010101,0x1060101
.4byte 0x10b0101,0xa010101,0x1010101,0x101010b,0x1010901,0x1012b01,0x1010a01,0x12a0101
.4byte 0x1090101,0xa010101,0x1010101,0x1010a01,0x1010b01,0x1050101,0x1010101,0x1010101
.4byte 0x4010101,0x1010101,0x1010101,0x1010101,0x1010105,0x1010101,0x1010101,0x8010105
.4byte 0x3010101,0x8010103,0x1060101,0x1010101,0x1010101,0x1010107,0x1010101,0x1010101
.4byte 0x1010108,0x1010101,0x1010601,0x1010b01,0x10a0101,0xb010101,0x1010101,0x1010109
.4byte 0x1012a01,0x1010a01,0x1290101,0x9010101,0x1010101,0x101010a,0x10a0101,0x10b0101
.4byte 0x5010101,0x1010101,0x1010101,0x1010701,0x1010101,0x1010101,0x1070101,0x1010101
.4byte 0x1010101,0x8010105,0x3010101,0x8010103,0x1060101,0x1010101,0x1090101,0x1010101
.4byte 0x1010101,0x10a0101,0x1010101,0x1010601,0x1010b01,0x10a0101,0xb010101,0x1010101
.4byte 0x1010109,0x1290101,0x10a0101,0x29010101,0x1010101,0x1010109,0x1010a01,0xa010101
.4byte 0xb010101,0x1010101,0x1010105,0xb010101,0x1010101,0x1010101,0x1090101,0x1010101
.4byte 0x5010101,0x1080101,0x3030101,0x1080101,0x1010601,0x1010101,0x101010a,0x1010101
.4byte 0xd010101,0x1010101,0x1010106,0x101010b,0x1010a01,0x10b0101,0x9010101,0x1010101
.4byte 0x101012a,0x101010a,0x1012801,0x9010101,0x1010101,0x101010a,0x10a0101,0x10b0101
.4byte 0x6010101,0xd010101,0x1010101,0x1010101,0x10b0101,0x1010101,0x8010106,0x3010101
.4byte 0x8010103,0x1060101,0x1010101,0x9010101,0x1010101,0x1010101,0x1010d01,0x1060101
.4byte 0x10b0101,0xa010101,0x1010101,0x101010b,0x1010a01,0x1010101,0x1010127,0x101010a
.4byte 0x1012601,0x1010101,0x101010a,0x1010a01,0xa010101,0xb010101,0x1010101,0x1010106
.4byte 0x101010d,0x1010101,0x8010101,0x1010101,0x1010101,0x8010106,0x3010101,0x8010103
.4byte 0x1060101,0x1020101,0x8010101,0x1010101,0x1010101,0x1010d01,0x1060101,0x10b0101
.4byte 0xa010101,0x1010101,0x101010b,0x1010a01,0x28010101,0xa010101,0x1010101,0x1010128
.4byte 0x1010a01,0x10a0101,0x1010101,0x101010a,0x101010b,0x1010601,0x1010d01,0x1010101
.4byte 0x1010101,0x1010108,0x1010102,0x8010106,0x3010101,0x8010103,0x1060101,0x1020101
.4byte 0x8010101,0x1010101,0x1010101,0x1010d01,0x1060101,0x10b0101,0xa010101,0x1010101
.4byte 0x101010b,0x1010a01,0x28010101,0xa010101,0x1010101,0x1010127,0x1010b01,0x10a0101
.4byte 0x1010101,0x101010a,0x101010b,0x1010601,0x1010d01,0x1010101,0x1010101,0x1010108
.4byte 0x1010102,0x8010106,0x3010101,0x8010103,0x1060101,0x1030101,0x1080101,0x1010101
.4byte 0x1010101,0x101010d,0x1010107,0x101010b,0x1010a01,0x10b0101,0xa010101,0x1010101
.4byte 0x1012801,0x1010a01,0x1260101,0x1010101,0x101010b,0x1010a01,0xa010101,0xb010101
.4byte 0x1010101,0x1010106,0x101010d,0x1010101,0x8010101,0x2010101,0x6010101,0x1080101
.4byte 0x3030101,0x1080101,0x1010601,0x1020101,0x1070101,0x1010101,0x1010101,0x1010d01
.4byte 0x1010701,0x1010b01,0x10a0101,0xb010101,0x1010101,0x101010a,0x1010101,0x1010126
.4byte 0x101010a,0x1012501,0x1010101,0x101010b,0x1010a01,0xa010101,0xb010101,0x1010101
.4byte 0x1010106,0x101010d,0x1010101,0x8010101,0x2010101,0x6010101,0x1080101,0x3030101
.4byte 0x1080101,0x1010701,0x1010201,0x1010701,0x1010101,0x1010101,0x101010d,0x1010107
.4byte 0x101010b,0x1010a01,0x10b0101,0xa010101,0x1010101,0x1270101,0x10a0101,0x26010101
.4byte 0x1010101,0x1010b01,0x10a0101,0x1010101,0x101010a,0x101010b,0x1010601,0x1010d01
.4byte 0x1010101,0x1010101,0x1010107,0x1010201,0x1010601,0x1010108,0x1010303,0x7010108
.4byte 0x2010101,0x7010101,0x1010101,0x1010101,0x10d0101,0x1070101,0x10b0101,0xa010101
.4byte 0x1010101,0x101010b,0x1010a01,0x1010101,0x1012601,0x1010a01,0x1250101,0x1010101
.4byte 0x1010b01,0x10a0101,0x1010101,0x101010a,0x101010b,0x1010601,0x10c0101,0x1010101
.4byte 0x1010101,0x1010701,0x1010101,0x6010101,0x1080101,0x3030101,0x1080101,0x1010701
.4byte 0x1010201,0x1060101,0x1010101,0x1010101,0x1010d01,0x1010701,0x1010b01,0x10a0101
.4byte 0xb010101,0x1010101,0x101010a,0x1010101,0x1010126,0x101010a,0x1012401,0x1010101
.4byte 0x1010b01,0x10a0101,0x1010101,0x101010a,0x101010b,0x1010601,0x10c0101,0x1010101
.4byte 0x1010101,0x1010701,0x1010201,0x1060101,0x1010801,0x1030301,0x1010801,0x1010107
.4byte 0x101010c,0x1010101,0xd010101,0x7010101,0xb010101,0x1010101,0x101010a,0x1010b01
.4byte 0x10a0101,0x1010101,0x1010101,0x1010124,0x101010a,0x1012301,0x1010101,0x10b0101
.4byte 0xa010101,0x1010101,0x1010a01,0x1010b01,0x1070101,0x10c0101,0x1010101,0x1010101
.4byte 0x1010c01,0x1010701,0x1010108,0x1010303,0x7010108,0xc010101,0x1010101,0x1010101
.4byte 0xb010101,0x1010101,0x1010107,0x101010b,0x1010a01,0x10b0101,0xa010101,0x1010101
.4byte 0x1010101,0x1010125,0x101010a,0x1012301,0x1010101,0x10b0101,0xa010101,0x1010101
.4byte 0x1010a01,0x1010b01,0x1070101,0x10c0101,0x1010101,0x1010101,0x1010c01,0x1010701
.4byte 0x1010108,0x1010303,0x7010108,0x3010101,0x1010101,0x1030101,0x1010101,0x1010101
.4byte 0x10b0101,0x7010101,0xb010101,0x1010101,0x101010a,0x1010b01,0x10a0101,0x2010101
.4byte 0x1010101,0x1010123,0x101010a,0x1012301,0x1010101,0x10b0101,0xa010101,0x1010101
.4byte 0x1010a01,0x1010b01,0x1070101,0x10c0101,0x1010101,0x1010101,0x1010401,0x1010101
.4byte 0x1010102,0x8010107,0x3010101,0x8010103,0x1070101,0x1010101,0x1010101,0x3010101
.4byte 0x1010101,0x1010101,0xb010101,0x8010101,0xb010101,0x1010101,0x101010a,0x1010b01
.4byte 0x10a0101,0x2010101,0x1010101,0x1010123,0x101010a,0x1012201,0x1010101,0xb010101
.4byte 0x1010101,0x101010a,0x10a0101,0x10b0101,0x7010101,0xc010101,0x1010101,0x1010101
.4byte 0x1030101,0x1010101,0x1020101,0x1070101,0x1010801,0x1030301,0x1010801,0x1010108
.4byte 0x1010102,0x3010101,0x1010101,0x1010101,0xb010101,0x8010101,0xb010101,0x1010101
.4byte 0x101010a,0x1010b01,0x10a0101,0x3010101,0x1010101,0x1010122,0x101010a,0x1012001
.4byte 0x1010101,0x1010101,0x1010b01,0x10a0101,0x1010101,0x101010a,0x101010b,0x1010701
.4byte 0x10b0101,0x1010101,0x1010101,0x1010501,0x1010101,0x1010101,0x8010107,0x3010101
.4byte 0x8010103,0x1080101,0x1020101,0x1010101,0x1010301,0x1010101,0x1010101,0x1010b01
.4byte 0x1010801,0x1010b01,0x10a0101,0xb010101,0x1010101,0x101010a,0x1010301,0x1220101
.4byte 0x10a0101,0x21010101,0x3010101,0x1010101,0x101010b,0x1010a01,0xa010101,0xb010101
.4byte 0x1010101,0x1010107,0x1010b01,0x1010101,0x1010101,0x1010105,0x1010101,0x7010101
.4byte 0x1080101,0x3030101,0x1080101,0x1010801,0x1010201,0x1010101,0x1010103,0x1010101
.4byte 0x1010101,0x101010a,0x1010801,0x1010b01,0x10a0101,0xb010101,0x1010101,0x101010a
.4byte 0x1010301,0x1220101,0x10a0101,0x20010101,0x1010101,0x1010201,0x10b0101,0xa010101
.4byte 0x1010101,0x1010a01,0x1010b01,0x1080101,0x10b0101,0x1010101,0x1010101,0x1010401
.4byte 0x1010101,0x1010101,0x1010701,0x1010108,0x1010303,0x8010108,0x2010101,0x1010101
.4byte 0x1030101,0x1010101,0x1010101,0x10a0101,0x8010101,0xb010101,0x1010101,0x101010a
.4byte 0x1010b01,0x10a0101,0x4010101,0x1010101,0x1012001,0x1010a01,0x11f0101,0x1010101
.4byte 0x1010103,0x1010b01,0x10a0101,0x1010101,0x101010a,0x101010b,0x1010801,0x1010a01
.4byte 0x1010101,0x1010101,0x1030101,0x1010101,0x1010101,0x1010801,0x1010108,0x1010303
.4byte 0x8010108,0x1010101,0x1010101,0x3010101,0x1010101,0x1010101,0xa010101,0x1010101
.4byte 0x1010108,0x101010b,0x1010a01,0x10b0101,0xa010101,0x1010101,0x1010105,0x1010121
.4byte 0x101010a,0x1011f01,0x1040101,0xb010101,0x1010101,0x101010a,0x10a0101,0x10b0101
.4byte 0x8010101,0x1010101,0x1010109,0x1010101,0x1010101,0x1010301,0x1010101,0x1010101
.4byte 0x8010108,0x3010101,0x8010103,0x1090101,0x1010101,0x1010101,0x1010301,0x1010101
.4byte 0x1010101,0x1010a01,0x1010901,0x1010b01,0x10a0101,0xb010101,0x1010101,0x101010a
.4byte 0x1010601,0x1012001,0x1010a01,0x11f0101,0x1050101,0xb010101,0x1010101,0x101010a
.4byte 0x10a0101,0x10b0101,0x8010101,0x1010101,0x1010109,0x1010101,0x1010101,0x1010301
.4byte 0x1010101,0x1010101,0x8010108,0x3010101,0x8010103,0x1090101,0x1010101,0x1010101
.4byte 0x1010301,0x1010101,0x1010101,0x1010a01,0x1010901,0x1010b01,0x10a0101,0xb010101
.4byte 0x1010101,0x101010a,0x1010701,0x11e0101,0x10a0101,0x1c010101,0x1010101,0x1050101
.4byte 0xb010101,0x1010101,0x101010a,0x10a0101,0x10b0101,0x9010101,0x9010101,0x1010101
.4byte 0x1010101,0x1010101,0x1010102,0x1010101,0x1010101,0x8010108,0x3010101,0x8010103
.4byte 0x1090101,0x1010101,0x1010101,0x1010301,0x1010101,0x1010101,0x1010901,0x1090101
.4byte 0x10b0101,0xa010101,0x1010101,0x101010b,0x1010a01,0x1070101,0x11f0101,0x10a0101
.4byte 0x1d010101,0x1010101,0x1010106,0x1010b01,0x10a0101,0x1010101,0x101010a,0x101010b
.4byte 0x1010901,0x1010901,0x1010101,0x1010101,0x1020101,0x1010101,0x1010101,0x1080101
.4byte 0x1010801,0x1030301,0x1010801,0x1010109,0x1010801,0x1010101,0x1010101,0x1090101
.4byte 0x9010101,0xb010101,0x1010101,0x101010a,0x1010b01,0x10a0101,0x8010101,0x1e010101
.4byte 0xa010101,0x1010101,0x101011d,0x1010107,0x1010b01,0x10a0101,0x1010101,0x101010a
.4byte 0x101010b,0x1010901,0x1080101,0x1010101,0x1010101,0x9010101,0x9010101,0x1080101
.4byte 0x3030101,0x1080101,0x1010a01,0x1010801,0x1010101,0x1010101,0x1090101,0x10a0101
.4byte 0x10b0101,0xa010101,0x1010101,0x101010b,0x1010a01,0x1090101,0x1c010101,0xa010101
.4byte 0x1010101,0x101011a,0x7010101,0x1010101,0x101010b,0x1010a01,0xa010101,0xb010101
.4byte 0x1010101,0x1010109,0x1010801,0x1010101,0x1010101,0x1080101,0x9010101,0x1080101
.4byte 0x3030101,0x1080101,0x1010a01,0x1010301,0x1010101,0x1010101,0x1010101,0x8010101
.4byte 0x1010101,0x101010a,0x101010b,0x1010a01,0x10b0101,0xa010101,0x1010101,0x1010109
.4byte 0x101011d,0x101010a,0x1011b01,0x1080101,0xb010101,0x1010101,0x101010a,0x10a0101
.4byte 0x10b0101,0x9010101,0x1010101,0x1010108,0x1010101,0x1010101,0x1010101,0x1030101
.4byte 0x9010101,0x1080101,0x3030101,0x1080101,0x1010a01,0x1030101,0x1010101,0x1010101
.4byte 0x1010101,0x1010101,0x1010107,0x1010a01,0x1010b01,0x10a0101,0xb010101,0x1010101
.4byte 0x101010a,0x1010a01,0x1011c01,0x1010a01,0x11a0101,0x9010101,0x1010101,0x101010b
.4byte 0x1010a01,0xa010101,0xb010101,0x1010101,0x101010a,0x1010108,0x1010101,0x1010101
.4byte 0x1010101,0x1030101,0x9010101,0x1080101,0x3030101,0x1080101,0x1010a01,0x1030101
.4byte 0x1010101,0x1010101,0x1010101,0x1010101,0x1010107,0x1010a01,0x1010b01,0x10a0101
.4byte 0xb010101,0x1010101,0x101010a,0x1010b01,0x19010101,0xa010101,0x1010101,0x1010117
.4byte 0xa010101,0x1010101,0x101010b,0x1010a01,0xa010101,0xb010101,0x1010101,0x101010a
.4byte 0x1010701,0x1010101,0x1010101,0x1010101,0x1030101,0xa010101,0x1080101,0x3030101
.4byte 0x1080101,0x1010b01,0x1010401,0x1010101,0x1010101,0x1010101,0x1060101,0xb010101
.4byte 0xb010101,0x1010101,0x101010a,0x1010b01,0x10a0101,0xb010101,0x1010101,0x1011901
.4byte 0x1010a01,0x1170101,0x1010101,0x1010a01,0x10b0101,0xa010101,0x1010101,0x1010a01
.4byte 0x1010b01,0x10a0101,0x7010101,0x1010101,0x1010101,0x1010101,0x1010101,0x1010103
.4byte 0x1010a01,0x1010108,0x1010303,0x3010117,0x1010101,0x1010101,0x1010101,0x1010101
.4byte 0x1010106,0x1010155,0x1011901,0x1010a01,0x1180101,0x1560101,0x1060101,0x1010101
.4byte 0x1010101,0x1010101,0x1040101,0x1011601,0x1030301,0x1011701,0x1010104,0x1010101
.4byte 0x1010101,0x1010101,0x56010106,0x1010101,0x1011801,0x1010a01,0x1170101,0x1010101
.4byte 0x5010156,0x1010101,0x1010101,0x1010101,0x1010101,0x1010103,0x1010116,0x1010c03
.4byte 0x1010b01,0x3010101,0x1010101,0x1010101,0x1010101,0x5010101,0x1010101,0x1010b01
.4byte 0x1010b01,0x10a0101,0xb010101,0x1010101,0x101010a,0x1010b01,0x1010101,0x1010118
.4byte 0x101010a,0x1011601,0x1010101,0x1010a01,0x10b0101,0xa010101,0x1010101,0x101010b
.4byte 0x1010a01,0x10b0101,0x5010101,0x1010101,0x1010101,0x1010101,0x4010101,0x1010101
.4byte 0x101010b,0x10c0c01,0x10b0101,0x1010101,0x1010104,0x1010101,0x1010101,0x5010101
.4byte 0x1010101,0x1010b01,0x1010b01,0x10a0101,0xb010101,0x1010101,0x101010a,0x1010b01
.4byte 0x1010101,0x1160101,0x10a0101,0x15010101,0x1010101,0x1010101,0x101010a,0x1010b01
.4byte 0x10a0101,0xb010101,0x1010101,0x101010a,0x1010b01,0x4010101,0x1010101,0x1010101
.4byte 0x1010101,0x1050101,0xb010101,0x1010101,0x1010c0c,0x1010b01,0x1010101,0x1010103
.4byte 0x1010101,0x1010101,0x4010101,0x1010101,0x10b0101,0x10b0101,0xa010101,0x1010101
.4byte 0x101010b,0x1010a01,0x10b0101,0x1010101,0x16010101,0xa010101,0x1010101,0x1010115
.4byte 0x1010101,0x1010a01,0x10b0101,0xa010101,0x1010101,0x101010b,0x1010a01,0x10b0101
.4byte 0x1010101,0x1010104,0x1010101,0x1010101,0x4010101,0x1010101,0x1010b01,0xc0c0101
.4byte 0xb010101,0x1010101,0x1030101,0x1010101,0x1010101,0x1010101,0x1010401,0x1010101
.4byte 0x101010b,0x101010b,0x1010a01,0x10b0101,0xa010101,0x1010101,0x101010b,0x1010201
.4byte 0x1011501,0x1010a01,0x1140101,0x1010101,0x1010101,0x101010a,0x1010b01,0x10a0101
.4byte 0xb010101,0x1010101,0x101010a,0x1010b01,0x1010101,0x1010103,0x1010101,0x1010101
.4byte 0x4010101,0x1010101,0x1010b01,0xc0c0101,0xb010101,0x1010101,0x2010101,0x1010101
.4byte 0x1010101,0x1010101,0x2010101,0x1010101,0xb010101,0xb010101,0x1010101,0x101010a
.4byte 0x1010b01,0x10a0101,0xb010101,0x1010101,0x1010102,0x1011401,0x1010a01,0x1130101
.4byte 0x2010101,0x1010101,0x101010a,0x1010b01,0x10a0101,0xb010101,0x1010101,0x101010a
.4byte 0x1010b01,0x1010101,0x1010103,0x1010101,0x1010101,0x3010101,0x1010101,0x10b0101
.4byte 0xc010101,0x101010c,0x101010b,0x1010101,0x1010102,0x1010101,0x1010101,0x1010101
.4byte 0x1010102,0x1010101,0x101010b,0x101010b,0x1010a01,0x10b0101,0xa010101,0x1010101
.4byte 0x101010b,0x1010301,0x1130101,0x10a0101,0x12010101,0x1010101,0x1010103,0x1010a01
.4byte 0x10b0101,0xa010101,0x1010101,0x101010b,0x1010a01,0x10b0101,0x1010101,0x1020101
.4byte 0x1010101,0x1010101,0x1010101,0x1010301,0x1010101,0x101010b,0x10c0c01,0x10b0101
.4byte 0x1010101,0x1010101,0x1010101,0x1010101,0x1010101,0x1010101,0x1010101,0x1010101
.4byte 0x101010b,0x101010b,0x1010a01,0x10b0101,0xa010101,0x1010101,0x101010b,0x1010401
.4byte 0x1120101,0x10a0101,0x11010101,0x1010101,0x1010104,0x1010a01,0x10b0101,0xa010101
.4byte 0x1010101,0x101010b,0x1010a01,0x10b0101,0x1010101,0x1020101,0x1010101,0x1010101
.4byte 0x1010101,0x1010201,0x1010101,0x1010b01,0xc0c0101,0xb010101,0x1010101,0x1010101
.4byte 0x1010101,0x1010101,0x1010101,0x1010101,0x1010101,0x1010101,0x1010b01,0x1010b01
.4byte 0x10a0101,0xb010101,0x1010101,0x101010a,0x1010b01,0x1050101,0x11010101,0xa010101
.4byte 0x1010101,0x1010110,0x1010501,0x10a0101,0xb010101,0x1010101,0x101010a,0x1010b01
.4byte 0x10a0101,0xb010101,0x1010101,0x1010101,0x1010101,0x1010101,0x1010101,0x1010101
.4byte 0x1010101,0x1010101,0x101010b,0x10c0c01,0x10b0101,0x1010101,0x1010101,0x1010101
.4byte 0x1010101,0x1010101,0x1010101,0x1010101,0x1010101,0x101010b,0x101010b,0x1010a01
.4byte 0x10b0101,0xa010101,0x1010101,0x101010b,0x1010601,0x1100101,0x10a0101,0xf010101
.4byte 0x1010101,0x1010106,0x1010a01,0x10b0101,0xa010101,0x1010101,0x101010b,0x1010a01
.4byte 0x10b0101,0x1010101,0x1010101,0x1010101,0x1010101,0x1010101,0x1010101,0x1010101
.4byte 0xb010101,0x1010101,0x1010c0c,0x1010b01,0x1010101,0x1010101,0x1010101,0x1010101
.4byte 0x1010101,0x1010101,0x1010101,0xb010101,0xb010101,0x1010101,0x101010a,0x1010b01
.4byte 0x10a0101,0xb010101,0x1010101,0x1010108,0x101010f,0x101010a,0x1010e01,0x1010801
.4byte 0x10a0101,0xb010101,0x1010101,0x101010a,0x1010b01,0x10a0101,0xb010101,0x1010101
.4byte 0x1010101,0x1010101,0x1010101,0x1010101,0x1010101,0x1010101,0x1010101,0x101010b
.4byte 0x10c0c01,0x10b0101,0x1010101,0x1010101,0x1010101,0x1010101,0x1010101,0x1010101
.4byte 0x1010101,0x1010101,0x101010b,0x101010b,0x1010a01,0x10b0101,0xa010101,0x1010101
.4byte 0x101010b,0x1010901,0x10d0101,0x10a0101,0xc010101,0x1010101,0x1010801,0x10a0101
.4byte 0xb010101,0x1010101,0x101010a,0x1010b01,0x10a0101,0xb010101,0x1010101,0x1010101
.4byte 0x1010101,0x1010101,0x1010101,0x1010101,0x1010101,0x1010101,0x101010b,0x10c0c01
.4byte 0x10b0101,0x1010101,0x1010101,0x1010101,0x1010101,0x1010101,0x1010101,0x1010101
.4byte 0x1010101,0x101010b,0x101010b,0x1010a01,0x10b0101,0xa010101,0x1010101,0x101010b
.4byte 0x1010a01,0x10c0101,0x10a0101,0xc010101,0xa010101,0x1010101,0x101010a,0x1010b01
.4byte 0x10a0101,0xb010101,0x1010101,0x101010a,0x1010b01,0x1010101,0x1010101,0x1010101
.4byte 0x1010101,0x1010101,0x1010101,0x1010201,0x1010b01,0xc0c0101,0xb010101,0x1010101
.4byte 0x1010102,0x1010101,0x1010101,0x1010101,0x1010101,0x1020101,0xb010101,0xb010101
.4byte 0x1010101,0x101010a,0x1010b01,0x10a0101,0xb010101,0x1010101,0x101010a,0x10b0101
.4byte 0x10a0101,0x9010101,0x1010101,0x1010b01,0x10a0101,0xb010101,0x1010101,0x101010a
.4byte 0x1010b01,0x10a0101,0xb010101,0x1010101,0x1010102,0x1010101,0x1010101,0x1010101
.4byte 0x1010101,0x1020101,0x10b0101,0xc010101,0x101010c,0x101010b,0x1010301,0x1010101
.4byte 0x1010101,0x1010101,0x1010101,0x1010301,0x10b0101,0x10b0101,0xa010101,0x1010101
.4byte 0x101010b,0x1010a01,0x10b0101,0xa010101,0x1010101,0x9010101,0xa010101,0x1010101
.4byte 0x1010108,0xb010101,0x1010101,0x101010a,0x1010b01,0x10a0101,0xb010101,0x1010101
.4byte 0x101010a,0x1010b01,0x1020101,0x1010101,0x1010101,0x1010101,0x1010101,0x3010101
.4byte 0xb010101,0x1010101,0x1010c0c,0x1010b01,0x1030101,0x1010101,0x1010101,0x1010101
.4byte 0x1010101,0x1010401,0x10b0101,0x10b0101,0xa010101,0x1010101,0x101010b,0x1010a01
.4byte 0x10b0101,0xa010101,0x1010101,0x1010101,0x1010108,0x101010a,0x1010701,0x1010101
.4byte 0x1010b01,0x10a0101,0xb010101,0x1010101,0x101010a,0x1010b01,0x10a0101,0xb010101
.4byte 0x1010101,0x1010103,0x1010101,0x1010101,0x1010101,0x4010101,0xb010101,0x1010101
.4byte 0x1010c0c,0x1010b01,0x1040101,0x1010101,0x1010101,0x1010101,0x5010101,0x1010101
.4byte 0x101010b,0x101010b,0x1010a01,0x10b0101,0xa010101,0x1010101,0x101010b,0x1010a01
.4byte 0x1020101,0x1070101,0x10a0101,0x6010101,0x2010101,0xb010101,0x1010101,0x101010a
.4byte 0x1010b01,0x10a0101,0xb010101,0x1010101,0x101010a,0x1010b01,0x1040101,0x1010101
.4byte 0x1010101,0x1010101,0x5010101,0xb010101,0x1010101,0x1010c0c,0x1010b01,0x1050101
.4byte 0x1010101,0x1010301,0x1010101,0x1010105,0x1010b01,0x1010b01,0x10a0101,0xb010101
.4byte 0x1010101,0x101010a,0x1010b01,0x10a0101,0x4010101,0x5010101,0xa010101,0x1010101
.4byte 0x1010104,0x1010104,0x101010b,0x1010a01,0x10b0101,0xa010101,0x1010101,0x101010b
.4byte 0x1010a01,0x10b0101,0x5010101,0x1010101,0x1020101,0x1010101,0x1010601,0x1010b01
.4byte 0xc0c0101,0xb010101,0x1010101,0x1010106,0x1010101,0x1010101,0x1010701,0x10b0101
.4byte 0x10b0101,0xa010101,0x1010101,0x101010b,0x1010a01,0x10b0101,0xa010101,0x1010101
.4byte 0x1010106,0x1010103,0x101010a,0x1010101,0x1060101,0x10b0101,0xa010101,0x1010101
.4byte 0x101010b,0x1010a01,0x10b0101,0xa010101,0x1010101,0x101010b,0x1010601,0x1010101
.4byte 0x1010101,0x1070101,0x10b0101,0xc010101,0x101010c,0x101010b,0x1010801,0x1010101
.4byte 0x8010101,0x1010101,0x101010b,0x101010b,0x1010a01,0x10b0101,0xa010101,0x1010101
.4byte 0x101010b,0x1010a01,0x1070101,0x1010101,0xa010101,0x1010101,0x8010101,0xb010101
.4byte 0x1010101,0x101010a,0x1010b01,0x10a0101,0xb010101,0x1010101,0x101010a,0x1010b01
.4byte 0x1080101,0x1010101,0x1010101,0x1010108,0x101010b,0x10c0c01,0x10b0101,0xa010101
.4byte 0x1010101,0x101010b,0x1010b01,0x1010b01,0x10a0101,0xb010101,0x1010101,0x101010a
.4byte 0x1010b01,0x10a0101,0xb010101,0x1010101,0x1070101,0x1010101,0x101010b,0x101010b
.4byte 0x1010a01,0x10b0101,0xa010101,0x1010101,0x101010b,0x1010a01,0x10b0101,0xa010101
.4byte 0x1010101,0x101010b,0x101010b,0x10c0c01,0x1010101,0x1010101,0x1010101,0x1010101
.4byte 0x1010b01,0x1010b01,0x10b0101,0x10b0101,0x4010101,0x16b0101,0x1013601,0x1010501
.4byte 0x1010401,0x9010101,0x1010101,0x101010b,0x1010a01,0x10b0101,0x1010101,0x1010101
.4byte 0x1010101,0x1010101,0x10c0c01,0x1010101,0x1010101,0x1010101,0x1010101,0x1010b01
.4byte 0x1010b01,0x10b0101,0x10a0101,0x1010101,0x6b010104,0x1360101,0x1050101,0x1040101
.4byte 0x1010101,0x1010109,0x1010b01,0x10a0101,0xb010101,0x1010101,0x1010101,0x1010101
.4byte 0x1010101,0xc0c0101,0x1010101,0x1010101,0x1010101,0x1010101,0x10b0101,0x10b0101
.4byte 0xb010101,0xb010101,0x1010101,0xab010104,0x4010101,0x1010101,0x1010901,0x10b0101
.4byte 0xa010101,0x1010101,0x101010b,0x1010101,0x1010101,0x1010101,0xc010101,0x101010c
.4byte 0x1010101,0x1010101,0x1010101,0xb010101,0xb010101,0x1010101,0x101010b,0x101010a
.4byte 0x1040101,0x101ab01,0x1010401,0x9010101,0x1010101,0x101010b,0x1010a01,0x10b0101
.4byte 0x1010101,0x1010101,0x1010101,0x1010101,0x10c0c01,0x10b0101,0xb010101,0x1010101
.4byte 0x1010101,0x1010101,0x1010101,0x1010101,0x1010101,0x1010101,0x1010101,0x101010b
.4byte 0x1010801,0x1011401,0x1010101,0x1010118,0x1011901,0x1190101,0x1180101,0x1010101
.4byte 0x1011401,0x1080101,0x1010101,0x1010109,0x1010101,0x1010101,0x1010101,0x1010101
.4byte 0x1010101,0x1010101,0x1010101,0x10b0101,0x10b0101,0xc010101,0x101010c,0x101010b
.4byte 0x1010b01,0x1010101,0x1010101,0x1010101,0x1010101,0x1010101,0x1010101,0x1010101
.4byte 0x10b0101,0x8010101,0x14010101,0x1010101,0x1180101,0x19010101,0x1010101,0x1010119
.4byte 0x1010118,0x14010101,0x1010101,0x1010701,0x9010101,0x1010101,0x1010101,0x1010101
.4byte 0x1010101,0x1010101,0x1010101,0x1010101,0x1010101,0x1010b01,0x1010b01,0xc0c0101
.4byte 0xb010101,0x1010101,0x101010b,0x1010101,0x1010101,0x1010101,0x1010101,0x1010101
.4byte 0x1010101,0x1010101,0x1010b01,0x1080101,0x13010101,0x1010101,0x1180101,0x19010101
.4byte 0x1010101,0x1010119,0x1010118,0x14010101,0x1010101,0x1010701,0x9010101,0x1010101
.4byte 0x1010101,0x1010101,0x1010101,0x1010101,0x1010101,0x1010101,0x1010101,0x1010b01
.4byte 0x1010b01,0xc0c0101,0xb010101,0x10d0101,0x1010101,0x1010101,0x1010101,0x1010101
.4byte 0x1010101,0x1010101,0x1010101,0xb010101,0x1010101,0x1010107,0x1130101,0x1010101
.4byte 0x1011801,0x1190101,0x19010101,0x18010101,0x1010101,0x1130101,0x1010101,0x1010108
.4byte 0x1090101,0x1010101,0x1010101,0x1010101,0x1010101,0x1010101,0x1010101,0x1010101
.4byte 0x1010101,0x101010b,0x101010b,0x10c0c01,0x10b0101,0xb010101,0x1010101,0x1010101
.4byte 0x1010101,0x1010101,0x1010101,0x1010101,0x1010101,0x1010101,0x101010b,0x1010601
.4byte 0x1010101,0x1010113,0x18010101,0x1010101,0x1010119,0x1011901,0x1011801,0x1010101
.4byte 0x1010113,0x7010101,0x1010101,0x1010901,0x1010101,0x1010101,0x1010101,0x1010101
.4byte 0x1010101,0x1010101,0x1010101,0xb010101,0xb010101,0x1010101,0x1010c0c,0x1010b01
.4byte 0x10b0101,0x1010101,0x1010101,0x1010101,0x1010101,0x1010101,0x1010101,0x1010101
.4byte 0xb010101,0x1010101,0x1010107,0x1130101,0x1010101,0x1011801,0x1190101,0x19010101
.4byte 0x18010101,0x1010101,0x1140101,0x1010101,0x1010107,0x1090101,0x1010101,0x1010101
.4byte 0x1010101,0x1010101,0x1010101,0x1010101,0x1010101,0x1010101,0x101010b,0x101010b
.4byte 0x10c0c01,0x10b0101,0xb010101,0x1010101,0x1010101,0x1010101,0x1010101,0x1010101
.4byte 0x1010101,0x1010101,0x1010101,0x101010b,0x1010601,0x1010101,0x1010113,0x18010101
.4byte 0x1010101,0x1010119,0x1011901,0x1011801,0x1010101,0x1010113,0x7010101,0x1010101
.4byte 0x1010901,0x1010101,0x1010101,0x1010101,0x1010101,0x1010101,0x1010101,0x1010101
.4byte 0xb010101,0xb010101,0x1010101,0x1010c0c,0x1010b01,0x10a0101,0x1010101,0x1010101
.4byte 0x1010101,0x1010101,0x1010101,0x1010101,0x1010101,0x1010101,0x101010b,0x1010701
.4byte 0x13010101,0x1010101,0x1180101,0x19010101,0x1010101,0x1010119,0x1010118,0x14010101
.4byte 0x1010101,0x1010701,0x9010101,0x1010101,0x1010101,0x1010101,0x1010101,0x1010101
.4byte 0x1010101,0x1010101,0x1010101,0x1010b01,0x1010b01,0xc0c0101,0xb010101,0x1010101
.4byte 0x101010b,0x1010101,0x1010101,0x1010101,0x1010101,0x1010101,0x1010101,0x1010101
.4byte 0x1010b01,0x1080101,0x13010101,0x1010101,0x1180101,0x19010101,0x1010101,0x1010119
.4byte 0x1010118,0x14010101,0x1010101,0x1010108,0x1090101,0x1010101,0x1010101,0x1010101
.4byte 0x1010101,0x1010101,0x1010101,0x1010101,0x1010101,0x101010b,0x101010b,0x10c0c01
.4byte 0x10b0101,0xa010101,0x1010101,0x1010101,0x1010101,0x1010101,0x1010101,0x1010101
.4byte 0x1010101,0x1010101,0x1010b01,0x1070101,0x14010101,0x1010101,0x1180101,0x19010101
.4byte 0x1010101,0x1010119,0x1010118,0x15010101,0x1010101,0x1010107,0x1090101,0x1010101
.4byte 0x1010101,0x1010101,0x1010101,0x1010101,0x1010101,0x1010101,0xd010101,0x10b0101
.4byte 0xc010101,0x101010c,0x101010b,0x1010b01,0x1010101,0x1010101,0x1010101,0x1010101
.4byte 0x1010101,0x1010101,0x1010101,0x10b0101,0x7010101,0x1010101,0x1010114,0x18010101
.4byte 0x1010101,0x1010119,0x1011901,0x1011801,0x1010101,0x1010115,0x1010701,0x9010101
.4byte 0x1010101,0x1010101,0x1010101,0x1010101,0x1010101,0x1010101,0x1010101,0x1010101
.4byte 0x1010b01,0x1010b01,0xc0c0101,0xb010101,0x2010101,0x1010601,0x1010101,0x1010101
.4byte 0x1010101,0x1010101,0x1010101,0x1010101,0x1010101,0x1010101,0x1010b01,0x1070101
.4byte 0x14010101,0x1010101,0x1180101,0x19010101,0x1010101,0x1010119,0x1010118,0x15010101
.4byte 0x1010101,0x1010107,0x1090101,0x1010101,0x1010101,0x1010101,0x1010101,0x1010101
.4byte 0x1010101,0x1010101,0x1010101,0x101010b,0x101010b,0x10c0c01,0x10b0101,0xb010101
.4byte 0x1010101,0x1010101,0x1010101,0x1010101,0x1010101,0x1010101,0x1010101,0x1010101
.4byte 0x101010b,0x1010701,0x1011501,0x1010101,0x1010118,0x1011901,0x1190101,0x1180101
.4byte 0x1010101,0x1011501,0x1070101,0x1010101,0x1010109,0x1010101,0x1010101,0x1010101
.4byte 0x1010101,0x1010101,0x1010101,0x1010101,0x10b0101,0x10b0101,0xc010101,0x101010c
.4byte 0x101010b,0x1010b01,0x1010101,0x1010101,0x1010101,0x1010101,0x1010101,0x1010101
.4byte 0x1010101,0x10b0101,0x7010101,0x15010101,0x1010101,0x1180101,0x19010101,0x1010101
.4byte 0x1010119,0x1010118,0x15010101,0x1010101,0x1010107,0x1090101,0x1010101,0x1010101
.4byte 0x1010101,0x1010101,0x1010101,0x1010101,0x1010101,0x1010101,0x101010b,0x101010b
.4byte 0x10c0c01,0x10b0101,0xb010101,0x1010101,0x1010101,0x1010101,0x1010101,0x1010101
.4byte 0x1010101,0x1010101,0x1010101,0x101010b,0x1010701,0x1011501,0x1010101,0x1010118
.4byte 0x1011901,0x1190101,0x1180101,0x1010101,0x1011601,0x1010701,0x9010101,0x1010101
.4byte 0x1010101,0x1010101,0x1010101,0x1010101,0x1010101,0x1010101,0x1010101,0x1010b01
.4byte 0x1010b01,0xc0c0101,0xb010101,0x1010101,0x101010a,0x1010101,0x1010101,0x1010101
.4byte 0x1010101,0x1010101,0x1010101,0x1010101,0x10b0101,0x7010101,0x15010101,0x1010101
.4byte 0x1180101,0x19010101,0x1010101,0x1010119,0x1010118,0x16010101,0x7010101,0x1010101
.4byte 0x1010901,0x1010101,0x1010101,0x1010101,0x1010101,0x1010101,0x1010101,0x1010101
.4byte 0xb010101,0xb010101,0x1010101,0x1010c0c,0x1010b01,0x10b0101,0x1010101,0x1010101
.4byte 0x1010101,0x1010101,0x1010101,0x1010101,0x1010101,0xb010101,0x1010101,0x1010107
.4byte 0x1010115,0x18010101,0x1010101,0x1010119,0x1011901,0x1011801,0x1010101,0x1010116
.4byte 0x1010601,0x9010101,0x1010101,0x1010101,0x1010101,0x1010101,0x1010101,0x1010101
.4byte 0x1010101,0x1010101,0x1010b01,0x1010b01,0xc0c0101,0xb010101,0x1010101,0x101010b
.4byte 0x1010101,0x1010101,0x1010101,0x1010101,0x1010101,0x1010101,0x1010101,0x1010b01
.4byte 0x1060101,0x15010101,0x1010101,0x1180101,0x19010101,0x1010101,0x1010119,0x1010118
.4byte 0x16010101,0x1010101,0x1010106,0x1090101,0x1010101,0x1010101,0x1010101,0x1010101
.4byte 0x1010101,0x1010101,0x1010101,0x1010101,0x101010b,0x101010b,0x10c0c01,0x10b0101
.4byte 0x10c0101,0x1010101,0x1010101,0x1010101,0x1010101,0x1010101,0x1010101,0x1010101
.4byte 0xb010101,0x1010101,0x1010107,0x1010115,0x18010101,0x1010101,0x1010119,0x1011901
.4byte 0x1011801,0x1010101,0x1010116,0x1010601,0x9010101,0x1010101,0x1010101,0x1010101
.4byte 0x1010101,0x1010101,0x1010101,0x1010101,0x1010101,0x2010201,0x2010201,0xb010101
.4byte 0x1010101,0x1010c0c,0x1010b01,0x1010c01,0x1010101,0x1010101,0x1010101,0x1010101
.4byte 0x1010101,0x1010101,0x1010101,0x10b0101,0x6010101,0x1010101,0x1010115,0x18010101
.4byte 0x1010101,0x1010119,0x1011901,0x1011801,0x1010101,0x1010116,0x1010601,0x9010101
.4byte 0x1010101,0x1010101,0x1010101,0x1010101,0x1010101,0x1010101,0x1010101,0xe010101
.4byte 0x10b0101,0xc010101,0x8010103,0x10b0101,0xb010101,0x1010101,0x1010101,0x1010101
.4byte 0x1010101,0x1010101,0x1010101,0x1010101,0x1010101,0x101010b,0x1010601,0x1011601
.4byte 0x1010101,0x1010118,0x1011301,0x1010301,0x1030101,0x12010101,0x18010101,0x1010101
.4byte 0x1170101,0x5010101,0x1010101,0x1010901,0x1010101,0x1010101,0x1010101,0x1010101
.4byte 0x1010101,0x1010101,0x1010101,0xb010101,0xb010101,0x1080101,0x3030101,0x1080101
.4byte 0x1010b01,0x10b0101,0x1010101,0x1010101,0x1010101,0x1010101,0x1010101,0x1010101
.4byte 0x1010101,0xb010101,0x1010101,0x1010106,0x1010116,0x18010101,0x1010101,0x1010113
.4byte 0x1010103,0x1010301,0x1120101,0x1180101,0x1010101,0x1011701,0x1050101,0x1010101
.4byte 0x1010109,0x1010101,0x1010101,0x1010101,0x1010101,0x1010101,0x1010101,0x1010101
.4byte 0x10b0101,0x10b0101,0x1010801,0x1030301,0x1010801,0x101010b,0x1010b01,0x1010101
.4byte 0x1010101,0x1010101,0x1010101,0x1010101,0x1010101,0x1010101,0x10b0101,0x5010101
.4byte 0x1010101,0x1011501,0x1010101,0x1010118,0x1011301,0x1010301,0x1030101,0x12010101
.4byte 0x18010101,0x1010101,0x1170101,0x5010101,0x1010101,0x1010901,0x1010101,0x1010101
.4byte 0x1010101,0x1010101,0x1010101,0x1010101,0x1010101,0xb010101,0xb010101,0x1080101
.4byte 0x3030101,0x1080101,0x1010b01,0x10b0101,0x1010101,0x1010101,0x1010101,0x1010101
.4byte 0x1010101,0x1010101,0x1010101,0xb010101,0x1010101,0x1010105,0x1150101,0x1010101
.4byte 0x1011801,0x1130101,0x1030101,0x3010101,0x1010101,0x1010112,0x1010118,0x15010101
.4byte 0x1010101,0x1010601,0x9010101,0x1010101,0x1010101,0x1010101,0x1010101,0x1010101
.4byte 0x1010101,0x1010101,0x1010101,0x1010b01,0x1010b01,0x1010108,0x1010303,0xb010108
.4byte 0xc010101,0x1010101,0x1010101,0x1010101,0x1010101,0x1010101,0x1010101,0x1010101
.4byte 0x1010101,0x101010b,0x1010401,0x1010101,0x1010115,0x18010101,0x1010101,0x1010113
.4byte 0x1010103,0x1010301,0x1120101,0x1180101,0x1010101,0x1011501,0x1010101,0x1010105
.4byte 0x1090101,0x1010101,0x1010101,0x1010101,0x1010101,0x1010101,0x1010101,0x1010101
.4byte 0x4010101,0x1010108,0x801010b,0x3010101,0x8010103,0x10b0101,0x10c0101,0x1010101
.4byte 0x1010101,0x1010101,0x1010101,0x1010101,0x1010101,0x1010101,0xb010101,0x1010101
.4byte 0x1010104,0x15010101,0x1010101,0x1180101,0x13010101,0x3010101,0x1010101,0x1010103
.4byte 0x1011201,0x1011801,0x1010101,0x1010115,0x5010101,0x1010101,0x1010901,0x1010101
.4byte 0x1010101,0x1010101,0x1010101,0x1010101,0x1010101,0x1010101,0xb010101,0xb010101
.4byte 0x1080101,0x3030101,0x1080101,0x1010b01,0x1010c01,0x1010101,0x1010101,0x1010101
.4byte 0x1010101,0x1010101,0x1010101,0x1010101,0x10b0101,0x6010101,0x1010101,0x1010115
.4byte 0x18010101,0x1010101,0x1010113,0x1010103,0x1010301,0x1120101,0x1180101,0x1010101
.4byte 0x1011601,0x5010101,0x1010101,0x1010901,0x1010101,0x1010101,0x1010101,0x1010101
.4byte 0x1010101,0x1010101,0x1010101,0xb010101,0xb010101,0x1080101,0x3030101,0x1080101
.4byte 0x1010b01,0x10a0101,0x1010101,0x1010101,0x1010101,0x1010101,0x1010101,0x1010101
.4byte 0x1010101,0x1010101,0x101010b,0x1010501,0x15010101,0x1010101,0x1180101,0x13010101
.4byte 0x3010101,0x1010101,0x1010103,0x1011201,0x1011801,0x1010101,0x1010115,0x5010101
.4byte 0x1010101,0x1010901,0x1010101,0x1010101,0x1010101,0x1010101,0x1010101,0x1010101
.4byte 0x1010101,0xb010101,0xb010101,0x1080101,0x3030101,0x1080101,0x1010b01,0x10b0101
.4byte 0x1010101,0x1010101,0x1010101,0x1010101,0x1010101,0x1010101,0x1010101,0xb010101
.4byte 0x1010101,0x1010106,0x1011501,0x1010101,0x1010118,0x1011301,0x1010301,0x1030101
.4byte 0x12010101,0x18010101,0x1010101,0x1150101,0x1010101,0x1010106,0x1090101,0x1010101
.4byte 0x1010101,0x1010101,0x1010101,0x1010101,0x1010101,0x1010101,0x1010101,0x101010b
.4byte 0x801010b,0x3010101,0x8010103,0x10b0101,0xb010101,0x1010101,0x1010101,0x1010101
.4byte 0x1010101,0x1010101,0x1010101,0x1010101,0x1010101,0x101010b,0x1010601,0x1150101
.4byte 0x1010101,0x1011801,0x1130101,0x1030101,0x3010101,0x1010101,0x1010112,0x1010118
.4byte 0x16010101,0x1010101,0x1010501,0x9010101,0x1010101,0x1010101,0x1010101,0x1010101
.4byte 0x1010101,0x1010101,0x1010101,0x1010101,0x1010b01,0x1010b01,0x1010108,0x1010303
.4byte 0xb010108,0x1010101,0x101010b,0x1010101,0x1010101,0x1010101,0x1010101,0x1010101
.4byte 0x1010101,0x1010101,0x1010b01,0x1060101,0x15010101,0x1010101,0x1180101,0x13010101
.4byte 0x3010101,0x1010101,0x1010103,0x1011201,0x1011801,0x1010101,0x1010116,0x1010601
.4byte 0x9010101,0x1010101,0x1010101,0x1010101,0x1010101,0x1010101,0x1010101,0x1010101
.4byte 0x1010101,0x1030301,0x1010202,0x1010b01,0x1010108,0x1010303,0xb010108,0xc010101
.4byte 0x1010101,0x1010101,0x1010101,0x1010101,0x1010101,0x1010101,0x1010101,0x1010101
.4byte 0x101010b,0x1010501,0x1160101,0x1010101,0x1011801,0x1130101,0x1030101,0x3010101
.4byte 0x1010101,0x1010112,0x1010118,0x16010101,0x1010101,0x1010501,0x9010101,0x1010101
.4byte 0x1010101,0x1010101,0x1010101,0x1010101,0x1010101,0x1010101,0x1010101,0xb01010d
.4byte 0x1080101,0x3030101,0x1080101,0x1010b01,0x10b0101,0x1010101,0x1010101,0x1010101
.4byte 0x1010101,0x1010101,0x1010101,0x1010101,0xb010101,0x1010101,0x1010105,0x1011601
.4byte 0x1010101,0x1010118,0x1011301,0x1010301,0x1030101,0x12010101,0x18010101,0x1010101
.4byte 0x1170101,0x5010101,0x1010101,0x1010901,0x1010101,0x1010101,0x1010101,0x1010101
.4byte 0x1010101,0x1010101,0x1010101,0xb010101,0xb010101,0x1080101,0x3030101,0x1080101
.4byte 0x1010b01,0x10b0101,0x1010101,0x1010101,0x1010101,0x1010101,0x1010101,0x1010101
.4byte 0x1010101,0xb010101,0x1010101,0x1010105,0x1010117,0x18010101,0x1010101,0x1010113
.4byte 0x1010103,0x1010301,0x1120101,0x1180101,0x1010101,0x1011701,0x1050101,0x1010101
.4byte 0x1010109,0x1010101,0x1010101,0x1010101,0x1010101,0x1010101,0x1010101,0x1010101
.4byte 0x10b0101,0x10b0101,0x1010801,0x1030301,0x1010801,0x101010b,0x1010b01,0x1010101
.4byte 0x1010101,0x1010101,0x1010101,0x1010101,0x1010101,0x1010101,0x10b0101,0x5010101
.4byte 0x1010101,0x1010116,0x18010101,0x1010101,0x1010113,0x1010103,0x1010301,0x1120101
.4byte 0x1180101,0x1010101,0x1011701,0x1050101,0x1010101,0x1010109,0x1010101,0x1010101
.4byte 0x1010101,0x1010101,0x1010101,0x1010101,0x1010101,0x2020101,0x1010101,0x1010101
.4byte 0x10b0101,0x1010801,0x1030301,0x1010801,0x101010b,0x1010101,0x2010101,0x1010201
.4byte 0x1010101,0x1010101,0x1010101,0x1010101,0x1010101,0x1010101,0x1010101,0x10b0101
.4byte 0x5010101,0x17010101,0x1010101,0x1180101,0x13010101,0x3010101,0x1010101,0x1010103
.4byte 0x1011201,0x1011801,0x1010101,0x1010117,0x1010501,0x9010101,0x1010101,0x1010101
.4byte 0x1010101,0x1010101,0x1010101,0x1010101,0x1010101,0x1010101,0x1020201,0x1010101
.4byte 0x1010101,0x1010b01,0x1010108,0x1010303,0xb010108,0x2010101,0x3020102,0x1010101
.4byte 0x1010101,0x1010101,0x1010101,0x1010101,0x1010101,0x1010101,0x1010101,0x10b0101
.4byte 0x5010101,0x17010101,0x1010101,0x1180101,0x13010101,0x3010101,0x1010101,0x1010103
.4byte 0x1011201,0x1011801,0x1010101,0x1010117,0x1010501,0x9010101,0x1010101,0x1010101
.4byte 0x1010101,0x1010101,0x1010101,0x1010101,0x1010101,0x1010101,0x1010b01,0x1010b01
.4byte 0x1010108,0x1010303,0xb010108,0xc010101,0x1010101,0x1010101,0x1010101,0x1010101
.4byte 0x1010101,0x1010101,0x1010101,0x1010101,0x101010b,0x1010501,0x1011701,0x1010101
.4byte 0x1010118,0x1011301,0x1010301,0x1030101,0x12010101,0x18010101,0x1010101,0x1170101
.4byte 0x5010101,0x1010101,0x1010901,0x1010101,0x1010101,0x1010101,0x1010101,0x1010101
.4byte 0x1010101,0x1010101,0xb010101,0xb010101,0x1080101,0x3030101,0x1080101,0x1010b01
.4byte 0x1010101,0x1010101,0x2010101,0x1010101,0x1010101,0x1010101,0x1010101,0x1010101
.4byte 0x1010101,0x1010101,0x1010101,0x101010b,0x1010501,0x1011701,0x1010101,0x1010118
.4byte 0x1011301,0x1010301,0x1030101,0x12010101,0x18010101,0x1010101,0x1180101,0x1050101
.4byte 0x1010101,0x1010109,0x1010101,0x1010101,0x1010101,0x1010101,0x1010101,0x1010101
.4byte 0x1010101,0x1080401,0x10b0101,0x1010801,0x1030301,0x1010801,0x101010b,0x1010b01
.4byte 0x1010101,0x1010101,0x1010101,0x1010101,0x1010101,0x1010101,0x1010101,0x10b0101
.4byte 0x5010101,0x17010101,0x1010101,0x1180101,0x13010101,0x3010101,0x1010101,0x1010103
.4byte 0x1011201,0x1011801,0x1010101,0x1010117,0x1010501,0x9010101,0x1010101,0x1010101
.4byte 0x1010101,0x1010101,0x1010101,0x1010101,0x1010101,0x1010101,0x3010701,0xb010101
.4byte 0x1080101,0x3030101,0x1080101,0x1010b01,0x10a0101,0x1010101,0x1010101,0x1010101
.4byte 0x1010101,0x1010101,0x1010101,0x1010101,0x1010101,0x101010b,0x1010501,0x1011701
.4byte 0x1010101,0x1010118,0x1011301,0x1010301,0x1030101,0x12010101,0x18010101,0x1010101
.4byte 0x1180101,0x1050101,0x1010101,0x1010109,0x1010101,0x1010101,0x1010101,0x1010101
.4byte 0x1010101,0x1010101,0x1010101,0x10b0101,0x10b0101,0x1010801,0x1030301,0x1010801
.4byte 0x101010b,0x101010c,0x1010101,0x1010101,0x1010101,0x1010101,0x1010101,0x1010101
.4byte 0x1010101,0x1010b01,0x1050101,0x1170101,0x1010101,0x1011801,0x1130101,0x1030101
.4byte 0x3010101,0x1010101,0x1010112,0x1010118,0x18010101,0x5010101,0x1010101,0x1010901
.4byte 0x1010101,0x1010101,0x1010101,0x1010101,0x1010101,0x1010101,0x1010101,0xb010101
.4byte 0xb010101,0x1080101,0x3030101,0x1080101,0x1010b01,0x10b0101,0x1010101,0x1010101
.4byte 0x1010101,0x1010101,0x1010101,0x1010101,0x1010101,0xb010101,0x1010101,0x1010105
.4byte 0x1010117,0x18010101,0x1010101,0x1010113,0x1010103,0x1010301,0x1120101,0x1180101
.4byte 0x1010101,0x1011801,0x1040101,0x1010101,0x1010109,0x1010101,0x1010101,0x1010101
.4byte 0x1010101,0x1010101,0x1010101,0x1010101,0x1010d01,0x801010b,0x3010101,0x8010103
.4byte 0x10b0101,0x2010301,0x1010107,0x1010101,0x1010101,0x1010101,0x1010101,0x1010101
.4byte 0x1010101,0x1010101,0x1010b01,0x1040101,0x17010101,0x1010101,0x1180101,0x13010101
.4byte 0x3010101,0x1010101,0x1010103,0x1011201,0x1011801,0x1010101,0x1010118,0x1010401
.4byte 0x9010101,0x1010101,0x1010101,0x1010101,0x1010101,0x1010101,0x1010101,0x1010101
.4byte 0x1010101,0x1010b01,0x1010b01,0x1010108,0x1010303,0xb010108,0x1010101,0x1010101
.4byte 0x1010101,0x1010201,0x1010101,0x1010101,0x1010101,0x1010101,0x1010101,0x1010101
.4byte 0x1010101,0x10b0101,0x5010101,0x17010101,0x1010101,0x1180101,0x13010101,0x3010101
.4byte 0x1010101,0x1010103,0x1011201,0x1011801,0x1010101,0x1010118,0x1010401,0x9010101
.4byte 0x1010101,0x1010101,0x1010101,0x1010101,0x1010101,0x1010101,0x1010101,0x1010101
.4byte 0x1010b01,0x1010b01,0x1010108,0x1010303,0xb010108,0x1010101,0x101010b,0x1010101
.4byte 0x1010101,0x1010101,0x1010101,0x1010101,0x1010101,0x1010101,0x1010b01,0x1040101
.4byte 0x17010101,0x1010101,0x1180101,0x13010101,0x3010101,0x1010101,0x1010103,0x1011201
.4byte 0x1011801,0x1010101,0x1010118,0x1010401,0x9010101,0x1010101,0x1010101,0x1010101
.4byte 0x1010101,0x1010101,0x1010101,0x1010101,0x1010101,0x1010b01,0x1010b01,0x1010108
.4byte 0x1010303,0xb010108,0x1010101,0x101010a,0x1010101,0x1010101,0x1010101,0x1010101
.4byte 0x1010101,0x1010101,0x1010101,0x10b0101,0x4010101,0x1010101,0x1010117,0x18010101
.4byte 0x1010101,0x1010113,0x1010103,0x1010301,0x1120101,0x1180101,0x1010101,0x1011801
.4byte 0x1040101,0x1010101,0x1010109,0x1010101,0x1010101,0x1010101,0x1010101,0x1010101
.4byte 0x1010101,0x1010101,0x10b0101,0x10b0101,0x1010801,0x1030301,0x1010801,0x101010b
.4byte 0x1010101,0x2010101,0x1010201,0x1010101,0x1010101,0x1010101,0x1010101,0x1010101
.4byte 0x1010101,0x1010101,0x10b0101,0x4010101,0x1010101,0x1010117,0x18010101,0x1010101
.4byte 0x1010113,0x1010103,0x1010301,0x1120101,0x1180101,0x1010101,0x1011801,0x1040101
.4byte 0x1010101,0x1010109,0x1010101,0x1010101,0x1010101,0x1010101,0x1010101,0x1010101
.4byte 0x1010101,0x10b0101,0x10b0101,0x1010801,0x1030301,0x1010801,0x101010b,0x101010c
.4byte 0x1010101,0x1010101,0x1010101,0x1010101,0x1010101,0x1010101,0x1010101,0x1010b01
.4byte 0x1040101,0x1180101,0x1010101,0x1011801,0x1130101,0x1030101,0x3010101,0x1010101
.4byte 0x1010112,0x1010118,0x18010101,0x1010101,0x1010104,0x1090101,0x1010101,0x1010101
.4byte 0x1010101,0x1010101,0x1010101,0x1010101,0x1010101,0x1010101,0x101010b,0x801010b
.4byte 0x3010101,0x8010103,0x10b0101,0xb010101,0x1010101,0x1010101,0x1010101,0x1010101
.4byte 0x1010101,0x1010101,0x1010101,0x1010101,0x101010b,0x1010401,0x1011801,0x1010101
.4byte 0x1010118,0x1011301,0x1010301,0x1030101,0x12010101,0x18010101,0x1010101,0x1180101
.4byte 0x4010101,0x1010101,0x1010901,0x1010101,0x1010101,0x1010101,0x1010101,0x1010101
.4byte 0x1010101,0x1010101,0xb010101,0xb010101,0x1080101,0x3030101,0x1080101,0x1010b01
.4byte 0x10b0101,0x1010101,0x1010101,0x1010101,0x1010101,0x1010101,0x1010101,0x1010101
.4byte 0xb010101,0x1010101,0x1010104,0x1010118,0x18010101,0x1010101,0x1010113,0x1010103
.4byte 0x1010301,0x1120101,0x1180101,0x1010101,0x1011801,0x1040101,0x1010101,0x1010109
.4byte 0x1010101,0x1010101,0x1010101,0x1010101,0x1010101,0x1010101,0x1010101,0x10b0101
.4byte 0x10b0101,0x1010801,0x1030301,0x1010801,0x101010b,0x1010a01,0x1010101,0x1010101
.4byte 0x1010101,0x1010101,0x1010101,0x1010101,0x1010101,0xb010101,0x1010101,0x1010104
.4byte 0x1010118,0x18010101,0x1010101,0x1010113,0x1010103,0x1010301,0x1120101,0x1180101
.4byte 0x1010101,0x1011801,0x1040101,0x1010101,0x1010109,0x1010101,0x1010101,0x1010101
.4byte 0x1010101,0x1010101,0x1010101,0x1010101,0x10b0101,0x10b0101,0x1010801,0x1030301
.4byte 0x1010801,0x101010b,0x1010b01,0x1010101,0x1010101,0x1010101,0x1010101,0x1010101
.4byte 0x1010101,0x1010101,0x10b0101,0x4010101,0x18010101,0x1010101,0x1180101,0x13010101
.4byte 0x3010101,0x1010101,0x1010103,0x1011201,0x1011801,0x1010101,0x1010119,0x1010301
.4byte 0x9010101,0x1010101,0x1010101,0x1010101,0x1010101,0x1010101,0x1010101,0x1010101
.4byte 0x1010101,0x1010b01,0x1010b01,0x1010108,0x1010303,0xb010108,0x1010101,0x101010b
.4byte 0x1010101,0x1010101,0x1010101,0x1010101,0x1010101,0x1010101,0x1010101,0x1010b01
.4byte 0x1040101,0x1180101,0x1010101,0x1011801,0x1130101,0x1030101,0x3010101,0x1010101
.4byte 0x1010112,0x1010118,0x19010101,0x1010101,0x1010103,0x1090101,0x1010101,0x1010101
.4byte 0x1010101,0x1010101,0x1010101,0x1010101,0x1010101,0x1010101,0x101010b,0x801010b
.4byte 0x3010101,0x8010103,0x10b0101,0x1010101,0x1020201,0x1010102,0x1010101,0x1010101
.4byte 0x1010101,0x1010101,0x1010101,0x1010101,0x1010101,0xb010101,0x1010101,0x1010104
.4byte 0x1011701,0x1010101,0x1010118,0x1011301,0x1010301,0x1030101,0x12010101,0x18010101
.4byte 0x1010101,0x1190101,0x3010101,0x1010101,0x1010901,0x1010101,0x1010101,0x1010101
.4byte 0x1010101,0x1010101,0x1010101,0x1010101,0xb010101,0xb010101,0x1080101,0x3030101
.4byte 0x1080101,0x1010b01,0x1010c01,0x1010101,0x1010101,0x1010101,0x1010101,0x1010101
.4byte 0x1010101,0x1010101,0x10b0101,0x4010101,0x1010101,0x1010117,0x18010101,0x1010101
.4byte 0x1010113,0x1010103,0x1010301,0x1120101,0x1180101,0x1010101,0x1011901,0x1030101
.4byte 0x1010101,0x1010109,0x1010101,0x1010101,0x1010101,0x1010101,0x1010101,0x1010101
.4byte 0x1010101,0x10b0101,0x10b0101,0x1010801,0x1030301,0x1010801,0x101010b,0x101010c
.4byte 0x1010101,0x1010101,0x1010101,0x1010101,0x1010101,0x1010101,0x1010101,0x1010b01
.4byte 0x1040101,0x17010101,0x1010101,0x1180101,0x13010101,0x3010101,0x1010101,0x1010103
.4byte 0x1011201,0x1011801,0x1010101,0x1010119,0x1010301,0x9010101,0x1010101,0x1010101
.4byte 0x1010101,0x1010101,0x1010101,0x1010101,0x1010101,0x1010101,0x1010b01,0x1010b01
.4byte 0x1010108,0x1010303,0xb010108,0x1010101,0x101010a,0x1010101,0x1010101,0x1010101
.4byte 0x1010101,0x1010101,0x1010101,0x1010101,0x10b0101,0x4010101,0x1010101,0x1010117
.4byte 0x18010101,0x1010101,0x1010113,0x1010103,0x1010301,0x1120101,0x1180101,0x1010101
.4byte 0x1011901,0x1030101,0x1010101,0x1010109,0x1010101,0x1010101,0x1010101,0x1010101
.4byte 0x1010101,0x1010101,0x1010101,0x1020101,0x1010102,0x1010103,0x801010b,0x3010101
.4byte 0x8010103,0x10b0101,0xb010101,0x1010101,0x1010101,0x1010101,0x1010101,0x1010101
.4byte 0x1010101,0x1010101,0x1010101,0x101010b,0x1010301,0x17010101,0x1010101,0x1180101
.4byte 0x13010101,0x3010101,0x1010101,0x1010103,0x1011201,0x1011801,0x1010101,0x1010117
.4byte 0x1040101,0x1010101,0x1010109,0x1010101,0x1010101,0x1010101,0x1010101,0x1010101
.4byte 0x1010101,0x1010101,0x10b0101,0x10b0101,0x1010801,0x1030301,0x1010801,0x101010b
.4byte 0x1010b01,0x1010101,0x1010101,0x1010101,0x1010101,0x1010101,0x1010101,0x1010101
.4byte 0x10b0101,0x3010101,0x1010101,0x1011701,0x1010101,0x1010118,0x1011301,0x1010301
.4byte 0x1030101,0x12010101,0x18010101,0x1010101,0x1170101,0x1010101,0x1010104,0x1090101
.4byte 0x1010101,0x1010101,0x1010101,0x1010101,0x1010101,0x1010101,0x1010101,0x1010101
.4byte 0x101010b,0x801010b,0x3010101
